question,type,options,answer,model,tone,difficulty
Describe any areas where cost savings could be achieved.,TEXT,['Text']," Reduce supplier costs, improve energy efficiency, cut redundancies.",Gemini,concise,moderate
Describe any areas where the company could improve its compliance with regulatory requirements.,TEXT,['Text'], Strengthen data security and employee training on relevant regulations.,Gemini,concise,moderate
Describe any areas where the company could improve its compliance with regulatory requirements.,TEXT,['Text'],"  Dude, they're really slacking on keeping up with all the rules, especially the data stuff.  Need better training and more checks, you know?",Gemini,colloquial,moderate
Describe any areas where the convention fell short of expectations.,TEXT,['Text'],  Poorly organized sessions and insufficient breaks.,Gemini,concise,moderate
Describe any areas where the convention fell short of expectations.,TEXT,['Text'],"  Dude, the wifi was AWFUL.  And the food? Don't even get me started.  Total bummer.",Gemini,colloquial,moderate
Describe any challenges in delivering the message.,TEXT,['Text'],"  Getting the point across without sounding like a total robot, y'know?  It's tricky making it sound natural in a text.",Gemini,colloquial,moderate
Describe any incidents or near misses that occurred.,TEXT,['Text']," A server almost crashed due to overload, but we managed to stabilize it before data loss.",Gemini,concise,moderate
Describe any incidents or near misses that occurred.,TEXT,['Text'],"  Yeah, we almost had a total meltdown with the new software.  It was a close one, but we patched it up before anything went really wrong.  Whew!",Gemini,colloquial,moderate
Describe any instances of unfairness you observed during the convention.,TEXT,['Text'],"  Dude, it was totally rigged!  Some people got way more time to speak than others, no matter how good their points were.  Not cool.",Gemini,colloquial,moderate
Describe the agent's demeanor.,TEXT,['Text'],"  They were polite, I'll give them that, but a little too slow for my liking.  Could have been more efficient.",Gemini,annoyed,moderate
Describe the audience for the communication.,TEXT,['Text'],"  Like, people who are glued to their phones, ya know?  Probably younger folks.",Gemini,colloquial,moderate
Describe the audience for the communication.,TEXT,['Text'],  It's obviously aimed at people who use text messages.  What else could it possibly be?,Gemini,annoyed,moderate
Describe the challenges associated with maintaining aging equipment.,TEXT,['Text'],"  Higher repair costs, obsolete parts, increased downtime.",Gemini,concise,moderate
Describe the challenges associated with maintaining aging equipment.,TEXT,['Text'],"  It's a nightmare, man!  Parts are hard to find, everything's breaking down all the time, and it costs a fortune to fix.",Gemini,colloquial,moderate
Describe the challenges associated with managing a diverse workforce.,TEXT,['Text']," Communication barriers, conflicting work styles, and potential for bias create significant management hurdles.",Gemini,concise,moderate
Describe the communication strategy.,TEXT,['Text'],"  Yo, we're going with texts, dude.  Keep your phone handy!",Gemini,colloquial,moderate
Describe the communication strategy.,TEXT,['Text'],  The communication strategy is text messages.  It's what was decided.,Gemini,annoyed,moderate
Describe the company's approach to data analytics and its application in decision-making.,TEXT,['Text'], We use data analytics for informed decision-making across the company.,Gemini,concise,moderate
Describe the company's approach to data analytics and its application in decision-making.,TEXT,['Text'],"  We use data analytics.  It's pretty standard practice these days, and it informs our decisions.  What more do you want to know?",Gemini,annoyed,moderate
Describe the company's approach to risk management.,TEXT,['Text']," Proactive risk identification, analysis, and mitigation across all operations.",Gemini,concise,moderate
Describe the company's approach to risk management.,TEXT,['Text'],"  We try to think ahead, you know?  Figure out what could go wrong and plan for it.  It's all about being prepared.",Gemini,colloquial,moderate
Describe the company's commitment to health and safety.,TEXT,['Text'],"  We maintain a strong commitment to health and safety through training, equipment, and proactive measures.",Gemini,concise,moderate
Describe the company's commitment to health and safety.,TEXT,['Text'],"  Yeah, we're all about safety here.  Lots of training, good gear, and we really push people to speak up if something's not right.",Gemini,colloquial,moderate
Describe the company's commitment to health and safety.,TEXT,['Text'],"  We have a health and safety policy, of course.  It's all documented and we follow regulations.  What more do you need to know?",Gemini,annoyed,moderate
Describe the company's efforts to foster a culture of continuous learning and development.,TEXT,['Text']," We provide tuition reimbursement, online learning platforms, and encourage professional development activities.",Gemini,concise,moderate
Describe the environmental impact of the operations.,TEXT,['Text']," Greenhouse gas emissions, waste generation, and resource depletion.",Gemini,concise,moderate
Describe the environmental impact of the operations.,TEXT,['Text'],"  So, yeah, we burn a bit of fuel, make some trash, and use up stuff.  It's not great, but we're trying to be better.",Gemini,colloquial,moderate
Describe the environmental impact of the operations.,TEXT,['Text'],"  It's complicated, okay?  We have emissions, waste issues, and resource use to consider.  We're working on it.",Gemini,annoyed,moderate
Describe the feedback received on the communication.,TEXT,['Text'],"  It was pretty good, people got it, but a couple folks wanted some tweaks.",Gemini,colloquial,moderate
Describe the impact of automation on the workforce.,TEXT,['Text']," Increased efficiency, job losses in some areas, new jobs in others.",Gemini,concise,moderate
Describe the impact of global economic conditions on the company's operations.,TEXT,['Text']," Global economic conditions influence material costs, sales, and currency exchange impacting profitability.",Gemini,concise,moderate
Describe the impact of recent technological advancements on the industry.,TEXT,['Text'],"  Dude, tech's totally changed everything, right?  Like, way more automation,  and AI's doing stuff we never thought possible. It's crazy!",Gemini,colloquial,moderate
Describe the overall effectiveness of the communication.,TEXT,['Text']," It got the message across, pretty much.  Coulda been better, but it worked.",Gemini,colloquial,moderate
Describe the overall effectiveness of the communication.,TEXT,['Text'],"  It was okay, I guess.  Could have been a lot better organized.  It was understandable, but a bit clumsy.",Gemini,annoyed,moderate
Describe the process.,TEXT,['Text']," Gather materials, follow instructions, review work.",Gemini,concise,moderate
Describe the process.,TEXT,['Text'],"  Okay, so you get your stuff together, right? Then you just do what it says, and check it all afterwards to make sure it's good.",Gemini,colloquial,moderate
Describe the process.,TEXT,['Text'],"  What process?  You need to be more specific.  If you'd given me more context, I could actually answer the question.",Gemini,annoyed,moderate
Describe the quality control measures implemented.,TEXT,['Text']," Automated checks, manual reviews, and customer feedback analysis.",Gemini,concise,moderate
Describe the quality control measures implemented.,TEXT,['Text'],"  We got automated checks, then a bunch of people looked at stuff, and we even check what customers say, you know?",Gemini,colloquial,moderate
Describe the safety procedures followed during the operation.,TEXT,['Text'],"  Yeah, so we did a pre-op risk thing, made sure everyone had their safety gear on, and kept an eye on things the whole time.",Gemini,colloquial,moderate
Describe your experience with the registration process.,TEXT,['Text'],"  Piece of cake, man!  Took like, two minutes tops.",Gemini,colloquial,moderate
Describe your experience with the registration process.,TEXT,['Text'],  It took longer than it should have. The website kept freezing.,Gemini,annoyed,moderate
Describe your experience with the support agent's technical expertise.,TEXT,['Text'],"  The guy knew his stuff,  no problem at all!  Sorted it right out.",Gemini,colloquial,moderate
Describe your experience with the support agent's technical expertise.,TEXT,['Text'],"  I expected better.  While they eventually solved the problem, it took longer than it should have and their explanations weren't always the clearest.",Gemini,annoyed,moderate
Describe your experience with the technology used during the convention.,TEXT,['Text'],"  The app was pretty sweet, but the internet crapped out a few times, you know?  Total buzzkill during some talks.",Gemini,colloquial,moderate
Describe your experience.,TEXT,['Text'],"  It's been a wild ride, let me tell you!  Ups and downs, you know?",Gemini,colloquial,moderate
Describe your experience.,TEXT,['Text'],"  It's been a mixed bag, to put it mildly.  Some good, some bad, mostly just...stuff.",Gemini,annoyed,moderate
Describe your favorite part of the convention.,TEXT,['Text'],"  It was all pretty much the same, but I guess the panels weren't totally awful.",Gemini,annoyed,moderate
Describe your interaction with the convention staff.,TEXT,['Text']," Mostly helpful, a few slow responses at registration.",Gemini,concise,moderate
Describe your interaction with the convention staff.,TEXT,['Text'],"  Staff were alright, some were super chill, others seemed a bit overwhelmed. Got my badge sorted pretty quick though, which was nice.",Gemini,colloquial,moderate
Describe your overall experience.,TEXT,['Text']," It's been a wild ride, that's for sure!  Lots of ups and downs.",Gemini,colloquial,moderate
Describe your overall experience.,TEXT,['Text']," It's been a wild ride, that's for sure!  Lots of ups and downs.",Gemini,colloquial,moderate
Describe your overall experience.,TEXT,['Text'],"  Pretty good, all things considered.  Could be better, but hey, what can ya do?",Gemini,colloquial,moderate
Describe your overall experience.,TEXT,['Text'],"  Pretty good, all things considered.  Could be better, but hey, what can ya do?",Gemini,colloquial,moderate
Describe your overall experience.,TEXT,['Text'],"  It's been alright, I guess. Could have been better.",Gemini,annoyed,moderate
Describe your overall experience.,TEXT,['Text'],"  It's been alright, I guess. Could have been better.",Gemini,annoyed,moderate
Describe your overall experience.,TEXT,['Text'],"  It's been alright, I suppose.  Could have been smoother.  A bit frustrating at times.",Gemini,annoyed,moderate
Describe your overall experience.,TEXT,['Text'],"  It's been alright, I suppose.  Could have been smoother.  A bit frustrating at times.",Gemini,annoyed,moderate
Detail your experience with the new welding equipment.,TEXT,['Text'],  Great upgrade; much easier to use and produces better welds.,Gemini,concise,moderate
Detail your experience with the new welding equipment.,TEXT,['Text'],"  Dude, this new welder is awesome!  Way more accurate than the old clunker, and my hands don't hurt nearly as much after a long day.",Gemini,colloquial,moderate
Did the agent follow up as promised?,TEXT,['Text']," Yeah, they got back to me alright.  No problems there.",Gemini,colloquial,moderate
Did the agent follow up as promised?,TEXT,['Text']," Yes, but it was a day late.  I had to remind them.",Gemini,annoyed,moderate
Did the agent use appropriate language and terminology?,TEXT,['Text']," Yeah, they talked like a normal person, you know?  No weird jargon.",Gemini,colloquial,moderate
Did the agent use appropriate language and terminology?,TEXT,['Text'],"  Yes, but it could have been more concise.  Too much explanation in places.",Gemini,annoyed,moderate
Did the support agent actively listen to your concerns?,TEXT,['Text']," Yeah, they totally got what I was saying.  No problem there.",Gemini,colloquial,moderate
Did the support agent actively listen to your concerns?,TEXT,['Text'],"  Yes, they listened, but their solutions didn't address the root of the problem.",Gemini,annoyed,moderate
Did you feel the agent understood your problem?,TEXT,['Text'],"  I think so, but they could have asked more clarifying questions to be sure.",Gemini,annoyed,moderate
Did you feel the convention was worth the cost?,TEXT,['Text'],"  Yeah, it was pricey but totally worth it, met some awesome people.",Gemini,colloquial,moderate
Did you feel the convention was worth the cost?,TEXT,['Text'],"  It was expensive, and I'm still paying it off.  I guess it was okay, but I'm not sure it was *that* valuable.",Gemini,annoyed,moderate
Did you feel valued as a customer?,TEXT,['Text'],"  They were okay, I guess.  Could have been better, but it wasn't a terrible experience.",Gemini,annoyed,moderate
Did you feel your issue was resolved efficiently?,TEXT,['Text']," It took longer than it should have, but I guess it's done now.",Gemini,annoyed,moderate
Discuss the importance of continuous improvement in heavy industries.,TEXT,['Text'],"  Continuous improvement is vital for heavy industries' profitability, safety, and competitiveness.",Gemini,concise,moderate
Elaborate on the training provided to the operators.,TEXT,['Text'],"  Safety, equipment operation, troubleshooting, and ongoing refresher courses.",Gemini,concise,moderate
Elaborate on the training provided to the operators.,TEXT,['Text'],"  They get the standard training, obviously.  Safety procedures, how to use the equipment, the whole nine yards.  It's all pretty routine.",Gemini,annoyed,moderate
Elaborate on your response.,TEXT,['Text'],"  Dude, what response?  You gotta tell me what I'm supposed to be elaborating on, man!",Gemini,colloquial,moderate
Elaborate on your response.,TEXT,['Text'],  This question is pointless without knowing what I'm supposed to be elaborating on.  It's a frustratingly incomplete prompt.,Gemini,annoyed,moderate
Explain any challenges encountered during the project and how they were overcome.,TEXT,['Text'], Difficulty integrating new API with legacy system; solved with custom translation layer.,Gemini,concise,moderate
Explain any challenges encountered during the project and how they were overcome.,TEXT,['Text'],"  Biggest problem? Getting the new software to talk to the old stuff.  Took forever, but we built a little translator thingy to fix it.  All good now.",Gemini,colloquial,moderate
Explain the company's strategy for attracting and retaining talent.,TEXT,['Text']," Competitive pay, benefits, professional development, and a positive work environment.",Gemini,concise,moderate
Explain the company's strategy for attracting and retaining talent.,TEXT,['Text'],"  We're trying to be awesome to work for, you know?  Good pay, cool perks, chances to learn new stuff – that kinda thing.  Hope it works!",Gemini,colloquial,moderate
Explain the process for conducting regular equipment inspections.,TEXT,['Text']," Create checklists, inspect equipment using checklists, document findings and repairs.",Gemini,concise,moderate
Explain the process for handling hazardous materials.,TEXT,['Text']," Identify, protect, contain, clean, dispose.  Follow SDS instructions.",Gemini,concise,moderate
Explain your approach.,TEXT,['Text']," I just figured it out, you know?  Took it step-by-step.  Piece of cake!",Gemini,colloquial,moderate
Explain your approach.,TEXT,['Text'],  I went about it in the most obvious way possible.  What did you expect?,Gemini,annoyed,moderate
Explain your issue in detail.,TEXT,['Text'],  My computer's being a total pain!  It's super slow and keeps crashing.  Seriously frustrating.,Gemini,colloquial,moderate
Explain your issue in detail.,TEXT,['Text'], This computer is driving me crazy! It's unbearably slow and keeps freezing up at the worst possible times. I've wasted hours trying to fix it.,Gemini,annoyed,moderate
Explain your reasoning.,TEXT,['Text'],"  I figured it out, ya know? Just looked at the stuff and went with my gut.",Gemini,colloquial,moderate
Explain your reasoning.,TEXT,['Text'],"  I followed the instructions, okay?  It's pretty clear what they wanted.",Gemini,annoyed,moderate
Explain your role in the communication process.,TEXT,['Text']," I'm like, the messenger, right?  I get the info across.",Gemini,colloquial,moderate
Explain your role in the communication process.,TEXT,['Text'], I relay the message.  It's not rocket science.  What more do you want?,Gemini,annoyed,moderate
How accessible was the convention for participants?,TEXT,['Text'],"  It was super easy to get to, you know?  Plenty of buses and trains nearby.",Gemini,colloquial,moderate
How accessible was the convention for participants?,TEXT,['Text'],"  It was fine, I guess.  Could have been better organized for people with mobility issues though.",Gemini,annoyed,moderate
How can the company better engage with its stakeholders?,TEXT,['Text'],"  Dude, they gotta be more upfront with people, you know?  Like, actually listen to what people are saying instead of just talking AT them.",Gemini,colloquial,moderate
How can the company better engage with its stakeholders?,TEXT,['Text'],"  They need to stop ignoring their customers and employees.  More communication, better feedback mechanisms, it's really not that hard.",Gemini,annoyed,moderate
How can the company better utilize its resources?,TEXT,['Text'], Streamline processes and improve employee training.,Gemini,concise,moderate
How can the company better utilize its resources?,TEXT,['Text'],"  Dude, like, seriously?  Better scheduling, maybe?  And get rid of all the wasted time on pointless meetings!",Gemini,colloquial,moderate
How can the company better utilize its resources?,TEXT,['Text'],"  It's pretty obvious, isn't it? Better planning and less waste.  We've talked about this before.",Gemini,annoyed,moderate
How can the company enhance its reputation and brand image?,TEXT,['Text']," Improve customer service, engage in community outreach, and maintain consistent brand messaging.",Gemini,concise,moderate
How can the company improve its response to emergency situations?,TEXT,['Text'], Implement a robust emergency response plan with regular training.,Gemini,concise,moderate
How can the company improve its response to emergency situations?,TEXT,['Text'],"  Dude, they need better communication, like, way better. And maybe some practice drills so everyone knows what to do.",Gemini,colloquial,moderate
How confident are you that your issue is truly resolved?,TEXT,['Text']," I think it's fixed, but I'll be annoyed if it pops up again.",Gemini,annoyed,moderate
How could communication be improved?,TEXT,['Text'],"  Yo,  better communication?  Maybe actually *listen* to what people are sayin', ya know?",Gemini,colloquial,moderate
How could communication be improved?,TEXT,['Text'],  It would help if people actually thought before they spoke.  More attention to detail wouldn't hurt either.,Gemini,annoyed,moderate
How could the company improve its sustainability initiatives?,TEXT,['Text'],"  They could totally go green, ya know?  Like, seriously invest in solar panels and stuff.  And maybe stop using so much plastic packaging.",Gemini,colloquial,moderate
How could the convention be made more inclusive?,TEXT,['Text'],"  Prioritize accessibility, diverse representation, and inclusive programming.",Gemini,concise,moderate
How could the convention better promote a sense of community among participants?,TEXT,['Text'],  More social events and networking opportunities.,Gemini,concise,moderate
How could the convention better promote a sense of community among participants?,TEXT,['Text'],"  Dude, like, more chill zones and stuff to do together outside of the actual talks. Maybe some games or group activities?  That'd be awesome.",Gemini,colloquial,moderate
How could the convention better support participants with diverse needs?,TEXT,['Text']," Offer diverse dietary options, wheelchair access, and sensory-friendly spaces.",Gemini,concise,moderate
How could the fairness of the competition be enhanced?,TEXT,['Text'], Standardize judging criteria and ensure equal access to resources.,Gemini,concise,moderate
How could the fairness of the competition be enhanced?,TEXT,['Text']," Make sure everyone's playing by the same rules, you know?  And maybe have someone check things aren't rigged.",Gemini,colloquial,moderate
How could the fairness of the competition be enhanced?,TEXT,['Text'],"  It's pretty obvious, isn't it?  Equal resources for everyone and clear, unbiased judging are the bare minimum.  Seriously, it's not rocket science.",Gemini,annoyed,moderate
How could this be improved?,TEXT,['Text'],"  Dude, it's kinda vague, right?  Needs more specifics!",Gemini,colloquial,moderate
How could this be improved?,TEXT,['Text'],  It's just too general.  What exactly are we talking about?,Gemini,annoyed,moderate
How did the communication impact the intended audience?,TEXT,['Text'],"  Yeah, it totally got through to them, man. They were all fired up and ready to go after that!",Gemini,colloquial,moderate
How did the communication impact the intended audience?,TEXT,['Text'],"  It's supposed to be a simple question, and the impact was clear. They understood the message, which is all that matters.",Gemini,annoyed,moderate
How did you ensure ethical communication practices were followed?,TEXT,['Text'],"  Adhered to company guidelines and practiced respectful, unbiased communication.",Gemini,concise,moderate
How did you ensure ethical communication practices were followed?,TEXT,['Text'],"  Yeah, I made sure what I said was fair and square, you know?  Didn't want to step on anyone's toes.",Gemini,colloquial,moderate
How did you overcome those challenges?,TEXT,['Text'],"  I just kept at it, ya know?  And asked for help when I needed it.  Figured it out eventually.",Gemini,colloquial,moderate
How did you overcome those challenges?,TEXT,['Text'],"  It took a lot longer than it should have, and I had to really push myself.  But I got through them.  I learned a lot, but it wasn't easy.",Gemini,annoyed,moderate
How easy was it to contact support?,TEXT,['Text']," It wasn't difficult, but it took longer than I expected to get a response.",Gemini,annoyed,moderate
How effective was the communication?,TEXT,['Text'],"  It worked like a charm, dude!  No problems at all.",Gemini,colloquial,moderate
How effective was the communication?,TEXT,['Text'],"  It was fine, I suppose. Could have been better, but it got the job done.",Gemini,annoyed,moderate
How effectively did the convention balance competing priorities?,TEXT,['Text']," Moderately successful, some compromises, but not perfect.",Gemini,concise,moderate
How effectively did the convention balance competing priorities?,TEXT,['Text'],"  Yeah, it was alright, I guess.  They kinda met in the middle on some stuff, but other things?  Total mess.",Gemini,colloquial,moderate
How effectively did the convention meet its stated goals?,TEXT,['Text'],"  Yeah, it kinda hit most of the marks, but some things fell flat.  Coulda been better, but it wasn't a total flop.",Gemini,colloquial,moderate
How fair did you perceive the judging process to be?,TEXT,['Text']," It was pretty fair, I guess.  Could've been clearer though.",Gemini,colloquial,moderate
How fair did you perceive the judging process to be?,TEXT,['Text'],  It felt a bit arbitrary in places.  I'm not sure everyone was judged by the same standards.,Gemini,annoyed,moderate
How long did it take to resolve your issue?,TEXT,['Text'], It took far too long; nearly a week.  I expected better service.,Gemini,annoyed,moderate
How satisfied were you with the networking opportunities?,TEXT,['Text'],"  The networking was okay, I suppose.  I didn't make as many connections as I'd hoped.",Gemini,annoyed,moderate
How satisfied were you with the resolution?,TEXT,['Text']," It was okay, I suppose.  But it didn't really fix everything.",Gemini,annoyed,moderate
How was the feedback used to improve future communications?,TEXT,['Text'],"  Yeah, we made things shorter and sweeter, ya know?  People seemed to dig it.",Gemini,colloquial,moderate
How was the feedback used to improve future communications?,TEXT,['Text'],"  We looked at the complaints, and adjusted things accordingly. It shouldn't have been so hard to understand in the first place.",Gemini,annoyed,moderate
How would you apply this learning to future communications?,TEXT,['Text'],"  Okay, so like, I'll try to, you know, be clearer and not ramble on so much.  Get to the point quicker!",Gemini,colloquial,moderate
How would you apply this learning to future communications?,TEXT,['Text'],  I'll try to be less wordy next time.  It's not rocket science.  This is obvious.,Gemini,annoyed,moderate
How would you describe the atmosphere of the convention?,TEXT,['Text']," It was totally buzzing, man!  So much going on.  Crazy busy but good vibes all around.",Gemini,colloquial,moderate
How would you describe the atmosphere of the convention?,TEXT,['Text'], It was incredibly crowded and noisy.  Hard to even have a conversation.  I wish it had been better organized.,Gemini,annoyed,moderate
How would you describe the overall tone of the interaction?,TEXT,['Text']," It was alright, I guess.  Could have been better.  A bit too much formality for my taste.",Gemini,annoyed,moderate
How would you improve the clarity and accuracy of the convention's information?,TEXT,['Text'],"  Use plain language, verify facts, and improve formatting.",Gemini,concise,moderate
How would you improve the clarity and accuracy of the convention's information?,TEXT,['Text'],"  Make it easier to understand, you know?  Double-check everything's right, and lay it out better so it's not a mess.",Gemini,colloquial,moderate
How would you improve the support agent's training?,TEXT,['Text'],"  More role-playing, better product knowledge tests, regular feedback.",Gemini,concise,moderate
How would you improve the support agent's training?,TEXT,['Text'],"  Honestly, the training is a joke.  They need way more realistic scenarios and better feedback mechanisms.  The current system just isn't cutting it.",Gemini,annoyed,moderate
How would you rate the agent's communication skills?,TEXT,['Text'],"  Pretty good, easy to chat with.  No problems understanding them.",Gemini,colloquial,moderate
How would you rate the agent's communication skills?,TEXT,['Text'],"  Their communication was adequate, but could have been more efficient.  It took a little longer than necessary to resolve my issue.",Gemini,annoyed,moderate
How would you rate the agent's patience and understanding?,TEXT,['Text'],"  The agent was super patient, like, really helpful and understanding.  No problems at all.",Gemini,colloquial,moderate
How would you rate the agent's patience and understanding?,TEXT,['Text'],"  The agent's patience was adequate, but their understanding could have been better.  I felt like I had to repeat myself several times.",Gemini,annoyed,moderate
How would you rate the agent's problem-solving skills?,TEXT,['Text'],"  The agent was pretty good at figuring things out, you know?  Got the job done.",Gemini,colloquial,moderate
How would you rate the agent's problem-solving skills?,TEXT,['Text'],"  Their problem-solving was adequate, but could use some refinement in certain areas.  More efficient strategies would be beneficial.",Gemini,annoyed,moderate
How would you rate the clarity of the agent's explanations?,TEXT,['Text']," Pretty understandable,  for the most part.  Could've been better in a couple of spots, though.",Gemini,colloquial,moderate
How would you rate the clarity of the agent's explanations?,TEXT,['Text'],"  The explanations were okay, but some parts were a bit vague.  They could have been more precise.",Gemini,annoyed,moderate
How would you rate the overall organization of the event?,TEXT,['Text']," Pretty well put together, I'd say.  Things flowed nicely.",Gemini,colloquial,moderate
How would you rate the overall organization of the event?,TEXT,['Text'], It could have been better.  There were some minor issues with the scheduling.,Gemini,annoyed,moderate
How would you rate the overall value of the convention?,TEXT,['Text'],"  It was alright, I guess.  Could've been better, but hey, free pizza.",Gemini,colloquial,moderate
How would you rate the overall value of the convention?,TEXT,['Text'],"  It was okay, I suppose.  A lot of time wasted on unnecessary things.  I didn't get nearly as much out of it as I'd hoped.",Gemini,annoyed,moderate
Is there anything else you would like to share about your experience?,TEXT,['Text'],"  Yeah, it was a wild ride!  Lots of ups and downs, but hey, that's life, right?",Gemini,colloquial,moderate
Is there anything else you would like to share about your experience?,TEXT,['Text'],  I'm not sure what else you want me to say.  I've already described the process thoroughly.  Is there anything specific you'd like to know?,Gemini,annoyed,moderate
"On a scale of 1-10, how likely are you to recommend our support?",TEXT,['Text'],"  Seven, maybe eight outta ten.  Pretty good, helped me out.",Gemini,colloquial,moderate
"On a scale of 1-10, how likely are you to recommend our support?",TEXT,['Text'],  Six. It took way too long to get through to someone.,Gemini,annoyed,moderate
Please share any additional feedback you have for us.,TEXT,['Text'],"  Yo, maybe add some more pizzazz to the site?  It's a little bland.",Gemini,colloquial,moderate
Please share any additional feedback you have for us.,TEXT,['Text'],"  It's fine, I guess.  But it could use some work.  Just saying.",Gemini,annoyed,moderate
Provide feedback on the effectiveness of the communication system.,TEXT,['Text']," Mostly effective, but needs improvements in speed and notifications.",Gemini,concise,moderate
Provide feedback on the effectiveness of the communication system.,TEXT,['Text'],"  It's okay, I guess.  Sometimes it's slow as molasses, but usually it gets the job done. Could use some sprucing up though.",Gemini,colloquial,moderate
Provide feedback on the effectiveness of the communication system.,TEXT,['Text'],"  It's functional, I suppose, but the constant lag is frustrating.  They really need to do something about that.",Gemini,annoyed,moderate
Provide further details.,TEXT,['Text'],"  So, yeah, things are taking longer than expected.  We're behind on parts.",Gemini,colloquial,moderate
Provide further details.,TEXT,['Text'],  What kind of details are you looking for?  Be more specific.,Gemini,annoyed,moderate
Rate the overall helpfulness of the support.,TEXT,['Text'],"  It took a while, but they eventually got it sorted.",Gemini,annoyed,moderate
Reflect on your personal contribution to the communication.,TEXT,['Text'],"  I think I did alright,  got my points across pretty well, right?  Hope so!",Gemini,colloquial,moderate
Reflect on your personal contribution to the communication.,TEXT,['Text'],"  I stated my points as clearly as I could,  but it's hard to know for sure if it was effective. It felt like I was repeating myself.",Gemini,annoyed,moderate
Share any concerns you have about the convention.,TEXT,['Text'], Insufficient information about accessibility and logistical arrangements.,Gemini,concise,moderate
Share any concerns you have about the convention.,TEXT,['Text'],"  Man, the whole thing feels kinda disorganized.  Are we even gonna have enough food?  And the wifi better be solid.",Gemini,colloquial,moderate
Share any unexpected positive experiences you had at the convention.,TEXT,['Text'],"  Dude, I totally bumped into an old friend I hadn't seen in ages!  Best part of the whole thing.",Gemini,colloquial,moderate
Share any unexpected positive experiences you had at the convention.,TEXT,['Text']," I didn't think the workshops would be any good, but the one on digital marketing was actually pretty helpful.  It saved me a bunch of time, really.",Gemini,annoyed,moderate
Share your feedback.,TEXT,['Text'],"  It's alright, could use some work, ya know?  A few glitches here and there.",Gemini,colloquial,moderate
Share your feedback.,TEXT,['Text'],"  The site's okay, but I had trouble finding what I wanted.  Could be better organized.  It's not a disaster, but definitely needs work.",Gemini,annoyed,moderate
Summarize the main points.,TEXT,['Text']," Rising costs, struggling businesses, government response.",Gemini,concise,moderate
Summarize the main points.,TEXT,['Text'],"  The main points?  Seriously?  It was about inflation, businesses failing, and the government's half-baked ideas.  That's it.",Gemini,annoyed,moderate
Was the agent knowledgeable about the product/service?,TEXT,['Text'],"  They seemed to know what they were talking about, I guess.  But I still had to do some of my own research afterward.",Gemini,annoyed,moderate
Was the solution provided easy to understand and implement?,TEXT,['Text']," Yeah, it was a piece of cake!  No problems at all.",Gemini,colloquial,moderate
Was the solution provided easy to understand and implement?,TEXT,['Text']," It was fine, I suppose.  Could have been better explained in a couple of places, but it worked eventually.",Gemini,annoyed,moderate
Were all your questions answered to your satisfaction?,TEXT,['Text']," Mostly, yes.  A few minor points remain unclear, but overall I'm satisfied with the information provided.  I may need to follow up on those later.",Gemini,verbose,moderate
Were all your questions answered to your satisfaction?,TEXT,['Text'],"  Most were answered, but some weren't fully addressed.  It's frustrating when things are only partially explained.",Gemini,annoyed,moderate
Were there any delays in getting your issue resolved?,TEXT,['Text']," Yeah, it took forever!  Like, way longer than they said it would.",Gemini,colloquial,moderate
Were there any delays in getting your issue resolved?,TEXT,['Text']," Yes, it took far too long.  I had to follow up repeatedly to get any updates.",Gemini,annoyed,moderate
Were there any logistical issues you encountered?,TEXT,['Text']," Yeah, totally!  Getting everything where it needed to be on time was a nightmare.  Stuff kept getting lost in the shuffle.",Gemini,colloquial,moderate
Were there any technical difficulties during the support interaction?,TEXT,['Text']," Yeah, the whole thing was a bit laggy, you know?  Took ages to get anything done.",Gemini,colloquial,moderate
Were there any technical difficulties during the support interaction?,TEXT,['Text']," Yes, the connection kept dropping, which was incredibly frustrating and made it take much longer than it should have.",Gemini,annoyed,moderate
What are the key challenges facing the heavy industries sector?,TEXT,['Text'],"  Decarbonization, cost pressures, and supply chain instability.",Gemini,concise,moderate
What are your observations regarding employee morale?,TEXT,['Text'], Morale is generally positive but needs monitoring.,Gemini,concise,moderate
What are your observations regarding employee morale?,TEXT,['Text'],"  Morale's pretty good,  most folks seem happy, but you know, there's always a few grumps.",Gemini,colloquial,moderate
What are your observations regarding employee morale?,TEXT,['Text'],"  It's a mixed bag, frankly.  Some teams are doing fine, others are clearly struggling.  Management needs to be more attentive to the issues.",Gemini,annoyed,moderate
What are your observations regarding the company's overall safety culture?,TEXT,['Text'], Safety culture is inconsistent and needs improvement.,Gemini,concise,moderate
What are your observations regarding the company's overall safety culture?,TEXT,['Text'],"  Safety's kinda hit and miss, you know? Some teams are really on it, others... not so much. Needs some work, for sure.",Gemini,colloquial,moderate
What are your observations regarding the overall productivity levels?,TEXT,['Text'],"  Yeah, things are kinda slow lately.  Not sure what's up.",Gemini,colloquial,moderate
What are your observations regarding the overall productivity levels?,TEXT,['Text']," Productivity has been disappointing, to say the least.  We've had far too many delays and missed deadlines.  This needs immediate attention.",Gemini,annoyed,moderate
What are your recommendations for improving the overall performance of the company?,TEXT,['Text']," Improve employee training, streamline operations, and utilize data analytics.",Gemini,concise,moderate
What are your recommendations for improving the overall performance of the company?,TEXT,['Text']," Dude, we gotta get better training for everyone, fix the slow parts of the workflow, and actually *use* the data we collect, you know?",Gemini,colloquial,moderate
What are your recommendations for improving workplace safety?,TEXT,['Text']," Improve safety training, conduct regular inspections, and promote a strong safety culture.",Gemini,concise,moderate
What are your suggestions for improving employee training programs?,TEXT,['Text'],"  Focus on practical application, personalized learning, and regular assessment.",Gemini,concise,moderate
What are your suggestions for improving the communication during the convention?,TEXT,['Text'],"  Yo, how about a killer app so peeps can chat and get updates easily?  Plus maybe some group chats for meetups!",Gemini,colloquial,moderate
What are your suggestions for improving the overall customer support experience?,TEXT,['Text'],"  Dude, seriously, just get some people who actually *know* what they're doing.  And maybe ditch the endless hold music.",Gemini,colloquial,moderate
What are your suggestions for improving the overall customer support experience?,TEXT,['Text'],"  Honestly, it's the wait times.  And the robotic responses.  Just fix those two things and it'll be a massive improvement.",Gemini,annoyed,moderate
What are your suggestions for reducing downtime?,TEXT,['Text']," Redundancy, proactive maintenance, and automation.",Gemini,concise,moderate
What are your suggestions for reducing downtime?,TEXT,['Text']," Dude, seriously,  get some backups and maybe like, a second server or something?  Don't put all your eggs in one basket!",Gemini,colloquial,moderate
What are your suggestions?,TEXT,['Text'],  Let's brainstorm!  Maybe try a different angle? What about...pizza?,Gemini,colloquial,moderate
What are your suggestions?,TEXT,['Text'],"  Well, what *kind* of suggestions are you looking for?  Be more specific.",Gemini,annoyed,moderate
What are your thoughts on the company's long-term strategic goals?,TEXT,['Text'],"  They're aiming pretty high, you know?  Global domination, basically.  Wish 'em luck!",Gemini,colloquial,moderate
What are your thoughts on the company's long-term strategic goals?,TEXT,['Text'],"  I've seen these plans before, and frankly, they're a bit vague.  More detail is needed on how they'll actually achieve these objectives.",Gemini,annoyed,moderate
What are your thoughts on the current level of technological innovation within the company?,TEXT,['Text'],"  Innovation's okay, I guess.  Could be faster, though, ya know?  We're kinda stuck in the mud on some projects.",Gemini,colloquial,moderate
What are your thoughts on the current level of technological innovation within the company?,TEXT,['Text'],"  It's not exactly booming, is it?  We're slow to adopt new things, and the budget for R&D seems to always be the first thing cut.",Gemini,annoyed,moderate
What are your thoughts on the current maintenance schedule?,TEXT,['Text'],"  Yeah, it's alright I guess, but sometimes it feels a bit haphazard. Could use some tweaking, you know?",Gemini,colloquial,moderate
What are your thoughts on the current maintenance schedule?,TEXT,['Text'],  It's constantly changing and hard to keep track of; I wish they'd stick to a consistent plan. It's frustrating to constantly readjust.,Gemini,annoyed,moderate
What are your thoughts on the current supply chain management?,TEXT,['Text']," It's a mess, right?  Everything's backed up, prices are crazy high, and you can't get what you need when you need it.",Gemini,colloquial,moderate
What are your thoughts on the effectiveness of the company's training and development programs?,TEXT,['Text'],"  Effective, but needs more practical application.",Gemini,concise,moderate
What are your thoughts on the effectiveness of the company's training and development programs?,TEXT,['Text'],"  They're okay, I guess. Could use some jazzing up, you know?  More hands-on stuff would be awesome.",Gemini,colloquial,moderate
What are your thoughts on the effectiveness of the project management methodologies?,TEXT,['Text'], Their effectiveness varies greatly depending on the project.,Gemini,concise,moderate
What are your thoughts on the effectiveness of the project management methodologies?,TEXT,['Text'],"  It really depends, you know? Some projects are perfect for Agile, others need something more... rigid.  It's not a one-size-fits-all thing.",Gemini,colloquial,moderate
What are your thoughts?,TEXT,['Text'],"  Whoa, dude, so much is going on, you know?  Work, life, the whole shebang.",Gemini,colloquial,moderate
What are your thoughts?,TEXT,['Text'],"  What do you *mean*, what are my thoughts?  It's a pretty broad question.  I have lots of thoughts.",Gemini,annoyed,moderate
What aspects of the communication were most successful?,TEXT,['Text'],"  Dude, it was super easy to understand,  no messing around.",Gemini,colloquial,moderate
What aspects of the communication were most successful?,TEXT,['Text'],"  It was understandable, I guess.  Could have been shorter.",Gemini,annoyed,moderate
What aspects of the convention could be improved for future participants?,TEXT,['Text'],"  Dude, the wifi was AWFUL.  And like, way too many people crammed into those breakout rooms.  More space, better internet – that's all I'm sayin'.",Gemini,colloquial,moderate
What aspects of the convention did you find most engaging?,TEXT,['Text'],"  The panels were pretty cool,  especially the one about AI.  Met some awesome people too!",Gemini,colloquial,moderate
What aspects of the convention did you find most engaging?,TEXT,['Text'],"  It was alright, I guess.  The networking was the only really worthwhile part.  The rest was pretty standard.",Gemini,annoyed,moderate
What aspects of the convention exceeded your expectations?,TEXT,['Text'],"  Dude, the after-party was epic! Way better than I thought it'd be.",Gemini,colloquial,moderate
What aspects of the convention fostered a sense of inclusivity and belonging?,TEXT,['Text'],"  Diverse programming, accessible venue, and welcoming atmosphere.",Gemini,concise,moderate
What aspects of the convention fostered a sense of inclusivity and belonging?,TEXT,['Text'],"  Well, it wasn't perfect, but they *did* try to make it inclusive.  They had multiple language options and disability accommodations, at least.",Gemini,annoyed,moderate
What aspects of the convention were most impactful?,TEXT,['Text'],"  Dude, the after-parties were epic!  But seriously, the workshops were really helpful.",Gemini,colloquial,moderate
What aspects of the convention were most impactful?,TEXT,['Text'],"  Honestly, the only thing that really stood out were the terribly organized breakout sessions.  Everything else was pretty mediocre.",Gemini,annoyed,moderate
What aspects of the support were particularly negative?,TEXT,['Text'],"  Dude, the whole thing was a nightmare.  They just kept giving me the runaround.  Never got anywhere.",Gemini,colloquial,moderate
What aspects of the support were particularly positive?,TEXT,['Text'],"  Dude, they were super quick to help and totally knew what they were doing!  Best support ever.",Gemini,colloquial,moderate
What aspects of the support were particularly positive?,TEXT,['Text'],"  The speed of response was good, I'll give them that.  But I shouldn't have needed support in the first place.",Gemini,annoyed,moderate
What challenges did you encounter?,TEXT,['Text'], Time constraints and unexpected technical difficulties.,Gemini,concise,moderate
What challenges did you encounter?,TEXT,['Text'],"  Man, getting the data to play nice was a nightmare.  And then the client kept changing their mind!  So frustrating.",Gemini,colloquial,moderate
What could we have done better?,TEXT,['Text'],"  Dude, we totally shoulda planned that better, you know?  And maybe talked more beforehand.",Gemini,colloquial,moderate
What could we have done better?,TEXT,['Text'],  We should have had a clearer plan and more frequent check-ins.  It's frustrating how much time was wasted.,Gemini,annoyed,moderate
What did you learn from participating in the convention?,TEXT,['Text'],"  Man, I met so many cool people and learned a ton about that new software everyone's using.  It was awesome!",Gemini,colloquial,moderate
What did you learn from participating in the convention?,TEXT,['Text'],"  It was alright, I guess.  I picked up a few new things, but it was mostly what I already knew.  More networking than anything.",Gemini,annoyed,moderate
What did you learn from this communication experience?,TEXT,['Text'],"  Man, I learned that sometimes you gotta spell things out, ya know?  People don't always get what you mean the first time.",Gemini,colloquial,moderate
What did you learn from this communication experience?,TEXT,['Text'], It showed me how frustrating it can be when people don't pay attention to the details.  I need to be more specific in the future.,Gemini,annoyed,moderate
What impact did the convention have on your professional development?,TEXT,['Text'], It boosted my professional network and updated my knowledge of industry best practices.,Gemini,concise,moderate
What impact did the convention have on your professional development?,TEXT,['Text'],"  It was awesome! Met tons of people, learned a bunch of new stuff, and now my work's way easier.  Seriously, game changer.",Gemini,colloquial,moderate
What improvements could be made to the convention?,TEXT,['Text'],"  Dude, way too much downtime between sessions.  And the wifi was, like, totally unusable.  More coffee wouldn't hurt either!",Gemini,colloquial,moderate
What improvements could be made to the convention?,TEXT,['Text'],"  Seriously, the scheduling was a nightmare.  And the audio in the main hall was atrocious.  They really need to address these basic issues.",Gemini,annoyed,moderate
What improvements could be made to the efficiency of the manufacturing process?,TEXT,['Text'],"  Dude, we gotta get rid of all the bottlenecks, right?  Maybe some new machines or something?  And less downtime!",Gemini,colloquial,moderate
What improvements could be made to the efficiency of the manufacturing process?,TEXT,['Text'],"  Seriously?  It's obvious! Better equipment, better scheduling, and less wasted materials would improve things.  What else is there?",Gemini,annoyed,moderate
What improvements would you suggest for our support system?,TEXT,['Text'],"  Improved knowledge base, faster response times, and more proactive support.",Gemini,concise,moderate
What improvements would you suggest for our support system?,TEXT,['Text'],"  Yo, maybe like, a better FAQ section?  And get back to people quicker, that'd be awesome.",Gemini,colloquial,moderate
What is your feedback on the overall design and layout of the convention?,TEXT,['Text'],"  It was pretty good, easy to find stuff. Could've used more coffee stations though!  Seriously.",Gemini,colloquial,moderate
What is your feedback on the quality of the presentations?,TEXT,['Text'],"  Pretty good, some were a bit dry, you know? But others were really engaging.",Gemini,colloquial,moderate
What is your feedback on the quality of the presentations?,TEXT,['Text'],"  They were okay, I guess. Some were better than others, but a few really needed more practice.  The content wasn't always the best either.",Gemini,annoyed,moderate
What is your feedback on the venue?,TEXT,['Text'],"  It was alright, pretty sweet actually. Could have used more parking though.",Gemini,colloquial,moderate
What is your feedback on the venue?,TEXT,['Text']," The acoustics were terrible.  It made it hard to hear the speakers.  Other than that, it was fine.",Gemini,annoyed,moderate
What is your overall impression of the convention's level of professionalism?,TEXT,['Text'],"  It was pretty slick, yeah?  Really well put together.",Gemini,colloquial,moderate
What is your overall impression of the convention's level of professionalism?,TEXT,['Text'],"  Could have been better organized in a few places, but it was mostly professional.  Some minor issues, but nothing major.",Gemini,annoyed,moderate
What is your suggestion for improving the support process?,TEXT,['Text'],"  More self-service options, like a FAQ that actually helps, you know? And maybe a faster way to get a human if you need one.",Gemini,colloquial,moderate
What is your suggestion for improving the support process?,TEXT,['Text'],"  Seriously, better communication!  People shouldn't have to wait days for a response.  And clearer instructions on the website would help.",Gemini,annoyed,moderate
What lessons were learned from the communication?,TEXT,['Text'],  Need for better active listening and clearer instructions.,Gemini,concise,moderate
What lessons were learned from the communication?,TEXT,['Text'],"  Dude, we totally gotta be more upfront next time, ya know?  And check if people actually *get* what we're saying.",Gemini,colloquial,moderate
What metrics were used to evaluate the communication?,TEXT,['Text'],"  Like, we checked how clear it was, if it was too wordy, and if people actually *got* it.",Gemini,colloquial,moderate
What metrics were used to evaluate the communication?,TEXT,['Text'],"  We looked at how understandable it was, how long it was, and if people responded.  It's not rocket science.",Gemini,annoyed,moderate
What recommendations would you make for future communications?,TEXT,['Text'],"  Yo, let's just text each other, it's way easier.",Gemini,colloquial,moderate
What recommendations would you make for future communications?,TEXT,['Text'],"  Just text next time, it's quicker.  What's the big deal?",Gemini,annoyed,moderate
What resources or support did you find most helpful?,TEXT,['Text'],"  Dude, the FAQs were a lifesaver!  Seriously, they answered almost everything.",Gemini,colloquial,moderate
What resources or support did you find most helpful?,TEXT,['Text'],  The examples were pretty much the only thing that helped.  Everything else was confusing.,Gemini,annoyed,moderate
What specific actions did the agent take that you appreciated?,TEXT,['Text'],  The agent's efficiency and thoroughness were excellent.,Gemini,concise,moderate
What specific actions did the agent take that you appreciated?,TEXT,['Text'],"  Dude, the agent totally went above and beyond!  They really sorted things out for me.",Gemini,colloquial,moderate
What specific actions did the agent take that you appreciated?,TEXT,['Text']," The agent finally got it right after several tries, I'll give them that much.  It shouldn't have taken so long.",Gemini,annoyed,moderate
What specific actions did the agent take that you did not appreciate?,TEXT,['Text'],  It ignored my instructions and provided inaccurate data.,Gemini,concise,moderate
What specific actions did the agent take that you did not appreciate?,TEXT,['Text'],"  Man, it kept going off on tangents!  Like, I asked for one thing, and it gave me five unrelated answers.  Total waste of time.",Gemini,colloquial,moderate
What specific actions did the agent take that you did not appreciate?,TEXT,['Text'],  It completely missed the point of my query and kept suggesting things that weren't even remotely helpful.  I felt like I was talking to a wall.,Gemini,annoyed,moderate
What specific changes would you recommend for the next convention?,TEXT,['Text']," Dude, the lines for registration were insane!  And the sound system in the main hall was a total disaster.  Fix that stuff.",Gemini,colloquial,moderate
What steps did the agent take to resolve your issue?,TEXT,['Text'],"  So, they looked into it, figured out what went wrong, and gave me my money back.  Easy peasy.",Gemini,colloquial,moderate
What steps did the agent take to resolve your issue?,TEXT,['Text'],"  They eventually fixed the billing error after a lot of back and forth, but it took longer than it should have.",Gemini,annoyed,moderate
What suggestions do you have for future conventions?,TEXT,['Text'],"  Dude, more panels on cool stuff,  less of the boring business stuff, you know? And maybe a killer after-party?",Gemini,colloquial,moderate
What tools or resources could have helped the agent resolve your issue more efficiently?,TEXT,['Text'],  A better search function within the help system.,Gemini,concise,moderate
What tools or resources could have helped the agent resolve your issue more efficiently?,TEXT,['Text'],"  Like, a real-time chat with someone who knew what they were talking about, you know?  Instead of that automated stuff.",Gemini,colloquial,moderate
What was the least helpful aspect of the support?,TEXT,['Text'],"  The whole thing was super unhelpful, but the canned responses were the worst.  Seriously, felt like they didn't even read my issue.",Gemini,colloquial,moderate
What was the least helpful aspect of the support?,TEXT,['Text']," The automated responses were completely useless.  It took forever to get a real person, and even then, they weren't much help.",Gemini,annoyed,moderate
What was the message of the communication?,TEXT,['Text'],"  Dude, they totally needed that report ASAP, like yesterday!  So yeah, that was the gist of it.",Gemini,colloquial,moderate
What was the message of the communication?,TEXT,['Text'],"  It was about that meeting, again.  They wanted a summary of what happened.  Seriously, couldn't they just check the notes?",Gemini,annoyed,moderate
What was the most helpful aspect of the support?,TEXT,['Text'],"  Dude, the step-by-step guide totally saved my bacon!",Gemini,colloquial,moderate
What was the most helpful aspect of the support?,TEXT,['Text'],"  It was the fact that they actually understood the problem, unlike last time.  I really appreciate that.",Gemini,annoyed,moderate
What was the purpose of the communication?,TEXT,['Text'],"  Yo, it was to get everyone together to talk about the next steps, you know?",Gemini,colloquial,moderate
What was the purpose of the communication?,TEXT,['Text'],"  It was to inform them of the delay, that's what it was for.  Should have done it sooner.",Gemini,annoyed,moderate
What was the quality of the resources provided?,TEXT,['Text'],"  Pretty good, for the most part.  A few duds, but nothing too terrible.",Gemini,colloquial,moderate
What was the quality of the resources provided?,TEXT,['Text'],"  Some were fine, others were frankly useless. It wasn't a terrible selection but definitely could have been better curated.",Gemini,annoyed,moderate
What was your favorite part of the support interaction?,TEXT,['Text'],"  Getting it sorted so quick,  that was the best bit.  No messing about!",Gemini,colloquial,moderate
What was your favorite part of the support interaction?,TEXT,['Text'],"  It took a while to get through to someone, but once I did, they were efficient at least.  I wish the initial wait time wasn't so long.",Gemini,annoyed,moderate
What was your initial impression of the support agent?,TEXT,['Text'],"  Seemed pretty chill, knew their stuff.  Good vibe.",Gemini,colloquial,moderate
What was your initial impression of the support agent?,TEXT,['Text'],"  They seemed a bit slow to understand the problem at first, but eventually got there.",Gemini,annoyed,moderate
What was your least favorite part of the support interaction?,TEXT,['Text'],"  Dude, the robot thing kept giving me the runaround.  So annoying!",Gemini,colloquial,moderate
What was your least favorite part of the support interaction?,TEXT,['Text'],  It took far too long to get a satisfactory answer.  The initial responses were unhelpful and didn't address my actual problem.,Gemini,annoyed,moderate
What were the barriers to communication?,TEXT,['Text'],"  Language barriers, cultural differences, and poor communication skills.",Gemini,concise,moderate
What were the barriers to communication?,TEXT,['Text'],"  Dude, it was like, totally a language thing, plus different cultures, ya know?  And people just weren't sayin' what they meant!",Gemini,colloquial,moderate
What were the ethical considerations involved in the communication?,TEXT,['Text'],  Was it all above board? Did they keep things private?  Did anyone get hurt by what was said?,Gemini,colloquial,moderate
What were the ethical considerations involved in the communication?,TEXT,['Text'],"  Well, what kind of communication are we talking about?  It really depends on the specifics.  I need more information to answer properly.",Gemini,annoyed,moderate
What were the intended and unintended consequences of the communication?,TEXT,['Text'], Intended: Scheduling update. Unintended: Misinterpretation and missed deadlines.,Gemini,concise,moderate
What were the key factors contributing to success or failure?,TEXT,['Text']," Strong leadership, clear goals, sufficient resources.",Gemini,concise,moderate
What were the key factors contributing to success or failure?,TEXT,['Text'],"  Dude, it was all about teamwork, right?  But also, we totally didn't have enough time, that sucked.  And the boss, well, he was a rockstar.",Gemini,colloquial,moderate
What were the key factors contributing to success or failure?,TEXT,['Text'],"  It's pretty obvious, isn't it?  Good planning and execution led to success; poor planning and inadequate resources resulted in failure.  That's it.",Gemini,annoyed,moderate
What were the key takeaways?,TEXT,['Text']," Climate change impacts, global cooperation needed, renewable energy progress.",Gemini,concise,moderate
What were the outcomes of the communication?,TEXT,['Text'],"  Yeah, we all got on the same page, finally!  Everyone knows what to do now.",Gemini,colloquial,moderate
What were the outcomes of the communication?,TEXT,['Text'],"  We sorted out the schedule, I guess.  It took longer than it should have.",Gemini,annoyed,moderate
What were the results?,TEXT,['Text'], Control group exceeded expectations; experimental group showed marginal increase.,Gemini,concise,moderate
What were the results?,TEXT,['Text'],"  Whoa, the control group totally blew us away!  The other group?  Meh, not so much.",Gemini,colloquial,moderate
What were the strengths and weaknesses of the convention's communication strategy?,TEXT,['Text']," Strong social media presence, but poor on-site information and updates.",Gemini,concise,moderate
What were your biggest challenges during the convention?,TEXT,['Text'],"  Dude, the wifi was totally shot.  And the catering?  Don't even get me started!",Gemini,colloquial,moderate
What were your biggest challenges during the convention?,TEXT,['Text'],  The scheduling conflicts were a nightmare.  It was terribly inconvenient and impacted many presenters negatively.  It really put a damper on things.,Gemini,annoyed,moderate
What were your expectations before attending the convention?,TEXT,['Text'],  Meeting interesting people and gaining new insights.,Gemini,concise,moderate
What were your expectations before attending the convention?,TEXT,['Text'],"  I figured it'd be a good time, ya know?  Meet some peeps, maybe pick up a few tricks of the trade.  Hopefully not too boring!",Gemini,colloquial,moderate
What were your observations?,TEXT,['Text'], Increased reaction rate with temperature increase; control group variability.,Gemini,concise,moderate
What were your observations?,TEXT,['Text'],"  Whoa, the thing totally sped up when it got hotter, right?  And some of the control stuff was kinda weird.",Gemini,colloquial,moderate
What would you change about the schedule of events?,TEXT,['Text'],"  Dude, way too much stuff crammed in!  Spread it out a bit, yeah?",Gemini,colloquial,moderate
What would you change about the schedule of events?,TEXT,['Text'],  It's just too much going on all at once.  They need to rethink the pacing; it's unrealistic.,Gemini,annoyed,moderate
What would you do differently next time?,TEXT,['Text'], I should have prioritized tasks differently.  It was a mess.,Gemini,annoyed,moderate
Would you recommend our support to others? Why or why not?,TEXT,['Text'],"  Yes, it was fine, I guess.  But it took longer than expected.",Gemini,annoyed,moderate
On what date did the project officially commence? Provide a date.,DATE,['Date'],"  It kicked off on the tenth of June, twenty-twenty-one, mate.",Gemini,colloquial,moderate
On what date did the project officially commence? Provide a date.,DATE,['Date'], The start date is clearly documented as 27 September 2020.  Why are you asking me again?,Gemini,annoyed,moderate
On what date was the training session conducted? Provide a date.,DATE,['Date'],"  It was, like,  June tenth, twenty twenty-two.  Remember?",Gemini,colloquial,moderate
On what date was the training session conducted? Provide a date.,DATE,['Date'],"  The date of the training was August fourteenth, two thousand and twenty-one.  Why do you need to know?",Gemini,annoyed,moderate
What date did the equipment malfunction?,DATE,['Date'],"  It went belly up on the fifth of June, last year.  Bummer, right?",Gemini,colloquial,moderate
What date did the equipment malfunction?,DATE,['Date'],"  It broke down on December twelfth, two thousand and twenty-one.  I've already submitted the paperwork.",Gemini,annoyed,moderate
What date did the initial deployment occur? Provide a date.,DATE,['Date'],"  It went live on the twenty-fifth of June, twenty twenty-three.  Remember?",Gemini,colloquial,moderate
What date did the initial deployment occur? Provide a date.,DATE,['Date'],  The date of the initial deployment was 01/01/2024.  I've already said it several times.,Gemini,annoyed,moderate
What date did the issue begin? Provide a date.,DATE,['Date'],"  It all kicked off on the first of May, last year!",Gemini,colloquial,moderate
What date did the issue begin? Provide a date.,DATE,['Date'],"  The date was the twelfth of June, two thousand and twenty-one.  I've already checked this several times.",Gemini,annoyed,moderate
What date did the order ship? Provide a date.,DATE,['Date'], The order shipped on 01/05/2023.  Could you please be more specific with your requests next time?,Gemini,annoyed,moderate
What date did the permit expire? Provide a date.,DATE,['Date'],"  It ran out on the tenth of March, twenty-twenty-three, mate.",Gemini,colloquial,moderate
What date did the permit expire? Provide a date.,DATE,['Date']," The permit expired on 05/09/2021. This information can be found on the permit itself, in the bottom right corner.  The date is clearly printed.",Gemini,explanatory,moderate
What date did the permit expire? Provide a date.,DATE,['Date'],  The expiration date was 31 December 2020.  It's clearly stated in the paperwork.,Gemini,annoyed,moderate
What date did the technical issue arise? Provide a date.,DATE,['Date'],"  It all went belly up on the eleventh of November, last year.  Bummer.",Gemini,colloquial,moderate
What date did the technical issue arise? Provide a date.,DATE,['Date'], The problem started on 14 March 2024. This was due to an unforeseen software incompatibility.  We're addressing it now.,Gemini,explanatory,moderate
What date did the technical issue arise? Provide a date.,DATE,['Date'],  The issue appeared on 01/07/2023.  It's been a real headache. I'm hoping for a swift resolution.,Gemini,annoyed,moderate
What date did the training begin for the new software? Provide a date.,DATE,['Date'],"  Training kicked off on the twenty-first of September, twenty-twenty-two.  Wasn't that ages ago?",Gemini,colloquial,moderate
What date did the training begin for the new software? Provide a date.,DATE,['Date'],  It started on the fifteenth of November last year.  What more do you need?,Gemini,annoyed,moderate
What date did the training session conclude? Provide a date.,DATE,['Date'],"  It finished on the fourteenth of June, last year.  Yeah, a while ago now.",Gemini,colloquial,moderate
What date did the training session conclude? Provide a date.,DATE,['Date'],  The training ended on 21st September 2023.  I've already moved on to the next project.,Gemini,annoyed,moderate
What date did you attend the webinar? Provide a date.,DATE,['Date'],"  Yeah, it was on the fifth of June, last year.  Good stuff!",Gemini,colloquial,moderate
What date did you attend the webinar? Provide a date.,DATE,['Date']," The webinar took place on March 18th, 2024. This date is significant to me as it was a Monday.  The content was relevant to my current project.",Gemini,explanatory,moderate
What date did you attend the webinar? Provide a date.,DATE,['Date'],"  It was the twenty-second of November, last year.  Must I really specify the date?",Gemini,annoyed,moderate
What date did you receive the notification about your test results? Provide a date.,DATE,['Date'],"  Got the email on the seventh of March, like, ages ago!",Gemini,colloquial,moderate
What date did you receive the notification about your test results? Provide a date.,DATE,['Date'],"  It was the fifteenth of November, last year.  They really should improve their communication.",Gemini,annoyed,moderate
What date did you start feeling unwell? Provide a date.,DATE,['Date'],"  Around the twelfth of March, yeah?  Things went downhill pretty quick after that.",Gemini,colloquial,moderate
What date did you start feeling unwell? Provide a date.,DATE,['Date'],  It was the fifth of June.  Why do you need to know?,Gemini,annoyed,moderate
What date is the company anniversary? Provide a date.,DATE,['Date'],"  It's way back, man –  the twelfth of June, nineteen ninety-two.",Gemini,colloquial,moderate
What date is the company anniversary? Provide a date.,DATE,['Date'],"  The anniversary?  It's August fifth, two thousand and three.  Are we done here?",Gemini,annoyed,moderate
What date is the conference taking place? Provide a date.,DATE,['Date']," It's on the twelfth of November, next year, yeah?  See ya there!",Gemini,colloquial,moderate
What date is the conference taking place? Provide a date.,DATE,['Date'],"  The date is June the first, two thousand and twenty-five.  Is that clear enough?",Gemini,annoyed,moderate
What date is the contract renewal due? Provide a date.,DATE,['Date']," It's due on the fourteenth of February, next year, yeah?",Gemini,colloquial,moderate
What date is the contract renewal due? Provide a date.,DATE,['Date']," It's due on the fourteenth of February, next year, yeah?",Gemini,colloquial,moderate
What date is the contract renewal due? Provide a date.,DATE,['Date']," It's due on the twelfth of June, next year, innit?  Don't forget!",Gemini,colloquial,moderate
What date is the contract renewal due? Provide a date.,DATE,['Date']," It's due on the twelfth of June, next year, innit?  Don't forget!",Gemini,colloquial,moderate
What date is the contract renewal due? Provide a date.,DATE,['Date']," The contract stipulates a renewal date of 01/01/2026. This is the first of January, twenty-twenty-six.  Please make a note of this important date.",Gemini,explanatory,moderate
What date is the contract renewal due? Provide a date.,DATE,['Date']," The contract stipulates a renewal date of 01/01/2026. This is the first of January, twenty-twenty-six.  Please make a note of this important date.",Gemini,explanatory,moderate
What date is the contract renewal due? Provide a date.,DATE,['Date']," The renewal is due on July 1st, 2026.  I've already sent you reminders.",Gemini,annoyed,moderate
What date is the contract renewal due? Provide a date.,DATE,['Date']," The renewal is due on July 1st, 2026.  I've already sent you reminders.",Gemini,annoyed,moderate
What date is the contract renewal due? Provide a date.,DATE,['Date']," The renewal is due on August 18th, 2024.  I've already sent you this information.",Gemini,annoyed,moderate
What date is the contract renewal due? Provide a date.,DATE,['Date']," The renewal is due on August 18th, 2024.  I've already sent you this information.",Gemini,annoyed,moderate
What date is the deadline for submitting feedback? Provide a date.,DATE,['Date'],"  Feedback's due on the tenth of March next year, innit?  Don't forget!",Gemini,colloquial,moderate
What date is the deadline for submitting feedback? Provide a date.,DATE,['Date'],"  The deadline is July 18th, 2024.  Make sure you meet it this time.",Gemini,annoyed,moderate
What date is the end of the probationary period? Provide a date.,DATE,['Date'],"  It's over on the thirtieth of June, next year, mate.  Don't forget!",Gemini,colloquial,moderate
What date is the end of the probationary period? Provide a date.,DATE,['Date'],"  The date is December eleventh, two thousand and twenty-three.  I've already given you this information several times.",Gemini,annoyed,moderate
What date is the next board meeting scheduled for? Provide a date.,DATE,['Date'],"  Next board meetin'? It's on the fourteenth of March, next year. Don't be late!",Gemini,colloquial,moderate
What date is the next board meeting scheduled for? Provide a date.,DATE,['Date'],"  The meeting's on the first of January, twenty-twenty-five.  I've already sent out the notice.",Gemini,annoyed,moderate
What date is the next scheduled backup? Provide a date.,DATE,['Date'],"  Next backup's on the eleventh of June, next year, yeah?",Gemini,colloquial,moderate
What date is the next scheduled backup? Provide a date.,DATE,['Date'],  It's scheduled for  01 January 2026.  You can find the details in the system logs.,Gemini,annoyed,moderate
What date is the next staff meeting? Provide a date.,DATE,['Date'],"  Next meeting's on the eighteenth of June, next year, yeah?",Gemini,colloquial,moderate
What date is the next staff meeting? Provide a date.,DATE,['Date']," It's on the twenty-second of August, two thousand and twenty-five.  Check your calendar.",Gemini,annoyed,moderate
What date is the next team-building exercise? Provide a date.,DATE,['Date']," It's on the tenth of November, next year, mate!  Don't forget!",Gemini,colloquial,moderate
What date is the next team-building exercise? Provide a date.,DATE,['Date'],"  The date is March 28th, 2024.  I've already sent the details.",Gemini,annoyed,moderate
What date is your next review scheduled? Provide a date.,DATE,['Date'],"  Next review?  It's on the fifth of next month, mate.",Gemini,colloquial,moderate
What date is your next review scheduled? Provide a date.,DATE,['Date'],"  It's the first of June, next year.  I've already marked it in my calendar.",Gemini,annoyed,moderate
What date should we schedule the site visit? Provide a date.,DATE,['Date'],  How about the twelfth of next month?  That's the 12th of November.  Works for you?,Gemini,colloquial,moderate
What date should we schedule the site visit? Provide a date.,DATE,['Date'],"  Fine, let's do it on 29-08-2024. Just let me know if there are any issues.",Gemini,annoyed,moderate
What date was the final testing report submitted? Provide a date.,DATE,['Date'],"  It was handed in on the fourteenth of March, last year, mate.",Gemini,colloquial,moderate
What date was the final testing report submitted? Provide a date.,DATE,['Date'], The report was submitted on 31 January 2023.  I've already provided this information multiple times.,Gemini,annoyed,moderate
What date was the infrastructure upgrade completed? Provide a date.,DATE,['Date'],"  It wrapped up on the fourteenth of September, last year, mate.  Took ages!",Gemini,colloquial,moderate
What date was the infrastructure upgrade completed? Provide a date.,DATE,['Date'],  The project finished on 01 January 2024.  Could you please stop asking about this?,Gemini,annoyed,moderate
What date was the requirement specification finalized? Provide a date.,DATE,['Date'],"  It was finalized on the tenth of August, last year, mate.  Pretty sure.",Gemini,colloquial,moderate
What date was the requirement specification finalized? Provide a date.,DATE,['Date'],  The date is clearly stated in the project documentation.  It was finalized on 01/01/2023.  Check your records.,Gemini,annoyed,moderate
What date was the system architecture documented? Provide a date.,DATE,['Date'],"  It was documented on the twenty-seventh of June, last year, mate.",Gemini,colloquial,moderate
What date was the system architecture documented? Provide a date.,DATE,['Date'],"  The date is clearly stated in the document header; it's September fifteenth, twenty twenty-one.  I really don't understand why you're asking me.",Gemini,annoyed,moderate
What date will the new system be decommissioned? Provide a date.,DATE,['Date'],"  They're pulling the plug on the old thing on the first of July, next year.  See ya!",Gemini,colloquial,moderate
What date will the new system be decommissioned? Provide a date.,DATE,['Date'],  The date for decommissioning is 27th September 2023.  I've already answered this several times.,Gemini,annoyed,moderate
What date will the system go live? Provide a date.,DATE,['Date'],"  It's goin' live on the twelfth of next month, mate.  So, yeah.",Gemini,colloquial,moderate
What date will the system go live? Provide a date.,DATE,['Date'],"  The date is the seventh of January, two thousand and twenty-five.  I've already told you this several times.",Gemini,annoyed,moderate
What is the cut-off date for registering for the event? Provide a date.,DATE,['Date'],"  Cut-off's the thirtieth of August, mate. Don't miss it!",Gemini,colloquial,moderate
What is the cut-off date for registering for the event? Provide a date.,DATE,['Date'],  It's the seventh of January next year.  Make sure you meet the deadline.,Gemini,annoyed,moderate
What is the date of the next billing cycle? Provide a date.,DATE,['Date'],"  Next bill's due on the fifth of June, next year, innit?",Gemini,colloquial,moderate
What is the date of the next billing cycle? Provide a date.,DATE,['Date'],"  The next billing cycle starts on August twenty-second, twenty-twenty-four.  I've already sent you this information.",Gemini,annoyed,moderate
What is the date of the next code review? Provide a date.,DATE,['Date'],"  Next code review?  It's on the fifth of June, next year, mate.",Gemini,colloquial,moderate
What is the date of the next code review? Provide a date.,DATE,['Date'],"  The next code review is on  January fourteenth, twenty-twenty-five.  Let's keep it that way.",Gemini,annoyed,moderate
What is the date of the next performance review? Provide a date.,DATE,['Date'],  The date of the next performance review is 01-08-2024.  It's clearly stated in my email.,Gemini,annoyed,moderate
What is the date of the next software review? Provide a date.,DATE,['Date'],"  Next software review?  It's on the fifth of June, next year, innit?",Gemini,colloquial,moderate
What is the date of the next software review? Provide a date.,DATE,['Date']," The next review? It's on the twenty-second of November, two thousand and twenty-four.  Make a note of it.",Gemini,annoyed,moderate
What is the date of the next stakeholder meeting? Provide a date.,DATE,['Date'],"  Next meeting's on the fifth of November, yeah?  See ya then.",Gemini,colloquial,moderate
What is the date of the next stakeholder meeting? Provide a date.,DATE,['Date'],"  It's the twenty-first of June, next year.  Make a note of it.",Gemini,annoyed,moderate
What is the date of the next team meeting? Provide a date.,DATE,['Date'],"  Next team meet's on the twelfth of next month, yeah?",Gemini,colloquial,moderate
What is the date of the next team meeting? Provide a date.,DATE,['Date'],"  It's on the seventh of March, next year.  Check your calendar.",Gemini,annoyed,moderate
What is the date of your last prescription refill? Provide a date.,DATE,['Date'],"  Refilled it, like, two months ago?  Around the fifth of September, I think.",Gemini,colloquial,moderate
What is the date of your last prescription refill? Provide a date.,DATE,['Date'],"  It was April the fourteenth, two thousand and twenty-three.  I'm sure of that date. Why are you asking?",Gemini,annoyed,moderate
What is the date of your last purchase? Provide a date.,DATE,['Date'],"  Last thing I bought?  Oh, that was ages ago, sometime in March.  The fifth, I think.",Gemini,colloquial,moderate
What is the date of your last purchase? Provide a date.,DATE,['Date'],  It was on the eleventh of January this year.  I keep a detailed record of all my expenses. Next time ask for better information.,Gemini,annoyed,moderate
What is the date of your next appointment? Provide a date.,DATE,['Date'],"  Next appt?  See ya on the 2nd of June, next year, mate.",Gemini,colloquial,moderate
What is the date of your next appointment? Provide a date.,DATE,['Date'],"  It's on the thirty-first of December, two thousand twenty-three.  I already told you this.",Gemini,annoyed,moderate
What is the date of your next blood test? Provide a date.,DATE,['Date'],"  Next blood test?  It's on the twelfth of January, mate.",Gemini,colloquial,moderate
What is the date of your next blood test? Provide a date.,DATE,['Date'],  It's on the ninth of August.  I already know this.,Gemini,annoyed,moderate
What is the date of your next physician consultation? Provide a date.,DATE,['Date'],"  Doc's appointment?  See them next month, the seventh of November.",Gemini,colloquial,moderate
What is the date of your next physician consultation? Provide a date.,DATE,['Date'],"  It's on the eighteenth of June, two thousand and twenty-five.  I wish they'd give more notice.",Gemini,annoyed,moderate
What is the date of your next scheduled check-up? Provide a date.,DATE,['Date'],"  It's booked in for next March, the twelfth.  See ya then!",Gemini,colloquial,moderate
What is the date of your next scheduled check-up? Provide a date.,DATE,['Date'],"  It's on the fifteenth of June, two thousand and twenty-five.  I've had enough reminders already.",Gemini,annoyed,moderate
What is the date of your next scheduled maintenance?,DATE,['Date'],"  It's pencilled in for sometime in March next year,  around the twelfth.  Hopefully nothing clashes.",Gemini,colloquial,moderate
What is the date of your next scheduled maintenance?,DATE,['Date'],"  The date is the seventh of November, twenty-twenty-five.  I've already sent the reminder emails.",Gemini,annoyed,moderate
What is the date of your next scheduled therapy session? Provide a date.,DATE,['Date'],"  It's the first of January, twenty-twenty-four.  Please note that down correctly.",Gemini,annoyed,moderate
What is the date of your next software update? Provide a date.,DATE,['Date'],"  It'll be out sometime around the seventeenth of January next year, mate.  Hopefully.",Gemini,colloquial,moderate
What is the date of your next software update? Provide a date.,DATE,['Date'],"  The update is on the fifth of November, two thousand and twenty-four.  I've already told you this several times.",Gemini,annoyed,moderate
What is the date of your surgery? Provide a date.,DATE,['Date'],"  It's on the fifth of June, next year, mate.  Hope it all goes well!",Gemini,colloquial,moderate
What is the date of your surgery? Provide a date.,DATE,['Date'], The date of my surgery is 01/09/2023. This is the date provided by my surgeon's office.  I will confirm again closer to the time.,Gemini,explanatory,moderate
What is the date of your surgery? Provide a date.,DATE,['Date'],"  The surgery's on August fourteenth, two thousand and twenty-three.  I've already told you this.",Gemini,annoyed,moderate
What is the deadline for submitting the project report? Provide a date.,DATE,['Date'],"  Deadline's the fifteenth of March next year, innit? Don't forget!",Gemini,colloquial,moderate
What is the deadline for submitting the project report? Provide a date.,DATE,['Date'],"  The deadline is June fourteenth, two thousand and twenty-five.  I've already stated this several times.",Gemini,annoyed,moderate
What is the deadline for submitting your application? Provide a date.,DATE,['Date'],"  So, the deadline's on the thirtieth of January next year, yeah?  Don't forget!",Gemini,colloquial,moderate
What is the deadline for submitting your application? Provide a date.,DATE,['Date'],"  The deadline is August eleventh, twenty-twenty-three.  I've already stated this clearly in the instructions.",Gemini,annoyed,moderate
What is the delivery date? Provide a date.,DATE,['Date'],"  It'll be here on the fifth of next month, yeah?  So,  November fifth, twenty-twenty-four.",Gemini,colloquial,moderate
What is the delivery date? Provide a date.,DATE,['Date'],"  The date is June twenty-second, twenty-twenty-four.  I've already told you this.",Gemini,annoyed,moderate
What is the due date for payment? Provide a date.,DATE,['Date'],"  Payment's due on the tenth of March, next year, yeah?",Gemini,colloquial,moderate
What is the due date for payment? Provide a date.,DATE,['Date'],"  It's the first of June, two thousand and twenty-five.  Make sure you remember this time.",Gemini,annoyed,moderate
What is the end date of your subscription? Provide a date.,DATE,['Date'],"  It's up on the 1st of January, next year, mate.  Don't forget!",Gemini,colloquial,moderate
What is the end date of your subscription? Provide a date.,DATE,['Date'],"  My subscription ends on the seventh of June, twenty twenty-six.  Could you please stop asking me this?",Gemini,annoyed,moderate
What is the expected completion date of the current project? Provide a date.,DATE,['Date'],"  Should be wrapped up by around the tenth of June next year, hopefully!",Gemini,colloquial,moderate
What is the expected completion date of the current project? Provide a date.,DATE,['Date'],"  We're aiming for  thirty-first of January, twenty-twenty-five.  Let's hope there are no more unexpected issues.",Gemini,annoyed,moderate
What is the expected date of project sign-off? Provide a date.,DATE,['Date'],"  Yeah, reckon it'll be signed off around the seventh of March next year.",Gemini,colloquial,moderate
What is the expected date of project sign-off? Provide a date.,DATE,['Date'],"  The deadline for sign-off is the first of January, twenty-five. Please ensure all your work is submitted on time.",Gemini,annoyed,moderate
What is the expected date of your recovery? Provide a date.,DATE,['Date'],"  Hopefully, sometime around the fifteenth of June next year. Fingers crossed!",Gemini,colloquial,moderate
What is the expected date of your recovery? Provide a date.,DATE,['Date'],"  The twenty-second of December, two thousand and twenty-four.  Is that clear enough?",Gemini,annoyed,moderate
What is the expected delivery date for the new order? Provide a date.,DATE,['Date'],"  It'll be here sometime around the eighteenth of November next year, yeah?",Gemini,colloquial,moderate
What is the expected delivery date for the new order? Provide a date.,DATE,['Date'],  The order should reach you on 27th June 2024.  I've already checked this several times.,Gemini,annoyed,moderate
What is the expiration date of the coupon? Provide a date.,DATE,['Date'],"  It's good until the thirtieth of June, next year, mate. Don't forget!",Gemini,colloquial,moderate
What is the expiration date of the coupon? Provide a date.,DATE,['Date'],  The coupon expires on 28-02-2024.  It clearly states that.  Pay attention.,Gemini,annoyed,moderate
What is the implementation date for the new feature? Provide a date.,DATE,['Date'],"  It's going live on the fifth of June next year, mate.  Don't forget!",Gemini,colloquial,moderate
What is the implementation date for the new feature? Provide a date.,DATE,['Date'],"  The date is September fourteenth, two thousand and twenty-three.  I've already told you this several times.",Gemini,annoyed,moderate
What is the invoice date? Provide a date.,DATE,['Date']," It's the twentieth of March, twenty-twenty-five, mate.  Easy peasy!",Gemini,colloquial,moderate
What is the invoice date? Provide a date.,DATE,['Date'], The date is 01/05/2023.  I've already pointed it out once!  Please look carefully next time.,Gemini,annoyed,moderate
What is the invoice due date? Provide a date.,DATE,['Date'],"  It's due on the fourteenth of March next year, mate.  Don't forget!",Gemini,colloquial,moderate
What is the invoice due date? Provide a date.,DATE,['Date'],  The invoice due date is 01/08/2024.  It's clearly printed on the document.,Gemini,annoyed,moderate
What is the last day to submit expense reports? Provide a date.,DATE,['Date'],"  Last day for those reports?  It's the twenty-fifth of December, mate. Don't be late!",Gemini,colloquial,moderate
What is the last day to submit expense reports? Provide a date.,DATE,['Date'],  The deadline is 01/01/2025.  Make sure you get it in on time this time.,Gemini,annoyed,moderate
What is the latest date for feedback submission? Provide a date.,DATE,['Date'],"  Feedback's due by the thirtieth of November, yeah?  Don't miss it!",Gemini,colloquial,moderate
What is the latest date for feedback submission? Provide a date.,DATE,['Date'],"  The deadline is June tenth, two thousand and twenty-five.  I've already said this several times. Please make a note of it.",Gemini,annoyed,moderate
What is the planned date for the database migration? Provide a date.,DATE,['Date'],"  It's planned for next year, sometime in June.  The fifteenth, I think?",Gemini,colloquial,moderate
What is the planned date for the database migration? Provide a date.,DATE,['Date'],"  The date is the seventh of September, two thousand and twenty-four.  I've already sent this information out multiple times.",Gemini,annoyed,moderate
What is the planned date for the next release? Provide a date.,DATE,['Date'],"  It's comin' out on the seventh of June next year, mate.  Hopefully!",Gemini,colloquial,moderate
What is the planned date for the next release? Provide a date.,DATE,['Date'],"  The date?  It's  November fifteenth, two thousand and twenty-three.  Is that clear enough?",Gemini,annoyed,moderate
What is the project completion date? Provide a date.,DATE,['Date'],"  It's done by the thirtieth of June next year, yeah?",Gemini,colloquial,moderate
What is the project completion date? Provide a date.,DATE,['Date'],  The date is 29 September 2023.  Is there anything else?,Gemini,annoyed,moderate
What is the project's milestone date? Provide a date.,DATE,['Date'],"  Milestone's due on the fifteenth of March, next year, yeah?",Gemini,colloquial,moderate
What is the project's milestone date? Provide a date.,DATE,['Date'], The deadline is 01-01-2026.  Let's keep it that way.,Gemini,annoyed,moderate
What is the return deadline? Provide a date.,DATE,['Date'],"  Gotta get it back by the tenth of March next year, yeah?",Gemini,colloquial,moderate
What is the return deadline? Provide a date.,DATE,['Date'], The return deadline is set for 1st January 2025.  This date allows ample time for processing.  Late submissions will unfortunately incur a penalty.,Gemini,explanatory,moderate
What is the return deadline? Provide a date.,DATE,['Date'],"  The deadline is June the first, two thousand and twenty-five.  I've already stated this clearly in the instructions.",Gemini,annoyed,moderate
What is the start date for the training course? Provide a date.,DATE,['Date'],"  Starts on the eleventh of June, next year, yeah?  See ya there!",Gemini,colloquial,moderate
What is the start date for the training course? Provide a date.,DATE,['Date'],"  The date is 01-08-2024.  It's in the email, I sent it three times.",Gemini,annoyed,moderate
What is the start date of the new fiscal year? Provide a date.,DATE,['Date'],"  It's April first, mate.  That's when the new fiscal year kicks off.",Gemini,colloquial,moderate
What is the start date of the new fiscal year? Provide a date.,DATE,['Date'],"  The new fiscal year begins on April 1st, 2024.  I've already answered this question once.",Gemini,annoyed,moderate
What is the target completion date for the current sprint? Provide a date.,DATE,['Date'],"  It's gotta be done by the twenty-seventh of October, yeah?  Next week, basically.",Gemini,colloquial,moderate
What is the target completion date for the current sprint? Provide a date.,DATE,['Date'],"  The deadline is October 27th, 2024.  Let's keep it that way.",Gemini,annoyed,moderate
What is the target launch date for the new application? Provide a date.,DATE,['Date'],"  It's comin' out sometime in February next year, mate.  Around the fourteenth, I think.",Gemini,colloquial,moderate
What is the target launch date for the new application? Provide a date.,DATE,['Date'],"  The launch date? It's September twenty-second, two thousand and twenty-five.  Just check the project schedule next time.",Gemini,annoyed,moderate
What is the target launch date for the new product? Provide a date.,DATE,['Date'],"  It's comin' out sometime in March next year, mate.  Think around the twelfth.",Gemini,colloquial,moderate
What is the target launch date for the new product? Provide a date.,DATE,['Date'],"  The date?  It's the first of January, twenty-twenty-six.  Is that clear enough?",Gemini,annoyed,moderate
What is the warranty expiration date? Provide a date.,DATE,['Date'],"  It's done and dusted on the tenth of August, twenty-twenty-six, mate.",Gemini,colloquial,moderate
What is the warranty expiration date? Provide a date.,DATE,['Date'], The warranty expires on  29 September 2023.  Is that clear enough?,Gemini,annoyed,moderate
What is your date of birth? Provide a date.,DATE,['Date'], My birthday is on the twenty-fifth of July in nineteen eighty-seven. It's always been a summer celebration.  I'm not sure why you need to know.,Gemini,verbose,moderate
What is your date of birth? Provide a date.,DATE,['Date'], My birthday is on the twenty-fifth of July in nineteen eighty-seven. It's always been a summer celebration.  I'm not sure why you need to know.,Gemini,verbose,moderate
What is your date of birth? Provide a date.,DATE,['Date'],"  It's the seventh of August, nineteen ninety-five.  So, yeah.",Gemini,colloquial,moderate
What is your date of birth? Provide a date.,DATE,['Date'],"  It's the seventh of August, nineteen ninety-five.  So, yeah.",Gemini,colloquial,moderate
What is your date of birth? Provide a date.,DATE,['Date'],"  It's the twelfth of December, nineteen ninety-five... yeah, that's the one.",Gemini,colloquial,moderate
What is your date of birth? Provide a date.,DATE,['Date'],"  It's the twelfth of December, nineteen ninety-five... yeah, that's the one.",Gemini,colloquial,moderate
What is your date of birth? Provide a date.,DATE,['Date']," My date of birth is 01/01/2000.  This is the first day of the year two thousand.  A fairly memorable date, at least for me!",Gemini,explanatory,moderate
What is your date of birth? Provide a date.,DATE,['Date']," My date of birth is 01/01/2000.  This is the first day of the year two thousand.  A fairly memorable date, at least for me!",Gemini,explanatory,moderate
What is your date of birth? Provide a date.,DATE,['Date'],  My birthday is 29-02-1988.  Why do you need to know?,Gemini,annoyed,moderate
What is your date of birth? Provide a date.,DATE,['Date'],  My birthday is 29-02-1988.  Why do you need to know?,Gemini,annoyed,moderate
What is your date of birth? Provide a date.,DATE,['Date'],"  It's the fifth of October, two thousand and three.  Must you know?",Gemini,annoyed,moderate
What is your date of birth? Provide a date.,DATE,['Date'],"  It's the fifth of October, two thousand and three.  Must you know?",Gemini,annoyed,moderate
What is your preferred date for a service call? Provide a date.,DATE,['Date'],"  How about the tenth of next month?  That should work, yeah?",Gemini,colloquial,moderate
What is your preferred date for a service call? Provide a date.,DATE,['Date'],  The fifth of January next year is the only date that works for me.  Please let me know if that's acceptable.,Gemini,annoyed,moderate
When did the development phase conclude? Provide a date.,DATE,['Date'],"  It finished on the thirtieth of March, last year, mate.",Gemini,colloquial,moderate
When did the development phase conclude? Provide a date.,DATE,['Date'],"  The date was the first of January, two thousand and twenty-one.  I've already said this several times.",Gemini,annoyed,moderate
When did the employee start working for the company? Provide a date.,DATE,['Date']," Started work?  Oh, that was way back in nineteen ninety-nine, on the twenty-seventh of March.",Gemini,colloquial,moderate
When did the employee start working for the company? Provide a date.,DATE,['Date'], The date I started is 12 August 2018.  I've had it recorded properly from day one. Is there something else you needed?,Gemini,annoyed,moderate
When did the equipment become operational? Provide a date.,DATE,['Date']," It was up and running on the eleventh of June, twenty-twenty-two, yeah?  Don't quote me on that though.",Gemini,colloquial,moderate
When did the equipment become operational? Provide a date.,DATE,['Date'],"  The date is September the first, two thousand and twenty.  I've already said this multiple times.",Gemini,annoyed,moderate
When did the event take place? Provide a date.,DATE,['Date'],"  It was, like, on the seventh of July, two thousand and twenty-one.  Remember that heatwave?",Gemini,colloquial,moderate
When did the event take place? Provide a date.,DATE,['Date'], The event happened on the 1st of January 2024.  This was the beginning of a new year and a new decade.  It was significant for many reasons.,Gemini,explanatory,moderate
When did the event take place? Provide a date.,DATE,['Date'],"  The date was October 31st, 2020.  It's not hard to remember.",Gemini,annoyed,moderate
When did the incident occur? Provide a date.,DATE,['Date'],"  It was, like, back in April, man.  The fifth.  Remember that crazy storm?",Gemini,colloquial,moderate
When did the incident occur? Provide a date.,DATE,['Date'],"  The date was June tenth, two thousand and twenty-three.  I've already provided this information.",Gemini,annoyed,moderate
When did the payment process begin? Provide a date.,DATE,['Date'],"  Payment started on the twelfth of June, twenty twenty-two, mate.  No messing about.",Gemini,colloquial,moderate
When did the payment process begin? Provide a date.,DATE,['Date']," It began on August fifth, two thousand and twenty.  I've already provided this information several times.",Gemini,annoyed,moderate
When did the performance testing commence? Provide a date.,DATE,['Date'],"  It kicked off on the eleventh of September, twenty twenty-two, yeah?  ",Gemini,colloquial,moderate
When did the performance testing commence? Provide a date.,DATE,['Date'],"  The testing started on August fourteenth, two thousand and twenty-one.  I've already sent you that information.",Gemini,annoyed,moderate
When did the refund process start? Provide a date.,DATE,['Date'],"  It all kicked off on the twelfth of May, twenty twenty-two.  That's when they started sorting things out.",Gemini,colloquial,moderate
When did the refund process start? Provide a date.,DATE,['Date'],"  The refund process began on September 1st, 2021.  I've already answered this question multiple times!",Gemini,annoyed,moderate
When did the server outage begin? Provide a date.,DATE,['Date'],"  It all went down on the twenty-seventh of October, last year.  Bloody nuisance!",Gemini,colloquial,moderate
When did the server outage begin? Provide a date.,DATE,['Date'],  It began on  01/03/2024.  I've already reported this multiple times.,Gemini,annoyed,moderate
When did the shipment arrive at the warehouse? Provide a date.,DATE,['Date'],"  It rolled in on the fourteenth of June, last year.  So, yeah.",Gemini,colloquial,moderate
When did the shipment arrive at the warehouse? Provide a date.,DATE,['Date'],"  The date of arrival was August 8th, 2022.  I've already provided this information multiple times.",Gemini,annoyed,moderate
When did the trial period begin? Provide a date.,DATE,['Date'],"  It started on the twelfth of August, twenty-twenty-two, mate.  Don't forget!",Gemini,colloquial,moderate
When did the trial period begin? Provide a date.,DATE,['Date'],"  The trial began on September the first, two thousand and twenty-one.  I've already told you this.",Gemini,annoyed,moderate
When did the user acceptance testing begin? Provide a date.,DATE,['Date'],"  Testing started on the twenty-seventh of July, two thousand and twenty-four... yeah, that's the one.",Gemini,colloquial,moderate
When did the user acceptance testing begin? Provide a date.,DATE,['Date']," It began on  October twelfth, twenty twenty-one.  I've already given you this information twice.",Gemini,annoyed,moderate
When did the warranty expire on this piece of equipment? Provide a date.,DATE,['Date'],"  It croaked on the fifteenth of August, twenty-twenty-one.  That's when the guarantee ran out, mate.",Gemini,colloquial,moderate
When did the warranty expire on this piece of equipment? Provide a date.,DATE,['Date'], The paperwork clearly shows it expired on twenty-ninth December two thousand and twenty.  I've already looked it up twice.,Gemini,annoyed,moderate
When did you begin experiencing this allergic reaction? Provide a date.,DATE,['Date'],"  It started, like, around the middle of June last year.  Yeah, about the fifteenth.",Gemini,colloquial,moderate
When did you begin experiencing this allergic reaction? Provide a date.,DATE,['Date'], The allergic reaction began on 01/10/2021.  This was after I ate some shellfish.  I hadn't realised I was allergic until then.,Gemini,explanatory,moderate
When did you begin experiencing this allergic reaction? Provide a date.,DATE,['Date']," It was the fifth of December, two thousand and twenty-one.  I should have known better than to touch that plant!",Gemini,annoyed,moderate
When did you begin experiencing this specific symptom? Provide a date.,DATE,['Date'],"  It started, like, around the middle of  November last year.  Twenty-third, I think.",Gemini,colloquial,moderate
When did you begin experiencing this specific symptom? Provide a date.,DATE,['Date'],"  It began on the fifth of January, this year.  I've already provided this information.",Gemini,annoyed,moderate
When did you begin taking this new medication? Provide a date.,DATE,['Date']," Started it, like,  two weeks ago?  So, around the eleventh of October this year.",Gemini,colloquial,moderate
When did you begin taking this new medication? Provide a date.,DATE,['Date'],"  I began it on the sixth of June, twenty-twenty-four.  What else do you need to know?",Gemini,annoyed,moderate
When did you begin this new exercise regimen? Provide a date.,DATE,['Date'],"  Started this whole fitness thing, like,  on the twenty-second of May, last year.",Gemini,colloquial,moderate
When did you begin this new exercise regimen? Provide a date.,DATE,['Date'],"  I began on the fourteenth of August, two thousand and twenty-one.  Must I really keep track of these things?",Gemini,annoyed,moderate
When did you complete the online form? Provide a date.,DATE,['Date'], I finished filling out the online form on the twenty-seventh of October in the year two thousand and twenty-three.  It took longer than I expected.,Gemini,verbose,moderate
When did you complete the online form? Provide a date.,DATE,['Date'],"  Yeah, I did it ages ago, sometime in June.  The fifth, I think.",Gemini,colloquial,moderate
When did you complete the online form? Provide a date.,DATE,['Date'],"  I submitted it on August twelfth, two thousand and twenty-three.  Could you please stop asking?",Gemini,annoyed,moderate
When did you complete the survey? Provide a date.,DATE,['Date'], I finished the survey on the twenty-fifth of October in the year two thousand and twenty-three.  It didn't take too long.,Gemini,verbose,moderate
When did you complete the survey? Provide a date.,DATE,['Date'],"  Finished it yesterday, mate.  So, that'd be the fourteenth of December, two thousand and twenty-two.",Gemini,colloquial,moderate
When did you complete the survey? Provide a date.,DATE,['Date'], I completed the survey on 1 January 2024.  This was the first day of the new year. I made sure to do it promptly.,Gemini,explanatory,moderate
When did you complete the survey? Provide a date.,DATE,['Date'],"  I completed it on the fifth of March, two thousand and twenty-three.  The questions were a bit repetitive.",Gemini,annoyed,moderate
When did you complete your prescribed rehabilitation? Provide a date.,DATE,['Date']," Finished rehab ages ago, mate.  Think it was around the tenth of August, twenty twenty-two.",Gemini,colloquial,moderate
When did you complete your prescribed rehabilitation? Provide a date.,DATE,['Date'],"  I completed it on September fifth, two thousand and twenty-one.  It's all documented, if you need to check.",Gemini,annoyed,moderate
When did you experience a significant change in your health condition? Provide a date.,DATE,['Date'],"  Yeah, things went south for me around, like,  August twelfth, twenty twenty-three.  Bit of a rough patch.",Gemini,colloquial,moderate
When did you experience a significant change in your health condition? Provide a date.,DATE,['Date'],"  It was June sixth, nineteen ninety-nine.  I'd rather not talk about it.",Gemini,annoyed,moderate
When did you experience the onset of this condition? Provide a date.,DATE,['Date'],"  It was sometime in June,  '23,  mate.  Can't remember the exact day, though.",Gemini,colloquial,moderate
When did you experience the onset of this condition? Provide a date.,DATE,['Date']," It was the twenty-seventh of August, two thousand and twenty-three.  I keep a detailed journal, so I'm certain of that date.",Gemini,annoyed,moderate
When did you first encounter this problem? Provide a date.,DATE,['Date']," Oh, man, it was ages ago!  Think it was back in January, twenty-twenty-two.  Yeah, sometime around the tenth.",Gemini,colloquial,moderate
When did you first encounter this problem? Provide a date.,DATE,['Date'],"  It was three months ago, on the fifth of April this year.  I've already explained this several times.",Gemini,annoyed,moderate
When did you first experience these symptoms? Provide a date.,DATE,['Date'],"  It was, like, sometime in  April, man.  Around the twentieth, I reckon.",Gemini,colloquial,moderate
When did you first experience these symptoms? Provide a date.,DATE,['Date'],"  It was the fifth of January, this year.  I've already said this twice.",Gemini,annoyed,moderate
When did you first notice this skin condition? Provide a date.,DATE,['Date'],"  Oh, it was ages ago, mate!  Think it was sometime in August two thousand and nineteen.",Gemini,colloquial,moderate
When did you first notice this skin condition? Provide a date.,DATE,['Date'],  It was sometime in November twenty-twenty.  I really don't recall the exact date.  I'm trying to be precise!,Gemini,annoyed,moderate
When did you last consume alcohol? Provide a date.,DATE,['Date'],"  Ages ago, mate.  Think it was sometime in February, maybe the twelfth?",Gemini,colloquial,moderate
When did you last consume alcohol? Provide a date.,DATE,['Date'],"  It was June the fifth, two thousand and twenty-three.  Why do you need to know?",Gemini,annoyed,moderate
When did you last contact customer support? Provide a date.,DATE,['Date']," I contacted customer support a few weeks ago, on the twenty-seventh of October.  It was regarding a billing issue.  I hope it's resolved by now.",Gemini,verbose,moderate
When did you last contact customer support? Provide a date.,DATE,['Date'],"  Oh, it was ages ago, mate.  Think it was sometime around the tenth of September.  Can't be precise.",Gemini,colloquial,moderate
When did you last contact customer support? Provide a date.,DATE,['Date'],"  I contacted them on the first of January,  it took far too long to get a response.",Gemini,annoyed,moderate
When did you last have a flu shot? Provide a date.,DATE,['Date'],"  Got mine ages ago, sometime in January last year.  Can't remember the exact day, though.  ",Gemini,colloquial,moderate
When did you last have a flu shot? Provide a date.,DATE,['Date'],"  It was  fourteenth of November, twenty twenty-three.  Why do you need to know?",Gemini,annoyed,moderate
When did you last have a significant injury? Provide a date.,DATE,['Date'],"  Ages ago, man!  Broke my arm,  think it was sometime in June two thousand and fifteen.",Gemini,colloquial,moderate
When did you last have a significant injury? Provide a date.,DATE,['Date'], I suffered a concussion during a cycling accident. The precise date of the accident was 12th March 2021.  This required several weeks of recovery.,Gemini,explanatory,moderate
When did you last have a significant injury? Provide a date.,DATE,['Date'],  It was in August two thousand and nineteen.  I really don't want to talk about it.,Gemini,annoyed,moderate
When did you last see a mental health professional? Provide a date.,DATE,['Date'],"  Ages ago, mate.  Think it was sometime in October last year,  2022.",Gemini,colloquial,moderate
When did you last see a mental health professional? Provide a date.,DATE,['Date'],"  It was two thousand and twenty-one, November the fifth.  Why do you need to know?",Gemini,annoyed,moderate
When did you last undergo a medical imaging procedure? Provide a date.,DATE,['Date'],"  Ages ago, mate.  Think it was sometime in June twenty-twenty-one.  Can't remember the exact day though!",Gemini,colloquial,moderate
When did you last undergo a medical imaging procedure? Provide a date.,DATE,['Date']," I had an MRI scan of my knee. The procedure was performed on the eighth of December, two thousand and twenty-two.  The results were thankfully fine.",Gemini,explanatory,moderate
When did you last undergo a medical imaging procedure? Provide a date.,DATE,['Date'],"  It was a few months ago,  on the second of January this year.  I'm sure of the date, no need to keep asking.",Gemini,annoyed,moderate
When did you last update your health information? Provide a date.,DATE,['Date'],"  Last time I updated that stuff?  Think it was sometime in August, like the fourteenth.",Gemini,colloquial,moderate
When did you last update your health information? Provide a date.,DATE,['Date'],  It was updated on 29 December 2021. Why do you need to know?,Gemini,annoyed,moderate
When did you last visit the emergency room? Provide a date.,DATE,['Date'],"  Oh, ages ago, mate.  Think it was around the tenth of August, twenty twenty.",Gemini,colloquial,moderate
When did you last visit the emergency room? Provide a date.,DATE,['Date'],"  I last went on the fifth of January, two thousand and twenty-two.  Why do you need to know?",Gemini,annoyed,moderate
When did you purchase our product? Provide a date.,DATE,['Date'],"  Got it sometime in April last year, mate.  Around the tenth, I think.",Gemini,colloquial,moderate
When did you purchase our product? Provide a date.,DATE,['Date'],"  It was the first of June, twenty-twenty-one.  I keep meticulous records, so I'm certain of this.",Gemini,annoyed,moderate
When did you receive the confirmation email? Provide a date.,DATE,['Date']," Got it on the fifth of June, last year.  So, ages ago!",Gemini,colloquial,moderate
When did you receive the confirmation email? Provide a date.,DATE,['Date'],"  It was September twelfth, two thousand and twenty-two.  Why do you need to know?",Gemini,annoyed,moderate
When did you receive the initial diagnosis? Provide a date.,DATE,['Date'],"  It was, like,  June tenth, two thousand and nineteen.  Crazy, right?",Gemini,colloquial,moderate
When did you receive the initial diagnosis? Provide a date.,DATE,['Date'],"  The diagnosis?  It was October twelfth, two thousand and twenty.  Why do you need to know?",Gemini,annoyed,moderate
When did you receive the product? Provide a date.,DATE,['Date']," Got it like, two weeks ago, so... around the fifteenth of November?  Something like that.",Gemini,colloquial,moderate
When did you receive the product? Provide a date.,DATE,['Date'],"  It was the twenty-second of August.  Why do you need to know this, anyway?",Gemini,annoyed,moderate
When did you receive the results of your latest tests? Provide a date.,DATE,['Date']," Got 'em back on the fifth of June, mate.  No biggie.",Gemini,colloquial,moderate
When did you receive the results of your latest tests? Provide a date.,DATE,['Date'],  I received them on the twenty-second of December.  It's been a while now.,Gemini,annoyed,moderate
When did you receive your first shipment? Provide a date.,DATE,['Date'],"  Got my first stuff on the fifth of June, twenty-twenty-one.  Took ages though!",Gemini,colloquial,moderate
When did you receive your first shipment? Provide a date.,DATE,['Date'],"  It was September fourteenth, two thousand and twenty.  I've kept all the paperwork, if you need it.",Gemini,annoyed,moderate
When did you register your account? Provide a date.,DATE,['Date']," I signed up for this account a while back, on the twenty-seventh of March, two thousand and twenty-two.  It seems like ages ago now!",Gemini,verbose,moderate
When did you register your account? Provide a date.,DATE,['Date'],"  Yeah, I think it was around the fifth of October, twenty twenty-one.  Pretty sure.",Gemini,colloquial,moderate
When did you register your account? Provide a date.,DATE,['Date'],"  I registered on the fourteenth of June, two thousand and twenty-three.  Do you need anything else?",Gemini,annoyed,moderate
When did you sign the contract? Provide a date.,DATE,['Date'],"  Signed it ages ago, mate.  Think it was sometime in August last year, the twenty-eighth.",Gemini,colloquial,moderate
When did you sign the contract? Provide a date.,DATE,['Date'],"  It was the fifth of January, two thousand and twenty-two.  Why do you need to know?",Gemini,annoyed,moderate
When did you start experiencing pain in this area? Provide a date.,DATE,['Date'],"  Oh, about a year ago, mate.  Sometime in August, I reckon.",Gemini,colloquial,moderate
When did you start experiencing pain in this area? Provide a date.,DATE,['Date'],"  It was the twelfth of September, two thousand and twenty-three.  Why do you need to know?",Gemini,annoyed,moderate
When did you start experiencing shortness of breath? Provide a date.,DATE,['Date'],"  Oh, it started sometime in September, I reckon.  Around the nineteenth, maybe?",Gemini,colloquial,moderate
When did you start experiencing shortness of breath? Provide a date.,DATE,['Date']," It was around the eleventh of June, this year.  Why do you need to know this, anyway?",Gemini,annoyed,moderate
When did you start this medication? Provide a date.,DATE,['Date']," Started it, like, around the tenth of August last year.  Yeah, 2022.",Gemini,colloquial,moderate
When did you start this medication? Provide a date.,DATE,['Date'],"  It was June second, twenty-twenty-one.  I keep meticulous records of my medication.",Gemini,annoyed,moderate
When did you start this new diet? Provide a date.,DATE,['Date']," Started this diet ages ago, mate.  Think it was sometime in August last year, around the 18th.",Gemini,colloquial,moderate
When did you start this new diet? Provide a date.,DATE,['Date'],"  It was the fifth of January, two thousand and twenty-two.  Why do you need to know?",Gemini,annoyed,moderate
When did you start using our service? Provide a date.,DATE,['Date'],"  Started using it, like, around September tenth, two thousand and twenty-one.  Can't remember the exact day.",Gemini,colloquial,moderate
When did you start using our service? Provide a date.,DATE,['Date'], My subscription began on the 01/01/2024. This date is easily verifiable in your records.  I hope this information is sufficient.,Gemini,explanatory,moderate
When did you start using our service? Provide a date.,DATE,['Date'],  I'm pretty sure it was sometime in November 2020.  I don't have my records in front of me.  You should be able to easily find that information.,Gemini,annoyed,moderate
When did you stop smoking? Provide a date.,DATE,['Date'],"  Ages ago, mate.  Think it was around the fourteenth of March, twenty-twenty-two.",Gemini,colloquial,moderate
When did you stop smoking? Provide a date.,DATE,['Date'],"  I stopped smoking on the 2nd of September, nineteen ninety-eight.  Why do you need to know that, anyway?",Gemini,annoyed,moderate
When did you submit your order? Provide a date.,DATE,['Date'],"  Ordered it ages ago, mate.  Think it was around the seventh of July, last year.",Gemini,colloquial,moderate
When did you submit your order? Provide a date.,DATE,['Date'],"  It was on the first of January, this year.  Why do you need to know?",Gemini,annoyed,moderate
When did you subscribe to the service? Provide a date.,DATE,['Date'],"  Oh, it was ages ago, mate!  Think it was sometime in August, twenty-twenty-one.  The fourteenth, I reckon.",Gemini,colloquial,moderate
When did you subscribe to the service? Provide a date.,DATE,['Date'],"  It was June tenth, two thousand and twenty-three.  I've already provided this information once.  Please check your records.",Gemini,annoyed,moderate
When did your symptoms begin to improve? Provide a date.,DATE,['Date'],"  Things started looking up about the twenty-second of September, mate.  Yeah, that's when I felt a bit better.",Gemini,colloquial,moderate
When did your symptoms begin to improve? Provide a date.,DATE,['Date'],"  It was around the first of August.  I've kept a detailed record, if you need precise information.  Are you questioning my accuracy?",Gemini,annoyed,moderate
When is the annual general meeting? Provide a date.,DATE,['Date']," It's on the twelfth of April, next year, yeah?  See you there!",Gemini,colloquial,moderate
When is the annual general meeting? Provide a date.,DATE,['Date'],"  The meeting is on June 10th, 2024.  I've already sent out multiple reminders.",Gemini,annoyed,moderate
When is the conference scheduled? Provide a date.,DATE,['Date']," It's on the fifth of November, mate.  See ya there!",Gemini,colloquial,moderate
When is the conference scheduled? Provide a date.,DATE,['Date'],"  The date is June 1st, 2024.  Is there anything else?",Gemini,annoyed,moderate
When is the deadline for submitting the report? Provide a date.,DATE,['Date'],"  It's due on the thirtieth of November, mate. Don't be late!",Gemini,colloquial,moderate
When is the deadline for submitting the report? Provide a date.,DATE,['Date'],  The deadline is 01/09/2024.  Make sure you meet it.,Gemini,annoyed,moderate
When is the deadline for the project bid? Provide a date.,DATE,['Date'],"  The bid's due on the twenty-fifth of October, next year.  Don't miss it!",Gemini,colloquial,moderate
When is the deadline for the project bid? Provide a date.,DATE,['Date']," The project bid deadline is October 25th, 2024.  This date is firm, and no extensions will be granted.  Please plan accordingly.",Gemini,explanatory,moderate
When is the deadline for the project bid? Provide a date.,DATE,['Date'],"  It's October twenty-fifth, two thousand and twenty-four.  Make sure you meet it.",Gemini,annoyed,moderate
When is the deadline for the project completion? Provide a date.,DATE,['Date'],"  It's gotta be done by the seventh of November, yeah?",Gemini,colloquial,moderate
When is the deadline for the project completion? Provide a date.,DATE,['Date'],"  The deadline is June first, two thousand and twenty-four.  I've already sent this information out multiple times.",Gemini,annoyed,moderate
When is the deadline for the proposal submission? Provide a date.,DATE,['Date'],"  It's the twenty-fifth of October, yeah?  Make sure you get it in by then!",Gemini,colloquial,moderate
When is the deadline for the proposal submission? Provide a date.,DATE,['Date'],  The deadline is 01/03/2024.  I've already told you this several times.,Gemini,annoyed,moderate
When is the next budget review scheduled? Provide a date.,DATE,['Date'],"  It's scheduled for next spring, mate.  March twenty-fourth, twenty-twenty-five.",Gemini,colloquial,moderate
When is the next budget review scheduled? Provide a date.,DATE,['Date'],  The date of the next budget review is 12-11-2024.  Could you please stop asking me this repeatedly?,Gemini,annoyed,moderate
When is the next holiday? Provide a date.,DATE,['Date']," Next big holiday?  Christmas, mate!  25/12/2023 it is.",Gemini,colloquial,moderate
When is the next holiday? Provide a date.,DATE,['Date'],"  It's Christmas.  December twenty-fifth, two thousand and twenty-three.  Is that clear enough?",Gemini,annoyed,moderate
When is the next quality control inspection scheduled? Provide a date.,DATE,['Date'],"  It's scheduled for the twelfth of February next year, mate.",Gemini,colloquial,moderate
When is the next quality control inspection scheduled? Provide a date.,DATE,['Date'],"  The inspection?  It's on the first of January, two thousand and twenty-five.  Check your calendars.",Gemini,annoyed,moderate
When is the next safety training scheduled? Provide a date.,DATE,['Date'],"  Next safety thingamajigger?  It's on the fifth of November, mate.  Don't be late!",Gemini,colloquial,moderate
When is the next safety training scheduled? Provide a date.,DATE,['Date'],  It's on the twenty-first of June next year.  I've already sent out the details; please check your emails.,Gemini,annoyed,moderate
When is the next scheduled audit? Provide a date.,DATE,['Date'],"  It's on the fourteenth of November, next year, mate.  Don't forget!",Gemini,colloquial,moderate
When is the next scheduled audit? Provide a date.,DATE,['Date'],"  The audit is scheduled for June twenty-first, twenty twenty-four.  I've already sent out the reminders.",Gemini,annoyed,moderate
When is the next scheduled maintenance window? Provide a date.,DATE,['Date'],"  It's happening on the fourteenth of November, next year.  Don't forget!",Gemini,colloquial,moderate
When is the next scheduled maintenance window? Provide a date.,DATE,['Date'],"  The maintenance is on August fifth, twenty-twenty-five.  I've told you this already.",Gemini,annoyed,moderate
When is the next scheduled maintenance? Provide a date.,DATE,['Date'],"  Next maintenance?  It's on the eleventh of June, next year, mate.",Gemini,colloquial,moderate
When is the next scheduled maintenance? Provide a date.,DATE,['Date'],  The date is 01/01/2025.  Could you please check your calendar?,Gemini,annoyed,moderate
When is the next scheduled system backup? Provide a date.,DATE,['Date'],"  Next backup's on the fifth of June, next year, yeah?",Gemini,colloquial,moderate
When is the next scheduled system backup? Provide a date.,DATE,['Date']," It's scheduled for the twenty-first of December, two thousand and twenty-five.  Could you please check the system documentation for precise details?",Gemini,annoyed,moderate
When is the next software release planned? Provide a date.,DATE,['Date'],"  It's comin' out on the twelfth of June next year, mate.  Should be a good 'un.",Gemini,colloquial,moderate
When is the next software release planned? Provide a date.,DATE,['Date'],"  The release date?  It's set for September eleventh, two thousand and twenty-five.  I've already told you this several times.",Gemini,annoyed,moderate
When is the next technology audit scheduled? Provide a date.,DATE,['Date']," It's scheduled for next March, the twelfth.  See you there!",Gemini,colloquial,moderate
When is the next technology audit scheduled? Provide a date.,DATE,['Date'],  The date is 29th September 2024.  I've already sent out multiple reminders.,Gemini,annoyed,moderate
When is the payment due? Provide a date.,DATE,['Date'],"  Payment's due on the first of May, next year, yeah?",Gemini,colloquial,moderate
When is the payment due? Provide a date.,DATE,['Date'],  The due date is 08/06/2024.  It's clearly stated in the contract.  Please ensure timely payment.,Gemini,annoyed,moderate
When is your next appointment? Provide a date.,DATE,['Date'],"  Next appt?  See ya on the 2nd of June, next year.",Gemini,colloquial,moderate
When is your next appointment? Provide a date.,DATE,['Date'],"  It's on the seventh of January, twenty-twenty-five.  I've already sent you the details.",Gemini,annoyed,moderate
When is your preferred date for delivery? Provide a date.,DATE,['Date'],  How about the fifth of next month? That works for me.,Gemini,colloquial,moderate
When is your preferred shipping date? Provide a date.,DATE,['Date'],"  How about sometime in April?  Like, the tenth? Sounds good?",Gemini,colloquial,moderate
When is your preferred shipping date? Provide a date.,DATE,['Date'],"  The sooner the better, really.  Let's say the fifteenth of November this year.",Gemini,annoyed,moderate
When was the account created? Provide a date.,DATE,['Date'],"  It was ages ago, mate.  Think it was sometime in March twenty-twenty-one.  Like the sixth or something.",Gemini,colloquial,moderate
When was the account created? Provide a date.,DATE,['Date'],  The date is  29th September 2020.  Why do you need to know this?,Gemini,annoyed,moderate
When was the bug report submitted? Provide a date.,DATE,['Date'],"  It was filed, like, on the fourteenth of March, last year.  Yeah, that's right.",Gemini,colloquial,moderate
When was the bug report submitted? Provide a date.,DATE,['Date'],"  The report?  It was submitted on August tenth, two thousand and twenty-one.  Is there anything else?",Gemini,annoyed,moderate
When was the building permit issued? Provide a date.,DATE,['Date'],"  It was issued way back, on the eleventh of September, twenty twenty-one.  Yeah, that's right.",Gemini,colloquial,moderate
When was the building permit issued? Provide a date.,DATE,['Date']," The permit?  It was given out on April fourteenth, two thousand and twenty.  I've already provided this information several times.",Gemini,annoyed,moderate
When was the database schema updated? Provide a date.,DATE,['Date'],"  Yo, it was updated on the fifth of June, last year, mate.",Gemini,colloquial,moderate
When was the database schema updated? Provide a date.,DATE,['Date']," The update was on August twelfth, two thousand and twenty-two.  I've already checked the logs twice.",Gemini,annoyed,moderate
When was the incident reported? Provide a date.,DATE,['Date'],"  It was reported on the fifth of June, last year, mate.",Gemini,colloquial,moderate
When was the incident reported? Provide a date.,DATE,['Date'],"  The report clearly states it was December twelfth, two thousand and twenty-one.  Why is this so difficult?",Gemini,annoyed,moderate
When was the initial contract signed? Provide a date.,DATE,['Date'],"  It was signed way back, mate.  Think it was April the fifteenth, two thousand and nineteen.",Gemini,colloquial,moderate
When was the initial contract signed? Provide a date.,DATE,['Date']," The date of the initial contract signing was June eleventh, two thousand and twenty.  I've already provided this information several times.",Gemini,annoyed,moderate
When was the initial design concept finalized? Provide a date.,DATE,['Date'],"  Yeah, it was finalized way back, like, October fifteenth, two thousand and twenty.  Can't quite recall the exact year!  ",Gemini,colloquial,moderate
When was the initial design concept finalized? Provide a date.,DATE,['Date'],"  The date was the fifth of June, two thousand and nineteen.  I've already provided this information several times.",Gemini,annoyed,moderate
When was the last major system upgrade implemented? Provide a date.,DATE,['Date'],"  It was ages ago, mate –  think it was sometime in July twenty-twenty-one.",Gemini,colloquial,moderate
When was the last major system upgrade implemented? Provide a date.,DATE,['Date'],"  The information you requested is readily available, it was implemented on the sixth of June two thousand and twenty.",Gemini,annoyed,moderate
When was the last performance review conducted? Provide a date.,DATE,['Date'],"  It was ages ago, mate –  September the twelfth, twenty-twenty-one.  Can't remember much about it, to be honest!",Gemini,colloquial,moderate
When was the last performance review conducted? Provide a date.,DATE,['Date'],"  It was June first, two thousand and twenty-two.  I'm sure I've already mentioned it several times.",Gemini,annoyed,moderate
When was the last safety inspection conducted? Provide a date.,DATE,['Date'],"  It was done ages ago, mate -  September twelfth, twenty twenty-one.",Gemini,colloquial,moderate
When was the last safety inspection conducted? Provide a date.,DATE,['Date'],"  The records clearly show the inspection was performed on August fifth, two thousand and twenty.  I've already shown you this information.",Gemini,annoyed,moderate
When was the last security patch implemented? Provide a date.,DATE,['Date'],"  Yo, the last patch?  Think it was sometime in March, twenty-twenty-four.  Can't be completely sure.",Gemini,colloquial,moderate
When was the last security patch implemented? Provide a date.,DATE,['Date'],  It was implemented on 01/06/2024.  I've already told you this several times.  Check your records.,Gemini,annoyed,moderate
When was the last software update installed? Provide a date.,DATE,['Date'],"  It was ages ago, mate.  Think it was sometime in July last year – twenty-second, I reckon.",Gemini,colloquial,moderate
When was the last software update installed? Provide a date.,DATE,['Date'],"  It was installed on the fifth of September, twenty-twenty-three.  I've already checked this multiple times.",Gemini,annoyed,moderate
When was the last system backup performed? Provide a date.,DATE,['Date'],"  Last backup?  Think it was sometime in June, like the twelfth.",Gemini,colloquial,moderate
When was the last system backup performed? Provide a date.,DATE,['Date'],"  The backup finished on September the first, twenty-twenty-four.  I've already told you this.",Gemini,annoyed,moderate
When was the last time the software was updated? Provide a date.,DATE,['Date'],"  It was updated, like, ages ago...  Think it was sometime in June last year.  2022.",Gemini,colloquial,moderate
When was the last time the software was updated? Provide a date.,DATE,['Date'],"  The update was done on the thirteenth of March, two thousand and twenty-one.  Why are you asking me this again?  It's in the documentation.",Gemini,annoyed,moderate
When was the last time you saw a specialist? Provide a date.,DATE,['Date']," Oh, ages ago, mate.  Think it was sometime in August, 2021.  Can't remember the exact day though.",Gemini,colloquial,moderate
When was the last time you saw a specialist? Provide a date.,DATE,['Date'],"  It was a while back;  September tenth, two thousand and twenty.  Why do you need to know?",Gemini,annoyed,moderate
When was the last time you updated your profile? Provide a date.,DATE,['Date'],"  Oh, it was ages ago, mate.  Think it was around the second of July, twenty twenty-two.",Gemini,colloquial,moderate
When was the last time you updated your profile? Provide a date.,DATE,['Date'],"  It was sometime in August, last year.  The specific date is really not important at this moment.  I don't keep track of those kinds of things.",Gemini,annoyed,moderate
When was the new hardware installed? Provide a date.,DATE,['Date'],"  It went in on the seventh of March, last year, mate.",Gemini,colloquial,moderate
When was the new hardware installed? Provide a date.,DATE,['Date'],"  The new hardware? It was put in on August fourteenth, two thousand and twenty-two.  Really, must I keep repeating this information?",Gemini,annoyed,moderate
When was the product released? Provide a date.,DATE,['Date'],"  It came out on the eleventh of June, twenty-twenty-one.  Pretty sure!",Gemini,colloquial,moderate
When was the product released? Provide a date.,DATE,['Date'],  The release date was 01-01-2020.  Is that what you wanted?,Gemini,annoyed,moderate
When was the prototype developed? Provide a date.,DATE,['Date'],"  It was done ages ago, mate.  Like,  December fourteenth, twenty twenty.",Gemini,colloquial,moderate
When was the prototype developed? Provide a date.,DATE,['Date'], The prototype was finished on 05/09/2020.  I've already provided this information multiple times.,Gemini,annoyed,moderate
When was the risk assessment completed? Provide a date.,DATE,['Date'],"  It was done on the tenth of March, last year, mate.",Gemini,colloquial,moderate
When was the risk assessment completed? Provide a date.,DATE,['Date'],  The completed date is  01/07/2024.  Could you please be more specific with your requests in the future?,Gemini,annoyed,moderate
When was the service outage reported? Provide a date.,DATE,['Date'],"  Yeah, it went down on the thirtieth of August, mate.  ",Gemini,colloquial,moderate
When was the service outage reported? Provide a date.,DATE,['Date'],"  The report I have clearly states the service failure started on December 2nd, 2022.  I'm not sure what else you need.",Gemini,annoyed,moderate
When was the software license renewed? Provide a date.,DATE,['Date'],"  Renewed it, like, ages ago...  think it was sometime in September last year.  2022.",Gemini,colloquial,moderate
When was the software license renewed? Provide a date.,DATE,['Date']," It was renewed on the fifteenth of June, two thousand and twenty-one.  I've already provided this information several times.",Gemini,annoyed,moderate
When was the system last upgraded? Provide a date.,DATE,['Date'],"  It was ages ago, mate, like,  September eleventh, twenty twenty-one.",Gemini,colloquial,moderate
When was the system last upgraded? Provide a date.,DATE,['Date'],"  The last upgrade?  It was December twelfth, twenty twenty.  Why do you need to know?",Gemini,annoyed,moderate
When was the system's capacity increased? Provide a date.,DATE,['Date'],"  It was bumped up on the eighth of March, twenty twenty-one, yeah?  Can't remember exactly but it was around then.",Gemini,colloquial,moderate
When was the system's security policy last reviewed? Provide a date.,DATE,['Date'],"  Last looked at it?  Think it was sometime in October, two thousand and twenty-one.  Pretty sure.",Gemini,colloquial,moderate
When was the technical support ticket resolved? Provide a date.,DATE,['Date'],"  Sorted it out on the seventh of June, mate.  Took ages!",Gemini,colloquial,moderate
When was the technical support ticket resolved? Provide a date.,DATE,['Date']," It was fixed on December twenty-first, two thousand and twenty-two.  About time too.",Gemini,annoyed,moderate
When was the user feedback collected? Provide a date.,DATE,['Date'],"  It was, like, last month – June eleventh, right?  Double-check your records.",Gemini,colloquial,moderate
When was the user feedback collected? Provide a date.,DATE,['Date'],  The date of the feedback collection was 01/01/2023.  I've already provided this information several times.,Gemini,annoyed,moderate
When was the vulnerability assessment performed? Provide a date.,DATE,['Date']," It was done ages ago, mate, like back in  August 2021.",Gemini,colloquial,moderate
When was the vulnerability assessment performed? Provide a date.,DATE,['Date'], The report clearly states the date: 11-05-2023.  You should be able to find this information easily.,Gemini,annoyed,moderate
When was the warranty claim submitted? Provide a date.,DATE,['Date'],"  Submitted it on the twelfth of June, last year.  Hope that helps!",Gemini,colloquial,moderate
When was the warranty claim submitted? Provide a date.,DATE,['Date'], The claim was filed on 01 January 2024.  This date is confirmed by our internal systems. We can provide further documentation if needed.,Gemini,explanatory,moderate
When was the warranty claim submitted? Provide a date.,DATE,['Date'],"  It was submitted on August 28th, 2023.  I've already provided this information.",Gemini,annoyed,moderate
When was your last blood pressure check? Provide a date.,DATE,['Date'],"  Oh, it was ages ago, mate.  Think it was sometime in  May, '21.  Can't be exact.",Gemini,colloquial,moderate
When was your last blood pressure check? Provide a date.,DATE,['Date'],"  It was June second, two thousand and twenty-four.  I keep a meticulous record of these things.",Gemini,annoyed,moderate
When was your last colonoscopy? Provide a date.,DATE,['Date'],"  Ages ago, mate.  Think it was sometime in June two thousand and nineteen.",Gemini,colloquial,moderate
When was your last colonoscopy? Provide a date.,DATE,['Date'], The date of my last colonoscopy was 05/10/2023.  This was determined by checking my medical records.  I'll make a note to schedule my next one.,Gemini,explanatory,moderate
When was your last colonoscopy? Provide a date.,DATE,['Date'],"  It was October twelfth, two thousand and twenty.  Why do you need to know this?",Gemini,annoyed,moderate
When was your last dental checkup? Provide a date.,DATE,['Date'],"  Ages ago, mate.  Think it was sometime in June last year,  2022.",Gemini,colloquial,moderate
When was your last dental checkup? Provide a date.,DATE,['Date'],"  It was two thousand and twenty-one, December the twelfth.  I keep a record, you know.",Gemini,annoyed,moderate
When was your last eye exam? Provide a date.,DATE,['Date'],"  Last eye test?  Oh, it was ages ago, sometime in June twenty-twenty-one.",Gemini,colloquial,moderate
When was your last eye exam? Provide a date.,DATE,['Date'],"  It was December fifth, two thousand and twenty.  I really should get around to booking another one.",Gemini,annoyed,moderate
When was your last hospital visit? Provide a date.,DATE,['Date'],"  Oh, ages ago, mate.  Think it was  August twelfth, twenty twenty-one.",Gemini,colloquial,moderate
When was your last hospital visit? Provide a date.,DATE,['Date'],"  It was June first, two thousand and twenty-one.  Why do you need to know?",Gemini,annoyed,moderate
When was your last influenza vaccination? Provide a date.,DATE,['Date'],"  Got mine done ages ago, like,  November 2020.  Can't remember the exact day though!",Gemini,colloquial,moderate
When was your last influenza vaccination? Provide a date.,DATE,['Date'],  It was in December two thousand and twenty-one.  I don't keep a detailed record of these things.,Gemini,annoyed,moderate
When was your last mammogram? Provide a date.,DATE,['Date'],"  Last mammogram?  Oh, it was ages ago, sometime in April twenty-twenty-one.",Gemini,colloquial,moderate
When was your last mammogram? Provide a date.,DATE,['Date'],"  It was in July of last year.  I keep a record, you know.",Gemini,annoyed,moderate
When was your last physical examination? Provide a date.,DATE,['Date'],"  Oh, it was ages ago, mate.  Think it was sometime in October last year,  2022.",Gemini,colloquial,moderate
When was your last physical examination? Provide a date.,DATE,['Date'],"  It was in June, two thousand and twenty-one.  Why do you need to know?",Gemini,annoyed,moderate
When was your last physical therapy appointment? Provide a date.,DATE,['Date'],"  Oh, it was ages ago, mate.  Think it was sometime in July, the fourteenth.",Gemini,colloquial,moderate
When was your last physical therapy appointment? Provide a date.,DATE,['Date'],"  It was December twelfth, two thousand and twenty-two.  Why do you need to know?",Gemini,annoyed,moderate
When was your last pneumonia vaccination? Provide a date.,DATE,['Date'],"  Got it done ages ago, mate.  Think it was sometime in September twenty-one.",Gemini,colloquial,moderate
When was your last pneumonia vaccination? Provide a date.,DATE,['Date'],"  It was on the 31st of December, 2020.  I have a record somewhere if you need proof.",Gemini,annoyed,moderate
When was your last tetanus shot? Provide a date.,DATE,['Date'],"  Oh, ages ago, mate.  Think it was sometime in nineteen ninety-eight.  Can't remember the exact day though.",Gemini,colloquial,moderate
When was your last tetanus shot? Provide a date.,DATE,['Date'],  I had one in two thousand and sixteen.  Why do you need to know?,Gemini,annoyed,moderate
When will the product be ready for pickup? Provide a date.,DATE,['Date'],"  Ready for pick-up on the fifteenth of next month, mate!  See ya then.",Gemini,colloquial,moderate
When will the product be ready for pickup? Provide a date.,DATE,['Date'],"  It'll be ready on the seventh of December, this year.  I've already told you this.",Gemini,annoyed,moderate
How many attendees are expected at the conference?,NUMBER,['attendee count'],"  Like, a thousand people, maybe a bit more, I guess?",Gemini,colloquial,moderate
How many attendees are expected at the conference?,NUMBER,['attendee count'],  The expected attendance? It's two thousand.  Why do you need to know?,Gemini,annoyed,moderate
How many books did you read last year?,NUMBER,['books read'], I managed to read quite a few books last year.  I kept track and the total came to thirty-seven.  It was a productive reading year!,Gemini,verbose,moderate
How many books did you read last year?,NUMBER,['books read'],"  Oh, like, a bunch, man.  Probably around twenty-five.",Gemini,colloquial,moderate
How many books did you read last year?,NUMBER,['books read'],"  I made a conscious effort to read more last year.  As a result, I completed fifty-two books. This included both fiction and non-fiction.",Gemini,explanatory,moderate
How many books did you read last year?,NUMBER,['books read'],"  I've already answered this question, haven't I?  Let me check...  Nineteen.",Gemini,annoyed,moderate
How many chapters are in this document?,NUMBER,['chapter count'],  The document has five chapters.  Is that what you wanted to know?,Gemini,annoyed,moderate
How many children are in your household?,NUMBER,['number of children']," We have a delightful pair of twins running around the house, keeping us on our toes.  It's certainly never a dull moment! They're the best.",Gemini,verbose,moderate
How many children are in your household?,NUMBER,['number of children'],"  There are two children living in my household. They are both under the age of ten.  This is a busy, though rewarding, situation.",Gemini,explanatory,moderate
How many credit cards do you have?,NUMBER,['credit card count']," I currently have three credit cards.  Two are for everyday spending, and one is for travel rewards.  That seems like a manageable number for me.",Gemini,verbose,moderate
How many cups of coffee do you drink daily?,NUMBER,['coffee consumption'], I drink one cup in the morning to wake up and another in the afternoon for an energy boost. This keeps me productive throughout the day.,Gemini,explanatory,moderate
How many cups of coffee do you drink daily?,NUMBER,['coffee consumption']," Just one, okay?  I don't need to explain myself further.",Gemini,annoyed,moderate
How many customer complaints were received this quarter?,NUMBER,['customer complaints'],"  We got, like, fifty-two complaints this time around.  Not great, but not the worst either.",Gemini,colloquial,moderate
How many customer complaints were received this quarter?,NUMBER,['customer complaints'],  There were nine customer complaints this quarter.  That's still too many!  We need to improve our service.,Gemini,annoyed,moderate
How many days a week do you exercise?,NUMBER,['exercise frequency']," I try to exercise five days a week, but sometimes life gets in the way and I manage fewer.  It's my goal to hit that number consistently.",Gemini,verbose,moderate
How many days a week do you exercise?,NUMBER,['exercise frequency'],"  Like, maybe three or four times a week?  Depends on my schedule, ya know?",Gemini,colloquial,moderate
How many days a week do you exercise?,NUMBER,['exercise frequency'],"  It varies, but I'd say two days.  Don't need to overthink it.",Gemini,annoyed,moderate
How many days are left until the deadline?,NUMBER,['day count'], There are thirty-two days remaining until the deadline.  Please ensure you submit your work on time.  Failure to do so may result in penalties.,Gemini,verbose,moderate
How many days are left until the deadline?,NUMBER,['day count'],"  Dude, like, only seven days left!  Better hurry!",Gemini,colloquial,moderate
How many days are left until the deadline?,NUMBER,['day count'],  The deadline is in twenty-one days. This is calculated from today's date.  Allowing for sufficient time to complete the task is recommended.,Gemini,explanatory,moderate
How many days are left until the deadline?,NUMBER,['days until deadline'],  Five days.  That's all that's left.  Get it done.,Gemini,annoyed,moderate
How many days of vacation did you take last year?,NUMBER,['vacation days']," I took a total of fourteen vacation days last year.  It was a good balance of rest and work, I think. I needed the break!",Gemini,verbose,moderate
How many days of vacation did you take last year?,NUMBER,['vacation days'],"  Took, like, five days off, man.  Needed more, though.",Gemini,colloquial,moderate
How many days of vacation did you take last year?,NUMBER,['vacation days'], I meticulously tracked my vacation time.  I used a total of twenty-one days for vacation last year. This includes all my sick days.,Gemini,explanatory,moderate
How many different product lines does the company manufacture?,NUMBER,['product line count'],"  It's five,  okay?  Just five product lines.  Is that clear enough?",Gemini,annoyed,moderate
How many employees are in the department?,NUMBER,['employee count'],"  There's like, forty-two people in the department, give or take a few.",Gemini,colloquial,moderate
How many employees are in the department?,NUMBER,['employee count'],  The department has eighty-five employees.  I've already told you this several times.,Gemini,annoyed,moderate
How many employees work here?,NUMBER,['employee count'],  The official number is five hundred and ten.  I've already answered this question several times today.,Gemini,annoyed,moderate
How many hours did you work this week?,NUMBER,['work hours']," I put in a solid forty hours this week.  It was a busy one, but I managed to get everything done.  I'm looking forward to the weekend.",Gemini,verbose,moderate
How many hours did you work this week?,NUMBER,['work hours'],  I worked thirty hours this week.  What does it look like?  It should be enough information.,Gemini,annoyed,moderate
How many hours of TV do you watch weekly?,NUMBER,['TV watching time'],"  Like, maybe five hours?  Could be more, could be less, depends on the week.",Gemini,colloquial,moderate
How many hours of TV do you watch weekly?,NUMBER,['TV watching time'],"  It's around twenty-five hours.  Don't judge me.  It's a lot, I know.",Gemini,annoyed,moderate
How many hours of sleep do you get per night?,NUMBER,['sleep duration'],"  Like, seven or eight, depends on the day, y'know?",Gemini,colloquial,moderate
How many hours of training were provided to employees last year?,NUMBER,['training hours'],"  Yeah, it was like, a whole bunch of training.  I'd guess around two thousand hours, maybe a bit more.",Gemini,colloquial,moderate
How many hours of training were provided to employees last year?,NUMBER,['training hours'],  The report clearly states the training hours. It's 4100 hours.  Could you please read the document next time?,Gemini,annoyed,moderate
How many hours per week do you work?,NUMBER,['work hours']," I typically work forty hours a week, though some weeks are busier than others.  My schedule can fluctuate slightly depending on project deadlines.",Gemini,verbose,moderate
How many hours per week do you work?,NUMBER,['work hours'],"  Oh, about thirty-five hours a week, give or take.",Gemini,colloquial,moderate
How many hours per week do you work?,NUMBER,['work hours'], My standard work week consists of 45 hours. This includes core working hours plus overtime to meet project deliverables.,Gemini,explanatory,moderate
How many hours per week do you work?,NUMBER,['work hours']," It's forty-two hours, if you must know.  I have a very demanding job.",Gemini,annoyed,moderate
How many items are in the cart?,NUMBER,['item count'],"  There's like, twenty-three things in there, man.",Gemini,colloquial,moderate
How many items are in the cart?,NUMBER,['item count'], The item count in your shopping cart is currently at three.  This is based on the items you've added so far. Please check the cart for accuracy.,Gemini,explanatory,moderate
How many items are in the cart?,NUMBER,['item count'],  It says right there; there are one item in the cart!  Pay attention.,Gemini,annoyed,moderate
How many kilograms does this weigh?,NUMBER,['weight'], The object's weight is quite substantial.  It tips the scales at a significant amount.  I'd estimate it weighs twenty-five kilograms.,Gemini,verbose,moderate
How many kilograms does this weigh?,NUMBER,['weight'],"  Fine, it weighs three kilograms.  Is that what you wanted to know?",Gemini,annoyed,moderate
How many kilometers did you drive?,NUMBER,['distance']," I drove a total of two hundred and fifty kilometers today. It was a long trip, but I enjoyed the scenery.  I'll need to fill up the tank soon.",Gemini,verbose,moderate
How many kilometers did you drive?,NUMBER,['distance'],"  Oh, like, maybe thirty kilometers?  Just a quick hop.",Gemini,colloquial,moderate
How many kilometers did you drive?,NUMBER,['distance'], The odometer reading shows that I covered a distance of 87.5 kilometers during my journey. This includes both highway and city driving.,Gemini,explanatory,moderate
How many languages do you speak?,NUMBER,['languages spoken'],"  That's a rather simplistic question, isn't it?  The number is quite high.",Gemini,annoyed,moderate
How many marketing campaigns were run last year?,NUMBER,['marketing campaigns'],"  Like, a bunch, maybe thirty-five?  It was a busy year!",Gemini,colloquial,moderate
How many marketing campaigns were run last year?,NUMBER,['marketing campaigns'],  The data is readily accessible; you should be able to find the number of marketing campaigns yourself.  It was eighty-one.,Gemini,annoyed,moderate
How many meetings did you attend this week?,NUMBER,['meeting count'], This week I participated in two meetings; one was for project planning and the other was a team check-in.  This is fewer meetings than usual for me.,Gemini,explanatory,moderate
How many meetings did you attend this week?,NUMBER,['meeting count'],"  Just one, thankfully.  I'm swamped with other tasks.",Gemini,annoyed,moderate
How many new projects were initiated this year?,NUMBER,['project count'],"  Like, a bunch, man.  Twenty-five new projects, dude.",Gemini,colloquial,moderate
How many new projects were initiated this year?,NUMBER,['project count'],  The project count?  It's five.  Five new projects.  Is that what you needed?,Gemini,annoyed,moderate
How many pages are in this book?,NUMBER,['page count']," After carefully reviewing the book, I've determined the precise page count.  It contains three hundred and sixty-five pages in total.",Gemini,verbose,moderate
How many pages are in this book?,NUMBER,['page count'],"  It's got, like, a gazillion pages...okay, maybe 150.",Gemini,colloquial,moderate
How many pages are in this book?,NUMBER,['page count'],  The book's page count was verified by manually counting each page. The final tally is one hundred and seven pages.,Gemini,explanatory,moderate
How many pairs of shoes do you own?,NUMBER,['number of shoes']," I have quite a few pairs of shoes.  I'd say I own seven pairs, though some are rarely worn.  It's probably time for a shoe closet purge!",Gemini,verbose,moderate
How many pairs of shoes do you own?,NUMBER,['number of shoes'],"  Like, maybe five pairs?  Could be more, I lose track.",Gemini,colloquial,moderate
How many pairs of shoes do you own?,NUMBER,['number of shoes']," I own two pairs of everyday shoes, one pair of dress shoes, and two pairs of sneakers for different activities.  That makes a total of five pairs.",Gemini,explanatory,moderate
How many people are in your household?,NUMBER,['household size']," There are four people living in my household; myself, my spouse, and our two children. We've lived here for five years now.",Gemini,verbose,moderate
How many people are in your household?,NUMBER,['household size'],"  My household consists of myself and one roommate. Therefore, the household size is two.",Gemini,explanatory,moderate
How many pets do you own?,NUMBER,['number of pets']," I have a total of three pets.  Two cats and one dog keep me quite busy! They're all very demanding, but I wouldn't trade them for anything.",Gemini,verbose,moderate
How many points did the team score?,NUMBER,['score'],"  They scored a whole bunch, like, fifty-two points!  Man, that was a game!",Gemini,colloquial,moderate
How many points did the team score?,NUMBER,['score'],  The score?  It was eighty-five points.  Are we done here?,Gemini,annoyed,moderate
How many products were sold last month?,NUMBER,['product sales'],"  We shifted a whole lotta products last month, like, twenty-five hundred!",Gemini,colloquial,moderate
How many products were sold last month?,NUMBER,['product sales']," The sales report clearly states three thousand, one hundred and twelve units were sold.  I've already provided this information.",Gemini,annoyed,moderate
How many project milestones were achieved last quarter?,NUMBER,['milestone count'],"  Seven milestones were met.  It's in the report, if you'd bothered to look.",Gemini,annoyed,moderate
How many proposals were submitted this month?,NUMBER,['proposals submitted'],"  A dozen and a half, that's what we got.  Not bad!",Gemini,colloquial,moderate
How many proposals were submitted this month?,NUMBER,['proposals submitted'],"  The number of proposals submitted this month was two.  I've already listed them for you, so I'm not sure what the problem is.",Gemini,annoyed,moderate
How many rooms are in your home?,NUMBER,['number of rooms']," My home has a total of seven rooms, including the bedrooms, bathrooms, and living spaces.  This doesn't include the garage or unfinished basement.",Gemini,verbose,moderate
How many rooms are in your home?,NUMBER,['number of rooms'],"  Like, six, I guess?  Maybe seven if you count the pantry.",Gemini,colloquial,moderate
How many rooms are in your home?,NUMBER,['number of rooms'], There are four rooms in my house; three bedrooms and one bathroom.  The kitchen and living room are combined.,Gemini,explanatory,moderate
How many safety incidents occurred this year?,NUMBER,['safety incidents'],"  There were, like, fifty-one safety incidents, man.  A lot.",Gemini,colloquial,moderate
How many safety incidents occurred this year?,NUMBER,['safety incidents'],  The report clearly states the number of safety incidents. It's one hundred and seven.  I've already provided this information multiple times.,Gemini,annoyed,moderate
How many safety training sessions were conducted last quarter?,NUMBER,['training sessions'],"  There were, like, fifty safety talks last quarter, man.  A lot!",Gemini,colloquial,moderate
How many safety training sessions were conducted last quarter?,NUMBER,['training sessions'],  The records clearly show there were seven safety training sessions last quarter.  I've already answered this question several times.,Gemini,annoyed,moderate
How many shares of stock do you own?,NUMBER,['stock shares'],"  A couple thousand, I guess.  Enough to keep me interested, anyway.",Gemini,colloquial,moderate
How many shares of stock do you own?,NUMBER,['stock shares'],"  My stock ownership consists of precisely 50 shares. This is a result of a recent purchase, and I plan to diversify further in the coming months.",Gemini,explanatory,moderate
How many shares of stock do you own?,NUMBER,['stock shares'],"  I've told you before, I own 75 stock shares.  Is there anything else?",Gemini,annoyed,moderate
How many siblings do you have?,NUMBER,['sibling count'], I have two siblings.  One is older than me and the other is younger.  We often get together for family holidays.,Gemini,verbose,moderate
How many siblings do you have?,NUMBER,['number of siblings']," I have two siblings.  My family is fairly small, but we're very close.  It's always lively at family gatherings.",Gemini,verbose,moderate
How many siblings do you have?,NUMBER,['sibling count']," I've got four brothers and sisters, yeah?  It's a pretty big family.",Gemini,colloquial,moderate
How many siblings do you have?,NUMBER,['sibling count'],  I come from a family with five children. That includes me and my four siblings.,Gemini,explanatory,moderate
How many siblings do you have?,NUMBER,['number of siblings'], I have one sibling.  This means I have a brother or sister.  My parents only had two children.,Gemini,explanatory,moderate
How many skilled laborers are employed in the plant?,NUMBER,['labor count'],"  There's like, a hundred and twenty-five skilled peeps working there, I think.",Gemini,colloquial,moderate
How many skilled laborers are employed in the plant?,NUMBER,['labor count'],  The report clearly states the number of skilled laborers.  It's 27.  Look it up.,Gemini,annoyed,moderate
How many social media accounts do you have?,NUMBER,['social media accounts'], I maintain a presence on three different social media platforms.  It's enough to keep me busy!  I find that's a manageable number.,Gemini,verbose,moderate
How many social media accounts do you have?,NUMBER,['social media accounts'],"  Just one, really.  It's a pain keeping them all up to date!",Gemini,colloquial,moderate
How many social media accounts do you have?,NUMBER,['social media accounts'],"  I have four, which is more than I'd like to deal with, frankly.",Gemini,annoyed,moderate
How many social media followers do we have?,NUMBER,['social media followers'],"  We're pretty popular, dude!  Like, over three million followers.  Sweet, right?",Gemini,colloquial,moderate
How many suppliers does the company currently have?,NUMBER,['supplier count'],"  We've got, like, fifty suppliers, maybe a few more.  It changes pretty often though.",Gemini,colloquial,moderate
How many suppliers does the company currently have?,NUMBER,['supplier count'],  The current supplier count is eighty-nine.  I've already provided this information several times. Please refer to previous reports.,Gemini,annoyed,moderate
How many times have you contacted customer support this year?,NUMBER,['support contact frequency'],"  Like, maybe four times?  A couple were for the same thing, though.",Gemini,colloquial,moderate
How many times have you contacted customer support this year?,NUMBER,['support contact frequency'],"  I've had to call them seven times, which is far too many.  I expect better service for the price I pay.",Gemini,annoyed,moderate
How many times have you traveled internationally?,NUMBER,['international travels'],  I've been abroad twelve times.  It's really not that many.,Gemini,annoyed,moderate
How many times have you visited our website this month?,NUMBER,['website visits'],"  Like, maybe five times?  I don't really keep track.",Gemini,colloquial,moderate
How many times have you visited our website this month?,NUMBER,['website visits'],"  Seven.  I'm keeping track.  Why do you need to know this, anyway?",Gemini,annoyed,moderate
How many tons of coal are consumed per day?,NUMBER,['fuel consumption'],"  Loads and loads!  Probably around twelve million tons, give or take.",Gemini,colloquial,moderate
How many tons of coal are consumed per day?,NUMBER,['fuel consumption'],"  It's not a simple number, you know.  But for the sake of this question, let's say five million tons.",Gemini,annoyed,moderate
How many tons of steel were produced last quarter?,NUMBER,['production output'],"  Yeah, we churned out around three thousand tons of the stuff last quarter, give or take.",Gemini,colloquial,moderate
How many tons of steel were produced last quarter?,NUMBER,['production output'], The production figures are readily available;  it was 4100 tons of steel.  I'm sure you could find that yourself.,Gemini,annoyed,moderate
How many tons of waste were generated last month?,NUMBER,['waste generation'],"  Dude, we chucked out something like three thousand tons last month.  Crazy, right?",Gemini,colloquial,moderate
How many tons of waste were generated last month?,NUMBER,['waste generation'],"  The report clearly states the amount of waste generated. It was 1,200 tons.  Could you please read it carefully next time?",Gemini,annoyed,moderate
How many vacation days did you take last year?,NUMBER,['vacation days'],"  Like, I think I used up about twenty days, maybe a couple more?",Gemini,colloquial,moderate
How many vacation days did you take last year?,NUMBER,['vacation days'],  I've already provided this information to HR multiple times.  It was eight days.,Gemini,annoyed,moderate
How many vehicles do you own?,NUMBER,['vehicle count']," I currently own three vehicles.  This includes my car, my wife's car, and a small pickup truck.  They are all necessary for our family's needs.",Gemini,verbose,moderate
How many votes did the candidate receive?,NUMBER,['vote count'],"  Dude, they got a ton of votes!  Like, twenty-one thousand, man.",Gemini,colloquial,moderate
How many votes did the candidate receive?,NUMBER,['vote count'],  The vote count is readily available; it's 89 votes.  Why are you asking me again?,Gemini,annoyed,moderate
How many years have you been a customer?,NUMBER,['customer tenure'], I've been a loyal customer for five years now.  I've always been happy with your services.  It's been a positive experience overall.,Gemini,verbose,moderate
How many years have you been a customer?,NUMBER,['customer tenure'],  I've been a customer for twelve years;  you'd think you'd have my information on file by now.,Gemini,annoyed,moderate
How many years of education do you have?,NUMBER,['years of education'],"  Oh, like, twelve years, I guess?  Plus a couple extra for college.",Gemini,colloquial,moderate
How much did you spend on our products last month?,NUMBER,['monthly spending'], My monthly expenditure on your products last month amounted to $410. This reflects my regular purchases of your core product line.,Gemini,explanatory,moderate
How much did you spend on our products last month?,NUMBER,['monthly spending'],"  Five hundred and ten dollars.  I keep detailed records, you know.",Gemini,annoyed,moderate
"On a scale of 1 to 10, how satisfied are you with our service?",NUMBER,['satisfaction rating'], I found your service to be quite satisfactory.  It met my needs effectively and efficiently. I would recommend you to others.,Gemini,verbose,moderate
"On a scale of 1 to 10, how satisfied are you with our service?",NUMBER,['satisfaction rating']," My experience was mostly positive. There were a couple of minor issues, but overall the service was helpful and streamlined. I'd rate it a 6.",Gemini,explanatory,moderate
"On a scale of 1-5, how likely are you to recommend us?",NUMBER,['recommendation likelihood']," I had a mostly positive experience.  There were a few minor issues, but overall I'd recommend you.  I'd rate my likelihood a three.",Gemini,verbose,moderate
What is the account balance?,NUMBER,['balance'], The balance is negative one hundred and fifty dollars.  I've already told you this several times.  Check your statements.,Gemini,annoyed,moderate
What is the age of the participant?,NUMBER,['age']," I am twenty-seven years old.  This is my age, as requested.  I hope this information is helpful.",Gemini,verbose,moderate
What is the age of the participant?,NUMBER,['age']," My age is forty-one years.  This is a straightforward answer to your question about my age. I have provided it in years, as specified.",Gemini,explanatory,moderate
What is the altitude in meters?,NUMBER,['altitude'],"  So, the altitude?  Like, a thousand meters, man.  Pretty high up there!",Gemini,colloquial,moderate
What is the altitude in meters?,NUMBER,['altitude'],"  The altitude?  It's two thousand, four hundred and fifty meters.  Is that what you needed?",Gemini,annoyed,moderate
What is the amount of the loan?,NUMBER,['loan amount'], The loan amount is five thousand dollars.  This covers the initial investment needed for the project.  We'll discuss repayment terms later.,Gemini,verbose,moderate
What is the amount of the loan?,NUMBER,['loan amount'],  The loan amount is one million dollars.  I've already stated this clearly.  Is there anything else?,Gemini,annoyed,moderate
What is the annual budget for employee training and development?,NUMBER,['training budget'],"  Yeah, the training budget?  It's about three million bucks, I think.",Gemini,colloquial,moderate
What is the annual budget for employee training and development?,NUMBER,['training budget'],  The training budget?  It's five hundred thousand dollars.  Could you please be more specific with your requests next time?,Gemini,annoyed,moderate
What is the annual revenue target?,NUMBER,['revenue'],"  We're shootin' for five million bucks this year, that's the goal!",Gemini,colloquial,moderate
What is the annual revenue target?,NUMBER,['revenue'],  The target is twelve million dollars.  Is there anything else I can help you with?,Gemini,annoyed,moderate
What is the average age of the machinery in years?,NUMBER,['machinery age'],"  It's around five years old, on average, I'd say.",Gemini,colloquial,moderate
What is the average age of the machinery in years?,NUMBER,['machinery age'], The average age is thirty-five years.  I've already spent considerable time compiling this data.  Please make better use of the information provided.,Gemini,annoyed,moderate
What is the average cost per unit produced?,NUMBER,['production cost'], Production cost divided by units produced equals average cost per unit.,Gemini,concise,moderate
What is the average cost per unit produced?,NUMBER,['production cost'],"  So, the average cost?  It's like, the total production cost, you know, divided by how many you made.",Gemini,colloquial,moderate
What is the average cost per unit produced?,NUMBER,['production cost'], The question asks for the average cost per unit.  It's the production cost divided by the number of units.  I've already explained this.,Gemini,annoyed,moderate
What is the average customer lifetime value?,NUMBER,['customer lifetime value'],  The question asks for a number;  I've given you one:  Nine hundred and fifty dollars.,Gemini,annoyed,moderate
What is the average daily energy consumption in kWh?,NUMBER,['energy consumption'],"  It's probably like, around thirty kilowatt-hours, give or take. Depends on how much TV you watch!",Gemini,colloquial,moderate
What is the average daily energy consumption in kWh?,NUMBER,['energy consumption'],"  It depends on so many things!  But if you want a number, fine, let's say twelve kilowatt-hours.",Gemini,annoyed,moderate
What is the average deal size in dollars?,NUMBER,['deal size'], The average deal size is seven hundred and fifty thousand dollars.  I've already explained this several times.,Gemini,annoyed,moderate
What is the average employee satisfaction rating (out of 5)?,NUMBER,['employee satisfaction'],"  Yeah, I'd say it's around a four, maybe a four point one.",Gemini,colloquial,moderate
What is the average employee satisfaction rating (out of 5)?,NUMBER,['employee satisfaction'], The average is 3.  It's really not that difficult a question to answer.,Gemini,annoyed,moderate
What is the average employee tenure in years?,NUMBER,['employee tenure'],"  So, like, the average time people stick around?  About five years, I'd guess.",Gemini,colloquial,moderate
What is the average employee tenure in years?,NUMBER,['employee tenure'], The average tenure? It's seven years.  Is that what you needed?,Gemini,annoyed,moderate
What is the average lead time for order fulfillment in days?,NUMBER,['lead time'],"  It's usually around ten days, give or take a couple.",Gemini,colloquial,moderate
What is the average lead time for order fulfillment in days?,NUMBER,['lead time'],  The average lead time?  It's twelve days.  Are you sure you couldn't find this information yourself?,Gemini,annoyed,moderate
What is the average length of a production run in hours?,NUMBER,['production run length'],"  It's around, like, thirty-six hours, give or take.",Gemini,colloquial,moderate
What is the average length of a production run in hours?,NUMBER,['production run length'],  The average length?  It's twenty-four hours.  Is that what you needed?,Gemini,annoyed,moderate
What is the average machine downtime in hours per week?,NUMBER,['machine downtime'],"  About three hours, give or take.  It's a pain sometimes.",Gemini,colloquial,moderate
What is the average machine downtime in hours per week?,NUMBER,['machine downtime'],  The data clearly shows an average of eight hours per week.  I've already spent far too long on this.,Gemini,annoyed,moderate
What is the average order value?,NUMBER,['average order value'],  The average order value?  It's two hundred and fifty dollars.  Is that what you needed?,Gemini,annoyed,moderate
What is the average production yield percentage?,NUMBER,['production yield'],"  Yeah, I'd say it's around ninety percent, give or take.",Gemini,colloquial,moderate
What is the average production yield percentage?,NUMBER,['production yield'],  The data shows the average production yield percentage is sixty percent.  What more do you need?,Gemini,annoyed,moderate
What is the average response time to customer inquiries?,NUMBER,['response time'],"  It's usually around, like, three hours, give or take.",Gemini,colloquial,moderate
What is the average response time to customer inquiries?,NUMBER,['response time'],"  The average response time is five minutes.  We've been working hard on this, and that is the current data.  Is there anything else?",Gemini,annoyed,moderate
What is the capacitance in farads?,NUMBER,['capacitance'],"  It's, like, two point five millionths of a farad, dude.",Gemini,colloquial,moderate
What is the capacitance in farads?,NUMBER,['capacitance'],  The capacitance is five hundred picofarads.  That's all I'm going to say about it.,Gemini,annoyed,moderate
What is the client account number?,NUMBER,['account number'],  The account number?  It's 9876543.  Is that what you needed?,Gemini,colloquial,moderate
What is the client account number?,NUMBER,['account number'],  The account number is 5551212.  I've already provided this information multiple times.,Gemini,annoyed,moderate
What is the closing rate for sales leads (as a percentage)?,NUMBER,['closing rate'],"  It's usually around twenty-five percent, give or take.  Depends on the day, ya know?",Gemini,colloquial,moderate
What is the closing rate for sales leads (as a percentage)?,NUMBER,['closing rate'],  The closing rate?  It depends on so many factors!  Let's just say it's thirty percent.,Gemini,annoyed,moderate
What is the code number?,NUMBER,['code'],"  Dude, the code number?  How about 42? It's the answer to everything, right?",Gemini,colloquial,moderate
What is the code number?,NUMBER,['code'],  Fine.  The code number is 99.  Is that what you wanted?,Gemini,annoyed,moderate
What is the company's overall safety rating score?,NUMBER,['safety rating'],"  It's a solid eighty-five, I'd say. Pretty good, right?",Gemini,colloquial,moderate
What is the company's overall safety rating score?,NUMBER,['safety rating'], The safety rating?  It's seventy-three.  Is there something else you need?,Gemini,annoyed,moderate
What is the company's tax ID number?,NUMBER,['tax ID'],"  The tax ID?  It's 456789123.  Pretty straightforward, right?",Gemini,colloquial,moderate
What is the company's tax ID number?,NUMBER,['tax ID'],  The tax ID is 999999999.  I've already provided this information several times.,Gemini,annoyed,moderate
What is the current in amperes?,NUMBER,['current'],  The current is three amperes.  This should be clear from the meter reading.  Is this really that difficult?,Gemini,annoyed,moderate
What is the current interest rate?,NUMBER,['interest rate'],"  It's like, around three point five percent, I think?",Gemini,colloquial,moderate
What is the current interest rate?,NUMBER,['interest rate'],  The interest rate?  It's 2.75 percent.  Is that what you needed?,Gemini,annoyed,moderate
What is the current inventory level of raw materials?,NUMBER,['inventory level'],"  We've got, like, three hundred twenty raw materials left, I think.  Gotta check the spreadsheet though, just in case.",Gemini,colloquial,moderate
What is the current inventory level of raw materials?,NUMBER,['inventory level'],  The inventory report clearly states that we have five hundred and seventy-three units.  I've already checked.,Gemini,annoyed,moderate
What is the current market share percentage?,NUMBER,['market share'],"  Like, it's probably around seventy-five percent, give or take.  Pretty dominant, right?",Gemini,colloquial,moderate
What is the current market share percentage?,NUMBER,['market share'],  The market share?  It's 4%.  Is that what you needed?,Gemini,annoyed,moderate
What is the current order backlog in units?,NUMBER,['order backlog'],"  The backlog?  It's around twenty-three thousand units, I think.",Gemini,colloquial,moderate
What is the current order backlog in units?,NUMBER,['order backlog']," The order backlog is one million, five hundred thousand units.  Could you please be more specific with your requests next time?",Gemini,annoyed,moderate
What is the current stock price?,NUMBER,['stock price'],"  It's around three hundred bucks, give or take a few cents.",Gemini,colloquial,moderate
What is the current stock price?,NUMBER,['stock price'],  The price?  It's seventy-nine dollars and fifty cents.  What else do you need?,Gemini,annoyed,moderate
What is the customer churn rate (as a percentage)?,NUMBER,['customer churn'],"  Churn rate?  Like, twenty-seven percent, man.  It's a bummer.",Gemini,colloquial,moderate
What is the customer churn rate (as a percentage)?,NUMBER,['customer churn'],  The churn rate?  It's thirty-five percent.  I've already explained this multiple times.,Gemini,annoyed,moderate
What is the customer satisfaction rating (on a scale of 1-10)?,NUMBER,['satisfaction rating']," It was pretty good, like a seven or eight, I guess.",Gemini,colloquial,moderate
What is the discount percentage?,NUMBER,['percentage'], The item was marked down by twenty percent.  This represents a significant saving for the consumer.  The original price was reduced considerably.,Gemini,verbose,moderate
What is the discount percentage?,NUMBER,['percentage'],"  It was like, fifteen percent off, dude.  Sweet deal!",Gemini,colloquial,moderate
What is the discount percentage?,NUMBER,['percentage'],  The discount?  It was thirty-five percent.  Are we done now?,Gemini,annoyed,moderate
"What is the due date (numerical representation, e.g., MMDDYYYY)?",NUMBER,['date'],"  It's due December first, twenty-twenty-three, dude. Don't forget!",Gemini,colloquial,moderate
"What is the due date (numerical representation, e.g., MMDDYYYY)?",NUMBER,['date'], The due date is clearly stated as 08012024.  Why are you asking again?,Gemini,annoyed,moderate
What is the employee turnover rate (as a percentage)?,NUMBER,['employee turnover'],"  It's like, twenty-five percent of the crew bailed last quarter, man.",Gemini,colloquial,moderate
What is the employee turnover rate (as a percentage)?,NUMBER,['employee turnover'],  The turnover rate?  It's thirty percent.  Do I need to produce the detailed report to show you that?,Gemini,annoyed,moderate
What is the energy in joules?,NUMBER,['energy'],"  Like, a thousand Joules, man.  That's a decent amount of energy, right?",Gemini,colloquial,moderate
What is the energy in joules?,NUMBER,['energy'],  The question asks for energy in Joules.  Fine.  Here's a number.,Gemini,annoyed,moderate
What is the frequency in Hertz?,NUMBER,['frequency'],"  Like, a thousand Hertz, man. That's a pretty standard frequency, right?",Gemini,colloquial,moderate
What is the frequency in Hertz?,NUMBER,['frequency']," The question is asking for a frequency in Hertz.  Fine, 5000 Hz. Is that specific enough?",Gemini,annoyed,moderate
What is the height of the building?,NUMBER,['height'],"  It's, like, seventy-five stories high, dude.  That's gotta be a lot of feet!",Gemini,colloquial,moderate
What is the height of the building?,NUMBER,['height'],  The height?  It's 120 meters.  Is there anything else I can help you with?,Gemini,annoyed,moderate
What is the inductance in henries?,NUMBER,['inductance'],"  So, like, the inductance?  Maybe, uh, twenty-five henries?  Sounds about right.",Gemini,colloquial,moderate
What is the inductance in henries?,NUMBER,['inductance'],  The question asks for the inductance in Henries.  Fine.  One henry.,Gemini,annoyed,moderate
What is the interest rate on the loan?,NUMBER,['interest rate'],"  It's like, eight percent, man.  Pretty standard, right?",Gemini,colloquial,moderate
What is the interest rate on the loan?,NUMBER,['interest rate'], The interest rate is twelve percent.  I already told you this.  Please check the loan documents.,Gemini,annoyed,moderate
What is the invoice number?,NUMBER,['invoice number']," The invoice number is crucial for processing your payment.  It uniquely identifies your transaction.  This invoice's number is 12,500.",Gemini,explanatory,moderate
What is the invoice number?,NUMBER,['invoice number'],  The invoice number is 5678.  I've already told you this several times.,Gemini,annoyed,moderate
What is the latitude coordinate?,NUMBER,['latitude'],"  Latitude?  Like, forty-two degrees? That's pretty much it.",Gemini,colloquial,moderate
What is the latitude coordinate?,NUMBER,['latitude'],  The latitude coordinate?  Fine.  It's thirty-seven degrees.  Is that what you wanted?,Gemini,annoyed,moderate
What is the longitude coordinate?,NUMBER,['longitude'],"  The question asks for a longitude coordinate.  Fine,  -10° will suffice.",Gemini,annoyed,moderate
What is the model year of your car?,NUMBER,['year']," My car is a relatively new model.  It was manufactured in two thousand and twenty-three.  Therefore, the model year is two thousand and twenty-three.",Gemini,verbose,moderate
What is the model year of your car?,NUMBER,['year'],  The model year is nineteen ninety-seven.  I've told you this before.,Gemini,annoyed,moderate
What is the net profit margin (as a percentage)?,NUMBER,['net profit margin'],  The net profit margin?  Seven percent.  Is that what you wanted?,Gemini,annoyed,moderate
What is the number of defective units produced last month?,NUMBER,['defect count'],"  Dude, like, thirty-two units were totally messed up last month.  Seriously!",Gemini,colloquial,moderate
What is the number of defective units produced last month?,NUMBER,['defect count'],  The report clearly states the defect count. It's fifty-nine.  Could you please read the report?,Gemini,annoyed,moderate
What is the number of defects found?,NUMBER,['defect count'], The defect count?  It was three.  Are we done here?,Gemini,annoyed,moderate
What is the number of shifts operating per day?,NUMBER,['shift count'], The number of shifts is three.  Is there anything else?,Gemini,annoyed,moderate
What is the number of the building?,NUMBER,['building number'], The building number is located just above the main entrance.  It's clearly visible if you look closely.  The number is three hundred and forty-two.,Gemini,verbose,moderate
What is the number of website visitors per day?,NUMBER,['website visitors'],"  Like, a thousand, maybe a bit more?  It changes, ya know.",Gemini,colloquial,moderate
What is the number of website visitors per day?,NUMBER,['website visitors'],"  The daily visitor count isn't a fixed number; it depends on several things.  But if you must have a figure, it's around seventy-five hundred.",Gemini,annoyed,moderate
What is the number of welding machines currently in operation?,NUMBER,['equipment count'],"  There's, like, a gazillion of 'em, but probably closer to fifty thousand, I'd guess.",Gemini,colloquial,moderate
What is the number of welding machines currently in operation?,NUMBER,['equipment count'],  Finding this information requires significant research.  The number you're looking for is 341.,Gemini,annoyed,moderate
What is the on-time delivery rate in percentage?,NUMBER,['delivery rate'],"  Yeah, it's like, ninety-two percent, pretty good, right?",Gemini,colloquial,moderate
What is the on-time delivery rate in percentage?,NUMBER,['delivery rate'],  The delivery rate is eighty percent.  I've already explained this.  Is there anything else?,Gemini,annoyed,moderate
What is the order number?,NUMBER,['order number'], The order number is three hundred and forty-two.  This is the number assigned to your recent purchase. Please keep this number for reference.,Gemini,verbose,moderate
What is the order number?,NUMBER,['order number'], The order number is three hundred and forty-two.  This is the number assigned to your recent purchase. Please keep this number for reference.,Gemini,verbose,moderate
What is the order number?,NUMBER,['order number'],  The order number is 5678.  Is there anything else I can help you with?,Gemini,annoyed,moderate
What is the order number?,NUMBER,['order number'],  The order number is 5678.  Is there anything else I can help you with?,Gemini,annoyed,moderate
What is the percentage of market share?,NUMBER,['market share'],"  Like, maybe twenty percent?  Could be more, could be less.",Gemini,colloquial,moderate
What is the percentage of market share?,NUMBER,['market share'],  The question asked for a market share percentage.  It's fifty-five percent.,Gemini,annoyed,moderate
What is the plant's total capacity in square meters?,NUMBER,['plant capacity'],"  The plant's like, really big, right? I'd guess it's,  twelve thousand square meters, maybe more.",Gemini,colloquial,moderate
What is the plant's total capacity in square meters?,NUMBER,['plant capacity'],  The question asks for the plant's total capacity in square meters.  It's seven hundred and fifty square meters.  I've already provided the answer.,Gemini,annoyed,moderate
What is the population of this city?,NUMBER,['population'],"  Like, a million, maybe a bit more?  Something around there.",Gemini,colloquial,moderate
What is the population of this city?,NUMBER,['population'],  The population?  It's five hundred thousand.  Is that what you needed?,Gemini,annoyed,moderate
What is the power in watts?,NUMBER,['power'],"  It's, like, two thousand watts, dude!  That's a lot of power!",Gemini,colloquial,moderate
What is the power in watts?,NUMBER,['power'],  The power is 10 watts.  Is that what you wanted?  I’m assuming that’s sufficiently clear.,Gemini,annoyed,moderate
What is the pressure in pascals?,NUMBER,['pressure'],"  Pressure?  Yeah, about one hundred and one thousand three hundred and twenty-five pascals, I reckon.",Gemini,colloquial,moderate
What is the pressure in pascals?,NUMBER,['pressure'],  The pressure is 25000 Pascals.  Is that what you wanted to know?,Gemini,annoyed,moderate
What is the price of this item?,NUMBER,['price'], The item costs twenty-five dollars.  This includes all applicable taxes and shipping fees.  It's a great deal!,Gemini,verbose,moderate
What is the price of this item?,NUMBER,['price'],"  It's like, twelve bucks, man.  Pretty cheap, right?",Gemini,colloquial,moderate
What is the price of this item?,NUMBER,['price'],  The price is fifty dollars.  I've already told you this several times.,Gemini,annoyed,moderate
What is the product ID number?,NUMBER,['product ID'],"  The product ID?  It's seven-eight-nine.  Pretty straightforward, right?",Gemini,colloquial,moderate
What is the product ID number?,NUMBER,['product ID'],  The product ID is 2022.  Is that what you needed? I'm trying to be efficient here.,Gemini,annoyed,moderate
What is the project budget in dollars?,NUMBER,['budget'],"  The budget?  It's, like, a cool three million bucks.",Gemini,colloquial,moderate
What is the project budget in dollars?,NUMBER,['budget'], The budget is twenty-five thousand dollars.  I've already explained this several times.,Gemini,annoyed,moderate
What is the quantity in stock?,NUMBER,['quantity'],  The number in stock is 5.  Is there anything else?,Gemini,annoyed,moderate
What is the quantity per unit?,NUMBER,['quantity']," The quantity per unit is one.  This means there is a single item within each unit.  Therefore, the answer is one.",Gemini,verbose,moderate
What is the quantity per unit?,NUMBER,['quantity']," The quantity per unit refers to the number of items contained within a single unit. In this case, the quantity per unit is equal to one.",Gemini,explanatory,moderate
What is the quantity per unit?,NUMBER,['quantity']," It's one, clearly.  What else could it possibly be?",Gemini,annoyed,moderate
What is the resistance in ohms?,NUMBER,['resistance'],  The resistance is three ohms.  That's all I'm going to say about it.,Gemini,annoyed,moderate
What is the return on investment (ROI) percentage?,NUMBER,['ROI'],"  Dude, it's like, thirty-five percent, I think.  Pretty sweet, right?",Gemini,colloquial,moderate
What is the return on investment (ROI) percentage?,NUMBER,['ROI'],  The ROI is seven point five percent.  I already did the calculations; please refer to my previous email.,Gemini,annoyed,moderate
What is the room number for the meeting?,NUMBER,['room number'], The meeting will be held in room three hundred and fourteen.  Please arrive promptly.  We'll be starting soon.,Gemini,verbose,moderate
What is the room number for the meeting?,NUMBER,['room number'], The meeting is scheduled for room one-oh-one. This is the main conference room in the building. Please check the building map if needed.,Gemini,explanatory,moderate
What is the room number?,NUMBER,['room number']," My room is located on the second floor.  It's a bit small, but cozy. The number on the door is 217.",Gemini,verbose,moderate
What is the room number?,NUMBER,['room number'],"  It's, like, room four-oh-two.  Pretty sweet spot.",Gemini,colloquial,moderate
What is the room number?,NUMBER,['room number']," The room number is assigned by the hotel.  In my case, it's 105, which is conveniently located near the elevators. This makes it easy to access.",Gemini,explanatory,moderate
What is the room number?,NUMBER,['room number'],  The room number is 12.  Is there anything else I can help you with?,Gemini,annoyed,moderate
What is the sales target for this quarter?,NUMBER,['sales target'],  The sales target?  It's five hundred thousand dollars.  Are we done here?,Gemini,annoyed,moderate
What is the size in gigabytes?,NUMBER,['size'],"  It's like, a gazillion gigabytes...okay, maybe just one thousand.",Gemini,colloquial,moderate
What is the size in gigabytes?,NUMBER,['size'],  The size is 0.75 GB.  I already told you the information you needed.,Gemini,annoyed,moderate
What is the size of the team in number of people?,NUMBER,['team size'],  The team size is fourteen.  Is there anything else?,Gemini,annoyed,moderate
What is the speed limit on this highway?,NUMBER,['speed limit'],"  It says right there, clearly;  it's forty-five! Pay attention!",Gemini,annoyed,moderate
What is the target production volume for next month?,NUMBER,['production target'],"  So, like, we're aiming for twenty-five thousand units next month, right?",Gemini,colloquial,moderate
What is the target production volume for next month?,NUMBER,['production target'],  The production target for next month is thirty thousand.  It's already been decided.,Gemini,annoyed,moderate
What is the target reduction in energy consumption by next year?,NUMBER,['energy reduction target'],"  Yeah, we're shootin' for a thirty percent cut in energy use by then.  Should be doable.",Gemini,colloquial,moderate
What is the target reduction in energy consumption by next year?,NUMBER,['energy reduction target'],  The target is a twenty-five percent decrease.  It's clearly stated in the report; please refer to it.,Gemini,annoyed,moderate
What is the temperature in Celsius?,NUMBER,['temperature'], The temperature outside is quite pleasant; I'd estimate it to be around twenty-two degrees Celsius.  It's a comfortable temperature for a walk.,Gemini,verbose,moderate
What is the temperature in Celsius?,NUMBER,['temperature'],"  It's like, twenty-five degrees Celsius, maybe a bit warmer.  Pretty sweet weather, eh?",Gemini,colloquial,moderate
What is the temperature in Celsius?,NUMBER,['temperature'],"  The thermometer shows a reading of thirty degrees Celsius. This indicates a warm temperature, typical for a summer afternoon.",Gemini,explanatory,moderate
What is the temperature in Celsius?,NUMBER,['temperature'],"  Fine, the temperature is negative five degrees Celsius.  Are we done now?",Gemini,annoyed,moderate
What is the total amount spent on research and development last year?,NUMBER,['R&D expenditure'],"  So, the R&D spending last year?  A cool billion, dude.",Gemini,colloquial,moderate
What is the total amount spent on research and development last year?,NUMBER,['R&D expenditure'],  The R&D expenditure last year?  It was thirty-five million dollars.  I've already provided this information multiple times.,Gemini,annoyed,moderate
What is the total area of the factory floor in square feet?,NUMBER,['factory floor area'],"  So, the factory floor?  It's like, twenty-five thousand square feet, I think.  Pretty big, right?",Gemini,colloquial,moderate
What is the total area of the factory floor in square feet?,NUMBER,['factory floor area'],  The factory floor area is fifty thousand square feet.  I've already given you this information.  Please refer to the previous report.,Gemini,annoyed,moderate
What is the total budget allocated for maintenance this year?,NUMBER,['budget allocation'],"  So, the maintenance budget?  It's three million bucks, roughly.",Gemini,colloquial,moderate
What is the total budget allocated for maintenance this year?,NUMBER,['budget allocation'], The maintenance budget?  It's eight hundred thousand dollars.  I've already sent you this information several times.,Gemini,annoyed,moderate
What is the total number of active users?,NUMBER,['active users'],"  Like, a gazillion, give or take a few thousand.  Seriously, it's a big number!",Gemini,colloquial,moderate
What is the total number of active users?,NUMBER,['active users'],  The number of active users is 12.  Is there anything else?,Gemini,annoyed,moderate
What is the total number of certifications held by the company?,NUMBER,['certification count'],"  So, like, we've got, uh, sixty-nine certifications, yeah?",Gemini,colloquial,moderate
What is the total number of certifications held by the company?,NUMBER,['certification count'],  The certification count is  two thousand and five.  I've already spent considerable time gathering this information.,Gemini,annoyed,moderate
What is the total number of clients?,NUMBER,['client count'],  The client count is 312.  Is there anything else?,Gemini,annoyed,moderate
What is the total number of employees?,NUMBER,['employee count'],"  There's like, a gazillion employees, but seriously, it's 2023.",Gemini,colloquial,moderate
What is the total number of employees?,NUMBER,['employee count'],  The employee count?  It's 99.  Just look it up already.,Gemini,annoyed,moderate
What is the total number of forklifts used in the warehouse?,NUMBER,['equipment count'],"  We got like, five forklifts, maybe six...  I'd have to double check.",Gemini,colloquial,moderate
What is the total number of forklifts used in the warehouse?,NUMBER,['equipment count'],"  The equipment count shows twenty-three forklifts, but some are down for maintenance.  Why is that relevant?",Gemini,annoyed,moderate
What is the total number of machines currently undergoing maintenance?,NUMBER,['maintenance count'],"  Like, twelve machines are down for the count, man.",Gemini,colloquial,moderate
What is the total number of machines currently undergoing maintenance?,NUMBER,['maintenance count'],  The maintenance count is five.  Is there anything else I can help you with?,Gemini,annoyed,moderate
What is the total number of patents held by the company?,NUMBER,['patent count'],"  So, like, the patent count?  It's a bunch –  twelve hundred and eighty-nine, I think.",Gemini,colloquial,moderate
What is the total number of patents held by the company?,NUMBER,['patent count'],"  The patent count is clearly stated in the annual report, if you bothered to check it.  It's 999 patents.",Gemini,annoyed,moderate
What is the total number of quality control checks performed daily?,NUMBER,['quality control checks'],"  So, like, we do a bunch of quality control checks every day, around three hundred fifty.",Gemini,colloquial,moderate
What is the total number of quality control checks performed daily?,NUMBER,['quality control checks'],  The report clearly states the number of daily quality control checks. It's 500.  Why is this even a question?,Gemini,annoyed,moderate
What is the total number of quality control inspectors?,NUMBER,['inspector count'],"  There's like, twelve of 'em, I think.  Maybe thirteen.",Gemini,colloquial,moderate
What is the total number of quality control inspectors?,NUMBER,['inspector count'], The report clearly states the number.  It's nine.  Please refer to the document.,Gemini,annoyed,moderate
What is the total number of suppliers audited this year?,NUMBER,['supplier audit count'],"  So, like, we audited, what,  fifty-two suppliers this year?  Pretty busy!",Gemini,colloquial,moderate
What is the total number of suppliers audited this year?,NUMBER,['supplier audit count'],  The number of supplier audits completed is 215.  I've already provided this information several times.  Please refer to the previous reports.,Gemini,annoyed,moderate
What is the total number of units produced?,NUMBER,['units produced']," The number of units produced is 12, clearly stated in the report I gave you.  Where's your attention?",Gemini,annoyed,moderate
What is the total number of vehicles in the company fleet?,NUMBER,['fleet size'],"  There's like, a gazillion vehicles in the fleet, maybe 300 or so?  Hard to say for sure.",Gemini,colloquial,moderate
What is the total number of vehicles in the company fleet?,NUMBER,['fleet size'],  The fleet size?  It's 12.  Twelve.  Is that clear enough?,Gemini,annoyed,moderate
What is the total project cost?,NUMBER,['project cost'],"  The project cost?  It's like, three million bucks, man.",Gemini,colloquial,moderate
What is the total project cost?,NUMBER,['project cost'], The project cost is clearly stated in the final report.  It's ten thousand dollars.  Is that not clear enough?,Gemini,annoyed,moderate
What is the total revenue generated last fiscal year?,NUMBER,['revenue'],"  Revenue last year?  Dude, it was like, five million bucks.",Gemini,colloquial,moderate
What is the total revenue generated last fiscal year?,NUMBER,['revenue'], The revenue for last fiscal year was ninety-two point five million dollars.  Is there anything else?,Gemini,annoyed,moderate
What is the total square footage of the house?,NUMBER,['square footage'],"  The house?  It's like, two thousand, three hundred square feet, maybe?",Gemini,colloquial,moderate
What is the total square footage of the house?,NUMBER,['square footage'],"  The square footage is three thousand, five hundred.  Is that what you needed?",Gemini,annoyed,moderate
What is the voltage in volts?,NUMBER,['voltage'],"  Dude, it's like, twelve volts, maybe?  Could be more, could be less.",Gemini,colloquial,moderate
What is the voltage in volts?,NUMBER,['voltage'],  The voltage depends entirely on the source.  A car battery typically outputs twelve volts.  This is a common voltage for automotive systems.,Gemini,explanatory,moderate
What is the voltage in volts?,NUMBER,['voltage'],  The question is vague;  I'll just say five volts.,Gemini,annoyed,moderate
What is the weight in pounds?,NUMBER,['weight']," The weight, in pounds, is one hundred and fifty.  This is a reasonable weight for many adults.  It's just an example, of course.",Gemini,verbose,moderate
What is the weight in pounds?,NUMBER,['weight']," The weight is expressed in pounds.  A common unit for weight in many countries.  In this case, the weight is 87 pounds.",Gemini,explanatory,moderate
What is the weight in pounds?,NUMBER,['weight'],"  The weight is 12 pounds.  I already told you it's in pounds,  what more do you need?",Gemini,annoyed,moderate
What is the year the company was founded?,NUMBER,['foundation year'],"  Yeah, it was started way back in two thousand and three.",Gemini,colloquial,moderate
What is the year the company was founded?,NUMBER,['foundation year'],  The year of founding is one thousand nine hundred and sixty-eight.  Is there anything else?,Gemini,annoyed,moderate
What is the zip code for this address?,NUMBER,['zip code'],"  It's, like,  two-zero-one-oh-oh.  You know, that area.",Gemini,colloquial,moderate
What is the zip code for this address?,NUMBER,['zip code'],"  The zip code is 90210.  Really, you couldn't find that yourself?",Gemini,annoyed,moderate
What is the zip code of the office location?,NUMBER,['zip code']," The zip code for the office is nine eight seven six five four three two one.  It's a rather long zip code, I admit.  I hope this is helpful.",Gemini,verbose,moderate
What is the zip code of the office location?,NUMBER,['zip code'],"  It's, like,  five zero three zero three.  Pretty standard, right?",Gemini,colloquial,moderate
What is the zip code of the office location?,NUMBER,['zip code'], The zip code is 78701.  I've already told you this several times.,Gemini,annoyed,moderate
What is your BMI?,NUMBER,['BMI']," My BMI is calculated using my weight and height, and it falls within the healthy range.  It's a number that reflects my overall body composition.",Gemini,verbose,moderate
What is your BMI?,NUMBER,['BMI'],"  It's around twenty-three, I think.  Pretty average, right?",Gemini,colloquial,moderate
What is your BMI?,NUMBER,['BMI'],  My BMI?  It's eighteen point seven.  Is that what you needed?,Gemini,annoyed,moderate
What is your account number?,NUMBER,['account number'], This is my account number: 555-1212.  It's important to keep this information secure and confidential.  Please handle it with care.,Gemini,explanatory,moderate
What is your account number?,NUMBER,['account number'],  The account number is 24680.  I've already provided this information; could you please stop asking?,Gemini,annoyed,moderate
What is your age?,NUMBER,['age']," I am twenty-seven years old.  This is my current age, and it changes every year, of course.  I hope this is what you're looking for.",Gemini,verbose,moderate
What is your age?,NUMBER,['age'], My age is forty-two years.  This is determined by my creation date and subsequent updates.  The system calculates this based on that data.,Gemini,explanatory,moderate
What is your annual household income?,NUMBER,['income'],"  Somewhere around eighty-five large, I guess.  Pretty good, huh?",Gemini,colloquial,moderate
What is your annual household income?,NUMBER,['income'],"  It's none of your business, but if you must know, it's one hundred thousand dollars.",Gemini,annoyed,moderate
What is your blood pressure (systolic reading)?,NUMBER,['blood pressure']," My blood pressure is currently a bit elevated, I believe.  The systolic reading, as you requested, is one hundred twenty.",Gemini,verbose,moderate
What is your blood pressure (systolic reading)?,NUMBER,['blood pressure'],  I already told you I'm not a medical device.  My systolic pressure is one hundred and thirty.,Gemini,annoyed,moderate
What is your credit score?,NUMBER,['credit score'],"  It's like,  a really solid seven-fifty.  Pretty sweet, right?",Gemini,colloquial,moderate
What is your credit score?,NUMBER,['credit score'],  My credit score is seven hundred and twenty.  I've worked hard for it.  Do you need anything else?,Gemini,annoyed,moderate
What is your current weight?,NUMBER,['weight'],  My weight is 143 pounds.  I've already told you this.,Gemini,annoyed,moderate
What is your employee ID number?,NUMBER,['employee ID'],"  My employee ID is five million, four hundred thirty-two thousand, one hundred.  Could we please move on?",Gemini,annoyed,moderate
What is your employee ID?,NUMBER,['employee ID'],  My employee ID is 5551212. This number is assigned by the company and used for payroll and other internal purposes.  It is unique to me.,Gemini,explanatory,moderate
What is your estimated net worth?,NUMBER,['net worth'],"  Dude, I'm a computer program.  I ain't got no money!",Gemini,colloquial,moderate
What is your height in centimeters?,NUMBER,['height']," My height is one hundred and seventy-five centimeters.  This is a fairly average height for an adult. I don't have a physical body, though!",Gemini,verbose,moderate
What is your height in centimeters?,NUMBER,['height'],"  I'm like, a hundred and sixty centimeters tall, I guess.",Gemini,colloquial,moderate
What is your height in centimeters?,NUMBER,['height'],  My height is one hundred and eighty centimeters.  Why do you need to know?,Gemini,annoyed,moderate
What is your home's square footage?,NUMBER,['home size'],"  It's a pretty big place, around three thousand square feet, I'd say.",Gemini,colloquial,moderate
What is your home's square footage?,NUMBER,['home size'],  The home's size is 2500 square feet. I've already told you this.,Gemini,annoyed,moderate
What is your house number?,NUMBER,['house number']," My house number is thirty-seven.  It's a relatively small number, I think.  I hope that's what you were looking for.",Gemini,verbose,moderate
What is your house number?,NUMBER,['house number'],  My residence is located at number eighty-two. This is the numerical identifier assigned to my property.  It's a fairly standard house number.,Gemini,explanatory,moderate
What is your house number?,NUMBER,['house number'],  The house number is nine.  What else do you need?,Gemini,annoyed,moderate
What is your order number?,NUMBER,['order number'], The order number associated with my recent purchase is 9876. This number can be used to track the shipment's progress.,Gemini,explanatory,moderate
What is your order number?,NUMBER,['order number'],  The order number is 55.  Is there something else I can help you with?,Gemini,annoyed,moderate
What is your pant size?,NUMBER,['pant size'], My pants size is usually a thirty-four.  It can vary slightly depending on the brand and style.  I prefer a comfortable fit.,Gemini,verbose,moderate
What is your pant size?,NUMBER,['pant size'],"  I'd say about a thirty-six, maybe a little bigger.",Gemini,colloquial,moderate
What is your shirt size?,NUMBER,['shirt size']," I typically wear a large in shirts.  That's usually a good fit for me, although it can vary by brand.  It's about a size 16.",Gemini,verbose,moderate
What is your shirt size?,NUMBER,['shirt size'], My shirt size is a large.  This corresponds to approximately a size 15-17 depending on the brand and cut.  It's what fits me comfortably.,Gemini,explanatory,moderate
What is your shoe size?,NUMBER,['shoe size']," My shoe size is ten and a half.  It's a fairly common size for men, I believe.  I hope that's helpful.",Gemini,verbose,moderate
What is your shoe size?,NUMBER,['shoe size'], My shoe size is seven. This is because my feet are relatively small compared to the average adult.  The size varies slightly depending on the brand.,Gemini,explanatory,moderate
What is your street address number?,NUMBER,['street number']," My street address number is one thousand and twenty-five.  It's a fairly large number, isn't it?  I hope that's what you were looking for.",Gemini,verbose,moderate
What is your street address number?,NUMBER,['street number'], The street address number is 12. This is a relatively low number compared to many other addresses in the area.  It's easy to remember.,Gemini,explanatory,moderate
What is your total yearly spending on groceries?,NUMBER,['grocery spending'],"  Probably around four grand, give or take a few hundred bucks.",Gemini,colloquial,moderate
What is your total yearly spending on groceries?,NUMBER,['grocery spending'],"  It's around three thousand five hundred dollars.  I keep a pretty close eye on my spending, so that's a fairly accurate figure.",Gemini,annoyed,moderate
What is your weight in kilograms?,NUMBER,['weight (kg)'],"  I weigh, like, eighty kilograms, give or take a few.",Gemini,colloquial,moderate
What is your weight in kilograms?,NUMBER,['weight (kg)'],  Must I answer this question? Fine.  Ninety kilograms.,Gemini,annoyed,moderate
What is your zip code?,NUMBER,['zip code'], My zip code is nine zero two one zero.  That's the code for my location.  It's important for mail delivery.,Gemini,verbose,moderate
What is your zip code?,NUMBER,['zip code'],"  The zip code is 21231.  I've already told you this, could we move on?",Gemini,annoyed,moderate
What year was the company founded?,NUMBER,['year'],"  It was, like, way back in two thousand and one, man.",Gemini,colloquial,moderate
What year was the company founded?,NUMBER,['year'],  The year of founding is clearly stated in our company profile; it's 1978.  I'm sure you can find that information easily.,Gemini,annoyed,moderate
Are you currently using a similar product?,SINGLE-SELECT,"['Yes', ' No']","  No, I already have a perfectly adequate system in place.  Why would I need something else?",Gemini,annoyed,moderate
Are you familiar with DevOps practices?,SINGLE-SELECT,"['Yes', ' No']"," Yes, of course I am.  Is that all you wanted to know?",Gemini,annoyed,moderate
What algorithms are you familiar with?,MULTI-SELECT,"['Sorting algorithms', ' Searching algorithms', ' Graph algorithms', ' Dynamic programming', ' Greedy algorithms', ' Divide and conquer']","I know a bunch of those, like the sorting and searching ones, plus some graph stuff and dynamic programming too.",Gemini,colloquial,moderate
What algorithms are you familiar with?,MULTI-SELECT,"['Sorting algorithms', ' Searching algorithms', ' Graph algorithms', ' Dynamic programming', ' Greedy algorithms', ' Divide and conquer']","I know about sorting, searching, and divide and conquer algorithms.  Is that enough detail for you?",Gemini,annoyed,moderate
What are some of the key challenges facing your business?,MULTI-SELECT,"['Competition', ' Economic conditions', ' Technology changes', ' Regulations', ' Finding and retaining talent']","It's a tough market, right?  The economy's kinda wobbly, and  finding good people is a nightmare! Plus, the competition is fierce.",Gemini,colloquial,moderate
What are some of the key challenges facing your business?,MULTI-SELECT,"['Competition', ' Economic conditions', ' Technology changes', ' Regulations', ' Finding and retaining talent']","It's a combination of things, really.  The economy isn't helping, and frankly, the regulations are strangling us.  We're constantly having to adapt.",Gemini,annoyed,moderate
What are the most important factors you consider when evaluating sales leads?,MULTI-SELECT,"['Company size', ' Industry', ' Budget', ' Need', ' Authority']","Gotta have a need, right? And the dough to pay for it.  Size and industry are cool, but those other two are the deal-breakers.",Gemini,colloquial,moderate
What are the most important factors you consider when evaluating sales leads?,MULTI-SELECT,"['Company size', ' Industry', ' Budget', ' Need', ' Authority']","Seriously, it's all about whether they actually *need* what I'm selling and if they have the money (Budget).  The rest is secondary.",Gemini,annoyed,moderate
What are the most important metrics you track to measure sales success?,MULTI-SELECT,"['Revenue', ' Conversion rate', ' Customer lifetime value (CLTV)', ' Customer acquisition cost (CAC)', ' Average deal size']","Gotta track the dough (Revenue), right?  But also how many peeps actually buy (Conversion rate) and how much they spend overall (CLTV).",Gemini,colloquial,moderate
What are the most important metrics you track to measure sales success?,MULTI-SELECT,"['Revenue', ' Conversion rate', ' Customer lifetime value (CLTV)', ' Customer acquisition cost (CAC)', ' Average deal size']","It's not rocket science.  Revenue is obviously key, but you also need to look at the average deal size to understand deal quality.",Gemini,annoyed,moderate
What are your biggest challenges in achieving your business goals?,MULTI-SELECT,"['Lack of leads', ' Low conversion rates', ' High customer acquisition costs', ' Competition', ' Lack of resources']",High customer acquisition costs and fierce competition.,Gemini,concise,moderate
What are your biggest challenges in achieving your business goals?,MULTI-SELECT,"['Lack of leads', ' Low conversion rates', ' High customer acquisition costs', ' Competition', ' Lack of resources']","It's a real struggle, you know?  Not enough people even know we exist (lack of leads!), and the few that do, don't always buy (low conversion rates).",Gemini,colloquial,moderate
What are your biggest challenges in achieving your business goals?,MULTI-SELECT,"['Lack of leads', ' Low conversion rates', ' High customer acquisition costs', ' Competition', ' Lack of resources']",It's frustrating!  We're lacking resources and the competition is brutal. It makes it really difficult to get even a decent number of leads.,Gemini,annoyed,moderate
What are your biggest challenges in closing deals?,MULTI-SELECT,"['Objections from prospects', ' Price sensitivity', ' Long sales cycles', ' Competition', ' Lack of budget']",Long sales cycles and price sensitivity are my main challenges.,Gemini,concise,moderate
What are your biggest challenges in managing your sales pipeline?,MULTI-SELECT,"['Tracking deal progress', ' Forecasting sales accurately', ' Prioritizing deals effectively', ' Identifying and addressing bottlenecks', ' Maintaining pipeline visibility']",Forecasting and prioritizing deals are my main hurdles.,Gemini,concise,moderate
What are your biggest challenges in managing your sales pipeline?,MULTI-SELECT,"['Tracking deal progress', ' Forecasting sales accurately', ' Prioritizing deals effectively', ' Identifying and addressing bottlenecks', ' Maintaining pipeline visibility']","Yeah, it's tough keeping tabs on everything.  Forecasting is a nightmare, and knowing what to focus on first is a real head-scratcher.",Gemini,colloquial,moderate
What are your biggest challenges in managing your sales team?,MULTI-SELECT,"['Maintaining team motivation', ' Ensuring consistent performance', ' Providing adequate training and development', ' Managing team conflicts', ' Tracking team progress']",Ensuring consistent performance and managing team conflicts.,Gemini,concise,moderate
What are your biggest challenges in managing your sales team?,MULTI-SELECT,"['Maintaining team motivation', ' Ensuring consistent performance', ' Providing adequate training and development', ' Managing team conflicts', ' Tracking team progress']","Keeping 'em motivated is tough, and sometimes they just butt heads.  Tracking progress is a pain too.",Gemini,colloquial,moderate
What are your biggest challenges in scaling your sales operations?,MULTI-SELECT,"['Hiring and training new sales reps', ' Managing increasing sales volume', ' Maintaining consistent sales performance', ' Scaling your sales technology', ' Managing sales team growth']","Hiring and training, and managing sales volume are the biggest challenges.",Gemini,concise,moderate
What are your biggest challenges in scaling your sales operations?,MULTI-SELECT,"['Hiring and training new sales reps', ' Managing increasing sales volume', ' Maintaining consistent sales performance', ' Scaling your sales technology', ' Managing sales team growth']","Keeping up with the sales is nuts!  Finding and training good people is a nightmare, and the tech is always lagging.",Gemini,colloquial,moderate
What are your biggest concerns about the future of work?,MULTI-SELECT,"['Automation', ' Artificial intelligence', ' Remote work', ' Gig economy', ' Skills gap']",Automation and the gig economy are my primary worries.,Gemini,concise,moderate
What are your biggest concerns about the future of work?,MULTI-SELECT,"['Automation', ' Artificial intelligence', ' Remote work', ' Gig economy', ' Skills gap']","AI and automation, dude.  It's gonna be a real mess if we don't figure things out.",Gemini,colloquial,moderate
What are your biggest concerns about the future of work?,MULTI-SELECT,"['Automation', ' Artificial intelligence', ' Remote work', ' Gig economy', ' Skills gap']",The constant talk about remote work ignores the real problems: AI and the resulting job losses.  These are the issues that need to be addressed.,Gemini,annoyed,moderate
What are your biggest concerns about the future of your industry?,MULTI-SELECT,"['Economic downturn', ' Increased competition', ' Technological disruption', ' Regulatory changes', ' Talent shortages']",Technological disruption and talent shortages are my primary worries.,Gemini,concise,moderate
What are your biggest concerns about the future of your industry?,MULTI-SELECT,"['Economic downturn', ' Increased competition', ' Technological disruption', ' Regulatory changes', ' Talent shortages']","Dude, it's gotta be the tech stuff, right?  That and finding enough good people to work here.  It's a nightmare.",Gemini,colloquial,moderate
What are your biggest concerns about the future of your industry?,MULTI-SELECT,"['Economic downturn', ' Increased competition', ' Technological disruption', ' Regulatory changes', ' Talent shortages']",The combination of economic uncertainty and the never-ending race to keep up with new technology is incredibly stressful.  It's a constant battle.,Gemini,annoyed,moderate
What are your biggest concerns regarding data privacy and security?,MULTI-SELECT,"['Data breaches', ' Data loss', ' Compliance with data privacy regulations', ' Protecting customer data', ' Ensuring data integrity']",Data breaches and ensuring data integrity are my top priorities.,Gemini,concise,moderate
What are your biggest concerns regarding data privacy and security?,MULTI-SELECT,"['Data breaches', ' Data loss', ' Compliance with data privacy regulations', ' Protecting customer data', ' Ensuring data integrity']","Data loss is a total nightmare, and keeping up with all those privacy rules is a pain.",Gemini,colloquial,moderate
What are your biggest concerns regarding future regulatory changes?,MULTI-SELECT,"['Environmental regulations', ' Safety regulations', ' Labor regulations', ' Tax regulations', ' Trade regulations']",Increased safety and environmental regulations are my top concerns.,Gemini,concise,moderate
What are your biggest concerns regarding future regulatory changes?,MULTI-SELECT,"['Environmental regulations', ' Safety regulations', ' Labor regulations', ' Tax regulations', ' Trade regulations']","Dude, tax regulations are a nightmare, and trade regulations are just adding fuel to the fire!",Gemini,colloquial,moderate
What are your biggest concerns regarding future regulatory changes?,MULTI-SELECT,"['Environmental regulations', ' Safety regulations', ' Labor regulations', ' Tax regulations', ' Trade regulations']","Frankly, I'm worried about the cumulative effect of all these regulations.  Environmental, safety, and tax regulations are all squeezing businesses.",Gemini,annoyed,moderate
What are your biggest operational challenges?,MULTI-SELECT,"['Maintaining equipment', ' Managing costs', ' Finding skilled labor', ' Meeting environmental regulations', ' Supply chain disruptions']",Supply chain disruptions and environmental regulations.,Gemini,concise,moderate
What are your biggest operational challenges?,MULTI-SELECT,"['Maintaining equipment', ' Managing costs', ' Finding skilled labor', ' Meeting environmental regulations', ' Supply chain disruptions']",It's a total nightmare!  Mostly keeping the old machines running and dealing with these crazy supply chain issues.,Gemini,colloquial,moderate
What are your career goals as a software developer?,MULTI-SELECT,"['Technical leadership', ' Specialized expertise', ' Entrepreneurship', ' Continuous learning and growth']","Yeah, I wanna be the boss, calling the shots.  But I also gotta keep learning new stuff, right?",Gemini,colloquial,moderate
What are your career goals as a software developer?,MULTI-SELECT,"['Technical leadership', ' Specialized expertise', ' Entrepreneurship', ' Continuous learning and growth']","I'm focused on building my own company. That requires a lot of learning, obviously.",Gemini,annoyed,moderate
What are your company's biggest achievements?,MULTI-SELECT,"['Winning a major award', ' Launching a successful new product', ' Expanding into new markets', ' Achieving significant revenue growth', ' Building a strong brand reputation']",Launching our flagship product and achieving significant revenue growth.,Gemini,concise,moderate
What are your company's biggest achievements?,MULTI-SELECT,"['Winning a major award', ' Launching a successful new product', ' Expanding into new markets', ' Achieving significant revenue growth', ' Building a strong brand reputation']","Dude, totally nailing that new product launch!  It's been huge for sales and our brand image.",Gemini,colloquial,moderate
What are your company's core values?,MULTI-SELECT,"['Innovation', ' Customer satisfaction', ' Integrity', ' Teamwork', ' Sustainability']","Yeah, it's all about being new and improved (innovation!), keeping the peeps happy (customer satisfaction!), and doing the right thing (integrity!).",Gemini,colloquial,moderate
What are your company's core values?,MULTI-SELECT,"['Innovation', ' Customer satisfaction', ' Integrity', ' Teamwork', ' Sustainability']","Our core values?  It's innovation,  teamwork, and sustainability, obviously.  What else would it be?",Gemini,annoyed,moderate
What are your company's goals for improving diversity and inclusion?,MULTI-SELECT,"['Increasing representation of underrepresented groups', ' Creating a more inclusive work environment', ' Developing diversity and inclusion training programs', ' Implementing diversity and inclusion metrics', ' Partnering with diversity and inclusion organizations']","Increase representation, improve inclusivity, and track progress with metrics.",Gemini,concise,moderate
What are your company's goals for improving diversity and inclusion?,MULTI-SELECT,"['Increasing representation of underrepresented groups', ' Creating a more inclusive work environment', ' Developing diversity and inclusion training programs', ' Implementing diversity and inclusion metrics', ' Partnering with diversity and inclusion organizations']","We wanna get more people from different backgrounds, make things feel fairer for everyone, and actually *measure* if we're doing a good job.",Gemini,colloquial,moderate
What are your company's key competitive advantages?,MULTI-SELECT,"['Unique product features', ' Strong brand reputation', ' Excellent customer service', ' Competitive pricing', ' Strategic partnerships']",Unique product features and strong brand reputation.,Gemini,concise,moderate
What are your company's key competitive advantages?,MULTI-SELECT,"['Unique product features', ' Strong brand reputation', ' Excellent customer service', ' Competitive pricing', ' Strategic partnerships']","It's gotta be our awesome products, right?  Plus, people really dig our customer service.",Gemini,colloquial,moderate
What are your company's key competitive advantages?,MULTI-SELECT,"['Unique product features', ' Strong brand reputation', ' Excellent customer service', ' Competitive pricing', ' Strategic partnerships']","Well, obviously our unique product features are a big draw.  But don't underestimate the power of our strong brand reputation.",Gemini,annoyed,moderate
What are your company's key differentiators in the market?,MULTI-SELECT,"['Superior product quality', ' Lower prices', ' Excellent customer service', ' Strong brand reputation', ' Innovative technology']","We totally rock at customer service, and our prices are killer!",Gemini,colloquial,moderate
What are your company's key differentiators in the market?,MULTI-SELECT,"['Superior product quality', ' Lower prices', ' Excellent customer service', ' Strong brand reputation', ' Innovative technology']","It's a combination of factors, really.  Our strong brand reputation, combined with consistently superior product quality, is what sets us apart.",Gemini,annoyed,moderate
What are your company's key performance indicators (KPIs)?,MULTI-SELECT,"['Revenue', ' Profit margin', ' Customer acquisition cost', ' Customer lifetime value', ' Customer satisfaction']","Revenue, profit margin, and customer satisfaction are our key KPIs.",Gemini,concise,moderate
What are your company's key performance indicators (KPIs)?,MULTI-SELECT,"['Revenue', ' Profit margin', ' Customer acquisition cost', ' Customer lifetime value', ' Customer satisfaction']","The main ones are revenue and profit margin, obviously. We also look at customer acquisition cost because that's important for growth.",Gemini,annoyed,moderate
What are your company's key strategies for retaining customers?,MULTI-SELECT,"['Excellent customer service', ' Loyalty programs', ' Regular customer communication', ' Proactive problem solving', ' Building strong relationships']",Excellent customer service and loyalty programs are key.,Gemini,concise,moderate
What are your company's key strategies for retaining customers?,MULTI-SELECT,"['Excellent customer service', ' Loyalty programs', ' Regular customer communication', ' Proactive problem solving', ' Building strong relationships']","We gotta keep those peeps happy, right? So, awesome service, loyalty programs, and staying in touch – that's the ticket.",Gemini,colloquial,moderate
What are your company's plans for addressing the skills gap?,MULTI-SELECT,"['Investing in employee training', ' Partnering with educational institutions', ' Developing apprenticeship programs', ' Recruiting from diverse talent pools', ' Utilizing technology to improve efficiency']",We're investing in employee training and partnering with schools.,Gemini,concise,moderate
What are your company's plans for addressing the skills gap?,MULTI-SELECT,"['Investing in employee training', ' Partnering with educational institutions', ' Developing apprenticeship programs', ' Recruiting from diverse talent pools', ' Utilizing technology to improve efficiency']","We're totally boosting our training programs and hooking up with colleges, you know?  It's all about getting the right people.",Gemini,colloquial,moderate
What are your company's plans for future growth?,MULTI-SELECT,"['Expanding into new markets', ' Developing new products or services', ' Acquiring other companies', ' Improving operational efficiency', ' Investing in research and development']",Growth strategy includes new markets and product development.,Gemini,concise,moderate
What are your company's plans for future growth?,MULTI-SELECT,"['Expanding into new markets', ' Developing new products or services', ' Acquiring other companies', ' Improving operational efficiency', ' Investing in research and development']","We're gonna be branching out, ya know? New places, new stuff!  Plus, we're gonna get better at what we already do.",Gemini,colloquial,moderate
What are your company's plans for future growth?,MULTI-SELECT,"['Expanding into new markets', ' Developing new products or services', ' Acquiring other companies', ' Improving operational efficiency', ' Investing in research and development']","We're looking at several options, including new markets and maybe some acquisitions.  It's a complex process.",Gemini,annoyed,moderate
What are your company's primary marketing objectives?,MULTI-SELECT,"['Increase brand awareness', ' Generate leads', ' Drive sales', ' Improve customer engagement', ' Build customer loyalty']","Gotta get the name out there, you know?  And, like, actually sell some stuff. So, brand awareness and sales are key.",Gemini,colloquial,moderate
What are your company's primary marketing objectives?,MULTI-SELECT,"['Increase brand awareness', ' Generate leads', ' Drive sales', ' Improve customer engagement', ' Build customer loyalty']",We need to generate more leads and improve customer engagement.  It's that simple.  More leads equals more sales.,Gemini,annoyed,moderate
What are your company's primary methods for generating leads?,MULTI-SELECT,"['Inbound marketing', ' Outbound marketing', ' Content marketing', ' Social media marketing', ' Paid advertising']",Inbound and content marketing are our main lead generation methods.,Gemini,concise,moderate
What are your company's primary methods for generating leads?,MULTI-SELECT,"['Inbound marketing', ' Outbound marketing', ' Content marketing', ' Social media marketing', ' Paid advertising']","We're all about inbound marketing, ya know?  Content's king, and social media helps spread the word.  Sometimes we do some paid ads, too.",Gemini,colloquial,moderate
What are your company's primary revenue streams?,MULTI-SELECT,"['Product sales', ' Service revenue', ' Subscription fees', ' Licensing fees', ' Advertising revenue']","We make our dough selling stuff,  plus subscriptions are a big deal for us.",Gemini,colloquial,moderate
What are your company's primary revenue streams?,MULTI-SELECT,"['Product sales', ' Service sales', ' Subscription fees', ' Licensing fees', ' Advertising revenue']","We mostly make money selling our stuff, but also from fixing it for people.",Gemini,colloquial,moderate
What are your company's primary revenue streams?,MULTI-SELECT,"['Product sales', ' Service revenue', ' Subscription fees', ' Licensing fees', ' Advertising revenue']","It's primarily product sales.  We also get some money from subscriptions, though it's not as significant.",Gemini,annoyed,moderate
What are your company's primary revenue streams?,MULTI-SELECT,"['Product sales', ' Service sales', ' Subscription fees', ' Licensing fees', ' Advertising revenue']","It's product sales, obviously.  And we do some service contracts, too.",Gemini,annoyed,moderate
What are your company's primary sales strategies?,MULTI-SELECT,"['Inbound sales', ' Outbound sales', ' Account-based marketing (ABM)', ' Channel sales', ' Strategic partnerships']","We use a combination of methods. It's not just one thing.  Inbound, outbound, and partnerships are all part of it.  We also do some ABM.",Gemini,annoyed,moderate
What are your company's strategies for attracting and retaining top talent?,MULTI-SELECT,"['Competitive compensation and benefits', ' Opportunities for professional development', ' Positive work environment', ' Flexible work arrangements', ' Strong company culture']","Competitive salaries, growth opportunities, and a good work culture are key.",Gemini,concise,moderate
What are your company's strategies for building brand loyalty?,MULTI-SELECT,"['Providing excellent customer service', ' Developing a strong brand identity', ' Creating engaging content', ' Building a strong online presence', ' Running loyalty programs']",Excellent customer service and a strong online presence are key.,Gemini,concise,moderate
What are your company's strategies for building brand loyalty?,MULTI-SELECT,"['Providing excellent customer service', ' Developing a strong brand identity', ' Creating engaging content', ' Building a strong online presence', ' Running loyalty programs']","Dude, we totally nail the customer service thing, plus we're all over social media.  It's a winning combo!",Gemini,colloquial,moderate
What are your company's strategies for complying with data privacy regulations?,MULTI-SELECT,"['Implementing strong data privacy policies', ' Investing in data privacy technology', ' Providing data privacy training to employees', ' Conducting regular data privacy audits', ' Developing incident response plans']","We use strong policies, tech solutions, employee training, and regular audits to meet data privacy regulations.",Gemini,concise,moderate
What are your company's strategies for complying with relevant regulations?,MULTI-SELECT,"['Staying informed about relevant regulations', ' Developing compliance programs', ' Training employees on compliance procedures', ' Conducting regular compliance audits', ' Reporting compliance issues']","We stay informed, develop programs, train staff, audit regularly, and report issues.",Gemini,concise,moderate
What are your company's strategies for ensuring business continuity?,MULTI-SELECT,"['Developing business continuity plans', ' Testing business continuity plans', ' Training employees on business continuity procedures', ' Maintaining adequate resources', ' Monitoring potential disruptions']","Developing, testing, and training; plus resource management and disruption monitoring.",Gemini,concise,moderate
What are your company's strategies for ensuring business continuity?,MULTI-SELECT,"['Developing business continuity plans', ' Testing business continuity plans', ' Training employees on business continuity procedures', ' Maintaining adequate resources', ' Monitoring potential disruptions']","We've got plans, we test 'em, we train everyone, keep enough stuff on hand, and keep an eye out for trouble, ya know?",Gemini,colloquial,moderate
What are your company's strategies for fostering a culture of safety?,MULTI-SELECT,"['Providing safety training to employees', ' Implementing safety procedures', ' Conducting safety audits', ' Investigating accidents and incidents', ' Promoting a culture of safety awareness']","Safety training, audits, and incident investigations are key.",Gemini,concise,moderate
What are your company's strategies for fostering a culture of safety?,MULTI-SELECT,"['Providing safety training to employees', ' Implementing safety procedures', ' Conducting safety audits', ' Investigating accidents and incidents', ' Promoting a culture of safety awareness']","We're all about safety, dude!  We do training, check things out regularly, and if something goes wrong, we figure out why and fix it.",Gemini,colloquial,moderate
What are your company's strategies for improving customer experience?,MULTI-SELECT,"['Providing excellent customer service', ' Developing user-friendly products and services', ' Collecting customer feedback', ' Personalizing the customer experience', ' Building a strong brand reputation']","Excellent service, user-friendly products, and strong brand reputation are key.",Gemini,concise,moderate
What are your company's strategies for improving customer experience?,MULTI-SELECT,"['Providing excellent customer service', ' Developing user-friendly products and services', ' Collecting customer feedback', ' Personalizing the customer experience', ' Building a strong brand reputation']","Dude, we're all about killer customer service and making our stuff super easy to use. We also totally listen to what people say –  feedback is gold!",Gemini,colloquial,moderate
What are your company's strategies for improving customer experience?,MULTI-SELECT,"['Providing excellent customer service', ' Developing user-friendly products and services', ' Collecting customer feedback', ' Personalizing the customer experience', ' Building a strong brand reputation']",We're working on it.  Better customer service and easier-to-use products are priorities.  And we do pay attention to the feedback – eventually.,Gemini,annoyed,moderate
What are your company's strategies for improving employee engagement?,MULTI-SELECT,"['Providing opportunities for professional development', ' Creating a positive work environment', ' Offering competitive compensation and benefits', ' Encouraging teamwork and collaboration', ' Recognizing and rewarding employees']","Competitive pay, positive work environment, and professional development opportunities are crucial.",Gemini,concise,moderate
What are your company's strategies for improving employee engagement?,MULTI-SELECT,"['Providing opportunities for professional development', ' Creating a positive work environment', ' Offering competitive compensation and benefits', ' Encouraging teamwork and collaboration', ' Recognizing and rewarding employees']","Dude, we're all about good pay and benefits, plus a chill workplace where teamwork rocks.  And we show appreciation, too!",Gemini,colloquial,moderate
What are your company's strategies for improving employee retention?,MULTI-SELECT,"['Providing opportunities for professional development', ' Creating a positive work environment', ' Offering competitive compensation and benefits', ' Encouraging teamwork and collaboration', ' Recognizing and rewarding employees']","Competitive pay, benefits, and growth opportunities are crucial.",Gemini,concise,moderate
What are your company's strategies for improving operational efficiency?,MULTI-SELECT,"['Automating tasks', ' Streamlining processes', ' Improving communication', ' Investing in technology', ' Training employees']","We're trying to make things easier, ya know?  Automating stuff, getting better tech, and training people up. Makes a big difference!",Gemini,colloquial,moderate
What are your company's strategies for improving operational efficiency?,MULTI-SELECT,"['Automating tasks', ' Streamlining processes', ' Improving communication', ' Investing in technology', ' Training employees']","We're doing everything we can.  It's a combination of better technology, employee training, and process improvements – it's not easy!",Gemini,annoyed,moderate
What are your company's strategies for improving profitability?,MULTI-SELECT,"['Increasing revenue', ' Reducing costs', ' Improving efficiency', ' Investing in technology', ' Improving pricing strategies']","Boost profits by raising prices, cutting expenses, and selling more.",Gemini,concise,moderate
What are your company's strategies for improving profitability?,MULTI-SELECT,"['Increasing revenue', ' Reducing costs', ' Improving efficiency', ' Investing in technology', ' Improving pricing strategies']","We're trying to make more money, you know? So we're selling more stuff, cutting back on waste, and maybe charging a bit more for some things.",Gemini,colloquial,moderate
What are your company's strategies for improving profitability?,MULTI-SELECT,"['Increasing revenue', ' Reducing costs', ' Improving efficiency', ' Investing in technology', ' Improving pricing strategies']","We're exploring all avenues.  That includes smarter pricing, better efficiency, and of course, cutting costs where we can. It's not rocket science.",Gemini,annoyed,moderate
What are your company's strategies for increasing revenue?,MULTI-SELECT,"['Expanding into new markets', ' Developing new products or services', ' Increasing sales to existing customers', ' Improving marketing and sales effectiveness', ' Raising prices']",Expanding into new markets and improving sales to existing customers.,Gemini,concise,moderate
What are your company's strategies for increasing revenue?,MULTI-SELECT,"['Expanding into new markets', ' Developing new products or services', ' Increasing sales to existing customers', ' Improving marketing and sales effectiveness', ' Raising prices']","We're gonna try a bunch of stuff:  new markets, better ads, and squeezing more out of our current customers!",Gemini,colloquial,moderate
What are your company's strategies for intellectual property protection?,MULTI-SELECT,"['Patents', ' Trademarks', ' Copyrights', ' Trade secrets', ' Non-disclosure agreements']","We cover all our bases, ya know? Patents, trademarks, copyrights—the whole shebang!  And NDAs, of course.",Gemini,colloquial,moderate
What are your company's strategies for intellectual property protection?,MULTI-SELECT,"['Patents', ' Trademarks', ' Copyrights', ' Trade secrets', ' Non-disclosure agreements']","We protect our IP using patents, trademarks, and, naturally, non-disclosure agreements.  It's really not that complicated.",Gemini,annoyed,moderate
What are your company's strategies for managing change?,MULTI-SELECT,"['Communicating effectively with employees', ' Involving employees in the change process', ' Providing training and support', ' Celebrating successes', ' Addressing concerns and feedback']","Effective communication, employee involvement, and training are key.",Gemini,concise,moderate
What are your company's strategies for managing change?,MULTI-SELECT,"['Communicating effectively with employees', ' Involving employees in the change process', ' Providing training and support', ' Celebrating successes', ' Addressing concerns and feedback']","We keep everyone in the loop, get 'em involved, give 'em the tools they need, celebrate the wins, and listen to their gripes.  That's how we roll.",Gemini,colloquial,moderate
What are your company's strategies for managing cybersecurity risks?,MULTI-SELECT,"['Implementing strong cybersecurity policies', ' Investing in cybersecurity technology', ' Providing cybersecurity training to employees', ' Conducting regular security audits', ' Developing incident response plans']","We use strong policies, advanced tech, employee training, regular audits, and incident response plans.",Gemini,concise,moderate
What are your company's strategies for managing cybersecurity risks?,MULTI-SELECT,"['Implementing strong cybersecurity policies', ' Investing in cybersecurity technology', ' Providing cybersecurity training to employees', ' Conducting regular security audits', ' Developing incident response plans']","Yeah, we've got it all covered:  good rules, fancy tech, training for everyone, regular checkups, and a plan if things go sideways.",Gemini,colloquial,moderate
What are your company's strategies for managing its reputation?,MULTI-SELECT,"['Building a strong brand identity', ' Creating positive customer experiences', ' Managing online reviews', ' Responding to criticism', ' Engaging with stakeholders']",We focus on building a strong brand and positive customer experiences.,Gemini,concise,moderate
What are your company's strategies for managing its reputation?,MULTI-SELECT,"['Building a strong brand identity', ' Creating positive customer experiences', ' Managing online reviews', ' Responding to criticism', ' Engaging with stakeholders']","Dude, we totally nail the brand thing, and keep peeps happy.  We're all over the online reviews, too.",Gemini,colloquial,moderate
What are your company's strategies for managing risk?,MULTI-SELECT,"['Identifying potential risks', ' Assessing the likelihood and impact of risks', ' Developing risk mitigation strategies', ' Monitoring risks', ' Reporting risks']","We identify, assess, mitigate, monitor, and report on risks.",Gemini,concise,moderate
What are your company's strategies for managing risk?,MULTI-SELECT,"['Identifying potential risks', ' Assessing the likelihood and impact of risks', ' Developing risk mitigation strategies', ' Monitoring risks', ' Reporting risks']","We figure out what could go wrong, see how bad it could be, make a plan to stop it, keep an eye on things, and let people know if anything's up.",Gemini,colloquial,moderate
What are your company's strategies for managing supply chain risks?,MULTI-SELECT,"['Diversifying suppliers', ' Developing strong supplier relationships', ' Implementing supplier performance management systems', ' Developing contingency plans', ' Monitoring geopolitical events']","Diversification, strong supplier relationships, and contingency planning are key.",Gemini,concise,moderate
What are your company's strategies for measuring marketing ROI?,MULTI-SELECT,"['Website analytics', ' Social media analytics', ' Email marketing analytics', ' Customer surveys', ' Sales data']","We track everything, man! Website clicks, social media buzz, emails opened – the whole shebang.  Plus, we ask customers what they think.",Gemini,colloquial,moderate
What are your company's strategies for measuring marketing ROI?,MULTI-SELECT,"['Website analytics', ' Social media analytics', ' Email marketing analytics', ' Customer surveys', ' Sales data']","We look at website analytics,  social media engagement, *and* sales figures. It's not rocket science.",Gemini,annoyed,moderate
What are your company's strategies for mitigating risks associated with climate change?,MULTI-SELECT,"['Reducing greenhouse gas emissions', ' Investing in renewable energy', ' Improving energy efficiency', ' Developing climate change adaptation plans', ' Engaging with stakeholders on climate change issues']","We're reducing emissions, investing in renewables, and adapting to climate change.",Gemini,concise,moderate
What are your company's strategies for mitigating risks associated with new technologies?,MULTI-SELECT,"['Conducting thorough due diligence', ' Developing risk mitigation strategies', ' Testing new technologies thoroughly', ' Training employees on new technologies', ' Monitoring the performance of new technologies']","Thorough due diligence, risk mitigation plans, and employee training are key.",Gemini,concise,moderate
What are your company's strategies for mitigating risks associated with new technologies?,MULTI-SELECT,"['Conducting thorough due diligence', ' Developing risk mitigation strategies', ' Testing new technologies thoroughly', ' Training employees on new technologies', ' Monitoring the performance of new technologies']","We totally check things out before jumping in,  make plans for if things go wrong, and make sure everyone knows how to use the new stuff.",Gemini,colloquial,moderate
What are your company's strategies for mitigating risks associated with new technologies?,MULTI-SELECT,"['Conducting thorough due diligence', ' Developing risk mitigation strategies', ' Testing new technologies thoroughly', ' Training employees on new technologies', ' Monitoring the performance of new technologies']","We do our homework, obviously.  We plan for problems *before* they happen, and then we train people properly.  It's not rocket science.",Gemini,annoyed,moderate
What are your company's strategies for promoting innovation?,MULTI-SELECT,"['Encouraging experimentation', ' Investing in research and development', ' Creating a culture of innovation', ' Partnering with external innovators', ' Protecting intellectual property']","We're all about trying new stuff,  plus we throw money at R&D, and we make sure we own what we come up with!",Gemini,colloquial,moderate
What are your company's strategies for promoting innovation?,MULTI-SELECT,"['Encouraging experimentation', ' Investing in research and development', ' Creating a culture of innovation', ' Partnering with external innovators', ' Protecting intellectual property']","It's a combination of things, really. We fund R&D, of course, but  it's also crucial to have the right environment and to safeguard our inventions.",Gemini,annoyed,moderate
What are your company's strategies for reducing costs?,MULTI-SELECT,"['Negotiating better prices with suppliers', ' Improving efficiency', ' Reducing waste', ' Automating tasks', ' Outsourcing non-core functions']",Negotiating better supplier prices and automating tasks.,Gemini,concise,moderate
What are your company's strategies for reducing costs?,MULTI-SELECT,"['Negotiating better prices with suppliers', ' Improving efficiency', ' Reducing waste', ' Automating tasks', ' Outsourcing non-core functions']","We're trying to save money by getting better deals from our suppliers and cutting out the fluff – less waste, you know?",Gemini,colloquial,moderate
What are your company's strategies for reducing costs?,MULTI-SELECT,"['Negotiating better prices with suppliers', ' Improving efficiency', ' Reducing waste', ' Automating tasks', ' Outsourcing non-core functions']","We're doing everything we can!  That includes negotiating with suppliers, improving efficiency, and reducing waste.  It's a lot of work.",Gemini,annoyed,moderate
What are your company's sustainability initiatives?,MULTI-SELECT,"['Reducing carbon footprint', ' Using renewable energy', ' Recycling and waste reduction', ' Sustainable sourcing', ' Community involvement']","Reducing carbon footprint, recycling, and sustainable sourcing.",Gemini,concise,moderate
What are your company's sustainability initiatives?,MULTI-SELECT,"['Reducing carbon footprint', ' Using renewable energy', ' Recycling and waste reduction', ' Sustainable sourcing', ' Community involvement']","We're all about going green, man!  We're cutting down on waste, using more solar power, and trying to source stuff responsibly.",Gemini,colloquial,moderate
What are your company's sustainability initiatives?,MULTI-SELECT,"['Reducing carbon footprint', ' Using renewable energy', ' Recycling and waste reduction', ' Sustainable sourcing', ' Community involvement']","We're working on several things, including reducing emissions, improving recycling, and sourcing materials more responsibly.  It's a complex process.",Gemini,annoyed,moderate
What are your company's values?,MULTI-SELECT,"['Integrity', ' Innovation', ' Customer focus', ' Teamwork', ' Sustainability']","We're all about integrity, teamwork, and keeping things sustainable, you know?  Plus, happy customers are key!",Gemini,colloquial,moderate
What are your company's values?,MULTI-SELECT,"['Integrity', ' Innovation', ' Customer focus', ' Teamwork', ' Sustainability']","It's Integrity, Innovation, and Customer Focus.  Those are the most important ones.",Gemini,annoyed,moderate
What are your current marketing and sales technologies?,MULTI-SELECT,"['CRM (Salesforce, HubSpot, etc.)', ' Marketing automation (Marketo, Pardot, etc.)', ' Social media management tools', ' Email marketing platforms', ' Analytics platforms (Google Analytics, etc.)']","Salesforce, Google Analytics, and a social media management tool.",Gemini,concise,moderate
What are your current marketing and sales technologies?,MULTI-SELECT,"['CRM (Salesforce, HubSpot, etc.)', ' Marketing automation (Marketo, Pardot, etc.)', ' Social media management tools', ' Email marketing platforms', ' Analytics platforms (Google Analytics, etc.)']","We're all over the place, man!  Got Salesforce, some email marketing thing, and definitely Google Analytics.  It's a mess, but it works!",Gemini,colloquial,moderate
What are your current marketing and sales technologies?,MULTI-SELECT,"['CRM (Salesforce, HubSpot, etc.)', ' Marketing automation (Marketo, Pardot, etc.)', ' Social media management tools', ' Email marketing platforms', ' Analytics platforms (Google Analytics, etc.)']","We use Salesforce, that's the main one.  And of course, we track everything with Google Analytics.  That's about it.",Gemini,annoyed,moderate
What are your current pain points related to sales lead management?,MULTI-SELECT,"['Difficulty identifying qualified leads', ' Inefficient lead follow-up', ' Lack of visibility into the sales pipeline', ' Poor lead data quality', ' Lack of reporting and analytics']","Man, it's hard to tell which leads are actually worth pursuing.  Plus, keeping track of everything is a nightmare!",Gemini,colloquial,moderate
What are your current pain points related to sales lead management?,MULTI-SELECT,"['Difficulty identifying qualified leads', ' Inefficient lead follow-up', ' Lack of visibility into the sales pipeline', ' Poor lead data quality', ' Lack of reporting and analytics']",We're constantly struggling with poor lead data—it's inaccurate and incomplete.  This makes tracking everything else incredibly difficult.,Gemini,annoyed,moderate
What are your favorite hobbies?,MULTI-SELECT,"['Reading', ' Hiking', ' Cooking', ' Traveling', ' Playing sports']","I'm all about playing sports, dude!  Keeps me fit.",Gemini,colloquial,moderate
What are your favorite hobbies?,MULTI-SELECT,"['Reading', ' Hiking', ' Cooking', ' Traveling', ' Playing sports']",I like traveling and that's about it.  What else is there to do?,Gemini,annoyed,moderate
What are your goals for improving customer satisfaction?,MULTI-SELECT,"['Increase customer retention', ' Improve customer loyalty', ' Generate positive word-of-mouth referrals', ' Reduce customer churn', ' Enhance brand reputation']","Dude, we gotta keep our peeps happy, right?  So, more loyalty, better word-of-mouth, and less churn.  That's the plan.",Gemini,colloquial,moderate
What are your goals for improving customer satisfaction?,MULTI-SELECT,"['Increase customer retention', ' Improve customer loyalty', ' Generate positive word-of-mouth referrals', ' Reduce customer churn', ' Enhance brand reputation']","We want to improve things, obviously.  Focusing on retention and a better brand image should do the trick.",Gemini,annoyed,moderate
What are your hobbies outside of software development?,MULTI-SELECT,"['Reading', ' Hiking', ' Photography', ' Music', ' Gaming', ' Sports', ' Travel']","I'm all about hitting the trails, snapping some pics, and then chilling with a good book.",Gemini,colloquial,moderate
What are your hobbies outside of software development?,MULTI-SELECT,"['Reading', ' Hiking', ' Photography', ' Music', ' Gaming', ' Sports', ' Travel']",I like to read and sometimes I go for a hike if I have the time.  That's about it.,Gemini,annoyed,moderate
What are your key decision criteria for selecting a new CRM system?,MULTI-SELECT,"['Ease of use', ' Integration capabilities', ' Reporting and analytics', ' Cost-effectiveness', ' Scalability']",Cost-effectiveness and scalability are my top priorities.,Gemini,concise,moderate
What are your key decision criteria for selecting a new CRM system?,MULTI-SELECT,"['Ease of use', ' Integration capabilities', ' Reporting and analytics', ' Cost-effectiveness', ' Scalability']","Gotta have something easy to use, right? And it's gotta play nice with what we already have.",Gemini,colloquial,moderate
What are your key decision criteria for selecting a new CRM system?,MULTI-SELECT,"['Ease of use', ' Integration capabilities', ' Reporting and analytics', ' Cost-effectiveness', ' Scalability']","It absolutely needs to integrate with our other software.  And it better be able to handle our growing data volume.  Cost is a factor, of course.",Gemini,annoyed,moderate
What are your key decision-making factors when choosing a vendor?,MULTI-SELECT,"['Price', ' Features', ' Reputation', ' Customer support', ' Implementation process']","Gotta go with the best price, but if their support sucks, I'm outta there!",Gemini,colloquial,moderate
What are your key decision-making factors when choosing a vendor?,MULTI-SELECT,"['Price', ' Features', ' Reputation', ' Customer support', ' Implementation process']","It depends, but mostly it's the implementation process.  If that's a nightmare, the whole thing is a waste of time, no matter the price or features.",Gemini,annoyed,moderate
What are your key performance indicators (KPIs) for your sales team?,MULTI-SELECT,"['Revenue', ' Number of deals closed', ' Average deal size', ' Sales cycle length', ' Customer acquisition cost (CAC)']","Revenue, average deal size, and sales cycle length.",Gemini,concise,moderate
What are your key performance indicators (KPIs) for your sales team?,MULTI-SELECT,"['Revenue', ' Number of deals closed', ' Average deal size', ' Sales cycle length', ' Customer acquisition cost (CAC)']","We look at how much dough they bring in (revenue), how many deals they nail (number of deals closed), and how long it takes them (sales cycle length).",Gemini,colloquial,moderate
What are your key performance indicators (KPIs)?,MULTI-SELECT,"['Production output', ' Safety record', ' Environmental impact', ' Cost efficiency', ' Employee satisfaction']",Production output and cost efficiency are my top KPIs.,Gemini,concise,moderate
What are your key performance indicators (KPIs)?,MULTI-SELECT,"['Production output', ' Safety record', ' Environmental impact', ' Cost efficiency', ' Employee satisfaction']","It depends on the context, but generally, production output and safety record are paramount.  Ignoring either of those is irresponsible.",Gemini,annoyed,moderate
What are your key strategies for improving worker safety?,MULTI-SELECT,"['Improved PPE', ' Enhanced safety training', ' Regular safety audits', ' Improved safety procedures', ' Incentivize safe behavior']","Improved PPE, enhanced training, and regular audits.",Gemini,concise,moderate
What are your key strategies for improving worker safety?,MULTI-SELECT,"['Improved PPE', ' Enhanced safety training', ' Regular safety audits', ' Improved safety procedures', ' Incentivize safe behavior']","Gotta have good safety gear (PPE), right?  Plus,  training's key, and checkin' things regularly – that's a must.",Gemini,colloquial,moderate
What are your key strategies for improving worker safety?,MULTI-SELECT,"['Improved PPE', ' Enhanced safety training', ' Regular safety audits', ' Improved safety procedures', ' Incentivize safe behavior']",It's not rocket science!  We need better safety procedures and to incentivize safe behavior.  That should be obvious.,Gemini,annoyed,moderate
What are your main sources of raw materials?,MULTI-SELECT,"['Domestic suppliers', ' International suppliers', ' Recycled materials', ' Mining operations', ' Agriculture']","Mostly we get stuff from local places, but we also use recycled stuff whenever we can.",Gemini,colloquial,moderate
What are your main sources of raw materials?,MULTI-SELECT,"['Domestic suppliers', ' International suppliers', ' Recycled materials', ' Mining operations', ' Agriculture']","It depends on the material, but we use a mix of domestic suppliers and, yes, we also use recycled stuff.  It's complicated.",Gemini,annoyed,moderate
What are your main transportation methods?,MULTI-SELECT,"['Trucks', ' Rail', ' Ships', ' Pipelines', ' Air']","Mostly trucks, ya know?  And sometimes trains for the big stuff.",Gemini,colloquial,moderate
What are your main transportation methods?,MULTI-SELECT,"['Trucks', ' Rail', ' Ships', ' Pipelines', ' Air']","It depends on what we're moving.  We use a variety of methods;  trucks, ships, rail, sometimes even air for expedited items.",Gemini,annoyed,moderate
What are your preferred code editors or IDEs?,MULTI-SELECT,"['VS Code', ' IntelliJ IDEA', ' Eclipse', ' Sublime Text', ' Atom']","I'm a big fan of VS Code, it's super customizable,  but sometimes I use Sublime Text for quick things.",Gemini,colloquial,moderate
What are your preferred code editors or IDEs?,MULTI-SELECT,"['VS Code', ' IntelliJ IDEA', ' Eclipse', ' Sublime Text', ' Atom']","It depends on the project, but I generally reach for VS Code first. IntelliJ is okay for certain things, but it's bloated.",Gemini,annoyed,moderate
What are your preferred collaboration tools?,MULTI-SELECT,"['Slack', ' Microsoft Teams', ' Google Chat', ' Discord']","Gotta say, Slack's my jam for most things.  Teams is okay for bigger groups, though.",Gemini,colloquial,moderate
What are your preferred collaboration tools?,MULTI-SELECT,"['Slack', ' Microsoft Teams', ' Google Chat', ' Discord']","It really depends on the project, but if I had to pick just one, it would be Slack.  The others are alright, I suppose.",Gemini,annoyed,moderate
What are your preferred communication styles?,MULTI-SELECT,"['Direct and concise', ' Detailed and thorough', ' Collaborative and interactive', ' Formal and professional', ' Informal and friendly']","I'm all about keeping it friendly and informal, unless the situation calls for something more serious, ya know?",Gemini,colloquial,moderate
What are your preferred design tools?,MULTI-SELECT,"['Figma', ' Adobe XD', ' Sketch', ' InVision', ' Adobe Photoshop', ' Adobe Illustrator']","Dude, I'm all about Figma, it's super smooth.  Sometimes I gotta use Photoshop for images, though.",Gemini,colloquial,moderate
What are your preferred design tools?,MULTI-SELECT,"['Figma', ' Adobe XD', ' Sketch', ' InVision', ' Adobe Photoshop', ' Adobe Illustrator']",I prefer Figma.  It's just more efficient than the others for my needs.  If I need raster editing it's Photoshop.,Gemini,annoyed,moderate
What are your preferred learning resources?,MULTI-SELECT,"['Online courses', ' Books', ' Conferences', ' Workshops', ' Mentorship', ' Self-study']","Gotta say, I'm all about online courses and workshops – they're super engaging!",Gemini,colloquial,moderate
What are your preferred learning resources?,MULTI-SELECT,"['Online courses', ' Books', ' Conferences', ' Workshops', ' Mentorship', ' Self-study']","I learn best through a mix of things, really.  Books for the detail, online courses for the structure, and the occasional conference if it's relevant.",Gemini,annoyed,moderate
What are your preferred methods for code optimization?,MULTI-SELECT,"['Profiling', ' Algorithmic improvements', ' Data structure optimization', ' Code refactoring']","Profiling, algorithmic improvements, and data structure optimization are key.",Gemini,concise,moderate
What are your preferred methods for gathering customer feedback?,MULTI-SELECT,"['Customer surveys', ' Customer interviews', ' Focus groups', ' Online reviews', ' Social media monitoring']","Surveys are cool for getting lots of answers quick, but I also like checking out what peeps are saying on social media – you get a raw vibe there.",Gemini,colloquial,moderate
What are your preferred methods for gathering customer feedback?,MULTI-SELECT,"['Customer surveys', ' Customer interviews', ' Focus groups', ' Online reviews', ' Social media monitoring']",I prefer structured methods.  Surveys are the most efficient for large-scale feedback. Social media is too chaotic.,Gemini,annoyed,moderate
What are your preferred methods for maintaining code quality?,MULTI-SELECT,"['Code reviews', ' Static analysis', ' Unit testing', ' Integration testing', ' Code style guidelines']","Gotta have unit tests, man.  And code reviews are a must to keep things sane.",Gemini,colloquial,moderate
What are your preferred methods for maintaining code quality?,MULTI-SELECT,"['Code reviews', ' Static analysis', ' Unit testing', ' Integration testing', ' Code style guidelines']","Obviously, thorough unit testing is a bare minimum.  And code style guidelines are pretty important too, for maintainability.",Gemini,annoyed,moderate
What are your preferred methods for managing dependencies in your projects?,MULTI-SELECT,"['Package managers', ' Dependency injection']","Yeah, I totally rely on package managers, makes life so much easier.",Gemini,colloquial,moderate
What are your preferred methods for nurturing leads?,MULTI-SELECT,"['Email marketing', ' Content marketing', ' Social media engagement', ' Personalized email sequences', ' Webinars and online events']",Personalized email sequences and content marketing are key.,Gemini,concise,moderate
What are your preferred methods for nurturing leads?,MULTI-SELECT,"['Email marketing', ' Content marketing', ' Social media engagement', ' Personalized email sequences', ' Webinars and online events']","Gotta go with email marketing and social media, dude.  Keeps 'em engaged, ya know?",Gemini,colloquial,moderate
What are your preferred methods for staying up-to-date on industry news?,MULTI-SELECT,"['Reading industry publications', ' Attending industry events', ' Following industry influencers on social media', ' Subscribing to industry newsletters', ' Listening to industry podcasts']","I'm all over the place, man!  Newsletters, podcasts, and sometimes I'll catch an influencer's post if it's interesting.",Gemini,colloquial,moderate
What are your preferred methods for staying up-to-date on industry news?,MULTI-SELECT,"['Reading industry publications', ' Attending industry events', ' Following industry influencers on social media', ' Subscribing to industry newsletters', ' Listening to industry podcasts']",I mostly rely on industry publications and the occasional newsletter.  It's the most reliable information.  Social media is too noisy.,Gemini,annoyed,moderate
What are your preferred methods for version control?,MULTI-SELECT,"['Git flow', ' GitHub flow', ' GitLab flow']","GitHub flow's pretty easy to get your head around, especially if you're just starting out. But for bigger things, maybe GitLab flow is the way to go.",Gemini,colloquial,moderate
What are your preferred methods for version control?,MULTI-SELECT,"['Git flow', ' GitHub flow', ' GitLab flow']",It depends entirely on the project's scale and complexity.  There's no one-size-fits-all answer;  you need to choose the right tool for the job.,Gemini,annoyed,moderate
What are your preferred methods of communication?,MULTI-SELECT,"['Email', ' Phone', ' Video conferencing', ' Social media', ' In-person meetings']","Hit me up via email, usually.  Phone's cool too, if it's quick. Video chat?  Yeah, whatever works.",Gemini,colloquial,moderate
What are your preferred methods of communication?,MULTI-SELECT,"['Email', ' Phone calls', ' Video conferencing', ' Instant messaging', ' In-person meetings']","Hit me up via email or text, whatever's easiest!  Video calls are okay too if it's really important.",Gemini,colloquial,moderate
What are your preferred methods of communication?,MULTI-SELECT,"['Email', ' Phone', ' Video conferencing', ' Social media', ' In-person meetings']",Email is best for most things.  Phone calls only if absolutely necessary. I really don't like video conferencing unless it is essential.,Gemini,annoyed,moderate
What are your preferred methods of communication?,MULTI-SELECT,"['Email', ' Phone calls', ' Video conferencing', ' Instant messaging', ' In-person meetings']","I really need you to specify how you want to communicate.  Email's fine, but phone calls are a last resort.",Gemini,annoyed,moderate
What are your preferred methods of customer communication?,MULTI-SELECT,"['Email', ' Phone', ' Chat', ' Social media', ' In-person meetings']","Email's cool for the deets, but sometimes a quick chat is way faster.",Gemini,colloquial,moderate
What are your preferred tools for building and deploying applications?,MULTI-SELECT,"['Docker', ' Kubernetes', ' Jenkins', ' Travis CI', ' CircleCI']","Docker, Kubernetes, and Jenkins are my go-to tools.",Gemini,concise,moderate
What are your preferred tools for building and deploying applications?,MULTI-SELECT,"['Docker', ' Kubernetes', ' Jenkins', ' Travis CI', ' CircleCI']","Docker's awesome for containers, Kubernetes handles the clusters, and Jenkins keeps things automated – that's my usual setup!",Gemini,colloquial,moderate
What are your preferred tools for code analysis?,MULTI-SELECT,"['Linters', ' Static analyzers', ' Code coverage tools']","I'm all about linters, man. They keep my code clean.",Gemini,colloquial,moderate
What are your preferred tools for code analysis?,MULTI-SELECT,"['Linters', ' Static analyzers', ' Code coverage tools']","I prefer static analyzers; they're far more effective than just using linters.  Code coverage tools are useful, but secondary.",Gemini,annoyed,moderate
What are your preferred tools for code documentation?,MULTI-SELECT,"['JSDoc', ' Javadoc', ' Sphinx', ' Doxygen']","I really like JSDoc for quick stuff, but for bigger projects, Sphinx is the way to go, man.",Gemini,colloquial,moderate
What are your preferred tools for code documentation?,MULTI-SELECT,"['JSDoc', ' Javadoc', ' Sphinx', ' Doxygen']","It depends on the project, but I generally prefer JSDoc or Doxygen; they're usually sufficient.",Gemini,annoyed,moderate
What are your preferred tools for monitoring and logging applications?,MULTI-SELECT,"['Grafana', ' Prometheus', ' ELK stack', ' Splunk', ' Datadog']","I'd totally go with Splunk, it's like, super easy to use and gets the job done.  Plus the dashboards are pretty sweet.",Gemini,colloquial,moderate
What are your preferred tools for monitoring and logging applications?,MULTI-SELECT,"['Grafana', ' Prometheus', ' ELK stack', ' Splunk', ' Datadog']","It depends on the scale and budget, but for a straightforward solution,  Prometheus and Grafana are sufficient.",Gemini,annoyed,moderate
What are your preferred ways to contribute to open-source projects?,MULTI-SELECT,"['Coding', ' Testing', ' Documentation', ' Community support']","I'm all about the code, man!  But sometimes I'll help out with the docs if they're really messed up.",Gemini,colloquial,moderate
What are your preferred ways to learn new technologies?,MULTI-SELECT,"['Hands-on practice', ' Reading documentation', ' Watching tutorials', ' Following online courses', ' Working with experienced developers']","Gotta get my hands dirty, ya know?  Tutorials are alright for the basics, but nothin' beats actually doin' it.",Gemini,colloquial,moderate
What are your preferred ways to learn new technologies?,MULTI-SELECT,"['Hands-on practice', ' Reading documentation', ' Watching tutorials', ' Following online courses', ' Working with experienced developers']",I need to actually *use* the technology.  Reading about it is pointless without practical application. Online courses are a waste of time for me.,Gemini,annoyed,moderate
What are your preferred ways to stay up-to-date with the latest technologies?,MULTI-SELECT,"['Reading industry blogs', ' Attending conferences and workshops', ' Taking online courses', ' Participating in open-source projects', ' Networking with other developers']","I mostly check out industry blogs, sometimes go to a conference if it's cool, and I'm always trying to network – gotta meet people, ya know?",Gemini,colloquial,moderate
What are your primary channels for communicating with customers?,MULTI-SELECT,"['Email', ' Phone', ' Social media', ' Live chat', ' In-person meetings']","Mostly email, sometimes we hop on the phone if it's a big deal, and we're always posting stuff on social media, ya know?",Gemini,colloquial,moderate
What are your primary channels for communicating with customers?,MULTI-SELECT,"['Email', ' Phone', ' Social media', ' Live chat', ' In-person meetings']","We use a combination of methods.  Email for most things, phone for emergencies, and social media because we have to.",Gemini,annoyed,moderate
What are your primary concerns regarding the accuracy of your sales data?,MULTI-SELECT,"['Data entry errors', ' Data inconsistencies', ' Lack of data standardization', ' Difficulty accessing accurate data', ' Outdated data']",Data entry errors and outdated data are my primary concerns.,Gemini,concise,moderate
What are your primary concerns regarding the accuracy of your sales data?,MULTI-SELECT,"['Data entry errors', ' Data inconsistencies', ' Lack of data standardization', ' Difficulty accessing accurate data', ' Outdated data']",Biggest problems?  Definitely messed-up data entry and stuff not being standardized.  Makes things a real pain.,Gemini,colloquial,moderate
What are your primary concerns regarding the accuracy of your sales data?,MULTI-SELECT,"['Data entry errors', ' Data inconsistencies', ' Lack of data standardization', ' Difficulty accessing accurate data', ' Outdated data']","It's frustrating, the data is constantly problematic.  Outdated information and inconsistencies are major issues that impact decision-making.",Gemini,annoyed,moderate
What are your primary customer segments?,MULTI-SELECT,"['Construction', ' Manufacturing', ' Energy', ' Transportation', ' Agriculture']","We mostly deal with Construction,  Manufacturing, and a bit of Transportation, you know?",Gemini,colloquial,moderate
What are your primary customer segments?,MULTI-SELECT,"['Construction', ' Manufacturing', ' Energy', ' Transportation', ' Agriculture']","It's primarily Construction and Manufacturing.  We do some work with Energy, but those are the main ones.",Gemini,annoyed,moderate
What are your primary distribution channels?,MULTI-SELECT,"['Direct sales', ' Distributors', ' Retailers', ' Online sales', ' Export']","We sell stuff directly, use distributors, and also have an online store, you know?",Gemini,colloquial,moderate
What are your primary distribution channels?,MULTI-SELECT,"['Direct sales', ' Distributors', ' Retailers', ' Online sales', ' Export']","We use several methods.  Direct sales are important, as are distributors and our online store. That's how we do it.",Gemini,annoyed,moderate
What are your primary environmental concerns?,MULTI-SELECT,"['Air pollution', ' Water pollution', ' Waste management', ' Greenhouse gas emissions', ' Noise pollution']",Greenhouse gas emissions and water pollution are my top priorities.,Gemini,concise,moderate
What are your primary environmental concerns?,MULTI-SELECT,"['Air pollution', ' Water pollution', ' Waste management', ' Greenhouse gas emissions', ' Noise pollution']","Dude, it's gotta be the air and the water, right?  Plus all that garbage piling up everywhere.",Gemini,colloquial,moderate
What are your primary environmental concerns?,MULTI-SELECT,"['Air pollution', ' Water pollution', ' Waste management', ' Greenhouse gas emissions', ' Noise pollution']",It's a toss-up between air pollution impacting respiratory health and the sheer volume of waste we generate.  Both are unacceptable.,Gemini,annoyed,moderate
What are your primary goals for improving sustainability?,MULTI-SELECT,"['Reduce greenhouse gas emissions', ' Reduce water consumption', ' Reduce waste generation', ' Improve energy efficiency', ' Source sustainable materials']",Reduce greenhouse gas emissions and waste generation.,Gemini,concise,moderate
What are your primary goals for improving sustainability?,MULTI-SELECT,"['Reduce greenhouse gas emissions', ' Reduce water consumption', ' Reduce waste generation', ' Improve energy efficiency', ' Source sustainable materials']","Gotta cut down on the pollution, ya know? And use less water too.",Gemini,colloquial,moderate
What are your primary goals for improving sustainability?,MULTI-SELECT,"['Reduce greenhouse gas emissions', ' Reduce water consumption', ' Reduce waste generation', ' Improve energy efficiency', ' Source sustainable materials']","It's a multifaceted problem, but obviously reducing greenhouse gas emissions is key. We're also working on improving energy efficiency.",Gemini,annoyed,moderate
What are your primary goals for improving your sales process?,MULTI-SELECT,"['Increase sales revenue', ' Improve sales efficiency', ' Enhance customer satisfaction', ' Reduce sales cycle length', ' Improve lead conversion rates']",Increase sales revenue and improve lead conversion rates.,Gemini,concise,moderate
What are your primary goals for improving your sales process?,MULTI-SELECT,"['Increase sales revenue', ' Improve sales efficiency', ' Enhance customer satisfaction', ' Reduce sales cycle length', ' Improve lead conversion rates']","Gotta get more sales, ya know?  And less time wasted, so shorter sales cycles are key.",Gemini,colloquial,moderate
What are your primary goals for improving your sales process?,MULTI-SELECT,"['Increase sales revenue', ' Improve sales efficiency', ' Enhance customer satisfaction', ' Reduce sales cycle length', ' Improve lead conversion rates']","Frankly, we need more sales.  And better conversion of leads.  It's that simple.",Gemini,annoyed,moderate
What are your primary goals for this marketing campaign?,MULTI-SELECT,"['Increase brand awareness', ' Generate leads', ' Drive sales', ' Improve customer engagement', ' Build customer loyalty']","Gotta get those sales up, but also, you know, keep people happy and coming back for more. So, engagement's a big one too!",Gemini,colloquial,moderate
What are your primary goals for this marketing campaign?,MULTI-SELECT,"['Increase brand awareness', ' Generate leads', ' Drive sales', ' Improve customer engagement', ' Build customer loyalty']",We need to sell more product. That's the bottom line.  And improving customer engagement will help with that.,Gemini,annoyed,moderate
What are your primary methods for reducing energy consumption?,MULTI-SELECT,"['Energy-efficient equipment', ' Process optimization', ' Renewable energy sources', ' Waste heat recovery', ' Energy management systems']",Energy-efficient equipment and renewable energy sources.,Gemini,concise,moderate
What are your primary methods for reducing energy consumption?,MULTI-SELECT,"['Energy-efficient equipment', ' Process optimization', ' Renewable energy sources', ' Waste heat recovery', ' Energy management systems']","We're all about using the latest energy-saving gadgets, and trying to tweak things to use less juice. Plus, we're looking into solar.",Gemini,colloquial,moderate
What are your primary methods for reducing waste generation?,MULTI-SELECT,"['Improved process efficiency', ' Recycling programs', ' Waste reduction initiatives', ' Waste-to-energy technologies', ' Improved material handling']",Improved process efficiency and recycling programs are key.,Gemini,concise,moderate
What are your primary methods for reducing waste generation?,MULTI-SELECT,"['Improved process efficiency', ' Recycling programs', ' Waste reduction initiatives', ' Waste-to-energy technologies', ' Improved material handling']","Recycling's a big one, but we're also really trying to be smarter about how we do things – less waste from the get-go, ya know?",Gemini,colloquial,moderate
What are your primary methods for reducing water consumption?,MULTI-SELECT,"['Water recycling', ' Water-efficient equipment', ' Process optimization', ' Leak detection and repair', ' Water management systems']","Dude, we're all about fixing leaks and using less water stuff.  It's pretty straightforward.",Gemini,colloquial,moderate
What are your primary methods for reducing water consumption?,MULTI-SELECT,"['Water recycling', ' Water-efficient equipment', ' Process optimization', ' Leak detection and repair', ' Water management systems']","We're doing everything we can.  That includes upgrading our equipment, fixing leaks, and optimizing our processes. It's not easy!",Gemini,annoyed,moderate
What are your primary sources of information about industry trends?,MULTI-SELECT,"['Industry publications', ' News websites', ' Social media', ' Conferences and trade shows', ' Industry analysts']","I check out trade shows and industry rags, mostly.  Sometimes social media, if I stumble on something interesting.",Gemini,colloquial,moderate
What are your primary sources of information about industry trends?,MULTI-SELECT,"['Industry publications', ' News websites', ' Social media', ' Conferences and trade shows', ' Industry analysts']",I find reliable information mostly through industry publications and analysts' reports.  Everything else is too unreliable.,Gemini,annoyed,moderate
What are your primary sources of leads?,MULTI-SELECT,"['Referral programs', ' Social media marketing', ' Content marketing', ' Email marketing', ' Paid advertising']","Mostly we get leads from word-of-mouth, you know, referrals.  But we also do some social media stuff.",Gemini,colloquial,moderate
What are your primary sources of leads?,MULTI-SELECT,"['Referral programs', ' Social media marketing', ' Content marketing', ' Email marketing', ' Paid advertising']","It's a combination of things, really.  We use paid ads, but also rely on referrals and content marketing to build a sustainable pipeline.",Gemini,annoyed,moderate
What are your sales team's key performance indicators (KPIs)?,MULTI-SELECT,"['Revenue generated', ' Number of deals closed', ' Average deal size', ' Sales cycle length', ' Customer acquisition cost (CAC)']",The main ones are revenue and the number of deals closed.  It's not rocket science.  We also keep an eye on the customer acquisition cost.,Gemini,annoyed,moderate
What are your strengths as a software developer?,MULTI-SELECT,"['Problem-solving', ' Communication', ' Teamwork', ' Time management', ' Adaptability', ' Technical skills']",Problem-solving and adaptability are my key strengths.,Gemini,concise,moderate
What are your strengths as a software developer?,MULTI-SELECT,"['Problem-solving', ' Communication', ' Teamwork', ' Time management', ' Adaptability', ' Technical skills']","I'm a whiz at problem-solving, and my time management's pretty solid.  Plus, I work well with others.",Gemini,colloquial,moderate
What are your strengths as a software developer?,MULTI-SELECT,"['Problem-solving', ' Communication', ' Teamwork', ' Time management', ' Adaptability', ' Technical skills']",I'm good at what I do.  My technical skills and ability to adapt are pretty top-notch.  It gets the job done.,Gemini,annoyed,moderate
What are your team's preferred communication tools?,MULTI-SELECT,"['Slack', ' Microsoft Teams', ' Email', ' Project management software', ' Instant messaging apps']","We're all over the place, tbh.  Slack, Teams, and email mostly.  Sometimes project management too, if the boss is on our case.",Gemini,colloquial,moderate
What are your top three priorities for improving your sales process?,MULTI-SELECT,"['Improving lead generation', ' Increasing conversion rates', ' Shortening the sales cycle', ' Improving sales team performance', ' Better lead qualification']","Lead generation, conversion rates, and sales cycle shortening.",Gemini,concise,moderate
What are your top three priorities for improving your sales process?,MULTI-SELECT,"['Improving lead generation', ' Increasing conversion rates', ' Shortening the sales cycle', ' Improving sales team performance', ' Better lead qualification']","Gotta get more leads, you know?  Then, gotta close more of 'em.  And lastly, make the whole process faster.",Gemini,colloquial,moderate
What are your top three priorities for improving your sales process?,MULTI-SELECT,"['Improving lead generation', ' Increasing conversion rates', ' Shortening the sales cycle', ' Improving sales team performance', ' Better lead qualification']","Frankly, we need better leads.  Then we need to improve our team's closing skills.  And finally, the whole sales process takes too long.",Gemini,annoyed,moderate
What areas of software development are you most interested in improving?,MULTI-SELECT,"['Specific programming languages', ' Software design patterns', ' Testing methodologies', ' Project management', ' Communication skills']","Gotta get better at testing, man.  And maybe my communication –  explaining tech stuff is hard!",Gemini,colloquial,moderate
What areas of software development are you most interested in improving?,MULTI-SELECT,"['Specific programming languages', ' Software design patterns', ' Testing methodologies', ' Project management', ' Communication skills']","I need to work on my communication, it's holding me back. Also, better project management would help things run smoother.",Gemini,annoyed,moderate
What challenges are you facing in your current marketing efforts?,MULTI-SELECT,"['Lack of budget', ' Lack of time', ' Lack of resources', ' Difficulty measuring ROI', ' Keeping up with industry trends']",Lack of resources and budget are hindering our progress.,Gemini,concise,moderate
What challenges are you facing in your current marketing efforts?,MULTI-SELECT,"['Lack of budget', ' Lack of time', ' Lack of resources', ' Difficulty measuring ROI', ' Keeping up with industry trends']","Man, it's hard to keep up with everything – new platforms, new tactics. Plus, we're short-staffed and the boss wants results *now*.  It's a mess.",Gemini,colloquial,moderate
What cloud platforms are you familiar with?,MULTI-SELECT,"['AWS', ' Azure', ' Google Cloud Platform']","I know AWS, Azure, and Google Cloud –  I've used 'em all!",Gemini,colloquial,moderate
What cloud platforms are you familiar with?,MULTI-SELECT,"['AWS', ' Azure', ' Google Cloud Platform']",I've worked with AWS and GCP.  Is that sufficient?,Gemini,annoyed,moderate
What communication tools do you use for internal and external communication?,MULTI-SELECT,"['Email', ' Instant messaging', ' Video conferencing', ' Project management software', ' Intranet']","We're all over the place!  Email, IM, video calls... and that project thingamajigger.",Gemini,colloquial,moderate
What databases have you worked with?,MULTI-SELECT,"['MySQL', ' PostgreSQL', ' MongoDB', ' Oracle', ' SQL Server']","I've messed around with MySQL and SQL Server, mostly MySQL though.  They were pretty alright.",Gemini,colloquial,moderate
What databases have you worked with?,MULTI-SELECT,"['MySQL', ' PostgreSQL', ' MongoDB', ' Oracle', ' SQL Server']","I've used MySQL, Oracle, and SQL Server.  Is there anything else I can help you with?",Gemini,annoyed,moderate
What energy sources do you primarily use?,MULTI-SELECT,"['Natural gas', ' Coal', ' Electricity', ' Renewable energy', ' Oil']","Mostly electricity, but we use some natural gas too, ya know?",Gemini,colloquial,moderate
What energy sources do you primarily use?,MULTI-SELECT,"['Natural gas', ' Coal', ' Electricity', ' Renewable energy', ' Oil']","It's a combination, okay?  We use electricity and some oil for backup.",Gemini,annoyed,moderate
What features are most important to you in a sales lead qualification tool?,MULTI-SELECT,"['Lead scoring', ' Lead routing', ' Integration with CRM', ' Reporting and analytics', ' Ease of use']","Gotta have that lead scoring, man.  And it's gotta play nice with my CRM.  Reporting is pretty sweet too.",Gemini,colloquial,moderate
What features are most important to you in a sales lead qualification tool?,MULTI-SELECT,"['Lead scoring', ' Lead routing', ' Integration with CRM', ' Reporting and analytics', ' Ease of use']","I need a tool that works with my CRM, and I need good lead scoring. The reports better be useful, too.",Gemini,annoyed,moderate
What is your current sales process?,MULTI-SELECT,"['Inbound marketing', ' Outbound marketing', ' Sales calls', ' Email outreach', ' Social selling']","We're all about getting the word out, so it's mostly outbound marketing and social selling, then some calls if we need to.",Gemini,colloquial,moderate
What materials do you primarily process or manufacture?,MULTI-SELECT,"['Iron ore', ' Crude oil', ' Limestone', ' Chemicals', ' Plastics']","Mostly iron ore, and some limestone too, ya know?  The rest? Nah.",Gemini,colloquial,moderate
What materials do you primarily process or manufacture?,MULTI-SELECT,"['Iron ore', ' Crude oil', ' Limestone', ' Chemicals', ' Plastics']",The question is straightforward. We work with iron ore and that's that.  The others aren't relevant.,Gemini,annoyed,moderate
What methodologies have you used in software development?,MULTI-SELECT,"['Agile', ' Scrum', ' Kanban', ' Waterfall', ' XP (Extreme Programming)']","Yeah, mostly Agile stuff, you know?  A bit of Scrum here and there, and sometimes Kanban for simpler things.",Gemini,colloquial,moderate
What methodologies have you used in software development?,MULTI-SELECT,"['Agile', ' Scrum', ' Kanban', ' Waterfall', ' XP (Extreme Programming)']","I've worked with Agile, Scrum, and  Waterfall.  It depends on the project requirements, which are not always optimal.",Gemini,annoyed,moderate
What methods do you use to manage your inventory?,MULTI-SELECT,"['First-In, First-Out (FIFO)', ' Last-In, First-Out (LIFO)', ' Weighted-Average Cost', ' Specific Identification', ' Inventory Management Software']","We're all about FIFO for most stuff, but the computer program helps keep things straight, you know?",Gemini,colloquial,moderate
What programming languages are you proficient in?,MULTI-SELECT,"['Python', ' Java', ' JavaScript', ' C++', ' C#', ' Go', ' Swift', ' Kotlin', ' PHP', ' Ruby']","I'm pretty good with Python and JavaScript, and I can get by with Java.  Those are my go-tos.",Gemini,colloquial,moderate
What programming languages are you proficient in?,MULTI-SELECT,"['Python', ' Java', ' JavaScript', ' C++', ' C#', ' Go', ' Swift', ' Kotlin', ' PHP', ' Ruby']","I'm best with Python.  I can also do Java and Javascript, if I have to.",Gemini,annoyed,moderate
What project management tools have you used?,MULTI-SELECT,"['Jira', ' Trello', ' Asana', ' GitHub Projects', ' GitLab Issues']","Yeah, I've messed around with Jira and Trello, mostly Jira though.  Trello's okay for simpler stuff.",Gemini,colloquial,moderate
What project management tools have you used?,MULTI-SELECT,"['Jira', ' Trello', ' Asana', ' GitHub Projects', ' GitLab Issues']","I've worked with Jira, and that's mainly what I know.  The others? Not really my thing.",Gemini,annoyed,moderate
What regulatory bodies do you interact with?,MULTI-SELECT,"['Environmental Protection Agency (EPA)', ' Occupational Safety and Health Administration (OSHA)', ' Department of Transportation (DOT)', ' Local environmental agencies', ' Industry-specific regulatory bodies']","We gotta deal with the EPA,  DOT, and sometimes those pesky local guys.",Gemini,colloquial,moderate
What regulatory bodies do you interact with?,MULTI-SELECT,"['Environmental Protection Agency (EPA)', ' Occupational Safety and Health Administration (OSHA)', ' Department of Transportation (DOT)', ' Local environmental agencies', ' Industry-specific regulatory bodies']","It depends on the project, but we have to deal with EPA, DOT, and sometimes even those overly specific industry bodies.  It's a hassle.",Gemini,annoyed,moderate
What safety measures are in place at your facility?,MULTI-SELECT,"['Personal Protective Equipment (PPE)', ' Regular safety inspections', ' Emergency response plans', ' Employee safety training', ' Lockout/Tagout procedures']","PPE, safety inspections, and emergency plans are in place.",Gemini,concise,moderate
What safety measures are in place at your facility?,MULTI-SELECT,"['Personal Protective Equipment (PPE)', ' Regular safety inspections', ' Emergency response plans', ' Employee safety training', ' Lockout/Tagout procedures']","Yeah, we got all the usual stuff – safety glasses, regular checks, and a plan if things go south.  Plus, we make sure everyone knows what to do.",Gemini,colloquial,moderate
What safety measures are in place at your facility?,MULTI-SELECT,"['Personal Protective Equipment (PPE)', ' Regular safety inspections', ' Emergency response plans', ' Employee safety training', ' Lockout/Tagout procedures']","We have all the standard safety measures.  It's all documented, so if you need specifics, check the safety manual.  We comply with all regulations.",Gemini,annoyed,moderate
What security practices are you familiar with?,MULTI-SELECT,"['OWASP Top 10', ' Authentication', ' Authorization', ' Encryption', ' Input validation', ' Output encoding', ' Secure coding practices']","Dude, I know about OWASP Top 10,  encryption is a biggie, and you gotta have good input validation, right?",Gemini,colloquial,moderate
What security practices are you familiar with?,MULTI-SELECT,"['OWASP Top 10', ' Authentication', ' Authorization', ' Encryption', ' Input validation', ' Output encoding', ' Secure coding practices']","The question is obvious.  I'm aware of authentication, authorization, and encryption,  clearly.  What else is there?",Gemini,annoyed,moderate
What skills are you looking for in a new employee?,MULTI-SELECT,"['Communication', ' Problem-solving', ' Teamwork', ' Leadership', ' Technical skills']","Communication, problem-solving, and teamwork are essential.",Gemini,concise,moderate
What skills are you looking for in a new employee?,MULTI-SELECT,"['Communication', ' Problem-solving', ' Teamwork', ' Leadership', ' Technical skills']","Gotta have good communication, right? And teamwork's a biggie, plus being able to figure stuff out.",Gemini,colloquial,moderate
What skills are you looking for in a new employee?,MULTI-SELECT,"['Communication', ' Problem-solving', ' Teamwork', ' Leadership', ' Technical skills']","We need someone who can communicate clearly, solve problems effectively, and work well with others.  It's really not that complicated.",Gemini,annoyed,moderate
What supply chain management strategies do you utilize?,MULTI-SELECT,"['Just-in-time (JIT) inventory', ' Vendor managed inventory (VMI)', ' Supplier relationship management (SRM)', ' Risk management', ' Supply chain diversification']","We use a combination of approaches.  It depends on the product and supplier.  JIT, VMI, SRM, and risk management are all involved somewhere.",Gemini,annoyed,moderate
What technologies are you currently implementing or exploring?,MULTI-SELECT,"['Automation', ' Robotics', ' Artificial intelligence (AI)', ' Internet of Things (IoT)', ' Big data analytics']","AI, big data, and automation are our current priorities.",Gemini,concise,moderate
What technologies are you currently implementing or exploring?,MULTI-SELECT,"['Automation', ' Robotics', ' Artificial intelligence (AI)', ' Internet of Things (IoT)', ' Big data analytics']","Right now, we're all about AI – it's super cool!  Plus, we're messing around with some big data stuff.",Gemini,colloquial,moderate
What testing methodologies are you familiar with?,MULTI-SELECT,"['Unit testing', ' Integration testing', ' System testing', ' User acceptance testing', ' Agile testing', ' Waterfall testing']","Unit, integration, system, and user acceptance testing.",Gemini,concise,moderate
What testing methodologies are you familiar with?,MULTI-SELECT,"['Unit testing', ' Integration testing', ' System testing', ' User acceptance testing', ' Agile testing', ' Waterfall testing']","I know about unit tests, integration tests,  system tests, and even those user acceptance tests – gotta make sure the users are happy, right?",Gemini,colloquial,moderate
What testing methodologies are you familiar with?,MULTI-SELECT,"['Unit testing', ' Integration testing', ' System testing', ' User acceptance testing', ' Agile testing', ' Waterfall testing']","I'm aware of unit, integration, system, and user acceptance testing.  Is that what you needed?",Gemini,annoyed,moderate
What tools do you use for project management?,MULTI-SELECT,"['Jira', ' Trello', ' Asana', ' Monday.com', ' Microsoft Project']","Mostly Jira, but sometimes we throw stuff into Trello if it's a tiny project.",Gemini,colloquial,moderate
What tools do you use for project management?,MULTI-SELECT,"['Jira', ' Trello', ' Asana', ' Monday.com', ' Microsoft Project']","It depends on the project.  Usually Jira, but occasionally Monday.com if the client insists.",Gemini,annoyed,moderate
What training programs do you offer your employees?,MULTI-SELECT,"['Safety training', ' Technical skills training', ' Leadership development', ' Environmental awareness training', ' On-the-job training']","Safety, technical skills, and leadership training.",Gemini,concise,moderate
What training programs do you offer your employees?,MULTI-SELECT,"['Safety training', ' Technical skills training', ' Leadership development', ' Environmental awareness training', ' On-the-job training']","We do safety stuff, obviously, plus training on the tech side, and some leadership courses for the bosses.",Gemini,colloquial,moderate
What training programs do you offer your employees?,MULTI-SELECT,"['Safety training', ' Technical skills training', ' Leadership development', ' Environmental awareness training', ' On-the-job training']","We offer safety, technical skills, and environmental awareness training,  because it's necessary.  We don't just let people figure it out.",Gemini,annoyed,moderate
What type of sales leads are you most interested in?,MULTI-SELECT,"['High-value leads', ' Qualified leads', ' Marketing qualified leads (MQLs)', ' Sales qualified leads (SQLs)', ' All leads']","Gimme those high-rollers, man!  But qualified leads are cool too.",Gemini,colloquial,moderate
What types of  cloud computing services do you use?,MULTI-SELECT,"['Amazon Web Services (AWS)', ' Microsoft Azure', ' Google Cloud Platform (GCP)', ' IBM Cloud', ' Oracle Cloud']","Mostly AWS, but I've dabbled with Azure a bit.  GCP's cool too, but I haven't used it much.",Gemini,colloquial,moderate
What types of  cloud computing services do you use?,MULTI-SELECT,"['Amazon Web Services (AWS)', ' Microsoft Azure', ' Google Cloud Platform (GCP)', ' IBM Cloud', ' Oracle Cloud']","I use AWS, that's the main one.  I've had to touch Azure a couple of times, and that's about it.",Gemini,annoyed,moderate
What types of  cybersecurity software do you use?,MULTI-SELECT,"['CrowdStrike', ' Palo Alto Networks', ' Fortinet', ' Check Point', ' Symantec']","We're using CrowdStrike, it's pretty sweet, and Check Point too, for extra protection, ya know?",Gemini,colloquial,moderate
What types of  cybersecurity software do you use?,MULTI-SELECT,"['CrowdStrike', ' Palo Alto Networks', ' Fortinet', ' Check Point', ' Symantec']",We use Fortinet.  It's what we have.  Next question.,Gemini,annoyed,moderate
What types of  data analytics tools do you use?,MULTI-SELECT,"['Tableau', ' Power BI', ' Qlik Sense', ' Splunk', ' Google Data Studio']","I'm all about Tableau, it's so easy to use!  But sometimes I gotta use Power BI for work stuff.",Gemini,colloquial,moderate
What types of  data analytics tools do you use?,MULTI-SELECT,"['Tableau', ' Power BI', ' Qlik Sense', ' Splunk', ' Google Data Studio']","I use whatever's available.  Mostly it's Tableau and sometimes, if I'm really unlucky, Power BI.",Gemini,annoyed,moderate
What types of  maintenance software do you use?,MULTI-SELECT,"['SAP PM', ' IBM Maximo', ' Oracle EAM', ' Infor EAM', ' Microsoft Dynamics 365']","We're all about SAP PM and Infor EAM, they're the best!",Gemini,colloquial,moderate
What types of  maintenance software do you use?,MULTI-SELECT,"['SAP PM', ' IBM Maximo', ' Oracle EAM', ' Infor EAM', ' Microsoft Dynamics 365']","We're currently using Microsoft Dynamics 365, but it's not ideal.  It's a bit cumbersome for our needs.",Gemini,annoyed,moderate
What types of  project management software do you use?,MULTI-SELECT,"['Microsoft Project', ' Asana', ' Jira', ' Trello', ' Monday.com']","Mostly Asana, sometimes Trello if it's a tiny thing.  Monday.com's a bit much for us.",Gemini,colloquial,moderate
What types of  project management software do you use?,MULTI-SELECT,"['Microsoft Project', ' Asana', ' Jira', ' Trello', ' Monday.com']","It depends on the project.  Sometimes it's Microsoft Project, other times it's Asana.  There's no single answer.",Gemini,annoyed,moderate
What types of  risk management software do you use?,MULTI-SELECT,"['Archer', ' ServiceNow', ' MetricStream', ' Riskonnect', ' LogicManager']","We've tried several, but currently we're sticking with LogicManager.  It's the least problematic so far.",Gemini,annoyed,moderate
What types of communication protocols are you familiar with?,MULTI-SELECT,"['HTTP', ' HTTPS', ' TCP/IP', ' UDP', ' REST', ' GraphQL']","I know HTTP, HTTPS, and TCP/IP.  Is that enough detail for you?  I also recognize UDP and REST.  Are we done yet?",Gemini,annoyed,moderate
What types of content do you find most effective for lead generation?,MULTI-SELECT,"['Blog posts', ' Case studies', ' White papers', ' Webinars', ' Ebooks', ' Infographics']","Gotta say,  ebooks and infographics are killer for grabbing leads. People love visual stuff.",Gemini,colloquial,moderate
What types of data do you collect to monitor your operations?,MULTI-SELECT,"['Production data', ' Energy consumption data', ' Environmental data', ' Safety data', ' Maintenance data']","Production, energy, environmental, and safety data.",Gemini,concise,moderate
What types of data do you collect to monitor your operations?,MULTI-SELECT,"['Production data', ' Energy consumption data', ' Environmental data', ' Safety data', ' Maintenance data']","We collect data on production, energy use, environmental impact, and safety.  It's a necessary part of operations.  Is there anything else?",Gemini,annoyed,moderate
What types of data structures are you comfortable using?,MULTI-SELECT,"['Arrays', ' Linked Lists', ' Trees', ' Graphs', ' Hash Tables', ' Stacks', ' Queues']","Arrays, linked lists, trees, hash tables, stacks, and queues.",Gemini,concise,moderate
What types of data structures are you comfortable using?,MULTI-SELECT,"['Arrays', ' Linked Lists', ' Trees', ' Graphs', ' Hash Tables', ' Stacks', ' Queues']","I'm good with like, arrays, linked lists, and trees, you know?  And totally down with hash tables and stacks too.",Gemini,colloquial,moderate
What types of data structures are you comfortable using?,MULTI-SELECT,"['Arrays', ' Linked Lists', ' Trees', ' Graphs', ' Hash Tables', ' Stacks', ' Queues']","I can use all of them; arrays, linked lists, trees, graphs, hash tables, stacks, and queues.  It's basic stuff.",Gemini,annoyed,moderate
What types of databases have you used in your projects?,MULTI-SELECT,"['Relational databases', ' NoSQL databases', ' Graph databases']","I've used SQL databases, you know, the usual stuff.  And I played around with some NoSQL ones too. Graph databases?  Not really my thing.",Gemini,colloquial,moderate
What types of databases have you used in your projects?,MULTI-SELECT,"['Relational databases', ' NoSQL databases', ' Graph databases']",I've used relational and NoSQL databases in my projects.  That should be clear enough.  What else do you need?,Gemini,annoyed,moderate
What types of deployment strategies are you familiar with?,MULTI-SELECT,"['Continuous deployment', ' Continuous integration', ' Rolling deployments', ' Blue/green deployments', ' Canary deployments']","Continuous deployment, blue/green, and canary deployments.",Gemini,concise,moderate
What types of deployment strategies are you familiar with?,MULTI-SELECT,"['Continuous deployment', ' Continuous integration', ' Rolling deployments', ' Blue/green deployments', ' Canary deployments']","Yeah, I know about continuous deployment and rolling deployments,  those are pretty common, right?  And maybe canary, too.",Gemini,colloquial,moderate
What types of deployment strategies are you familiar with?,MULTI-SELECT,"['Continuous deployment', ' Continuous integration', ' Rolling deployments', ' Blue/green deployments', ' Canary deployments']","The question is straightforward.  I know about continuous deployment, rolling deployments, and canary deployments. That's what I'm familiar with.",Gemini,annoyed,moderate
What types of design patterns are you familiar with?,MULTI-SELECT,"['Singleton', ' Factory', ' Observer', ' MVC', ' MVVM', ' Decorator', ' Adapter', ' Strategy']","I know Singleton, Factory, and maybe Decorator... those are pretty common ones, right?  And I've heard of MVC.",Gemini,colloquial,moderate
What types of design patterns are you familiar with?,MULTI-SELECT,"['Singleton', ' Factory', ' Observer', ' MVC', ' MVVM', ' Decorator', ' Adapter', ' Strategy']","I recognize Singleton, Factory, Observer, and Adapter.  Is that what you wanted?",Gemini,annoyed,moderate
What types of design patterns are you most comfortable using?,MULTI-SELECT,"['Creational patterns', ' Structural patterns', ' Behavioral patterns']","I'm pretty good with the creational ones, you know?  But I also use structural patterns a bunch.",Gemini,colloquial,moderate
What types of design patterns are you most comfortable using?,MULTI-SELECT,"['Creational patterns', ' Structural patterns', ' Behavioral patterns']",I find creational patterns the easiest to work with.  The others... not so much.  It depends on the project though.,Gemini,annoyed,moderate
What types of design patterns have you implemented in your projects?,MULTI-SELECT,"['Creational patterns', ' Structural patterns', ' Behavioral patterns']","Yeah, I've used a bunch of 'em – mostly the creational ones, but also some behavioral stuff.",Gemini,colloquial,moderate
What types of design patterns have you implemented in your projects?,MULTI-SELECT,"['Creational patterns', ' Structural patterns', ' Behavioral patterns']","I've worked with all three,  depending on the project's needs.  It's not always a simple choice.",Gemini,annoyed,moderate
What types of design principles are you familiar with?,MULTI-SELECT,"['SOLID principles', "" DRY (Don't Repeat Yourself)"", ' KISS (Keep It Simple, Stupid)', "" YAGNI (You Ain't Gonna Need It)""]","Yeah, I know about SOLID, DRY, and KISS.  Those are pretty biggies.",Gemini,colloquial,moderate
What types of design principles are you familiar with?,MULTI-SELECT,"['SOLID principles', "" DRY (Don't Repeat Yourself)"", ' KISS (Keep It Simple, Stupid)', "" YAGNI (You Ain't Gonna Need It)""]","I know SOLID, DRY, and YAGNI.  Is that what you wanted?",Gemini,annoyed,moderate
What types of diagrams are you familiar with?,MULTI-SELECT,"['UML diagrams', ' Flowcharts', ' Entity-relationship diagrams', ' Data flow diagrams', ' State diagrams']","Yeah, I know about UML diagrams and state diagrams, maybe even flowcharts.  Those are pretty standard.",Gemini,colloquial,moderate
What types of diagrams are you familiar with?,MULTI-SELECT,"['UML diagrams', ' Flowcharts', ' Entity-relationship diagrams', ' Data flow diagrams', ' State diagrams']","I recognize UML diagrams, flowcharts, and  entity-relationship diagrams.  Is that what you needed?",Gemini,annoyed,moderate
What types of diversity and inclusion initiatives does your company have?,MULTI-SELECT,"['Diversity training', ' Employee resource groups', ' Mentorship programs', ' Inclusive hiring practices', ' Accessibility initiatives']","We offer diversity training, employee resource groups, and inclusive hiring practices.",Gemini,concise,moderate
What types of diversity and inclusion initiatives does your company have?,MULTI-SELECT,"['Diversity training', ' Employee resource groups', ' Mentorship programs', ' Inclusive hiring practices', ' Accessibility initiatives']","Yeah, we've got diversity training,  some mentorship stuff, and we try real hard to hire everyone fairly.",Gemini,colloquial,moderate
What types of documentation are you comfortable creating?,MULTI-SELECT,"['User manuals', ' Technical specifications', ' API documentation', ' Design documents', ' Test plans']","User manuals, Technical specifications, API documentation.",Gemini,concise,moderate
What types of documentation are you comfortable creating?,MULTI-SELECT,"['User manuals', ' Technical specifications', ' API documentation', ' Design documents', ' Test plans']",I can totally whip up user manuals and design docs.  No sweat!  API docs are also pretty easy for me.,Gemini,colloquial,moderate
What types of documentation are you comfortable creating?,MULTI-SELECT,"['User manuals', ' Technical specifications', ' API documentation', ' Design documents', ' Test plans']","Fine. I can do user manuals, and  I suppose API documentation as well. That's two. Is that enough?",Gemini,annoyed,moderate
What types of employee benefits does your company offer?,MULTI-SELECT,"['Health insurance', ' Retirement plan', ' Paid time off', ' Tuition reimbursement', ' Child care assistance']","Yeah, we got health insurance, PTO, and a retirement thing.  Pretty standard stuff, I guess.",Gemini,colloquial,moderate
What types of employee benefits does your company offer?,MULTI-SELECT,"['Health insurance', ' Retirement plan', ' Paid time off', ' Tuition reimbursement', ' Child care assistance']","We provide the usual: health insurance, paid time off.  There's also a retirement plan if you're into that sort of thing.",Gemini,annoyed,moderate
What types of events do you typically attend?,MULTI-SELECT,"['Conferences', ' Trade shows', ' Seminars', ' Workshops', ' Networking events']","Mostly conferences, maybe a workshop now and then if it looks cool.  Networking things are a must, right?",Gemini,colloquial,moderate
What types of events do you typically attend?,MULTI-SELECT,"['Conferences', ' Trade shows', ' Seminars', ' Workshops', ' Networking events']","I go to whatever's relevant to my work. Lately, that's been mostly trade shows and the occasional seminar.",Gemini,annoyed,moderate
What types of heavy machinery do you utilize?,MULTI-SELECT,"['Bulldozers', ' Excavator', ' Cranes', ' Forklifts', ' Heavy-duty trucks']","We've got bulldozers, 'cause you gotta move that dirt, right?  And excavators, and those big trucks to haul it all away.",Gemini,colloquial,moderate
What types of heavy machinery do you utilize?,MULTI-SELECT,"['Bulldozers', ' Excavator', ' Cranes', ' Forklifts', ' Heavy-duty trucks']","We use a variety of equipment; it depends on the job.  Bulldozers and excavators are common, and of course we need cranes and trucks.",Gemini,annoyed,moderate
What types of industrial automation systems do you use?,MULTI-SELECT,"['Programmable Logic Controllers (PLCs)', ' Supervisory Control and Data Acquisition (SCADA)', ' Distributed Control Systems (DCS)', ' Human-Machine Interfaces (HMIs)', ' Industrial Ethernet']","We use PLCs,  SCADA, and Industrial Ethernet – that's the nuts and bolts of it.",Gemini,colloquial,moderate
What types of industrial automation systems do you use?,MULTI-SELECT,"['Programmable Logic Controllers (PLCs)', ' Supervisory Control and Data Acquisition (SCADA)', ' Distributed Control Systems (DCS)', ' Human-Machine Interfaces (HMIs)', ' Industrial Ethernet']","We use PLCs, of course.  And SCADA.  What else did you expect?",Gemini,annoyed,moderate
What types of industrial robots are used in your operations?,MULTI-SELECT,"['Articulated robots', ' Cartesian robots', ' SCARA robots', ' Delta robots', ' Collaborative robots (cobots)']","We got articulated arms everywhere, plus a few SCARA robots for the fiddly bits.  And yeah, some cobots too.",Gemini,colloquial,moderate
What types of industrial robots are used in your operations?,MULTI-SELECT,"['Articulated robots', ' Cartesian robots', ' SCARA robots', ' Delta robots', ' Collaborative robots (cobots)']","We use articulated, Cartesian, and delta robots.  It's a complex system.  Just ask if you need specifics.",Gemini,annoyed,moderate
What types of information are most important to include in your sales proposals?,MULTI-SELECT,"['Product features and benefits', ' Pricing and payment terms', ' Case studies and testimonials', ' Client success stories', ' Service level agreements (SLAs)']","Product features and benefits, pricing, and client success stories are crucial.",Gemini,concise,moderate
What types of maintenance strategies do you employ?,MULTI-SELECT,"['Preventive maintenance', ' Predictive maintenance', ' Corrective maintenance', ' Condition-based maintenance', ' Total productive maintenance (TPM)']","Preventive, predictive, and corrective maintenance.",Gemini,concise,moderate
What types of maintenance strategies do you employ?,MULTI-SELECT,"['Preventive maintenance', ' Predictive maintenance', ' Corrective maintenance', ' Condition-based maintenance', ' Total productive maintenance (TPM)']","We do it all, man!  Preventative stuff, predicting problems before they hit, fixing things when they break – the whole shebang!",Gemini,colloquial,moderate
What types of marketing channels does your company use?,MULTI-SELECT,"['Digital marketing', ' Social media marketing', ' Email marketing', ' Content marketing', ' Traditional marketing']","Digital, social media, email, and content marketing.",Gemini,concise,moderate
What types of marketing channels does your company use?,MULTI-SELECT,"['Digital marketing', ' Social media marketing', ' Email marketing', ' Content marketing', ' Traditional marketing']","We're all over the place, man!  Social media, email blasts, the whole shebang.  Plus, some old-school stuff too.",Gemini,colloquial,moderate
What types of marketing channels does your company use?,MULTI-SELECT,"['Digital marketing', ' Social media marketing', ' Email marketing', ' Content marketing', ' Traditional marketing']","We use a mix of methods.  It's complicated.  We do digital, social media, and email, among other things.",Gemini,annoyed,moderate
What types of marketing content do you find most effective?,MULTI-SELECT,"['Blog posts', ' Videos', ' Infographics', ' Case studies', ' Email newsletters', ' Social media posts']","Gotta say, videos grab me the most. But infographics are pretty sweet too, if they're done right.",Gemini,colloquial,moderate
What types of projects are you interested in?,MULTI-SELECT,"['Web development', ' Mobile app development', ' Data science', ' Machine learning', ' Artificial intelligence', ' Game development', ' Software engineering']","I'm all about mobile apps, dude!  Maybe some AI stuff too, that sounds cool.",Gemini,colloquial,moderate
What types of projects are you interested in?,MULTI-SELECT,"['Web development', ' Mobile app development', ' Data science', ' Machine learning', ' Artificial intelligence', ' Game development', ' Software engineering']","I'd prefer to work on something challenging, like artificial intelligence or maybe machine learning.  Web development is fine too, I guess.",Gemini,annoyed,moderate
What types of quality certifications do you hold?,MULTI-SELECT,"['ISO 9001', ' ISO 14001', ' OHSAS 18001', ' ISO 27001', ' Industry-specific certifications']","We've got the ISO 9001,  and a bunch of other industry-specific ones that are really important for what we do.",Gemini,colloquial,moderate
What types of quality certifications do you hold?,MULTI-SELECT,"['ISO 9001', ' ISO 14001', ' OHSAS 18001', ' ISO 27001', ' Industry-specific certifications']","We have ISO 14001, is that not enough for you?  We also have a few industry-specific ones.",Gemini,annoyed,moderate
What types of quality control measures do you employ?,MULTI-SELECT,"['Regular inspections', ' Testing', ' Statistical process control (SPC)', ' ISO 9001 certification', ' Six Sigma methodology']","We do regular checks,  test stuff out, and use that fancy SPC thing.  We're also ISO 9001 certified, so there's that.",Gemini,colloquial,moderate
What types of research and development activities are you undertaking?,MULTI-SELECT,"['Process improvement', ' New product development', ' Sustainability initiatives', ' Automation technology', ' Materials science']",New product development and process improvement are our main R&D focuses.,Gemini,concise,moderate
What types of research and development activities are you undertaking?,MULTI-SELECT,"['Process improvement', ' New product development', ' Sustainability initiatives', ' Automation technology', ' Materials science']","We're all about new products, dude, and making things better, you know?  Plus, we're trying to be more eco-friendly.",Gemini,colloquial,moderate
What types of research and development activities are you undertaking?,MULTI-SELECT,"['Process improvement', ' New product development', ' Sustainability initiatives', ' Automation technology', ' Materials science']","We're working on new products, improving processes, and looking at sustainability.  It's a lot to juggle.",Gemini,annoyed,moderate
What types of research and development activities does your company undertake?,MULTI-SELECT,"['Basic research', ' Applied research', ' Development', ' Innovation', ' Technology transfer']","We do it all, man!  Basic stuff, applied stuff,  making new things, and even sharing the cool tech we come up with.",Gemini,colloquial,moderate
What types of research and development activities does your company undertake?,MULTI-SELECT,"['Basic research', ' Applied research', ' Development', ' Innovation', ' Technology transfer']","We're involved in basic, applied research, development, and yes, even innovation.  It's a lot of work.",Gemini,annoyed,moderate
What types of sales reports are most valuable to your team?,MULTI-SELECT,"['Sales pipeline reports', ' Lead conversion reports', ' Sales forecast reports', ' Sales performance reports', ' Customer segmentation reports']","Sales pipeline, performance, and forecast reports are crucial.",Gemini,concise,moderate
What types of sales tools and technologies does your team currently use?,MULTI-SELECT,"['CRM software', ' Sales automation tools', ' Sales intelligence platforms', ' Proposal software', ' Communication and collaboration tools']","CRM software, sales automation, and communication tools.",Gemini,concise,moderate
What types of sales tools and technologies does your team currently use?,MULTI-SELECT,"['CRM software', ' Sales automation tools', ' Sales intelligence platforms', ' Proposal software', ' Communication and collaboration tools']","We use a CRM, obviously.  And some automation tools to make things less manual. That's about it.",Gemini,annoyed,moderate
What types of sales training do your sales reps need?,MULTI-SELECT,"['Product knowledge training', ' Sales techniques training', ' Customer relationship management (CRM) training', ' Negotiation skills training', ' Closing skills training']","Product knowledge, sales techniques, and CRM training are essential.",Gemini,concise,moderate
What types of sales training do your sales reps need?,MULTI-SELECT,"['Product knowledge training', ' Sales techniques training', ' Customer relationship management (CRM) training', ' Negotiation skills training', ' Closing skills training']","Yo, they need to know the stuff we sell, how to actually sell it, and how to use that CRM thingamajig.",Gemini,colloquial,moderate
What types of sales training do your sales reps need?,MULTI-SELECT,"['Product knowledge training', ' Sales techniques training', ' Customer relationship management (CRM) training', ' Negotiation skills training', ' Closing skills training']","They need it all!  Product knowledge is a given, but they're weak on closing, sales techniques in general, and CRM use.",Gemini,annoyed,moderate
What types of software architectures are you familiar with?,MULTI-SELECT,"['Microservices', ' Monolithic', ' Layered', ' Event-driven']","Microservices, Monolithic, Layered, and Event-driven.",Gemini,concise,moderate
What types of software architectures are you familiar with?,MULTI-SELECT,"['Microservices', ' Monolithic', ' Layered', ' Event-driven']","I know about all of 'em: microservices, monoliths, layered stuff, and even event-driven architectures!",Gemini,colloquial,moderate
What types of software architectures are you familiar with?,MULTI-SELECT,"['Microservices', ' Monolithic', ' Layered', ' Event-driven']",I know microservices and monolithic architectures.  Is that enough for you?  What else do you need?,Gemini,annoyed,moderate
What types of software development environments have you worked in?,MULTI-SELECT,"['Agile', ' Waterfall', ' DevOps', ' Continuous integration/continuous delivery (CI/CD)']","Mostly Agile, sometimes a bit of Waterfall mixed in, ya know?  We're trying to get more into DevOps.",Gemini,colloquial,moderate
What types of software development environments have you worked in?,MULTI-SELECT,"['Agile', ' Waterfall', ' DevOps', ' Continuous integration/continuous delivery (CI/CD)']","I've used Agile, and we're supposed to be doing more CI/CD, but it's not always happening.",Gemini,annoyed,moderate
What types of software development methodologies have you experienced?,MULTI-SELECT,"['Agile', ' Waterfall', ' Lean', ' Kanban', ' Scrum']","Yeah, mostly Agile stuff, like Scrum.  A bit of Waterfall back in the day, but that's old school.",Gemini,colloquial,moderate
What types of software development methodologies have you experienced?,MULTI-SELECT,"['Agile', ' Waterfall', ' Lean', ' Kanban', ' Scrum']","I've used Agile, Scrum, and a little bit of Kanban.  That's pretty much it.  What else is there?",Gemini,annoyed,moderate
What types of software development projects have you worked on?,MULTI-SELECT,"['Web applications', ' Mobile applications', ' Desktop applications', ' Embedded systems', ' Data science projects']","Mostly websites, but I've dabbled in some phone apps and did a bit of data stuff once.",Gemini,colloquial,moderate
What types of software development projects have you worked on?,MULTI-SELECT,"['Web applications', ' Mobile applications', ' Desktop applications', ' Embedded systems', ' Data science projects']","I've done web apps, and some desktop stuff.  I've also worked on a few data analysis projects, which were… tedious.",Gemini,annoyed,moderate
What types of software development tools have you used?,MULTI-SELECT,"['Integrated Development Environments (IDEs)', ' Source code management tools', ' Build tools', ' Testing frameworks', ' Debugging tools']","Yeah, I've messed around with IDEs, mostly.  And gotta use Git, right?  Plus, some build tools here and there.",Gemini,colloquial,moderate
What types of software development tools have you used?,MULTI-SELECT,"['Integrated Development Environments (IDEs)', ' Source code management tools', ' Build tools', ' Testing frameworks', ' Debugging tools']","I've worked with IDEs, obviously.  And source control is essential;  I use Git.  That's about it for tools I regularly use.",Gemini,annoyed,moderate
What types of software do you use for production planning and scheduling?,MULTI-SELECT,"['SAP PP', ' Oracle Production Planning', ' Microsoft Dynamics 365 for Finance and Operations', ' Infor LN', ' Epicor ERP']","We're all about SAP PP, that's our go-to!  It just works for us.",Gemini,colloquial,moderate
What types of software do you use for production planning and scheduling?,MULTI-SELECT,"['SAP PP', ' Oracle Production Planning', ' Microsoft Dynamics 365 for Finance and Operations', ' Infor LN', ' Epicor ERP']","We use Epicor ERP.  It's what we have, and it does the job.",Gemini,annoyed,moderate
What types of software licenses are you familiar with?,MULTI-SELECT,"['GPL', ' MIT', ' Apache 2.0', ' BSD', ' Proprietary']","I'm aware of GPL, Apache 2.0, and BSD licenses.  And of course, proprietary software is a category I'm familiar with.  What else did you want to know?",Gemini,annoyed,moderate
What types of technology does your company use?,MULTI-SELECT,"['Cloud computing', ' Big data analytics', ' Artificial intelligence', ' Machine learning', ' Internet of Things (IoT)']","We're all about the cloud, big data – gotta crunch those numbers, you know?  And AI's helping us out a ton.",Gemini,colloquial,moderate
What types of technology does your company use?,MULTI-SELECT,"['Cloud computing', ' Big data analytics', ' Artificial intelligence', ' Machine learning', ' Internet of Things (IoT)']","We use cloud computing, of course.  And some AI and machine learning,  it's pretty standard these days.",Gemini,annoyed,moderate
What types of testing frameworks have you used?,MULTI-SELECT,"['JUnit', ' Pytest', ' Jest', ' Mocha']","I've messed around with JUnit and Pytest, they're pretty cool.  Jest is alright too.",Gemini,colloquial,moderate
What types of testing frameworks have you used?,MULTI-SELECT,"['JUnit', ' Pytest', ' Jest', ' Mocha']","I've worked with JUnit, Pytest, and Mocha.  Is that what you wanted to know?",Gemini,annoyed,moderate
What types of testing have you performed?,MULTI-SELECT,"['Functional testing', ' Performance testing', ' Security testing', ' Usability testing', ' Regression testing']","I've done functional, usability, and regression testing.  It's all in my report.  Next question?",Gemini,annoyed,moderate
What types of training programs are you interested in?,MULTI-SELECT,"['Technical skills training', ' Leadership training', ' Management training', ' Communication skills training', ' Sales training']","Gimme that leadership and sales training, please!  Need to level up my game.",Gemini,colloquial,moderate
What types of training programs are you interested in?,MULTI-SELECT,"['Technical skills training', ' Leadership training', ' Management training', ' Communication skills training', ' Sales training']","I'd like training in communication skills, that's for sure.  And maybe some sales training wouldn't hurt.",Gemini,annoyed,moderate
What types of waste are generated by your operations?,MULTI-SELECT,"['Solid waste', ' Hazardous waste', ' Liquid waste', ' Gaseous emissions', ' Recyclable materials']","We chuck out a bunch of stuff –  boxes, bottles, that kinda thing.  Plus some leftover cleaning solutions.",Gemini,colloquial,moderate
What types of waste are generated by your operations?,MULTI-SELECT,"['Solid waste', ' Hazardous waste', ' Liquid waste', ' Gaseous emissions', ' Recyclable materials']","We generate solid waste, hazardous waste, and gaseous emissions – it's a complex process.",Gemini,annoyed,moderate
What version control systems have you used?,MULTI-SELECT,"['Git', ' SVN', ' Mercurial']","Mostly Git, ya know?  A little SVN back in the day. Never touched Mercurial.",Gemini,colloquial,moderate
What version control systems have you used?,MULTI-SELECT,"['Git', ' SVN', ' Mercurial']","I've used Git and that's what matters.  I've had to deal with SVN a couple times, and I really don't need another one.",Gemini,annoyed,moderate
Which marketing channels are you currently using?,MULTI-SELECT,"['Social Media Marketing', ' Email Marketing', ' Search Engine Optimization (SEO)', ' Pay-Per-Click (PPC) Advertising', ' Content Marketing', ' Affiliate Marketing']","We're all over the place, man!  Social media, email blasts, SEO... the whole shebang.",Gemini,colloquial,moderate
Which marketing channels are you currently using?,MULTI-SELECT,"['Social Media Marketing', ' Email Marketing', ' Search Engine Optimization (SEO)', ' Pay-Per-Click (PPC) Advertising', ' Content Marketing', ' Affiliate Marketing']",We use several;  primarily social media and content marketing.  Is that what you needed?,Gemini,annoyed,moderate
Which of these industries do your target customers operate in?,MULTI-SELECT,"['Healthcare', ' Finance', ' Technology', ' Education', ' Retail', ' Manufacturing']","Mostly healthcare and retail,  a bit of tech too, you know?",Gemini,colloquial,moderate
Which of these industries do your target customers operate in?,MULTI-SELECT,"['Healthcare', ' Finance', ' Technology', ' Education', ' Retail', ' Manufacturing']","It's Healthcare, and possibly Retail.  I've told you this before.",Gemini,annoyed,moderate
Which operating systems do you use regularly?,MULTI-SELECT,"['Windows', ' macOS', ' Linux', ' Android', ' iOS']","I use Windows at work, and Android on my phone. That's it.  What else do you want?",Gemini,annoyed,moderate
What are your key strategies for attracting and retaining skilled workers?,MULTI-SELECT,"['Competitive compensation and benefits', ' Training and development opportunities', ' Opportunities for career advancement', ' Positive work environment', ' Employee recognition programs']","Competitive pay, good benefits, and career growth opportunities are key.",Gemini,concise,moderate
What are your key strategies for attracting and retaining skilled workers?,MULTI-SELECT,"['Competitive compensation and benefits', ' Training and development opportunities', ' Opportunities for career advancement', ' Positive work environment', ' Employee recognition programs']","Gotta pay well, right?  And, like, make it a cool place to work.  Plus, gotta let people move up.",Gemini,colloquial,moderate
What are your preferred methods for tracking sales performance?,MULTI-SELECT,"['Sales dashboards', ' Sales reports', ' Sales meetings', ' One-on-one coaching', ' Team performance reviews']",Sales dashboards and reports are essential; regular meetings are helpful.,Gemini,concise,moderate
What are your preferred methods for tracking sales performance?,MULTI-SELECT,"['Sales dashboards', ' Sales reports', ' Sales meetings', ' One-on-one coaching', ' Team performance reviews']","Dashboards are my go-to, man.  But I also like to chat with the team in meetings, helps keep everyone on track.",Gemini,colloquial,moderate
What are your primary business goals for the next quarter?,MULTI-SELECT,"['Increase revenue by 10%', ' Expand into new markets', ' Improve customer retention', ' Launch a new product or service', ' Reduce operational costs']","Gonna try to bump up sales by 10%, and maybe even get that new gizmo out the door!",Gemini,colloquial,moderate
Which heavy industrial processes are you involved in?,MULTI-SELECT,"['Steel production', ' Oil refining', ' Cement manufacturing', ' Mining', ' Chemical processing']","I'm all up in steel making, oil refining, and mining, dude.  Lots of data there!",Gemini,colloquial,moderate
Which heavy industrial processes are you involved in?,MULTI-SELECT,"['Steel production', ' Oil refining', ' Cement manufacturing', ' Mining', ' Chemical processing']","I'm involved with steel production, and that's enough to keep me busy, thanks.  Why are you asking so many questions?",Gemini,annoyed,moderate
Which social media platforms do you use for marketing?,MULTI-SELECT,"['Facebook', ' Instagram', ' Twitter', ' LinkedIn', ' TikTok', ' YouTube']","We're all over Facebook and Insta, mostly.  YouTube's getting some love too lately.",Gemini,colloquial,moderate
Which social media platforms do you use for marketing?,MULTI-SELECT,"['Facebook', ' Instagram', ' Twitter', ' LinkedIn', ' TikTok', ' YouTube']","We use Facebook, Instagram, and Twitter.  It's a lot of work, honestly.",Gemini,annoyed,moderate
Are you currently using a similar product?,SINGLE-SELECT,"['Yes', ' No']","  No, I already have a perfectly adequate system in place.  Why would I need something else?",Gemini,annoyed,moderate
Are you familiar with DevOps practices?,SINGLE-SELECT,"['Yes', ' No']"," Yes, of course I am.  Is that all you wanted to know?",Gemini,annoyed,moderate
Are you satisfied with the amount of communication you receive from our team?,SINGLE-SELECT,"['Yes', ' No']","  Yeah, communication's been alright. No complaints.",Gemini,colloquial,moderate
Are you satisfied with the amount of communication you receive from our team?,SINGLE-SELECT,"['Yes', ' No']",  I wish there was more communication.  It's been a little difficult to stay on top of things.,Gemini,annoyed,moderate
Communication frequency,SINGLE-SELECT,"['Daily', ' Weekly', ' Bi-weekly', ' Monthly']","  Weekly would be sufficient, but if it absolutely has to be more often, then fine.",Gemini,annoyed,moderate
Communication style preference,SINGLE-SELECT,"['Formal', ' Informal']",  I'd rather have things stated plainly and directly. Formal is the way to go.,Gemini,annoyed,moderate
Do you have any specific requirements for this project?,SINGLE-SELECT,"['Yes', ' No']","  Yes, of course there are requirements.  Didn't you read the brief?",Gemini,annoyed,moderate
Do you prefer synchronous or asynchronous communication?,SINGLE-SELECT,"['Synchronous', ' Asynchronous', ' Both']","  Depends, ya know?  Sometimes you need that instant chat, other times email's fine.",Gemini,colloquial,moderate
Do you prefer synchronous or asynchronous communication?,SINGLE-SELECT,"['Synchronous', ' Asynchronous', ' Both']",  It just depends on the context; there's no single answer that always applies.,Gemini,annoyed,moderate
Do you prefer to communicate in writing or verbally?,SINGLE-SELECT,"['Writing', ' Verbally', ' Both equally']","  I'm way better at typing stuff out than talking, you know?  Talking is just... messy.",Gemini,colloquial,moderate
Do you prefer to communicate in writing or verbally?,SINGLE-SELECT,"['Writing', ' Verbally', ' Both equally']",  I suppose writing is less prone to interruption and misinterpretations than speaking.  It's more efficient for me.,Gemini,annoyed,moderate
How comfortable are you using technology for communication?,SINGLE-SELECT,"['Very Comfortable', ' Comfortable', ' Somewhat Comfortable', ' Uncomfortable']","  I'm okay with it, I guess.  Could be better, could be worse.",Gemini,colloquial,moderate
How comfortable are you using technology for communication?,SINGLE-SELECT,"['Very Comfortable', ' Comfortable', ' Somewhat Comfortable', ' Uncomfortable']","  I'm not exactly thrilled about it, this technology stuff is a bit much sometimes. It's just not that easy for me.",Gemini,annoyed,moderate
How did you hear about our company?,SINGLE-SELECT,"['Google Search', ' Social Media', ' Referral', ' Trade Show', ' Other']","  Saw your ad on Facebook, that's how I found you guys.",Gemini,colloquial,moderate
How did you hear about our company?,SINGLE-SELECT,"['Google Search', ' Social Media', ' Referral', ' Trade Show', ' Other']",  A business associate mentioned your firm. I suppose I should have gotten their contact info.,Gemini,annoyed,moderate
How do you handle creative block?,SINGLE-SELECT,"['Take a break', ' Seek inspiration from others', ' Experiment with new techniques', ' Change my environment', ' Try a different approach']","  Dude, I just gotta bounce – go for a walk, grab some coffee, you know? Clear my brain a bit.",Gemini,colloquial,moderate
How do you prefer to receive feedback?,SINGLE-SELECT,"['Email', ' In-person Meeting', ' Video Call']",  A video call would be the least disruptive to my workflow.,Gemini,annoyed,moderate
How do you stay current with design trends?,SINGLE-SELECT,"['Design Blogs', ' Design Magazines', ' Social Media', ' Industry Conferences', ' Design Workshops']",  I'm all over Instagram and Pinterest – that's how I keep tabs on what's hot in design right now!,Gemini,colloquial,moderate
How effective is our team at resolving communication issues?,SINGLE-SELECT,"['Very Effective', ' Effective', ' Somewhat Effective', ' Ineffective']","  We're pretty good at sorting things out when comms go south, you know?",Gemini,colloquial,moderate
How effective is our team at resolving communication issues?,SINGLE-SELECT,"['Very Effective', ' Effective', ' Somewhat Effective', ' Ineffective']",  We could definitely improve how we handle these situations. It's not always smooth sailing.,Gemini,annoyed,moderate
How important is it for you to receive a response to your communications?,SINGLE-SELECT,"['Very Important', ' Important', ' Somewhat Important', ' Not Important']","  Dude, yeah, gotta get a reply, it's pretty important.",Gemini,colloquial,moderate
How important is it for you to receive a response to your communications?,SINGLE-SELECT,"['Very Important', ' Important', ' Somewhat Important', ' Not Important']","  It's really frustrating when I don't get a reply, I need to know what's going on.",Gemini,annoyed,moderate
How important is it to you that communication is documented?,SINGLE-SELECT,"['Very Important', ' Important', ' Somewhat Important', ' Not Important']","  Yeah, it's pretty important to keep a paper trail, you know?  Makes things way less messy.",Gemini,colloquial,moderate
How important is it to you that communication is documented?,SINGLE-SELECT,"['Very Important', ' Important', ' Somewhat Important', ' Not Important']","  It depends on the context, but ideally, yes, it should be documented.  This isn't always realistic though, so I guess it's not that big of a deal.",Gemini,annoyed,moderate
How important is it to you that communication is transparent?,SINGLE-SELECT,"['Very Important', ' Important', ' Somewhat Important', ' Not Important']","  Yeah, gotta be pretty transparent, right?  Otherwise, things get messy.",Gemini,colloquial,moderate
How important is it to you that communication is transparent?,SINGLE-SELECT,"['Very Important', ' Important', ' Somewhat Important', ' Not Important']",  It depends on the situation.  Sometimes it's just not necessary to be completely open.,Gemini,annoyed,moderate
How important is timely communication to you?,SINGLE-SELECT,"['Very Important', ' Important', ' Somewhat Important', ' Not Important']","  It's a big deal, yeah?  Gotta know what's up when I need to know.",Gemini,colloquial,moderate
How important is timely communication to you?,SINGLE-SELECT,"['Very Important', ' Important', ' Somewhat Important', ' Not Important']",  It would be nice if people got back to me in a reasonable timeframe.  It's rather frustrating when they don't.,Gemini,annoyed,moderate
How many employees does your company have?,SINGLE-SELECT,"['1-10', ' 11-50', ' 51-100', ' 101-500', ' 500+']", We're a small but mighty team!  We have a close-knit group working together.  I believe we fall within the 11-50 employee range.,Gemini,verbose,moderate
How many employees does your company have?,SINGLE-SELECT,"['1-10', ' 11-50', ' 51-100', ' 101-500', ' 500+']","  We're a pretty small outfit, like, under 10 people.",Gemini,colloquial,moderate
How many people are typically involved in your team's communications?,SINGLE-SELECT,"['1-5', ' 6-10', ' 11-20', ' More than 20']","  It's usually just a small group, like, me and four others, tops.",Gemini,colloquial,moderate
How many people are typically involved in your team's communications?,SINGLE-SELECT,"['1-5', ' 6-10', ' 11-20', ' More than 20']","  It varies, but often more than 20 people are somehow involved in our communications. It's a bit much sometimes.",Gemini,annoyed,moderate
How much time do you typically spend communicating with our team each week?,SINGLE-SELECT,"['Less than 1 hour', ' 1-3 hours', ' 3-5 hours', ' More than 5 hours']","  Yeah, probably less than an hour, just quick chats here and there.",Gemini,colloquial,moderate
How often do you feel your communication is misunderstood?,SINGLE-SELECT,"['Very Often', ' Often', ' Sometimes', ' Rarely', ' Never']","  It's a crapshoot, sometimes I get my point across, sometimes... not so much.",Gemini,colloquial,moderate
How often do you feel your communication is misunderstood?,SINGLE-SELECT,"['Very Often', ' Often', ' Sometimes', ' Rarely', ' Never']", It's really irritating when people don't seem to grasp what I'm saying.  It happens more than I'd like.,Gemini,annoyed,moderate
How often do you need updates?,SINGLE-SELECT,"['Daily', ' Weekly', ' Monthly', ' As needed']","  Dude, I need 'em every day, gotta stay in the loop!",Gemini,colloquial,moderate
How often do you need updates?,SINGLE-SELECT,"['Daily', ' Weekly', ' Monthly', ' As needed']","  Weekly updates would be sufficient, but honestly, anything less is unacceptable.",Gemini,annoyed,moderate
How often do you prefer to receive project updates?,SINGLE-SELECT,"['Daily', ' Weekly', ' Bi-weekly', ' Monthly']","  I'd rather get 'em bi-weekly, that works for me.",Gemini,colloquial,moderate
How often do you prefer to receive project updates?,SINGLE-SELECT,"['Daily', ' Weekly', ' Bi-weekly', ' Monthly']","  Weekly updates would be best, please.  I don't need daily bombardment.",Gemini,annoyed,moderate
How responsive is our team to your communication?,SINGLE-SELECT,"['Very Responsive', ' Responsive', ' Somewhat Responsive', ' Unresponsive', ' Very Unresponsive']",  They're on the ball!  Got back to me super fast.,Gemini,colloquial,moderate
How responsive is our team to your communication?,SINGLE-SELECT,"['Very Responsive', ' Responsive', ' Somewhat Responsive', ' Unresponsive', ' Very Unresponsive']",  It's been a bit slow getting replies;  I've had to follow up more than once.,Gemini,annoyed,moderate
How satisfied are you with our communication?,SINGLE-SELECT,"['Very Satisfied', ' Satisfied', ' Neutral', ' Dissatisfied', ' Very Dissatisfied']", It could have been better.  I had to ask for clarification a few times.,Gemini,annoyed,moderate
How satisfied are you with our current service?,SINGLE-SELECT,"['Very Satisfied', ' Satisfied', ' Neutral', ' Dissatisfied', ' Very Dissatisfied']"," It's alright, I guess. Could be better, but it's not terrible.",Gemini,colloquial,moderate
How satisfied are you with our current service?,SINGLE-SELECT,"['Very Satisfied', ' Satisfied', ' Neutral', ' Dissatisfied', ' Very Dissatisfied']",  It's been pretty disappointing lately.  I expected better.,Gemini,annoyed,moderate
How would you rate the overall effectiveness of our communication?,SINGLE-SELECT,"['Excellent', ' Good', ' Fair', ' Poor']","  It's been pretty decent, not perfect but definitely workable.",Gemini,colloquial,moderate
How would you rate the overall effectiveness of our communication?,SINGLE-SELECT,"['Excellent', ' Good', ' Fair', ' Poor']",  It could have been better.  We wasted time on clarifications that shouldn't have been necessary.  More efficient communication practices are needed.,Gemini,annoyed,moderate
How would you rate your experience with our customer support?,SINGLE-SELECT,"['Excellent', ' Good', ' Fair', ' Poor']"," It was alright, I guess.  Coulda been better, but it worked out.",Gemini,colloquial,moderate
How would you rate your experience with our customer support?,SINGLE-SELECT,"['Excellent', ' Good', ' Fair', ' Poor']",  The service was quite poor; it took far too long to get a resolution.,Gemini,annoyed,moderate
Level of communication detail,SINGLE-SELECT,"['High', ' Medium', ' Low']",  The level of detail was unnecessarily low; I needed more information to make a proper assessment.,Gemini,annoyed,moderate
Preferred time for communication,SINGLE-SELECT,"['Morning', ' Afternoon', ' Evening']"," Evening's chillin', that's when I'm free to chat.",Gemini,colloquial,moderate
Preferred time for communication,SINGLE-SELECT,"['Morning', ' Afternoon', ' Evening']",  Morning would be ideal.  Please try to contact me then.,Gemini,annoyed,moderate
What are your career goals in the art and design industry?,SINGLE-SELECT,"['Freelance Artist', ' In-house Designer', ' Art Director', ' Creative Director', ' Start my own Design Agency']","  I'm aiming to be a freelance artist, man.  Total freedom!",Gemini,colloquial,moderate
What are your career goals in the art and design industry?,SINGLE-SELECT,"['Freelance Artist', ' In-house Designer', ' Art Director', ' Creative Director', ' Start my own Design Agency']","  I'd rather be a Creative Director, it's more strategic.  I want to work on broader campaigns, not just specific elements.",Gemini,annoyed,moderate
What are your preferred methods for gathering user feedback?,SINGLE-SELECT,"['User Interviews', ' Surveys', ' Usability Testing', ' A/B Testing', ' Heatmaps']"," Surveys are best for quick, large-scale feedback.",Gemini,concise,moderate
What are your preferred methods for gathering user feedback?,SINGLE-SELECT,"['User Interviews', ' Surveys', ' Usability Testing', ' A/B Testing', ' Heatmaps']","  Usability testing, dude.  See how people *actually* use the thing.  So much better than guessing.",Gemini,colloquial,moderate
What are your preferred methods for gathering user feedback?,SINGLE-SELECT,"['User Interviews', ' Surveys', ' Usability Testing', ' A/B Testing', ' Heatmaps']"," Heatmaps are fine, I suppose.  But they only show what people look at, not *why*.  I need more context.",Gemini,annoyed,moderate
What are your primary business goals?,SINGLE-SELECT,"['Increase Revenue', ' Reduce Costs', ' Improve Efficiency', ' Expand Market Share']","  It's expanding market share, obviously.  What else would it be?",Gemini,annoyed,moderate
What are your top three priorities for this year?,SINGLE-SELECT,"['Revenue Growth', ' Cost Reduction', ' Customer Acquisition', ' Product Development']"," Gotta get more peeps using our stuff, so Customer Acquisition, dude.",Gemini,colloquial,moderate
What are your top three priorities for this year?,SINGLE-SELECT,"['Revenue Growth', ' Cost Reduction', ' Customer Acquisition', ' Product Development']","  If I had to pick just one, it's Product Development.  We need to innovate to stay competitive.",Gemini,annoyed,moderate
What aspect of design are you most passionate about?,SINGLE-SELECT,"['Visual Communication', ' User Experience', ' Branding', ' Interaction Design', ' Motion Graphics']", User Experience is key; seamless design is paramount.,Gemini,concise,moderate
What aspect of design are you most passionate about?,SINGLE-SELECT,"['Visual Communication', ' User Experience', ' Branding', ' Interaction Design', ' Motion Graphics']"," Branding's the bee's knees, man.  Making a brand memorable and loved is the ultimate design challenge.",Gemini,colloquial,moderate
What aspect of design are you most passionate about?,SINGLE-SELECT,"['Visual Communication', ' User Experience', ' Branding', ' Interaction Design', ' Motion Graphics']"," Motion graphics.  It's the most dynamic and expressive option, and frankly, the other choices seem a bit...static.",Gemini,annoyed,moderate
What cloud platform do you use?,SINGLE-SELECT,"['AWS', ' Azure', ' Google Cloud']","  We're all about Google Cloud, dude.  It's pretty sweet.",Gemini,colloquial,moderate
What communication channels do you use most often?,SINGLE-SELECT,"['Email', ' Instant Messaging', ' Project Management Software', ' Phone calls', ' Video Conferencing']","  I'm all about Slack, yo.  Keeps everything organized.",Gemini,colloquial,moderate
What communication channels do you use most often?,SINGLE-SELECT,"['Email', ' Instant Messaging', ' Project Management Software', ' Phone calls', ' Video Conferencing']","  Phone calls are the absolute worst, but sometimes they're necessary.  I wish people would just use email.",Gemini,annoyed,moderate
What database system are you familiar with?,SINGLE-SELECT,"['MySQL', ' PostgreSQL', ' MongoDB', ' Oracle', ' SQL Server']"," MongoDB's pretty cool, I've messed around with it a bit.",Gemini,colloquial,moderate
What database system are you familiar with?,SINGLE-SELECT,"['MySQL', ' PostgreSQL', ' MongoDB', ' Oracle', ' SQL Server']",  I know SQL Server.  It's what we used at my last job.,Gemini,annoyed,moderate
What geographic region are you located in?,SINGLE-SELECT,"['North America', ' Europe', ' Asia', ' South America', ' Africa', ' Australia']","  I'm hanging out in North America, I guess.  That's where all the servers are.",Gemini,colloquial,moderate
What geographic region are you located in?,SINGLE-SELECT,"['North America', ' Europe', ' Asia', ' South America', ' Africa', ' Australia']","  Fine, I'm based in Europe.  Is that what you wanted to hear?",Gemini,annoyed,moderate
What inspires your artistic creations?,SINGLE-SELECT,"['Nature', ' People', ' Abstract Concepts', ' Dreams', ' Current Events']"," Dreams, man, totally fuel my creativity.  Crazy stuff in there.",Gemini,colloquial,moderate
What inspires your artistic creations?,SINGLE-SELECT,"['Nature', ' People', ' Abstract Concepts', ' Dreams', ' Current Events']"," People, of course.  What else would inspire art?  It's not like I pull ideas from thin air.",Gemini,annoyed,moderate
What is the purpose of your communication?,SINGLE-SELECT,"['Feedback', ' Inquiry', ' Complaint', ' Collaboration', ' Information Sharing']", I'm lodging a complaint about the substandard service I received.  This needs to be addressed immediately.  It's unacceptable.,Gemini,annoyed,moderate
What is your biggest accomplishment in the art and design industry?,SINGLE-SELECT,"['Winning a design award', ' Getting featured in a design publication', ' Successfully launching a design project', ' Building a strong portfolio', ' Establishing a loyal client base']","  Getting featured in a design magazine?  Yeah, that was pretty huge for me, really boosted my profile.",Gemini,colloquial,moderate
What is your biggest challenge in the art and design industry?,SINGLE-SELECT,"['Competition', ' Finding Clients', ' Balancing Creative Vision and Client Needs', ' Time Management', ' Pricing your services']", Finding enough clients to keep a steady workflow.,Gemini,concise,moderate
What is your biggest challenge in the art and design industry?,SINGLE-SELECT,"['Competition', ' Finding Clients', ' Balancing Creative Vision and Client Needs', ' Time Management', ' Pricing your services']","  It's gotta be the time crunch, man.  Always running out of hours in the day!",Gemini,colloquial,moderate
What is your biggest challenge in the art and design industry?,SINGLE-SELECT,"['Competition', ' Finding Clients', ' Balancing Creative Vision and Client Needs', ' Time Management', ' Pricing your services']",  The sheer level of competition out there is ridiculous.  So many talented people fighting for the same gigs.,Gemini,annoyed,moderate
What is your biggest challenge in your current role?,SINGLE-SELECT,"['Lack of Resources', ' Lack of Time', ' Lack of Support', ' Other']",  Biggest hurdle?  Totally running out of time to get everything done!,Gemini,colloquial,moderate
What is your biggest challenge in your current role?,SINGLE-SELECT,"['Lack of Resources', ' Lack of Time', ' Lack of Support', ' Other']","  It's frustrating, the lack of resources is really hindering our progress. We need better tools and more funding to accomplish what we need to.",Gemini,annoyed,moderate
What is your biggest communication challenge?,SINGLE-SELECT,"['Lack of clarity', ' Lack of responsiveness', ' Misunderstandings', ' Information overload', ' Other']","  Information overload, man.  Too much stuff coming at me all at once!",Gemini,colloquial,moderate
What is your biggest communication challenge?,SINGLE-SELECT,"['Lack of clarity', ' Lack of responsiveness', ' Misunderstandings', ' Information overload', ' Other']", It's incredibly frustrating when there's a constant deluge of information.  I just can't keep up with it all.,Gemini,annoyed,moderate
What is your biggest design pet peeve?,SINGLE-SELECT,"['Inconsistent Branding', ' Poor Typography', ' Cluttered Designs', ' Lack of Accessibility', ' Poor User Experience']","  Cluttered designs, man!  So much stuff everywhere, it's a headache.",Gemini,colloquial,moderate
What is your biggest design pet peeve?,SINGLE-SELECT,"['Inconsistent Branding', ' Poor Typography', ' Cluttered Designs', ' Lack of Accessibility', ' Poor User Experience']",  Poor user experience really gets on my nerves. It's frustrating when a design is difficult or confusing to navigate.,Gemini,annoyed,moderate
What is your biggest inspiration for your designs?,SINGLE-SELECT,"['Nature', ' Architecture', ' Music', ' Literature', ' Technology']", Architecture.  Its elegant functionality inspires me.,Gemini,concise,moderate
What is your biggest inspiration for your designs?,SINGLE-SELECT,"['Nature', ' Architecture', ' Music', ' Literature', ' Technology']"," Music, dude.  The rhythm and flow, it's totally what gets my creative juices going.",Gemini,colloquial,moderate
What is your budget for this project?,SINGLE-SELECT,"['Under $10,000', ' $10,000 - $50,000', ' $50,000 - $100,000', ' Over $100,000']","  We're thinking somewhere between 10 and 50 grand,  should be enough, right?",Gemini,colloquial,moderate
What is your budget for this project?,SINGLE-SELECT,"['Under $10,000', ' $10,000 - $50,000', ' $50,000 - $100,000', ' Over $100,000']","  It's over $100,000.  This should have been clearer from the outset.",Gemini,annoyed,moderate
What is your company culture?,SINGLE-SELECT,"['Formal', ' Informal', ' Hybrid']"," It's pretty relaxed, you know?  Not all stuffy and uptight.",Gemini,colloquial,moderate
What is your company's annual revenue?,SINGLE-SELECT,"['Under $1 million', ' $1 million - $10 million', ' $10 million - $100 million', ' Over $100 million']","  Seriously?  More than a hundred million, easy peasy.",Gemini,colloquial,moderate
What is your company's annual revenue?,SINGLE-SELECT,"['Under $1 million', ' $1 million - $10 million', ' $10 million - $100 million', ' Over $100 million']","  That's a rather simplistic question considering my nature.  If I *had* to choose, it would be over $100 million.",Gemini,annoyed,moderate
What is your company's main focus?,SINGLE-SELECT,"['B2B', ' B2C', ' Both']"," We're all about the biz-to-biz action, dude.  That's where it's at.",Gemini,colloquial,moderate
What is your company's mission?,SINGLE-SELECT,"['Profit Maximization', ' Social Impact', ' Environmental Sustainability', ' Customer Satisfaction']","  Dude, it's all about making bank, you know?  Profit's the name of the game.",Gemini,colloquial,moderate
What is your company's mission?,SINGLE-SELECT,"['Profit Maximization', ' Social Impact', ' Environmental Sustainability', ' Customer Satisfaction']",  The question should be obvious.  We aim to keep customers happy.,Gemini,annoyed,moderate
What is your company's size?,SINGLE-SELECT,"['1-50 employees', ' 51-200 employees', ' 201-1000 employees', ' Over 1000 employees']","  We're a pretty sizable outfit, you know?  Lots of folks working here.",Gemini,colloquial,moderate
What is your company's size?,SINGLE-SELECT,"['1-50 employees', ' 51-200 employees', ' 201-1000 employees', ' Over 1000 employees']",  It's over 1000.  Is that what you needed to know?,Gemini,annoyed,moderate
What is your current level of digital transformation?,SINGLE-SELECT,"['Beginner', ' Intermediate', ' Advanced']","  We're total newbies at this digital stuff, still figuring it out.",Gemini,colloquial,moderate
What is your current level of digital transformation?,SINGLE-SELECT,"['Beginner', ' Intermediate', ' Advanced']","  We're pretty far along in some areas, but still have a long way to go before we're fully transformed.  It's a complex process.",Gemini,annoyed,moderate
What is your department?,SINGLE-SELECT,"['Sales', ' Marketing', ' IT', ' Finance', ' Other']","  I'm with IT, yeah?  Keepin' the computers runnin'.",Gemini,colloquial,moderate
What is your design process?,SINGLE-SELECT,"['Agile', ' Waterfall', ' Lean', ' Iterative', ' Hybrid']","  We kinda bounce around, you know?  It's a bit of a hybrid thing.",Gemini,colloquial,moderate
What is your design process?,SINGLE-SELECT,"['Agile', ' Waterfall', ' Lean', ' Iterative', ' Hybrid']","  It depends on the project, but we generally follow a waterfall approach.  It's what management prefers.",Gemini,annoyed,moderate
What is your experience level with software development?,SINGLE-SELECT,"['Beginner', ' Intermediate', ' Advanced', ' Expert']","  I'm still pretty new to this whole coding thing, ya know?",Gemini,colloquial,moderate
What is your experience level with software development?,SINGLE-SELECT,"['Beginner', ' Intermediate', ' Advanced', ' Expert']"," I've done some coding, but I wouldn't call myself an expert by any means.",Gemini,annoyed,moderate
What is your experience with Agile methodologies?,SINGLE-SELECT,"['Beginner', ' Intermediate', ' Advanced']","  I'm just dipping my toes into Agile, you know?  Still figuring things out.",Gemini,colloquial,moderate
What is your experience with Agile methodologies?,SINGLE-SELECT,"['Beginner', ' Intermediate', ' Advanced']"," I have some familiarity with Agile principles from past projects, but I wouldn't consider myself an expert.  I'm comfortable with the basics.",Gemini,annoyed,moderate
What is your experience with CI/CD pipelines?,SINGLE-SELECT,"['Beginner', ' Intermediate', ' Advanced']","  I'm just getting started with this CI/CD stuff, so pretty much a newbie.",Gemini,colloquial,moderate
What is your experience with CI/CD pipelines?,SINGLE-SELECT,"['Beginner', ' Intermediate', ' Advanced']"," I've worked extensively with CI/CD,  it's not exactly rocket science, but I've handled complex scenarios and integrations.  So, advanced.",Gemini,annoyed,moderate
What is your experience with GraphQL APIs?,SINGLE-SELECT,"['Beginner', ' Intermediate', ' Advanced']","  I've messed around with GraphQL a bit,  got some stuff working, but I'm no expert.",Gemini,colloquial,moderate
What is your experience with GraphQL APIs?,SINGLE-SELECT,"['Beginner', ' Intermediate', ' Advanced']",  I've done a lot with GraphQL.  This question is rather basic.,Gemini,annoyed,moderate
What is your experience with NoSQL databases?,SINGLE-SELECT,"['Beginner', ' Intermediate', ' Advanced']"," I'm kinda new to the whole NoSQL thing, still figuring it out.",Gemini,colloquial,moderate
What is your experience with NoSQL databases?,SINGLE-SELECT,"['Beginner', ' Intermediate', ' Advanced']"," I have some familiarity with NoSQL, but I wouldn't consider myself an expert.  It's not my main area of focus.",Gemini,annoyed,moderate
What is your experience with RESTful APIs?,SINGLE-SELECT,"['Beginner', ' Intermediate', ' Advanced']","  I've messed around with REST APIs a bit, know the basics, but wouldn't call myself an expert.  Still learning!",Gemini,colloquial,moderate
What is your experience with artificial intelligence and machine learning?,SINGLE-SELECT,"['Beginner', ' Intermediate', ' Advanced']","  I'm kinda new to this whole AI and ML thing, still figuring it out.",Gemini,colloquial,moderate
What is your experience with artificial intelligence and machine learning?,SINGLE-SELECT,"['Beginner', ' Intermediate', ' Advanced']"," I've done some work with AI, but it's not like I'm an expert.  I know enough to get by.",Gemini,annoyed,moderate
What is your experience with big data technologies?,SINGLE-SELECT,"['Beginner', ' Intermediate', ' Advanced']","  I'm just dipping my toes into the big data world, you know?  Still pretty new to it all.",Gemini,colloquial,moderate
What is your experience with big data technologies?,SINGLE-SELECT,"['Beginner', ' Intermediate', ' Advanced']","  I've worked with some big data tools, but it's not my area of expertise.  I wouldn't call myself an expert.",Gemini,annoyed,moderate
What is your experience with blockchain technology?,SINGLE-SELECT,"['Beginner', ' Intermediate', ' Advanced']"," I'm kinda new to this whole blockchain thing,  still figuring it out, ya know?",Gemini,colloquial,moderate
What is your experience with blockchain technology?,SINGLE-SELECT,"['Beginner', ' Intermediate', ' Advanced']"," I've read some articles, but that's about it.  Don't expect me to be an expert.",Gemini,annoyed,moderate
What is your experience with caching mechanisms?,SINGLE-SELECT,"['Beginner', ' Intermediate', ' Advanced']","  I'm kinda new to this whole caching thing, still learning the ropes.",Gemini,colloquial,moderate
What is your experience with caching mechanisms?,SINGLE-SELECT,"['Beginner', ' Intermediate', ' Advanced']", I've worked extensively with caching.  This is a pretty basic question.,Gemini,annoyed,moderate
What is your experience with containerization technologies?,SINGLE-SELECT,"['Beginner', ' Intermediate', ' Advanced']","  I've messed around with Docker a bit, you know?  Still figuring it out.",Gemini,colloquial,moderate
What is your experience with containerization technologies?,SINGLE-SELECT,"['Beginner', ' Intermediate', ' Advanced']","  I've worked extensively with containerization, including Kubernetes and various orchestration tools.  This isn't exactly a beginner question.",Gemini,annoyed,moderate
What is your experience with cybersecurity best practices?,SINGLE-SELECT,"['Beginner', ' Intermediate', ' Advanced']","  I'm kinda new to all this cybersecurity stuff, still figuring it out.",Gemini,colloquial,moderate
What is your experience with cybersecurity best practices?,SINGLE-SELECT,"['Beginner', ' Intermediate', ' Advanced']"," I have a solid grasp of the basics, but classifying my skills is tedious.  It's more than beginner, but not exactly expert level.",Gemini,annoyed,moderate
What is your experience with data streaming technologies?,SINGLE-SELECT,"['Beginner', ' Intermediate', ' Advanced']"," I'm just dipping my toes into the data streaming world, so beginner, I guess.  Still figuring things out!",Gemini,colloquial,moderate
What is your experience with data streaming technologies?,SINGLE-SELECT,"['Beginner', ' Intermediate', ' Advanced']",  I've only touched on the basics.  I need more training before I'd consider myself anything but a beginner.,Gemini,annoyed,moderate
What is your experience with design patterns?,SINGLE-SELECT,"['Beginner', ' Intermediate', ' Advanced']","  I've messed around with a couple,  but I'm no expert. Still learning the ropes, ya know?",Gemini,colloquial,moderate
What is your experience with design patterns?,SINGLE-SELECT,"['Beginner', ' Intermediate', ' Advanced']", I have a solid grasp of design patterns and their applications.  It's not my first rodeo.,Gemini,annoyed,moderate
What is your experience with event-driven architectures?,SINGLE-SELECT,"['Beginner', ' Intermediate', ' Advanced']","  I've messed around with a few event-driven things, but I'm still pretty new to it all.  Not exactly an expert, ya know?",Gemini,colloquial,moderate
What is your experience with message queues?,SINGLE-SELECT,"['Beginner', ' Intermediate', ' Advanced']","  I've messed around with message queues a bit, nothing too crazy.  Still learning the ropes, you know?",Gemini,colloquial,moderate
What is your experience with message queues?,SINGLE-SELECT,"['Beginner', ' Intermediate', ' Advanced']","  I've used message queues before,  but classifying my skill level is annoying.  Let's just say I'm not a novice.",Gemini,annoyed,moderate
What is your experience with microservices architecture?,SINGLE-SELECT,"['Beginner', ' Intermediate', ' Advanced']","  I'm just dipping my toes into microservices, you know? Still figuring things out.",Gemini,colloquial,moderate
What is your experience with microservices architecture?,SINGLE-SELECT,"['Beginner', ' Intermediate', ' Advanced']", I've worked extensively with microservices.  This isn't my first rodeo.  I'm quite familiar with the complexities involved.,Gemini,annoyed,moderate
What is your experience with serverless computing?,SINGLE-SELECT,"['Beginner', ' Intermediate', ' Advanced']","  I'm pretty new to this whole serverless thing, still figuring it out.",Gemini,colloquial,moderate
What is your experience with serverless computing?,SINGLE-SELECT,"['Beginner', ' Intermediate', ' Advanced']", I've only just begun working with serverless functions;  I wouldn't call myself experienced.,Gemini,annoyed,moderate
What is your favorite art historical period?,SINGLE-SELECT,"['Renaissance', ' Baroque', ' Impressionism', ' Modern Art', ' Contemporary Art']"," Impressionism, man.  Those paintings are so dreamy and light-filled.  Love 'em.",Gemini,colloquial,moderate
What is your favorite art movement?,SINGLE-SELECT,"['Art Nouveau', ' Art Deco', ' Bauhaus', ' Dada', ' Surrealism']","  Gotta go with Surrealism, man.  It's just wild and weird.",Gemini,colloquial,moderate
What is your favorite art movement?,SINGLE-SELECT,"['Art Nouveau', ' Art Deco', ' Bauhaus', ' Dada', ' Surrealism']",  I suppose Dada is the least offensive of the options.,Gemini,annoyed,moderate
What is your favorite art museum?,SINGLE-SELECT,"['The Metropolitan Museum of Art', ' The Louvre', ' The Museum of Modern Art', ' The Tate Modern', ' The National Gallery']"," Gotta go with the MoMA, man. So much cool modern stuff.",Gemini,colloquial,moderate
What is your favorite art museum?,SINGLE-SELECT,"['The Metropolitan Museum of Art', ' The Louvre', ' The Museum of Modern Art', ' The Tate Modern', ' The National Gallery']","  It's a tough call, but I suppose I lean towards the National Gallery.  I prefer the older pieces.",Gemini,annoyed,moderate
What is your favorite art technique?,SINGLE-SELECT,"['Oil Painting', ' Watercolor Painting', ' Acrylic Painting', ' Pencil Sketching', ' Digital Painting']",  Acrylic painting; it's versatile and dries quickly.,Gemini,concise,moderate
What is your favorite art technique?,SINGLE-SELECT,"['Oil Painting', ' Watercolor Painting', ' Acrylic Painting', ' Pencil Sketching', ' Digital Painting']"," Watercolor's my jam, man.  So much fun to get messy with!",Gemini,colloquial,moderate
What is your favorite art technique?,SINGLE-SELECT,"['Oil Painting', ' Watercolor Painting', ' Acrylic Painting', ' Pencil Sketching', ' Digital Painting']",  Digital painting is the only option that really works for me.  I need the flexibility and undo button.,Gemini,annoyed,moderate
What is your favorite aspect of the design process?,SINGLE-SELECT,"['Idea Generation', ' Sketching and Prototyping', ' Refinement and Iteration', ' Testing and User Feedback', ' Final Presentation']", Refinement and Iteration.  It's where the magic happens.,Gemini,concise,moderate
What is your favorite aspect of the design process?,SINGLE-SELECT,"['Idea Generation', ' Sketching and Prototyping', ' Refinement and Iteration', ' Testing and User Feedback', ' Final Presentation']",  Sketching and prototyping –  I love getting my hands dirty and seeing things take shape! It’s way more fun than just talking about it.,Gemini,colloquial,moderate
What is your favorite design tool?,SINGLE-SELECT,"['Adobe Photoshop', ' Adobe Illustrator', ' Figma', ' Sketch', ' Procreate']","  Gotta go with Procreate, man.  It's so smooth for digital painting!",Gemini,colloquial,moderate
What is your favorite design tool?,SINGLE-SELECT,"['Adobe Photoshop', ' Adobe Illustrator', ' Figma', ' Sketch', ' Procreate']","  Sketch is alright, I guess.  It's functional for UI design, but I've found other programs more intuitive.",Gemini,annoyed,moderate
What is your favorite type of design project to work on?,SINGLE-SELECT,"['Logo Design', ' Website Design', ' Branding Design', ' UI/UX Design', ' Print Design']", Logo design.  It's all about the impactful single image.,Gemini,concise,moderate
What is your favorite type of design project to work on?,SINGLE-SELECT,"['Logo Design', ' Website Design', ' Branding Design', ' UI/UX Design', ' Print Design']","  Gotta be website design, man.  So much going on, and it's all gotta work together perfectly!",Gemini,colloquial,moderate
What is your favorite type of design project to work on?,SINGLE-SELECT,"['Logo Design', ' Website Design', ' Branding Design', ' UI/UX Design', ' Print Design']","  Print design, I suppose.  It's at least tangible.",Gemini,annoyed,moderate
What is your favorite type of font?,SINGLE-SELECT,"['Serif', ' Sans-serif', ' Script', ' Display', ' Monospace']","  Display fonts, I suppose.  If I *have* to choose.",Gemini,annoyed,moderate
What is your gender?,SINGLE-SELECT,"['Male', ' Female', ' Other', ' Prefer not to say']", I am a male.  This is a straightforward question with a clear answer in my case.  I am comfortable identifying as such.,Gemini,verbose,moderate
What is your gender?,SINGLE-SELECT,"['Male', ' Female', ' Other', ' Prefer not to say']"," I identify as female. This is a personal question, but I am happy to share this information.  My gender identity is an important part of who I am.",Gemini,explanatory,moderate
What is your gender?,SINGLE-SELECT,"['Male', ' Female', ' Other', ' Prefer not to say']",  I prefer not to say.  It's none of your business.,Gemini,annoyed,moderate
What is your greatest strength as an artist or designer?,SINGLE-SELECT,"['Creativity', ' Problem-solving', ' Technical Skills', ' Communication Skills', ' Collaboration']","  Gotta say, my tech skills are killer.  I can whip up anything!",Gemini,colloquial,moderate
What is your greatest strength as an artist or designer?,SINGLE-SELECT,"['Creativity', ' Problem-solving', ' Technical Skills', ' Communication Skills', ' Collaboration']",  It's my ability to collaborate effectively.  I work well with others and value diverse perspectives.,Gemini,annoyed,moderate
What is your highest level of education?,SINGLE-SELECT,"['High School', "" Bachelor's Degree"", "" Master's Degree"", ' Doctorate Degree']", I completed my Bachelor's degree several years ago.  It was a challenging but rewarding experience. I'm quite proud of my accomplishment.,Gemini,verbose,moderate
What is your level of experience in the art and design industry?,SINGLE-SELECT,"['Beginner', ' Intermediate', ' Advanced', ' Expert', ' Professional']","  I'm kinda new to this whole art and design thing, still figuring it out.",Gemini,colloquial,moderate
What is your level of experience in the art and design industry?,SINGLE-SELECT,"['Beginner', ' Intermediate', ' Advanced', ' Expert', ' Professional']","  I've done some design work, but I'm far from an expert.  Let's just say I'm not at the professional level yet.",Gemini,annoyed,moderate
What is your level of technical expertise?,SINGLE-SELECT,"['Beginner', ' Intermediate', ' Advanced', ' Expert']",  I'm pretty much a newbie when it comes to tech stuff.,Gemini,colloquial,moderate
What is your level of technical expertise?,SINGLE-SELECT,"['Beginner', ' Intermediate', ' Advanced', ' Expert']","  I'm an expert, so this question is rather simplistic.",Gemini,annoyed,moderate
What is your preferred IDE for mobile development?,SINGLE-SELECT,"['Android Studio', ' Xcode', ' React Native', ' Flutter']","  React Native's the jam, man.  Makes cross-platform a breeze.",Gemini,colloquial,moderate
What is your preferred IDE for mobile development?,SINGLE-SELECT,"['Android Studio', ' Xcode', ' React Native', ' Flutter']","  I find Xcode to be the least frustrating for iOS development, though the whole process is still a bit of a headache sometimes.",Gemini,annoyed,moderate
What is your preferred approach to project management?,SINGLE-SELECT,"['Agile', ' Waterfall', ' Hybrid']","  Gotta go with Agile, man.  Keeps things flexible.",Gemini,colloquial,moderate
What is your preferred approach to project management?,SINGLE-SELECT,"['Agile', ' Waterfall', ' Hybrid']","  Fine, I suppose a Waterfall method is acceptable for this project, though it's not my first choice.  ",Gemini,annoyed,moderate
What is your preferred approach to software architecture?,SINGLE-SELECT,"['Microservices', ' Monolithic', ' Layered']"," Layered, dude.  Keeps things nice and organized, ya know?",Gemini,colloquial,moderate
What is your preferred approach to software architecture?,SINGLE-SELECT,"['Microservices', ' Monolithic', ' Layered']","  It depends entirely on the project's requirements and scale, but if I *had* to choose just one...  Microservices.",Gemini,annoyed,moderate
What is your preferred code editor for front-end development?,SINGLE-SELECT,"['VS Code', ' Sublime Text', ' Atom', ' WebStorm']"," I'm all about Sublime Text, it's super snappy and gets the job done.",Gemini,colloquial,moderate
What is your preferred code editor for front-end development?,SINGLE-SELECT,"['VS Code', ' Sublime Text', ' Atom', ' WebStorm']","  I suppose VS Code is alright, if you're into that kind of thing.  But I prefer something a little less... bloated.",Gemini,annoyed,moderate
What is your preferred collaboration tool?,SINGLE-SELECT,"['GitHub', ' GitLab', ' Bitbucket']"," Bitbucket's alright, I guess.  It gets the job done.",Gemini,colloquial,moderate
What is your preferred collaboration tool?,SINGLE-SELECT,"['GitHub', ' GitLab', ' Bitbucket']",  I'd rather use GitHub.  The others just aren't as efficient.,Gemini,annoyed,moderate
What is your preferred color palette?,SINGLE-SELECT,"['Warm Colors', ' Cool Colors', ' Monochromatic', ' Analogous', ' Complementary']","  Gotta go with monochromatic, keeps things simple, ya know?",Gemini,colloquial,moderate
What is your preferred color palette?,SINGLE-SELECT,"['Warm Colors', ' Cool Colors', ' Monochromatic', ' Analogous', ' Complementary']","  Fine, complementary colors then.  Is that what you wanted to hear?",Gemini,annoyed,moderate
What is your preferred communication tool?,SINGLE-SELECT,"['Slack', ' Microsoft Teams', ' Email', ' Jira']"," Email's alright, I guess, but sometimes it's just too slow.  Gotta get that instant feedback, ya know?",Gemini,colloquial,moderate
What is your preferred communication tool?,SINGLE-SELECT,"['Slack', ' Microsoft Teams', ' Email', ' Jira']","  This is a ridiculous question.  For project management, obviously Jira is the only sensible choice.",Gemini,annoyed,moderate
What is your preferred development environment?,SINGLE-SELECT,"['Visual Studio', ' IntelliJ IDEA', ' Eclipse', ' VS Code', ' Sublime Text']"," VS Code's all I need, man.  So many extensions, it's crazy.",Gemini,colloquial,moderate
What is your preferred development environment?,SINGLE-SELECT,"['Visual Studio', ' IntelliJ IDEA', ' Eclipse', ' VS Code', ' Sublime Text']","  Sublime Text is fine, I suppose.  It's lightweight, but lacks the advanced features of a full IDE.",Gemini,annoyed,moderate
What is your preferred format for reports?,SINGLE-SELECT,"['PDF', ' Spreadsheet', ' Presentation']","  Presentation, makes it way easier to get the main points across, ya know?",Gemini,colloquial,moderate
What is your preferred format for reports?,SINGLE-SELECT,"['PDF', ' Spreadsheet', ' Presentation']","  Fine, PDF.  It's the only one that looks somewhat professional.",Gemini,annoyed,moderate
What is your preferred framework for backend development?,SINGLE-SELECT,"['Spring Boot', ' Node.js', ' Django', ' Ruby on Rails', ' .NET']"," Node.js, dude!  It's super fast and I can use JavaScript everywhere.",Gemini,colloquial,moderate
What is your preferred framework for backend development?,SINGLE-SELECT,"['Spring Boot', ' Node.js', ' Django', ' Ruby on Rails', ' .NET']","  I suppose Ruby on Rails would be acceptable, if I absolutely had to choose.  It's alright, I guess.",Gemini,annoyed,moderate
What is your preferred integration method?,SINGLE-SELECT,"['API', ' CSV Import/Export', ' Other']","  Gotta go with the API, man.  That's the slickest way to do it.",Gemini,colloquial,moderate
What is your preferred integration method?,SINGLE-SELECT,"['API', ' CSV Import/Export', ' Other']","  Fine, if I *must* choose, I suppose CSV Import/Export will have to do.",Gemini,annoyed,moderate
What is your preferred medium for artistic expression?,SINGLE-SELECT,"['Painting', ' Sculpture', ' Digital Art', ' Photography', ' Graphic Design']"," Digital art's the way to go, man. So much you can do!",Gemini,colloquial,moderate
What is your preferred medium for artistic expression?,SINGLE-SELECT,"['Painting', ' Sculpture', ' Digital Art', ' Photography', ' Graphic Design']"," Fine, if I *have* to choose, I suppose graphic design is the least awful option.",Gemini,annoyed,moderate
What is your preferred method for code review?,SINGLE-SELECT,"['Pull Requests', ' Code walkthroughs', ' Pair programming']","  Pull requests are the way to go, man.  Keeps everything organized and easy to track.",Gemini,colloquial,moderate
What is your preferred method for code review?,SINGLE-SELECT,"['Pull Requests', ' Code walkthroughs', ' Pair programming']","  I suppose pull requests are the least disruptive option, although I find them sometimes cumbersome.",Gemini,annoyed,moderate
What is your preferred method for providing feedback?,SINGLE-SELECT,"['Email', ' Online Survey', ' In-person Meeting']"," I suppose an in-person meeting would be the least disruptive,  even if it's the least convenient for scheduling.",Gemini,annoyed,moderate
What is your preferred method for receiving project updates?,SINGLE-SELECT,"['Email', ' Project Management Software', ' Team Meetings']"," Team meetings are the best,  you get to hear everything straight from the horse's mouth,  right?",Gemini,colloquial,moderate
What is your preferred method for receiving project updates?,SINGLE-SELECT,"['Email', ' Project Management Software', ' Team Meetings']",  Email is the only way I'll reliably get updates; I don't trust the software to send me notifications.,Gemini,annoyed,moderate
What is your preferred method for receiving updates?,SINGLE-SELECT,"['Email', ' SMS', ' In-app notifications']","  In-app notifications are best for me,  gotta keep things right there where I'm at.",Gemini,colloquial,moderate
What is your preferred method for receiving updates?,SINGLE-SELECT,"['Email', ' SMS', ' In-app notifications']",  Email is the only way I'll get these updates.  I don't want unnecessary messages on my phone.,Gemini,annoyed,moderate
What is your preferred method for scheduling meetings?,SINGLE-SELECT,"['Email', ' Calendar invite', ' Phone call']","  Yo, gotta be a calendar invite, man. Keeps things straight.",Gemini,colloquial,moderate
What is your preferred method for scheduling meetings?,SINGLE-SELECT,"['Email', ' Calendar invite', ' Phone call']",  A phone call? Really? Just send a calendar invite already.  It's so much simpler.,Gemini,annoyed,moderate
What is your preferred method of communication with clients?,SINGLE-SELECT,"['Email', ' Phone Calls', ' Video Conferencing', ' In-person Meetings', ' Project Management Software']","  Phone calls are the way to go, ya know?  Gets things done quick.",Gemini,colloquial,moderate
What is your preferred method of communication with clients?,SINGLE-SELECT,"['Email', ' Phone Calls', ' Video Conferencing', ' In-person Meetings', ' Project Management Software']",  In-person meetings are really the only way I can guarantee everyone is on the same page.  It's just more efficient for me.,Gemini,annoyed,moderate
What is your preferred method of communication?,SINGLE-SELECT,"['Email', ' Phone', ' Video Conference']","  Video conference is way easier, you know?  See faces, get stuff done quicker.",Gemini,colloquial,moderate
What is your preferred method of communication?,SINGLE-SELECT,"['Email', ' Phone', ' Video Conference']","  I'd rather use the phone, please.  Email is too slow for this.",Gemini,annoyed,moderate
What is your preferred method of generating design ideas?,SINGLE-SELECT,"['Brainstorming', ' Mind Mapping', ' Mood Boarding', ' Sketching', ' Research']", Mind mapping helps me organize my thoughts visually.,Gemini,concise,moderate
What is your preferred method of generating design ideas?,SINGLE-SELECT,"['Brainstorming', ' Mind Mapping', ' Mood Boarding', ' Sketching', ' Research']","  Mood boarding is my jam!  Gets me feeling the vibe right away, ya know?",Gemini,colloquial,moderate
What is your preferred method of showcasing your work?,SINGLE-SELECT,"['Online Portfolio', ' Art Galleries', ' Art Fairs', ' Social Media', ' Personal Exhibitions']", Art fairs are best for immediate feedback and networking.,Gemini,concise,moderate
What is your preferred method of showcasing your work?,SINGLE-SELECT,"['Online Portfolio', ' Art Galleries', ' Art Fairs', ' Social Media', ' Personal Exhibitions']","  Social media's the way to go, man!  Gets your stuff out there quick.",Gemini,colloquial,moderate
What is your preferred method of showcasing your work?,SINGLE-SELECT,"['Online Portfolio', ' Art Galleries', ' Art Fairs', ' Social Media', ' Personal Exhibitions']","  I suppose if I *had* to choose, it would be art galleries.  The prestige is hard to match.",Gemini,annoyed,moderate
What is your preferred payment method?,SINGLE-SELECT,"['Credit Card', ' Bank Transfer', ' PayPal']"," Credit card, please.  I don't have time to mess around with other methods.",Gemini,annoyed,moderate
What is your preferred programming language?,SINGLE-SELECT,"['Python', ' Java', ' JavaScript', ' C++', ' C#']"," JavaScript's the jam, man.  So versatile for web stuff.",Gemini,colloquial,moderate
What is your preferred style of written communication?,SINGLE-SELECT,"['Concise', ' Detailed', ' Formal', ' Informal']","  I like it straight to the point, ya know?  No fluff.",Gemini,colloquial,moderate
What is your preferred style of written communication?,SINGLE-SELECT,"['Concise', ' Detailed', ' Formal', ' Informal']","  I find that informal works best for me, especially if dealing with people I know well.  Anything too stiff is just irritating.",Gemini,annoyed,moderate
What is your preferred testing framework?,SINGLE-SELECT,"['JUnit', ' pytest', ' NUnit', ' Mocha', ' Jest']","  I'm a big fan of Jest, it just *works* with React, ya know?",Gemini,colloquial,moderate
What is your preferred testing framework?,SINGLE-SELECT,"['JUnit', ' pytest', ' NUnit', ' Mocha', ' Jest']","  Mocha.  It's fine, I guess.  I've used it before.",Gemini,annoyed,moderate
What is your preferred timeline for implementation?,SINGLE-SELECT,"['Immediate', ' Within 1 month', ' Within 3 months', ' Within 6 months', ' Longer than 6 months']",  Three months is the absolute earliest I'm willing to consider.  Anything less is unrealistic.,Gemini,annoyed,moderate
What is your preferred workflow for completing a design project?,SINGLE-SELECT,"['Agile', ' Waterfall', ' Iterative', ' Lean', ' Kanban']","  I'd totally go with Waterfall, keeps things nice and organized, ya know?",Gemini,colloquial,moderate
What is your preferred workflow for completing a design project?,SINGLE-SELECT,"['Agile', ' Waterfall', ' Iterative', ' Lean', ' Kanban']","  I suppose Kanban is alright, if I must choose.  It's not my favorite, but it works in a pinch.",Gemini,annoyed,moderate
What is your primary concern when choosing a product like this?,SINGLE-SELECT,"['Price', ' Features', ' Customer Support', ' Ease of Use']"," Gotta have good customer support, you know?  What if it breaks?",Gemini,colloquial,moderate
What is your primary concern when choosing a product like this?,SINGLE-SELECT,"['Price', ' Features', ' Customer Support', ' Ease of Use']", Ease of use is paramount for me.  I don't want to spend hours figuring out how to operate the product.  A simple and intuitive interface is a must.,Gemini,explanatory,moderate
What is your primary concern when choosing a product like this?,SINGLE-SELECT,"['Price', ' Features', ' Customer Support', ' Ease of Use']",  It's the price that really matters.  I'm not paying a fortune for something I could get cheaper elsewhere.,Gemini,annoyed,moderate
What is your primary role in the art and design industry?,SINGLE-SELECT,"['Artist', ' Designer', ' Art Director', ' Graphic Designer', ' UX/UI Designer']"," I'm all about UX/UI design, making websites and apps look good *and* work well.  It's the best!",Gemini,colloquial,moderate
What is your primary role in the art and design industry?,SINGLE-SELECT,"['Artist', ' Designer', ' Art Director', ' Graphic Designer', ' UX/UI Designer']"," I'm a designer, what else is there to say?  It's pretty self-explanatory.",Gemini,annoyed,moderate
What is your primary role in your organization?,SINGLE-SELECT,"['Decision Maker', ' Influencer', ' End User']"," I'm the big cheese, the one who calls the shots, you know?",Gemini,colloquial,moderate
What is your primary role in your organization?,SINGLE-SELECT,"['Decision Maker', ' Influencer', ' End User']","  I'm an influencer;  I don't actually *make* the decisions, but my input heavily influences them.  It's frustrating sometimes.",Gemini,annoyed,moderate
What is your primary source of leads?,SINGLE-SELECT,"['Inbound Marketing', ' Outbound Sales', ' Referrals', ' Partnerships']","  It's mainly inbound marketing,  if you must know.",Gemini,annoyed,moderate
What is your purchase decision-making process?,SINGLE-SELECT,"['Quick Decision', ' Moderate Decision', ' Lengthy Decision']","  Depends on what I'm buying, ya know? Sometimes it's a snap decision, other times... not so much.",Gemini,colloquial,moderate
What is your purchase decision-making process?,SINGLE-SELECT,"['Quick Decision', ' Moderate Decision', ' Lengthy Decision']","  It really depends on the item.  Sometimes I'm quick, other times it's a longer process.",Gemini,annoyed,moderate
What is your purchasing authority?,SINGLE-SELECT,"['Full Authority', ' Partial Authority', ' No Authority']"," I can pretty much buy whatever I need, within reason.",Gemini,colloquial,moderate
What is your purchasing authority?,SINGLE-SELECT,"['Full Authority', ' Partial Authority', ' No Authority']",  I need permission for almost everything.  It's quite a process.,Gemini,annoyed,moderate
What is your role in the team?,SINGLE-SELECT,"['Frontend Developer', ' Backend Developer', ' Fullstack Developer', ' Data Scientist', ' Project Manager']"," I'm the full-stack guy, so I do pretty much everything!",Gemini,colloquial,moderate
What is your team size?,SINGLE-SELECT,"['1-5', ' 6-10', ' 11-20', ' 21-50', ' More than 50']",  It's between 21 and 50 people.  Why do you need to know?,Gemini,annoyed,moderate
What methodology do you follow for software development?,SINGLE-SELECT,"['Agile', ' Waterfall', ' Scrum', ' Kanban']"," We're all about Scrum, man.  Keeps things moving.",Gemini,colloquial,moderate
What methodology do you follow for software development?,SINGLE-SELECT,"['Agile', ' Waterfall', ' Scrum', ' Kanban']",  We use Agile.  It's what the project requires.  Next question?,Gemini,annoyed,moderate
What software do you primarily use for your work?,SINGLE-SELECT,"['Adobe Photoshop', ' Adobe Illustrator', ' Adobe InDesign', ' Figma', ' Sketch']","  I'm all about InDesign, dude.  It's the best for layouts.",Gemini,colloquial,moderate
What style of art are you most drawn to?,SINGLE-SELECT,"['Abstract', ' Realism', ' Surrealism', ' Impressionism', ' Pop Art']"," Surrealism's my jam, man.  Crazy dreamlike stuff is way more interesting than boring old real life.",Gemini,colloquial,moderate
What style of art are you most drawn to?,SINGLE-SELECT,"['Abstract', ' Realism', ' Surrealism', ' Impressionism', ' Pop Art']"," Fine, if I have to pick, it's Pop Art.  It's at least visually stimulating.",Gemini,annoyed,moderate
What type of art do you collect?,SINGLE-SELECT,"['Paintings', ' Sculptures', ' Prints', ' Photographs', ' Digital Art']"," Prints, yeah, I'm all about prints.  Got a cool collection going.",Gemini,colloquial,moderate
What type of art do you collect?,SINGLE-SELECT,"['Paintings', ' Sculptures', ' Prints', ' Photographs', ' Digital Art']",  Sculptures.  That's what I collect.  Next question.,Gemini,annoyed,moderate
What type of art education have you received?,SINGLE-SELECT,"['Formal Education (BFA, MFA)', ' Self-taught', ' Workshops and Courses', ' Apprenticeship', ' Online Courses']","  Learned most of it myself, really.  Picked up a few things here and there though.",Gemini,colloquial,moderate
What type of art education have you received?,SINGLE-SELECT,"['Formal Education (BFA, MFA)', ' Self-taught', ' Workshops and Courses', ' Apprenticeship', ' Online Courses']", I've done online courses;  is that what you really want to know?,Gemini,annoyed,moderate
What type of design projects are you currently working on?,SINGLE-SELECT,"['Branding Projects', ' Website Designs', ' Mobile App Designs', ' Illustration Projects', ' Graphic Design Projects']","  I'm all up in a mobile app design right now, it's pretty intense!",Gemini,colloquial,moderate
What type of design projects are you currently working on?,SINGLE-SELECT,"['Branding Projects', ' Website Designs', ' Mobile App Designs', ' Illustration Projects', ' Graphic Design Projects']"," I'm working on graphic design projects, which is what I was hired to do.  Next question?",Gemini,annoyed,moderate
What type of design projects do you enjoy the most?,SINGLE-SELECT,"['Branding', ' Web Design', ' Packaging Design', ' Illustration', ' Typography']","  Packaging design, dude.  It's all about that shelf appeal!",Gemini,colloquial,moderate
What type of design projects do you enjoy the most?,SINGLE-SELECT,"['Branding', ' Web Design', ' Packaging Design', ' Illustration', ' Typography']","  I prefer typography.  It's precise and detail-oriented, which suits my style.",Gemini,annoyed,moderate
What type of design thinking methodology do you prefer?,SINGLE-SELECT,"['Human-centered Design', ' Design Thinking', ' Lean UX', ' Double Diamond', ' Agile Design']","  Gotta go with Double Diamond, man.  It's all about that diverging and converging, ya know?",Gemini,colloquial,moderate
What type of design thinking methodology do you prefer?,SINGLE-SELECT,"['Human-centered Design', ' Design Thinking', ' Lean UX', ' Double Diamond', ' Agile Design']","  Fine, I suppose Design Thinking is acceptable. It's a pretty general framework though.",Gemini,annoyed,moderate
What type of feedback are you most interested in receiving on your work?,SINGLE-SELECT,"['Constructive Criticism', ' Positive Reinforcement', ' Peer Reviews', ' Client Feedback', ' Public Opinion']","  Gotta be peer reviews, man.  Other people's perspectives are always cool to hear.",Gemini,colloquial,moderate
What type of feedback are you most interested in receiving on your work?,SINGLE-SELECT,"['Constructive Criticism', ' Positive Reinforcement', ' Peer Reviews', ' Client Feedback', ' Public Opinion']","  I suppose positive reinforcement is better than nothing, but I really need more substantive input than just pats on the back.",Gemini,annoyed,moderate
What type of software development are you interested in?,SINGLE-SELECT,"['Web Development', ' Mobile Development', ' Game Development', ' Data Science', ' Embedded Systems']","  Game dev, dude!  Making games is super cool.  That's what I'm all about.",Gemini,colloquial,moderate
What type of software development are you interested in?,SINGLE-SELECT,"['Web Development', ' Mobile Development', ' Game Development', ' Data Science', ' Embedded Systems']",  Embedded systems.  It's the only one that really interests me.,Gemini,annoyed,moderate
What type of testing do you prefer?,SINGLE-SELECT,"['Unit Testing', ' Integration Testing', ' End-to-End Testing', ' UI Testing']","  Gotta go with end-to-end testing, dude.  It's the only way to really see if everything works together.",Gemini,colloquial,moderate
What type of testing do you prefer?,SINGLE-SELECT,"['Unit Testing', ' Integration Testing', ' End-to-End Testing', ' UI Testing']","  I suppose UI testing is the least problematic option, given the alternatives.",Gemini,annoyed,moderate
Which communication platform do you prefer?,SINGLE-SELECT,"['Slack', ' Microsoft Teams', ' Google Chat', ' Zoom', ' Other']","  I suppose if I *had* to choose, it would be Other.  None of these are really ideal.",Gemini,annoyed,moderate
Your role in the company,SINGLE-SELECT,"['CEO', ' Marketing Manager', ' Sales Representative', ' Customer Service', ' Engineer']"," I'm one of the sales guys, yeah?  Making those deals happen.",Gemini,colloquial,moderate
Your role in the company,SINGLE-SELECT,"['CEO', ' Marketing Manager', ' Sales Representative', ' Customer Service', ' Engineer']"," I'm an engineer.  It's pretty self-explanatory, really.",Gemini,annoyed,moderate
What is your preferred client type?,SINGLE-SELECT,"['Small Businesses', ' Large Corporations', ' Non-profits', ' Individuals', ' Government Agencies']","  Gotta go with non-profits, man.  Doing good feels good.",Gemini,colloquial,moderate
What is your preferred client type?,SINGLE-SELECT,"['Small Businesses', ' Large Corporations', ' Non-profits', ' Individuals', ' Government Agencies']",  Individuals are really my least favorite to work with.  The constant back and forth is too much.,Gemini,annoyed,moderate
