question,type,options,answer,model,difficulty
How many people are typically involved in your team's communications?,SINGLE-SELECT,1-5; 6-10; 11-20; More than 20,More than 20 people are typically involved in your teams communications,T5,moderate
How many people are typically involved in your team's communications?,SINGLE-SELECT,1-5; 6-10; 11-20; More than 20,More than 20 people are typically involved in your teams communications,T5,moderate
How many people are typically involved in your team's communications?,SINGLE-SELECT,1-5; 6-10; 11-20; More than 20,More than 20 people are typically involved in your teams communications,T5,moderate
What is your favorite aspect of the design process?,SINGLE-SELECT,Idea Generation; Sketching and Prototyping; Refinement and Iteration; Testing and User Feedback; Final Presentation,I think Refinement and Iteration is my favorite aspect of the design process,T5,moderate
What is your favorite aspect of the design process?,SINGLE-SELECT,Idea Generation; Sketching and Prototyping; Refinement and Iteration; Testing and User Feedback; Final Presentation,I think Refinement and Iteration is my favorite aspect of the design process,T5,moderate
What is your preferred communication tool?,SINGLE-SELECT,Slack; Microsoft Teams; Email; Jira,Microsoft Teams is my preferred communication tool,T5,moderate
What is your preferred communication tool?,SINGLE-SELECT,Slack; Microsoft Teams; Email; Jira,Microsoft Teams is my preferred communication tool,T5,moderate
What is your preferred framework for backend development?,SINGLE-SELECT,Spring Boot; Node.js; Django; Ruby on Rails; .NET,Spring Boot is my preferred framework for backend development,T5,moderate
What is your preferred framework for backend development?,SINGLE-SELECT,Spring Boot; Node.js; Django; Ruby on Rails; .NET,Spring Boot is my preferred framework for backend development,T5,moderate
What is your preferred framework for backend development?,SINGLE-SELECT,Spring Boot; Node.js; Django; Ruby on Rails; .NET,Django is my preferred framework for backend development,T5,moderate
What is your preferred medium for artistic expression?,SINGLE-SELECT,Painting; Sculpture; Digital Art; Photography; Graphic Design,Painting is my preferred medium for artistic expression,T5,moderate
What type of art education have you received?,SINGLE-SELECT,"Formal Education (BFA, MFA); Self-taught; Workshops and Courses; Apprenticeship; Online Courses",Formal Education BFA MFA Selftaught Workshops and Courses Apprenticeship,T5,moderate
What type of art education have you received?,SINGLE-SELECT,"Formal Education (BFA, MFA); Self-taught; Workshops and Courses; Apprenticeship; Online Courses",Formal Education BFA MFA Selftaught Workshops and Courses Apprenticeship,T5,moderate
What type of art education have you received?,SINGLE-SELECT,"Formal Education (BFA, MFA); Self-taught; Workshops and Courses; Apprenticeship; Online Courses",Formal Education BFA MFA Selftaught Workshops and Courses Apprenticeship,T5,moderate
What type of art education have you received?,SINGLE-SELECT,"Formal Education (BFA, MFA); Self-taught; Workshops and Courses; Apprenticeship; Online Courses",Formal Education BFA MFA Selftaught Workshops and Courses Apprenticeship,T5,moderate
What type of art education have you received?,SINGLE-SELECT,"Formal Education (BFA, MFA); Self-taught; Workshops and Courses; Apprenticeship; Online Courses",Formal Education BFA MFA Selftaught Workshops and Courses Apprenticeship,T5,moderate
What are some of the key challenges facing your business?,MULTI-SELECT,Competition; Economic conditions; Technology changes; Regulations; Finding and retaining talent,Competition is one of the key challenges facing your business,T5,moderate
What are some of the key challenges facing your business?,MULTI-SELECT,Competition; Economic conditions; Technology changes; Regulations; Finding and retaining talent,Competition is the biggest challenge facing your business,T5,moderate
What are some of the key challenges facing your business?,MULTI-SELECT,Competition; Economic conditions; Technology changes; Regulations; Finding and retaining talent,Competition is a key challenge facing your business,T5,moderate
What are some of the key challenges facing your business?,MULTI-SELECT,Competition; Economic conditions; Technology changes; Regulations; Finding and retaining talent,Competition is the biggest challenge facing your business,T5,moderate
What are the most important metrics you track to measure sales success?,MULTI-SELECT,Revenue; Conversion rate; Customer lifetime value (CLTV); Customer acquisition cost (CAC); Average deal size,Revenue is the most important metric you track to measure sales success,T5,moderate
What are the most important metrics you track to measure sales success?,MULTI-SELECT,Revenue; Conversion rate; Customer lifetime value (CLTV); Customer acquisition cost (CAC); Average deal size,Revenue is the most important metric you track to measure sales success,T5,moderate
What are the most important metrics you track to measure sales success?,MULTI-SELECT,Revenue; Conversion rate; Customer lifetime value (CLTV); Customer acquisition cost (CAC); Average deal size,Revenue is the most important metric you track to measure sales success,T5,moderate
What are the most important metrics you track to measure sales success?,MULTI-SELECT,Revenue; Conversion rate; Customer lifetime value (CLTV); Customer acquisition cost (CAC); Average deal size,Revenue is the most important metric you track to measure sales success,T5,moderate
What are the most important metrics you track to measure sales success?,MULTI-SELECT,Revenue; Conversion rate; Customer lifetime value (CLTV); Customer acquisition cost (CAC); Average deal size,Revenue is the most important metrics you track to measure sales success,T5,moderate
What are your biggest challenges in achieving your business goals?,MULTI-SELECT,Lack of leads; Low conversion rates; High customer acquisition costs; Competition; Lack of resources,Lack of leads Low conversion rates High customer acquisition costs Competition Lack of resources,T5,moderate
What are your biggest concerns regarding future regulatory changes?,MULTI-SELECT,Environmental regulations; Safety regulations; Labor regulations; Tax regulations; Trade regulations,Environmental regulations are my biggest concerns regarding future regulatory changes,T5,moderate
What are your company's biggest achievements?,MULTI-SELECT,Winning a major award; Launching a successful new product; Expanding into new markets; Achieving significant revenue growth; Building a strong brand reputation,Achieving significant revenue growth is one of your companys biggest achievements,T5,moderate
What are your company's key performance indicators (KPIs)?,MULTI-SELECT,Revenue; Profit margin; Customer acquisition cost; Customer lifetime value; Customer satisfaction,Revenue is the companys key performance indicator Customer lifetime value is the companys key performance indicator,T5,moderate
What are your company's key strategies for retaining customers?,MULTI-SELECT,Excellent customer service; Loyalty programs; Regular customer communication; Proactive problem solving; Building strong relationships,Excellent customer service is a key strategy for retaining customers,T5,moderate
What are your company's key strategies for retaining customers?,MULTI-SELECT,Excellent customer service; Loyalty programs; Regular customer communication; Proactive problem solving; Building strong relationships,Excellent customer service is the key strategy for retaining customers,T5,moderate
What are your company's key strategies for retaining customers?,MULTI-SELECT,Excellent customer service; Loyalty programs; Regular customer communication; Proactive problem solving; Building strong relationships,Excellent customer service is a key strategy for retaining customers,T5,moderate
What are your company's key strategies for retaining customers?,MULTI-SELECT,Excellent customer service; Loyalty programs; Regular customer communication; Proactive problem solving; Building strong relationships,Excellent customer service is a key strategy for retaining customers,T5,moderate
What are your company's key strategies for retaining customers?,MULTI-SELECT,Excellent customer service; Loyalty programs; Regular customer communication; Proactive problem solving; Building strong relationships,Excellent customer service is the key strategy for retaining customers,T5,moderate
What are your company's primary methods for generating leads?,MULTI-SELECT,Inbound marketing; Outbound marketing; Content marketing; Social media marketing; Paid advertising,Inbound marketing is the most effective way to generate leads,T5,moderate
What are your company's primary methods for generating leads?,MULTI-SELECT,Inbound marketing; Outbound marketing; Content marketing; Social media marketing; Paid advertising,Inbound marketing is the most effective way to generate leads,T5,moderate
What are your company's primary methods for generating leads?,MULTI-SELECT,Inbound marketing; Outbound marketing; Content marketing; Social media marketing; Paid advertising,Inbound marketing is the most effective way to generate leads,T5,moderate
What are your company's primary methods for generating leads?,MULTI-SELECT,Inbound marketing; Outbound marketing; Content marketing; Social media marketing; Paid advertising,Inbound marketing is the most effective way to generate leads,T5,moderate
What are your company's primary methods for generating leads?,MULTI-SELECT,Inbound marketing; Outbound marketing; Content marketing; Social media marketing; Paid advertising,Inbound marketing is the most effective way to generate leads,T5,moderate
What are your company's primary revenue streams?,MULTI-SELECT,Product sales; Service revenue; Subscription fees; Licensing fees; Advertising revenue,Product sales are the primary revenue streams for your company,T5,moderate
What are your company's primary revenue streams?,MULTI-SELECT,Product sales; Service revenue; Subscription fees; Licensing fees; Advertising revenue,Product sales are the primary revenue streams for your company,T5,moderate
What are your company's primary revenue streams?,MULTI-SELECT,Product sales; Service revenue; Subscription fees; Licensing fees; Advertising revenue,Product sales are the primary revenue streams for your company,T5,moderate
What are your company's primary revenue streams?,MULTI-SELECT,Product sales; Service revenue; Subscription fees; Licensing fees; Advertising revenue,Product sales are the primary revenue streams for your company,T5,moderate
What are your company's primary revenue streams?,MULTI-SELECT,Product sales; Service revenue; Subscription fees; Licensing fees; Advertising revenue,Product sales are the primary revenue streams for your company,T5,moderate
What are your company's primary sales methodologies?,MULTI-SELECT,Solution selling; Consultative selling; Value selling; Relationship selling; Transactional selling,Solution selling is a sales methodology Transactional selling is a sales methodology,T5,moderate
What are your company's primary sales methodologies?,MULTI-SELECT,Solution selling; Consultative selling; Value selling; Relationship selling; Transactional selling,Solution selling is the companys primary sales methodology,T5,moderate
What are your company's primary sales methodologies?,MULTI-SELECT,Solution selling; Consultative selling; Value selling; Relationship selling; Transactional selling,Solution selling is a sales methodology Transactional selling is a sales methodology,T5,moderate
What are your company's primary sales methodologies?,MULTI-SELECT,Solution selling; Consultative selling; Value selling; Relationship selling; Transactional selling,Solution selling is the primary sales methodology for your company,T5,moderate
What are your company's primary sales methodologies?,MULTI-SELECT,Solution selling; Consultative selling; Value selling; Relationship selling; Transactional selling,Solution selling is the primary sales methodology for your company,T5,moderate
What are your company's strategies for measuring marketing ROI?,MULTI-SELECT,Website analytics; Social media analytics; Email marketing analytics; Customer surveys; Sales data,Email marketing analytics is the best way to measure ROI,T5,moderate
What are your company's strategies for reducing costs?,MULTI-SELECT,Negotiating better prices with suppliers; Improving efficiency; Reducing waste; Automating tasks; Outsourcing non-core functions,I would suggest Negotiating better prices with suppliers,T5,moderate
What are your current marketing and sales technologies?,MULTI-SELECT,"CRM (Salesforce, HubSpot, etc.); Marketing automation (Marketo, Pardot, etc.); Social media management tools; Email marketing platforms; Analytics platforms (Google Analytics, etc.)",Marketing automation Marketo Pardot etc is a marketing automation tool,T5,moderate
What are your current marketing and sales technologies?,MULTI-SELECT,"CRM (Salesforce, HubSpot, etc.); Marketing automation (Marketo, Pardot, etc.); Social media management tools; Email marketing platforms; Analytics platforms (Google Analytics, etc.)",Marketing automation Marketo Pardot etc is a marketing automation tool,T5,moderate
What are your current marketing and sales technologies?,MULTI-SELECT,"CRM (Salesforce, HubSpot, etc.); Marketing automation (Marketo, Pardot, etc.); Social media management tools; Email marketing platforms; Analytics platforms (Google Analytics, etc.)",Marketing automation Marketo Pardot etc and Email marketing platforms Google Analytics etc,T5,moderate
What are your current marketing and sales technologies?,MULTI-SELECT,"CRM (Salesforce, HubSpot, etc.); Marketing automation (Marketo, Pardot, etc.); Social media management tools; Email marketing platforms; Analytics platforms (Google Analytics, etc.)",Marketing automation Marketo Pardot etc Email marketing platforms Marketo Pardot etc and Analytics platforms Google Analytics etc,T5,moderate
What are your current pain points related to sales lead management?,MULTI-SELECT,Difficulty identifying qualified leads; Inefficient lead follow-up; Lack of visibility into the sales pipeline; Poor lead data quality; Lack of reporting and analytics,Difficulty identifying qualified leads Inefficient lead followup Lack of visibility into the sales pipeline Lack of reporting and analytics,T5,moderate
What are your current pain points related to sales lead management?,MULTI-SELECT,Difficulty identifying qualified leads; Inefficient lead follow-up; Lack of visibility into the sales pipeline; Poor lead data quality; Lack of reporting and analytics,Difficulty identifying qualified leads Inefficient lead followup Lack of visibility into the sales pipeline Lack of reporting and analytics,T5,moderate
What are your current pain points related to sales lead management?,MULTI-SELECT,Difficulty identifying qualified leads; Inefficient lead follow-up; Lack of visibility into the sales pipeline; Poor lead data quality; Lack of reporting and analytics,Difficulty identifying qualified leads Inefficient lead followup Lack of visibility into the sales pipeline Lack of reporting and analytics,T5,moderate
What are your current pain points related to sales lead management?,MULTI-SELECT,Difficulty identifying qualified leads; Inefficient lead follow-up; Lack of visibility into the sales pipeline; Poor lead data quality; Lack of reporting and analytics,Difficulty identifying qualified leads Inefficient lead followup Lack of visibility into the sales pipeline Lack of reporting and analytics,T5,moderate
What are your current pain points related to sales lead management?,MULTI-SELECT,Difficulty identifying qualified leads; Inefficient lead follow-up; Lack of visibility into the sales pipeline; Poor lead data quality; Lack of reporting and analytics,Difficulty identifying qualified leads Inefficient lead followup Lack of visibility into the sales pipeline Lack of reporting and analytics,T5,moderate
What are your key decision criteria for selecting a new CRM system?,MULTI-SELECT,Ease of use; Integration capabilities; Reporting and analytics; Cost-effectiveness; Scalability,Ease of use is the key decision factor for selecting a new CRM system,T5,moderate
What are your key decision-making factors when choosing a vendor?,MULTI-SELECT,Price; Features; Reputation; Customer support; Implementation process,Price is the key decisionmaking factor Customer support is the key decisionmaking factor Implementation process is the key decisionmaking factor,T5,moderate
What are your key decision-making factors when choosing a vendor?,MULTI-SELECT,Price; Features; Reputation; Customer support; Implementation process,Price is a key decisionmaking factor Customer support is a key decisionmaking factor Implementation process is a key decisionmaking factor,T5,moderate
What are your key decision-making factors when choosing a vendor?,MULTI-SELECT,Price; Features; Reputation; Customer support; Implementation process,Price is the most important factor Customer support is the most important factor,T5,moderate
What are your key performance indicators (KPIs) for your sales team?,MULTI-SELECT,Revenue; Number of deals closed; Average deal size; Sales cycle length; Customer acquisition cost (CAC),Revenue is the number of deals closed Sales cycle length is the number of deals closed Customer acquisition cost is the number of deals closed,T5,moderate
What are your key performance indicators (KPIs) for your sales team?,MULTI-SELECT,Revenue; Number of deals closed; Average deal size; Sales cycle length; Customer acquisition cost (CAC),Revenue is the number of deals closed Average deal size is the number of deals closed Customer acquisition cost is the number of deals closed,T5,moderate
What are your key performance indicators (KPIs) for your sales team?,MULTI-SELECT,Revenue; Number of deals closed; Average deal size; Sales cycle length; Customer acquisition cost (CAC),Revenue is the number of deals closed Average deal size is the number of deals closed Customer acquisition cost is the number of deals closed,T5,moderate
What are your key performance indicators (KPIs) for your sales team?,MULTI-SELECT,Revenue; Number of deals closed; Average deal size; Sales cycle length; Customer acquisition cost (CAC),Revenue is the number of deals closed Sales cycle length is the number of deals closed Customer acquisition cost is the number of deals closed,T5,moderate
What are your key performance indicators (KPIs) for your sales team?,MULTI-SELECT,Revenue; Number of deals closed; Average deal size; Sales cycle length; Customer acquisition cost (CAC),Revenue is the number of deals closed Average deal size is the number of deals closed Customer acquisition cost is the number of deals closed,T5,moderate
What are your key performance indicators (KPIs)?,MULTI-SELECT,Production output; Safety record; Environmental impact; Cost efficiency; Employee satisfaction,Production output is the key performance indicator,T5,moderate
What are your main sources of raw materials?,MULTI-SELECT,Domestic suppliers; International suppliers; Recycled materials; Mining operations; Agriculture,Domestic suppliers are the main source of raw materials Recycled materials are the main source of raw materials,T5,moderate
What are your main sources of raw materials?,MULTI-SELECT,Domestic suppliers; International suppliers; Recycled materials; Mining operations; Agriculture,Domestic suppliers are your main sources of raw materials,T5,moderate
What are your main sources of raw materials?,MULTI-SELECT,Domestic suppliers; International suppliers; Recycled materials; Mining operations; Agriculture,Domestic suppliers are the main sources of raw materials,T5,moderate
What are your main transportation methods?,MULTI-SELECT,Trucks; Rail; Ships; Pipelines; Air,Trucks are the main transportation methods Ships are the main transportation methods Pipelines are the main transportation methods,T5,moderate
What are your main transportation methods?,MULTI-SELECT,Trucks; Rail; Ships; Pipelines; Air,Trucks are the main transportation methods Ships are the main transportation methods Pipelines are the main transportation methods,T5,moderate
What are your preferred collaboration tools?,MULTI-SELECT,Slack; Microsoft Teams; Google Chat; Discord,Microsoft Teams is my preferred collaboration tool,T5,moderate
What are your preferred collaboration tools?,MULTI-SELECT,Slack; Microsoft Teams; Google Chat; Discord,Microsoft Teams is my preferred collaboration tool,T5,moderate
What are your preferred collaboration tools?,MULTI-SELECT,Slack; Microsoft Teams; Google Chat; Discord,Microsoft Teams is my preferred collaboration tool,T5,moderate
What are your preferred collaboration tools?,MULTI-SELECT,Slack; Microsoft Teams; Google Chat; Discord,Microsoft Teams is my preferred collaboration tool,T5,moderate
What are your preferred collaboration tools?,MULTI-SELECT,Slack; Microsoft Teams; Google Chat; Discord,Microsoft Teams is my preferred collaboration tool,T5,moderate
What are your preferred communication styles?,MULTI-SELECT,Direct and concise; Detailed and thorough; Collaborative and interactive; Formal and professional; Informal and friendly,Direct and concise is my preferred communication style,T5,moderate
What are your preferred communication styles?,MULTI-SELECT,Direct and concise; Detailed and thorough; Collaborative and interactive; Formal and professional; Informal and friendly,Detailed and thorough is my preferred communication style,T5,moderate
What are your preferred learning resources?,MULTI-SELECT,Online courses; Books; Conferences; Workshops; Mentorship; Self-study,Online courses are my preferred learning resources,T5,moderate
What are your preferred learning resources?,MULTI-SELECT,Online courses; Books; Conferences; Workshops; Mentorship; Self-study,Online courses are my preferred learning resources,T5,moderate
What are your preferred learning resources?,MULTI-SELECT,Online courses; Books; Conferences; Workshops; Mentorship; Self-study,Online courses are my preferred learning resources,T5,moderate
What are your preferred learning resources?,MULTI-SELECT,Online courses; Books; Conferences; Workshops; Mentorship; Self-study,Online courses are my preferred learning resources,T5,moderate
What are your preferred learning resources?,MULTI-SELECT,Online courses; Books; Conferences; Workshops; Mentorship; Self-study,Online courses are my preferred learning resources,T5,moderate
What are your preferred methods for code optimization?,MULTI-SELECT,Profiling; Algorithmic improvements; Data structure optimization; Code refactoring,Algorithmic improvements are my preferred methods for code optimization,T5,moderate
What are your preferred methods for code optimization?,MULTI-SELECT,Profiling; Algorithmic improvements; Data structure optimization; Code refactoring,Algorithmic improvements are my preferred methods for code optimization,T5,moderate
What are your preferred methods for code optimization?,MULTI-SELECT,Profiling; Algorithmic improvements; Data structure optimization; Code refactoring,Algorithmic improvements are my preferred methods for code optimization,T5,moderate
What are your preferred methods for gathering customer feedback?,MULTI-SELECT,Customer surveys; Customer interviews; Focus groups; Online reviews; Social media monitoring,Customer surveys are my preferred method of gathering customer feedback,T5,moderate
What are your preferred methods for gathering customer feedback?,MULTI-SELECT,Customer surveys; Customer interviews; Focus groups; Online reviews; Social media monitoring,Customer surveys are my preferred method of gathering feedback,T5,moderate
What are your preferred methods for gathering customer feedback?,MULTI-SELECT,Customer surveys; Customer interviews; Focus groups; Online reviews; Social media monitoring,Customer surveys are my preferred method of gathering customer feedback,T5,moderate
What are your preferred methods for gathering customer feedback?,MULTI-SELECT,Customer surveys; Customer interviews; Focus groups; Online reviews; Social media monitoring,Customer surveys are my preferred method of gathering customer feedback,T5,moderate
What are your preferred methods for gathering customer feedback?,MULTI-SELECT,Customer surveys; Customer interviews; Focus groups; Online reviews; Social media monitoring,Customer surveys are my preferred method of gathering customer feedback,T5,moderate
What are your preferred methods for maintaining code quality?,MULTI-SELECT,Code reviews; Static analysis; Unit testing; Integration testing; Code style guidelines,Code style guidelines are my preferred methods for maintaining code quality,T5,moderate
What are your preferred methods for maintaining code quality?,MULTI-SELECT,Code reviews; Static analysis; Unit testing; Integration testing; Code style guidelines,Code style guidelines are my preferred methods for maintaining code quality,T5,moderate
What are your preferred methods for maintaining code quality?,MULTI-SELECT,Code reviews; Static analysis; Unit testing; Integration testing; Code style guidelines,Code style guidelines are my preferred methods for maintaining code quality,T5,moderate
What are your preferred methods for maintaining code quality?,MULTI-SELECT,Code reviews; Static analysis; Unit testing; Integration testing; Code style guidelines,Code style guidelines are my preferred methods for maintaining code quality,T5,moderate
What are your preferred methods for maintaining code quality?,MULTI-SELECT,Code reviews; Static analysis; Unit testing; Integration testing; Code style guidelines,Code style guidelines are my preferred methods for maintaining code quality,T5,moderate
What are your preferred methods for managing dependencies in your projects?,MULTI-SELECT,Package managers; Dependency injection,Dependency injection is my preferred method for managing dependencies in my projects,T5,moderate
What are your preferred methods for managing dependencies in your projects?,MULTI-SELECT,Package managers; Dependency injection,Dependency injection is my preferred method for managing dependencies in my projects,T5,moderate
What are your preferred methods for managing dependencies in your projects?,MULTI-SELECT,Package managers; Dependency injection,Dependency injection is the best way to manage dependencies,T5,moderate
What are your preferred methods for managing dependencies in your projects?,MULTI-SELECT,Package managers; Dependency injection,Dependency injection is my preferred method for managing dependencies in my projects,T5,moderate
What are your preferred methods for managing dependencies in your projects?,MULTI-SELECT,Package managers; Dependency injection,Dependency injection is the best way to manage dependencies,T5,moderate
What are your preferred methods for nurturing leads?,MULTI-SELECT,Email marketing; Content marketing; Social media engagement; Personalized email sequences; Webinars and online events,Email marketing is my favorite method of nurturing leads,T5,moderate
What are your preferred methods for nurturing leads?,MULTI-SELECT,Email marketing; Content marketing; Social media engagement; Personalized email sequences; Webinars and online events,Email marketing is my favorite method of nurturing leads,T5,moderate
What are your preferred methods for nurturing leads?,MULTI-SELECT,Email marketing; Content marketing; Social media engagement; Personalized email sequences; Webinars and online events,Email marketing is my favorite method of nurturing leads,T5,moderate
What are your preferred methods for nurturing leads?,MULTI-SELECT,Email marketing; Content marketing; Social media engagement; Personalized email sequences; Webinars and online events,Email marketing is my favorite method of nurturing leads,T5,moderate
What are your preferred methods for staying up-to-date on industry news?,MULTI-SELECT,Reading industry publications; Attending industry events; Following industry influencers on social media; Subscribing to industry newsletters; Listening to industry podcasts,Subscribing to industry newsletters is a good way to stay uptodate on industry news,T5,moderate
What are your preferred methods for version control?,MULTI-SELECT,Git flow; GitHub flow; GitLab flow,GitHub flow is my preferred method for version control,T5,moderate
What are your preferred methods for version control?,MULTI-SELECT,Git flow; GitHub flow; GitLab flow,GitHub flow is my preferred method for version control,T5,moderate
What are your preferred methods for version control?,MULTI-SELECT,Git flow; GitHub flow; GitLab flow,GitHub flow is my preferred method for version control,T5,moderate
What are your preferred methods for version control?,MULTI-SELECT,Git flow; GitHub flow; GitLab flow,GitHub flow is my preferred method for version control,T5,moderate
What are your preferred tools for building and deploying applications?,MULTI-SELECT,Docker; Kubernetes; Jenkins; Travis CI; CircleCI,Jenkins is my preferred tool for building and deploying applications,T5,moderate
What are your preferred tools for building and deploying applications?,MULTI-SELECT,Docker; Kubernetes; Jenkins; Travis CI; CircleCI,Kubernetes is my preferred tool for building and deploying applications,T5,moderate
What are your preferred tools for building and deploying applications?,MULTI-SELECT,Docker; Kubernetes; Jenkins; Travis CI; CircleCI,Kubernetes is my preferred tool for building and deploying applications,T5,moderate
What are your preferred tools for building and deploying applications?,MULTI-SELECT,Docker; Kubernetes; Jenkins; Travis CI; CircleCI,Kubernetes is my preferred tool for building and deploying applications,T5,moderate
What are your preferred tools for monitoring and logging applications?,MULTI-SELECT,Grafana; Prometheus; ELK stack; Splunk; Datadog,Prometheus is my preferred tool for monitoring and logging applications,T5,moderate
What are your preferred tools for monitoring and logging applications?,MULTI-SELECT,Grafana; Prometheus; ELK stack; Splunk; Datadog,Prometheus is my preferred tool for monitoring and logging applications,T5,moderate
What are your preferred tools for monitoring and logging applications?,MULTI-SELECT,Grafana; Prometheus; ELK stack; Splunk; Datadog,Splunk is my favorite tool for monitoring and logging applications,T5,moderate
What are your preferred ways to contribute to open-source projects?,MULTI-SELECT,Coding; Testing; Documentation; Community support,Community support is my preferred way to contribute to opensource projects,T5,moderate
What are your preferred ways to contribute to open-source projects?,MULTI-SELECT,Coding; Testing; Documentation; Community support,Community support is my preferred way to contribute to opensource projects,T5,moderate
What are your preferred ways to contribute to open-source projects?,MULTI-SELECT,Coding; Testing; Documentation; Community support,Community support is my preferred way to contribute to opensource projects,T5,moderate
What are your preferred ways to contribute to open-source projects?,MULTI-SELECT,Coding; Testing; Documentation; Community support,Community support is my preferred way to contribute to opensource projects,T5,moderate
What are your preferred ways to contribute to open-source projects?,MULTI-SELECT,Coding; Testing; Documentation; Community support,Community support is my preferred way to contribute to opensource projects,T5,moderate
What are your preferred ways to handle errors in your code?,MULTI-SELECT,Exception handling; Error logging; Error reporting; Defensive programming,Exception handling is the best way to handle errors in your code,T5,moderate
What are your preferred ways to handle errors in your code?,MULTI-SELECT,Exception handling; Error logging; Error reporting; Defensive programming,Exception handling is the best way to handle errors in your code,T5,moderate
What are your preferred ways to handle errors in your code?,MULTI-SELECT,Exception handling; Error logging; Error reporting; Defensive programming,Exception handling is the best way to handle errors in your code,T5,moderate
What are your preferred ways to handle errors in your code?,MULTI-SELECT,Exception handling; Error logging; Error reporting; Defensive programming,Exception handling is the best way to handle errors in your code,T5,moderate
What are your preferred ways to handle errors in your code?,MULTI-SELECT,Exception handling; Error logging; Error reporting; Defensive programming,Exception handling is the best way to handle errors in your code,T5,moderate
What are your preferred ways to learn new technologies?,MULTI-SELECT,Hands-on practice; Reading documentation; Watching tutorials; Following online courses; Working with experienced developers,Handson practice is my favorite way to learn new technologies,T5,moderate
What are your preferred ways to learn new technologies?,MULTI-SELECT,Hands-on practice; Reading documentation; Watching tutorials; Following online courses; Working with experienced developers,Handson practice is my favorite way to learn new technologies,T5,moderate
What are your preferred ways to learn new technologies?,MULTI-SELECT,Hands-on practice; Reading documentation; Watching tutorials; Following online courses; Working with experienced developers,Handson practice is my favorite way to learn new technologies,T5,moderate
What are your preferred ways to learn new technologies?,MULTI-SELECT,Hands-on practice; Reading documentation; Watching tutorials; Following online courses; Working with experienced developers,Following online courses is the best way to learn new technologies,T5,moderate
What are your preferred ways to stay up-to-date with the latest technologies?,MULTI-SELECT,Reading industry blogs; Attending conferences and workshops; Taking online courses; Participating in open-source projects; Networking with other developers,Reading industry blogs is my favorite way to stay uptodate with the latest technologies,T5,moderate
What are your preferred ways to stay up-to-date with the latest technologies?,MULTI-SELECT,Reading industry blogs; Attending conferences and workshops; Taking online courses; Participating in open-source projects; Networking with other developers,Reading industry blogs is my favorite way to stay uptodate with the latest technologies,T5,moderate
What are your preferred ways to stay up-to-date with the latest technologies?,MULTI-SELECT,Reading industry blogs; Attending conferences and workshops; Taking online courses; Participating in open-source projects; Networking with other developers,Reading industry blogs is my favorite way to stay uptodate with the latest technologies,T5,moderate
What are your preferred ways to stay up-to-date with the latest technologies?,MULTI-SELECT,Reading industry blogs; Attending conferences and workshops; Taking online courses; Participating in open-source projects; Networking with other developers,Reading industry blogs is my favorite way to stay uptodate with the latest technologies,T5,moderate
What are your preferred ways to stay up-to-date with the latest technologies?,MULTI-SELECT,Reading industry blogs; Attending conferences and workshops; Taking online courses; Participating in open-source projects; Networking with other developers,Reading industry blogs is my favorite way to stay uptodate with the latest technologies,T5,moderate
What are your primary channels for communicating with customers?,MULTI-SELECT,Email; Phone; Social media; Live chat; In-person meetings,Email is the primary channel for communicating with customers,T5,moderate
What are your primary channels for communicating with customers?,MULTI-SELECT,Email; Phone; Social media; Live chat; In-person meetings,Email is the most common way to communicate with customers,T5,moderate
What are your primary channels for communicating with customers?,MULTI-SELECT,Email; Phone; Social media; Live chat; In-person meetings,Email is the most common way to communicate with customers Inperson meetings are the most common way to communicate with customers,T5,moderate
What are your primary channels for communicating with customers?,MULTI-SELECT,Email; Phone; Social media; Live chat; In-person meetings,Email is the primary channel for communicating with customers,T5,moderate
What are your primary channels for communicating with customers?,MULTI-SELECT,Email; Phone; Social media; Live chat; In-person meetings,Email is the most common way to communicate with customers Inperson meetings are the most common way to communicate with customers,T5,moderate
What are your primary concerns regarding the accuracy of your sales data?,MULTI-SELECT,Data entry errors; Data inconsistencies; Lack of data standardization; Difficulty accessing accurate data; Outdated data,Data entry errors are my primary concerns regarding the accuracy of my sales data,T5,moderate
What are your primary distribution channels?,MULTI-SELECT,Direct sales; Distributors; Retailers; Online sales; Export,Direct sales are your primary distribution channels,T5,moderate
What are your primary distribution channels?,MULTI-SELECT,Direct sales; Distributors; Retailers; Online sales; Export,Direct sales are the primary distribution channels,T5,moderate
What are your primary distribution channels?,MULTI-SELECT,Direct sales; Distributors; Retailers; Online sales; Export,Direct sales are the primary distribution channels,T5,moderate
What are your primary distribution channels?,MULTI-SELECT,Direct sales; Distributors; Retailers; Online sales; Export,Direct sales are the primary distribution channels,T5,moderate
What are your primary methods for reducing water consumption?,MULTI-SELECT,Water recycling; Water-efficient equipment; Process optimization; Leak detection and repair; Water management systems,Water recycling is one of my primary methods for reducing water consumption,T5,moderate
What are your primary methods for reducing water consumption?,MULTI-SELECT,Water recycling; Water-efficient equipment; Process optimization; Leak detection and repair; Water management systems,Water recycling is the most efficient way to reduce water consumption,T5,moderate
What are your primary methods for reducing water consumption?,MULTI-SELECT,Water recycling; Water-efficient equipment; Process optimization; Leak detection and repair; Water management systems,Water recycling is one of my primary methods for reducing water consumption,T5,moderate
What are your primary methods for reducing water consumption?,MULTI-SELECT,Water recycling; Water-efficient equipment; Process optimization; Leak detection and repair; Water management systems,Water recycling is the primary method for reducing water consumption,T5,moderate
What are your primary methods for reducing water consumption?,MULTI-SELECT,Water recycling; Water-efficient equipment; Process optimization; Leak detection and repair; Water management systems,Water recycling is the most efficient way to reduce water consumption,T5,moderate
What are your primary sources of leads?,MULTI-SELECT,Referral programs; Social media marketing; Content marketing; Email marketing; Paid advertising,Social media marketing is the primary source of leads,T5,moderate
What are your team's preferred communication tools?,MULTI-SELECT,Slack; Microsoft Teams; Email; Project management software; Instant messaging apps,Microsoft Teams is the preferred communication tool,T5,moderate
What are your team's preferred communication tools?,MULTI-SELECT,Slack; Microsoft Teams; Email; Project management software; Instant messaging apps,Microsoft Teams is the best communication tool for your team,T5,moderate
What are your team's preferred communication tools?,MULTI-SELECT,Slack; Microsoft Teams; Email; Project management software; Instant messaging apps,Microsoft Teams is the best communication tool for your team,T5,moderate
What are your team's preferred communication tools?,MULTI-SELECT,Slack; Microsoft Teams; Email; Project management software; Instant messaging apps,Slack is a messaging app Slack is a project management software Slack is a messaging app Slack is a project management software,T5,moderate
What are your team's preferred communication tools?,MULTI-SELECT,Slack; Microsoft Teams; Email; Project management software; Instant messaging apps,Slack is the best communication tool for your team,T5,moderate
What are your top three priorities for improving your sales process?,MULTI-SELECT,Improving lead generation; Increasing conversion rates; Shortening the sales cycle; Improving sales team performance; Better lead qualification,Improving lead generation Increasing conversion rates and Better lead qualification are my top three priorities for improving your sales process,T5,moderate
What are your top three priorities for improving your sales process?,MULTI-SELECT,Improving lead generation; Increasing conversion rates; Shortening the sales cycle; Improving sales team performance; Better lead qualification,Improving lead generation Increasing conversion rates and Better lead qualification are my top three priorities for improving your sales process,T5,moderate
What are your top three priorities for improving your sales process?,MULTI-SELECT,Improving lead generation; Increasing conversion rates; Shortening the sales cycle; Improving sales team performance; Better lead qualification,Improving lead generation Increasing conversion rates and Better lead qualification are my top three priorities for improving your sales process,T5,moderate
What are your top three priorities for improving your sales process?,MULTI-SELECT,Improving lead generation; Increasing conversion rates; Shortening the sales cycle; Improving sales team performance; Better lead qualification,Improving lead generation Increasing conversion rates and Better lead qualification are my top three priorities,T5,moderate
What areas of software development are you most interested in improving?,MULTI-SELECT,Specific programming languages; Software design patterns; Testing methodologies; Project management; Communication skills,Specific programming languages are my favorite areas of software development,T5,moderate
What areas of software development are you most interested in improving?,MULTI-SELECT,Specific programming languages; Software design patterns; Testing methodologies; Project management; Communication skills,Specific programming languages are my favorite areas of software development,T5,moderate
What areas of software development are you most interested in improving?,MULTI-SELECT,Specific programming languages; Software design patterns; Testing methodologies; Project management; Communication skills,Specific programming languages are my favorite areas of software development,T5,moderate
What areas of software development are you most interested in improving?,MULTI-SELECT,Specific programming languages; Software design patterns; Testing methodologies; Project management; Communication skills,Specific programming languages are my favorite areas of software development,T5,moderate
What areas of software development are you most interested in improving?,MULTI-SELECT,Specific programming languages; Software design patterns; Testing methodologies; Project management; Communication skills,Specific programming languages are the areas I am most interested in improving,T5,moderate
What cloud platforms are you familiar with?,MULTI-SELECT,AWS; Azure; Google Cloud Platform,I am familiar with AWS Azure and Google Cloud Platform,T5,moderate
What cloud platforms are you familiar with?,MULTI-SELECT,AWS; Azure; Google Cloud Platform,I am familiar with AWS Azure and Google Cloud Platform,T5,moderate
What communication tools do you use for internal and external communication?,MULTI-SELECT,Email; Instant messaging; Video conferencing; Project management software; Intranet,Email is a communication tool Video conferencing is a communication tool Project management software is a communication tool,T5,moderate
What databases have you worked with?,MULTI-SELECT,MySQL; PostgreSQL; MongoDB; Oracle; SQL Server,I have worked with MySQL PostgreSQL MongoDB Oracle and SQL Server,T5,moderate
What databases have you worked with?,MULTI-SELECT,MySQL; PostgreSQL; MongoDB; Oracle; SQL Server,I have worked with MySQL PostgreSQL MongoDB Oracle and SQL Server,T5,moderate
What databases have you worked with?,MULTI-SELECT,MySQL; PostgreSQL; MongoDB; Oracle; SQL Server,I have worked with MySQL PostgreSQL MongoDB Oracle and SQL Server,T5,moderate
What databases have you worked with?,MULTI-SELECT,MySQL; PostgreSQL; MongoDB; Oracle; SQL Server,I have worked with MySQL PostgreSQL MongoDB Oracle and SQL Server,T5,moderate
What databases have you worked with?,MULTI-SELECT,MySQL; PostgreSQL; MongoDB; Oracle; SQL Server,I have worked with MySQL PostgreSQL MongoDB Oracle and SQL Server,T5,moderate
What features are most important to you in a sales lead qualification tool?,MULTI-SELECT,Lead scoring; Lead routing; Integration with CRM; Reporting and analytics; Ease of use,Lead scoring is the most important feature to you in a sales lead qualification tool,T5,moderate
What features are most important to you in a sales lead qualification tool?,MULTI-SELECT,Lead scoring; Lead routing; Integration with CRM; Reporting and analytics; Ease of use,Lead scoring is the most important feature to you in a sales lead qualification tool,T5,moderate
What features are most important to you in a sales lead qualification tool?,MULTI-SELECT,Lead scoring; Lead routing; Integration with CRM; Reporting and analytics; Ease of use,Lead scoring is the most important feature to you in a sales lead qualification tool,T5,moderate
What features are most important to you in a sales lead qualification tool?,MULTI-SELECT,Lead scoring; Lead routing; Integration with CRM; Reporting and analytics; Ease of use,Lead scoring is the most important feature to you in a sales lead qualification tool,T5,moderate
What features are most important to you in a sales lead qualification tool?,MULTI-SELECT,Lead scoring; Lead routing; Integration with CRM; Reporting and analytics; Ease of use,Lead scoring is the most important feature to you in a sales lead qualification tool,T5,moderate
What materials do you primarily process or manufacture?,MULTI-SELECT,Iron ore; Crude oil; Limestone; Chemicals; Plastics,Limestone is a material that we primarily process or manufacture,T5,moderate
What materials do you primarily process or manufacture?,MULTI-SELECT,Iron ore; Crude oil; Limestone; Chemicals; Plastics,Limestone is a material that I primarily process or manufacture,T5,moderate
What methodologies have you used in software development?,MULTI-SELECT,Agile; Scrum; Kanban; Waterfall; XP (Extreme Programming),I have used Agile Scrum Kanban Waterfall and XP Extreme Programming,T5,moderate
What methodologies have you used in software development?,MULTI-SELECT,Agile; Scrum; Kanban; Waterfall; XP (Extreme Programming),I have used Agile Scrum Kanban and XP Extreme Programming,T5,moderate
What methodologies have you used in software development?,MULTI-SELECT,Agile; Scrum; Kanban; Waterfall; XP (Extreme Programming),I have used Agile Scrum Kanban Waterfall and XP Extreme Programming,T5,moderate
What methodologies have you used in software development?,MULTI-SELECT,Agile; Scrum; Kanban; Waterfall; XP (Extreme Programming),Ive used Agile Scrum Kanban Waterfall and XP Extreme Programming,T5,moderate
What programming languages are you proficient in?,MULTI-SELECT,Python; Java; JavaScript; C++; C#; Go; Swift; Kotlin; PHP; Ruby,I am proficient in Python JavaScript CGo Swift Kotlin and Ruby,T5,moderate
What project management tools have you used?,MULTI-SELECT,Jira; Trello; Asana; GitHub Projects; GitLab Issues,I have used Jira Trello Asana GitHub Projects and GitLab Issues,T5,moderate
What project management tools have you used?,MULTI-SELECT,Jira; Trello; Asana; GitHub Projects; GitLab Issues,I have used Jira Trello Asana GitHub Projects and GitLab Issues,T5,moderate
What project management tools have you used?,MULTI-SELECT,Jira; Trello; Asana; GitHub Projects; GitLab Issues,I have used Jira Trello Asana GitHub Projects and GitLab Issues,T5,moderate
What project management tools have you used?,MULTI-SELECT,Jira; Trello; Asana; GitHub Projects; GitLab Issues,I have used Jira Trello Asana GitHub Projects and GitLab Issues,T5,moderate
What project management tools have you used?,MULTI-SELECT,Jira; Trello; Asana; GitHub Projects; GitLab Issues,I have used Jira Trello Asana GitHub Projects and GitLab Issues,T5,moderate
What safety measures are in place at your facility?,MULTI-SELECT,Personal Protective Equipment (PPE); Regular safety inspections; Emergency response plans; Employee safety training; Lockout/Tagout procedures,Regular safety inspections are in place at your facility,T5,moderate
What safety measures are in place at your facility?,MULTI-SELECT,Personal Protective Equipment (PPE); Regular safety inspections; Emergency response plans; Employee safety training; Lockout/Tagout procedures,Regular safety inspections are in place at your facility,T5,moderate
What safety measures are in place at your facility?,MULTI-SELECT,Personal Protective Equipment (PPE); Regular safety inspections; Emergency response plans; Employee safety training; Lockout/Tagout procedures,Regular safety inspections are in place at your facility,T5,moderate
What safety measures are in place at your facility?,MULTI-SELECT,Personal Protective Equipment (PPE); Regular safety inspections; Emergency response plans; Employee safety training; Lockout/Tagout procedures,Regular safety inspections are in place at your facility,T5,moderate
What safety measures are in place at your facility?,MULTI-SELECT,Personal Protective Equipment (PPE); Regular safety inspections; Emergency response plans; Employee safety training; Lockout/Tagout procedures,Regular safety inspections are in place at your facility,T5,moderate
What security practices are you familiar with?,MULTI-SELECT,OWASP Top 10; Authentication; Authorization; Encryption; Input validation; Output encoding; Secure coding practices,OWASP Top 10 Authentication Authorization Encryption Input validation Output encoding Secure coding practices,T5,moderate
What skills are you looking for in a new employee?,MULTI-SELECT,Communication; Problem-solving; Teamwork; Leadership; Technical skills,Communication is the most important skill Im looking for in a new employee,T5,moderate
What skills are you looking for in a new employee?,MULTI-SELECT,Communication; Problem-solving; Teamwork; Leadership; Technical skills,Communication is the most important skill Im looking for in a new employee,T5,moderate
What skills are you looking for in a new employee?,MULTI-SELECT,Communication; Problem-solving; Teamwork; Leadership; Technical skills,Communication is the most important skill Teamwork is the most important skill,T5,moderate
What skills are you looking for in a new employee?,MULTI-SELECT,Communication; Problem-solving; Teamwork; Leadership; Technical skills,Communication is the most important skill that I am looking for in a new employee,T5,moderate
What skills are you looking for in a new employee?,MULTI-SELECT,Communication; Problem-solving; Teamwork; Leadership; Technical skills,Communication is the most important skill I am looking for in a new employee,T5,moderate
What technologies are you currently implementing or exploring?,MULTI-SELECT,Automation; Robotics; Artificial intelligence (AI); Internet of Things (IoT); Big data analytics,I am currently implementing or exploring the Internet of Things IoT,T5,moderate
What technologies are you currently implementing or exploring?,MULTI-SELECT,Automation; Robotics; Artificial intelligence (AI); Internet of Things (IoT); Big data analytics,I am currently implementing or exploring the Internet of Things IoT,T5,moderate
What technologies are you currently implementing or exploring?,MULTI-SELECT,Automation; Robotics; Artificial intelligence (AI); Internet of Things (IoT); Big data analytics,I am currently implementing or exploring the Internet of Things IoT,T5,moderate
What technologies are you currently implementing or exploring?,MULTI-SELECT,Automation; Robotics; Artificial intelligence (AI); Internet of Things (IoT); Big data analytics,I am currently implementing or exploring the Internet of Things IoT,T5,moderate
What technologies are you currently implementing or exploring?,MULTI-SELECT,Automation; Robotics; Artificial intelligence (AI); Internet of Things (IoT); Big data analytics,I am currently implementing or exploring the Internet of Things IoT,T5,moderate
What training programs do you offer your employees?,MULTI-SELECT,Safety training; Technical skills training; Leadership development; Environmental awareness training; On-the-job training,Safety training is the most popular training program,T5,moderate
What training programs do you offer your employees?,MULTI-SELECT,Safety training; Technical skills training; Leadership development; Environmental awareness training; On-the-job training,Safety training is the most popular training program,T5,moderate
What training programs do you offer your employees?,MULTI-SELECT,Safety training; Technical skills training; Leadership development; Environmental awareness training; On-the-job training,Safety training is the most popular training program,T5,moderate
What types of  cloud computing services do you use?,MULTI-SELECT,Amazon Web Services (AWS); Microsoft Azure; Google Cloud Platform (GCP); IBM Cloud; Oracle Cloud,I use Amazon Web Services AWS Microsoft Azure Google Cloud Platform GCP IBM Cloud Oracle Cloud,T5,moderate
What types of  cloud computing services do you use?,MULTI-SELECT,Amazon Web Services (AWS); Microsoft Azure; Google Cloud Platform (GCP); IBM Cloud; Oracle Cloud,I use Amazon Web Services AWS Microsoft Azure Google Cloud Platform GCP IBM Cloud Oracle Cloud,T5,moderate
What types of  cloud computing services do you use?,MULTI-SELECT,Amazon Web Services (AWS); Microsoft Azure; Google Cloud Platform (GCP); IBM Cloud; Oracle Cloud,I use Amazon Web Services AWS Microsoft Azure Google Cloud Platform GCP IBM Cloud Oracle Cloud,T5,moderate
What types of  cloud computing services do you use?,MULTI-SELECT,Amazon Web Services (AWS); Microsoft Azure; Google Cloud Platform (GCP); IBM Cloud; Oracle Cloud,I use Amazon Web Services AWS Microsoft Azure Google Cloud Platform GCP IBM Cloud Oracle Cloud,T5,moderate
What types of  project management software do you use?,MULTI-SELECT,Microsoft Project; Asana; Jira; Trello; Monday.com,Asana is a project management software Jira is a project management software,T5,moderate
What types of communication protocols are you familiar with?,MULTI-SELECT,HTTP; HTTPS; TCP/IP; UDP; REST; GraphQL,I am familiar with HTTPS TCPIP UDP REST and GraphQL,T5,moderate
What types of content do you find most effective for lead generation?,MULTI-SELECT,Blog posts; Case studies; White papers; Webinars; Ebooks; Infographics,Blog posts are the most effective Ebooks are the most effective,T5,moderate
What types of content do you find most effective for lead generation?,MULTI-SELECT,Blog posts; Case studies; White papers; Webinars; Ebooks; Infographics,Blog posts are the most effective for lead generation,T5,moderate
What types of content do you find most effective for lead generation?,MULTI-SELECT,Blog posts; Case studies; White papers; Webinars; Ebooks; Infographics,Blog posts are the most effective type of content for lead generation,T5,moderate
What types of content do you find most effective for lead generation?,MULTI-SELECT,Blog posts; Case studies; White papers; Webinars; Ebooks; Infographics,Blog posts are the most effective for lead generation,T5,moderate
What types of databases have you used in your projects?,MULTI-SELECT,Relational databases; NoSQL databases; Graph databases,I have used Relational databases NoSQL databases and Graph databases in my projects,T5,moderate
What types of deployment strategies are you familiar with?,MULTI-SELECT,Continuous deployment; Continuous integration; Rolling deployments; Blue/green deployments; Canary deployments,Continuous deployment is the most common type of deployment strategy Canary deployments are the most common type of deployment strategy,T5,moderate
What types of deployment strategies are you familiar with?,MULTI-SELECT,Continuous deployment; Continuous integration; Rolling deployments; Blue/green deployments; Canary deployments,Continuous deployment is the most common type of deployment strategy,T5,moderate
What types of deployment strategies are you familiar with?,MULTI-SELECT,Continuous deployment; Continuous integration; Rolling deployments; Blue/green deployments; Canary deployments,I am familiar with Continuous deployment Continuous integration and Rolling deployments,T5,moderate
What types of deployment strategies are you familiar with?,MULTI-SELECT,Continuous deployment; Continuous integration; Rolling deployments; Blue/green deployments; Canary deployments,I am familiar with continuous deployment continuous integration rolling deployments and canary deployments,T5,moderate
What types of deployment strategies are you familiar with?,MULTI-SELECT,Continuous deployment; Continuous integration; Rolling deployments; Blue/green deployments; Canary deployments,Continuous deployment is the most common type of deployment strategy,T5,moderate
What types of design patterns are you most comfortable using?,MULTI-SELECT,Creational patterns; Structural patterns; Behavioral patterns,I prefer Structural patterns over Behavioral patterns,T5,moderate
What types of diversity and inclusion initiatives does your company have?,MULTI-SELECT,Diversity training; Employee resource groups; Mentorship programs; Inclusive hiring practices; Accessibility initiatives,Diversity training is a type of diversity and inclusion initiative,T5,moderate
What types of documentation are you comfortable creating?,MULTI-SELECT,User manuals; Technical specifications; API documentation; Design documents; Test plans,User manuals are my favorite type of documentation,T5,moderate
What types of documentation are you comfortable creating?,MULTI-SELECT,User manuals; Technical specifications; API documentation; Design documents; Test plans,User manuals are the most common type of documentation,T5,moderate
What types of employee benefits does your company offer?,MULTI-SELECT,Health insurance; Retirement plan; Paid time off; Tuition reimbursement; Child care assistance,Health insurance is the type of employee benefits that your company offers,T5,moderate
What types of employee benefits does your company offer?,MULTI-SELECT,Health insurance; Retirement plan; Paid time off; Tuition reimbursement; Child care assistance,Health insurance is the type of employee benefits that your company offers,T5,moderate
What types of employee benefits does your company offer?,MULTI-SELECT,Health insurance; Retirement plan; Paid time off; Tuition reimbursement; Child care assistance,Health insurance is the most common type of employee benefits,T5,moderate
What types of heavy machinery do you utilize?,MULTI-SELECT,Bulldozers; Excavator; Cranes; Forklifts; Heavy-duty trucks,Forklifts are heavy machinery Forklifts are a type of heavy machinery Heavyduty trucks are a type of heavy machinery,T5,moderate
What types of industrial automation systems do you use?,MULTI-SELECT,Programmable Logic Controllers (PLCs); Supervisory Control and Data Acquisition (SCADA); Distributed Control Systems (DCS); Human-Machine Interfaces (HMIs); Industrial Ethernet,Industrial Ethernet is a type of industrial automation system,T5,moderate
What types of industrial robots are used in your operations?,MULTI-SELECT,Articulated robots; Cartesian robots; SCARA robots; Delta robots; Collaborative robots (cobots),Articulated robots are used in your operations Delta robots are used in your operations,T5,moderate
What types of industrial robots are used in your operations?,MULTI-SELECT,Articulated robots; Cartesian robots; SCARA robots; Delta robots; Collaborative robots (cobots),Collaborative robots cobots are used in your operations,T5,moderate
What types of industrial robots are used in your operations?,MULTI-SELECT,Articulated robots; Cartesian robots; SCARA robots; Delta robots; Collaborative robots (cobots),Articulated robots are used in your operations Delta robots are used in your operations Collaborative robots cobots are used in your operations,T5,moderate
What types of industrial robots are used in your operations?,MULTI-SELECT,Articulated robots; Cartesian robots; SCARA robots; Delta robots; Collaborative robots (cobots),Articulated robots are used in your operations Delta robots are used in your operations,T5,moderate
What types of industrial robots are used in your operations?,MULTI-SELECT,Articulated robots; Cartesian robots; SCARA robots; Delta robots; Collaborative robots (cobots),Articulated robots are used in your operations Delta robots are used in your operations Collaborative robots cobots are used in your operations,T5,moderate
What types of information are most important to include in your sales proposals?,MULTI-SELECT,Product features and benefits; Pricing and payment terms; Case studies and testimonials; Client success stories; Service level agreements (SLAs),Case studies and testimonials are the most important information to include in your sales proposals,T5,moderate
What types of information are most important to include in your sales proposals?,MULTI-SELECT,Product features and benefits; Pricing and payment terms; Case studies and testimonials; Client success stories; Service level agreements (SLAs),Case studies and testimonials are the most important information to include in your sales proposals,T5,moderate
What types of information are most important to include in your sales proposals?,MULTI-SELECT,Product features and benefits; Pricing and payment terms; Case studies and testimonials; Client success stories; Service level agreements (SLAs),Case studies and testimonials are the most important information to include in your sales proposals,T5,moderate
What types of information are most important to include in your sales proposals?,MULTI-SELECT,Product features and benefits; Pricing and payment terms; Case studies and testimonials; Client success stories; Service level agreements (SLAs),Case studies and testimonials are the most important types of information to include in your sales proposals,T5,moderate
What types of information are most important to include in your sales proposals?,MULTI-SELECT,Product features and benefits; Pricing and payment terms; Case studies and testimonials; Client success stories; Service level agreements (SLAs),Case studies and testimonials are the most important information to include in your sales proposals,T5,moderate
What types of marketing channels does your company use?,MULTI-SELECT,Digital marketing; Social media marketing; Email marketing; Content marketing; Traditional marketing,Digital marketing is the most popular marketing channel Traditional marketing is the most popular marketing channel,T5,moderate
What types of marketing channels does your company use?,MULTI-SELECT,Digital marketing; Social media marketing; Email marketing; Content marketing; Traditional marketing,Digital marketing is the most popular type of marketing channel Traditional marketing is the most popular type of marketing channel,T5,moderate
What types of marketing channels does your company use?,MULTI-SELECT,Digital marketing; Social media marketing; Email marketing; Content marketing; Traditional marketing,Digital marketing is the most popular type of marketing channel Traditional marketing is the most popular type of marketing channel,T5,moderate
What types of marketing channels does your company use?,MULTI-SELECT,Digital marketing; Social media marketing; Email marketing; Content marketing; Traditional marketing,Email marketing is the most popular type of marketing channel,T5,moderate
What types of marketing content do you find most effective?,MULTI-SELECT,Blog posts; Videos; Infographics; Case studies; Email newsletters; Social media posts,I find Infographics to be the most effective type of marketing content,T5,moderate
What types of marketing content do you find most effective?,MULTI-SELECT,Blog posts; Videos; Infographics; Case studies; Email newsletters; Social media posts,I find Infographics to be the most effective type of marketing content,T5,moderate
What types of marketing content do you find most effective?,MULTI-SELECT,Blog posts; Videos; Infographics; Case studies; Email newsletters; Social media posts,I find Infographics to be the most effective type of marketing content,T5,moderate
What types of marketing content do you find most effective?,MULTI-SELECT,Blog posts; Videos; Infographics; Case studies; Email newsletters; Social media posts,I find Infographics to be the most effective type of marketing content,T5,moderate
What types of marketing content do you find most effective?,MULTI-SELECT,Blog posts; Videos; Infographics; Case studies; Email newsletters; Social media posts,I find Infographics to be the most effective type of marketing content,T5,moderate
What types of quality control measures do you employ?,MULTI-SELECT,Regular inspections; Testing; Statistical process control (SPC); ISO 9001 certification; Six Sigma methodology,Regular inspections are the most common type of quality control measures,T5,moderate
What types of quality control measures do you employ?,MULTI-SELECT,Regular inspections; Testing; Statistical process control (SPC); ISO 9001 certification; Six Sigma methodology,Regular inspections are the most common type of quality control measures,T5,moderate
What types of quality control measures do you employ?,MULTI-SELECT,Regular inspections; Testing; Statistical process control (SPC); ISO 9001 certification; Six Sigma methodology,Regular inspections are the most common type of quality control measures,T5,moderate
What types of sales reports are most valuable to your team?,MULTI-SELECT,Sales pipeline reports; Lead conversion reports; Sales forecast reports; Sales performance reports; Customer segmentation reports,Sales performance reports are the most valuable reports to your team,T5,moderate
What types of sales reports are most valuable to your team?,MULTI-SELECT,Sales pipeline reports; Lead conversion reports; Sales forecast reports; Sales performance reports; Customer segmentation reports,Sales performance reports are the most valuable reports to your team,T5,moderate
What types of sales reports are most valuable to your team?,MULTI-SELECT,Sales pipeline reports; Lead conversion reports; Sales forecast reports; Sales performance reports; Customer segmentation reports,Sales performance reports are the most valuable reports to your team,T5,moderate
What types of sales reports are most valuable to your team?,MULTI-SELECT,Sales pipeline reports; Lead conversion reports; Sales forecast reports; Sales performance reports; Customer segmentation reports,Sales pipeline reports are the most valuable reports to your team,T5,moderate
What types of sales tools and technologies does your team currently use?,MULTI-SELECT,CRM software; Sales automation tools; Sales intelligence platforms; Proposal software; Communication and collaboration tools,CRM software is the most commonly used tool for sales automation,T5,moderate
What types of sales tools and technologies does your team currently use?,MULTI-SELECT,CRM software; Sales automation tools; Sales intelligence platforms; Proposal software; Communication and collaboration tools,CRM software is the most common sales tool Proposal software is the most common sales tool,T5,moderate
What types of sales tools and technologies does your team currently use?,MULTI-SELECT,CRM software; Sales automation tools; Sales intelligence platforms; Proposal software; Communication and collaboration tools,CRM software is the most commonly used sales tools and technologies,T5,moderate
What types of sales tools and technologies does your team currently use?,MULTI-SELECT,CRM software; Sales automation tools; Sales intelligence platforms; Proposal software; Communication and collaboration tools,CRM software is the most common sales automation tool,T5,moderate
What types of sales training do your sales reps need?,MULTI-SELECT,Product knowledge training; Sales techniques training; Customer relationship management (CRM) training; Negotiation skills training; Closing skills training,Sales techniques training is a type of sales training Closing skills training is a type of sales training,T5,moderate
What types of software architectures are you familiar with?,MULTI-SELECT,Microservices; Monolithic; Layered; Event-driven,Microservices is the type of software architecture that I am familiar with,T5,moderate
What types of software architectures are you familiar with?,MULTI-SELECT,Microservices; Monolithic; Layered; Event-driven,Microservices is a type of software architecture that I am familiar with,T5,moderate
What types of software development environments have you worked in?,MULTI-SELECT,Agile; Waterfall; DevOps; Continuous integration/continuous delivery (CI/CD),Ive worked in Agile DevOps and Continuous integrationcontinuous delivery CICD,T5,moderate
What types of software development environments have you worked in?,MULTI-SELECT,Agile; Waterfall; DevOps; Continuous integration/continuous delivery (CI/CD),I have worked in Agile DevOps and Continuous integrationcontinuous delivery CICD,T5,moderate
What types of software development environments have you worked in?,MULTI-SELECT,Agile; Waterfall; DevOps; Continuous integration/continuous delivery (CI/CD),I have worked in Agile DevOps and Continuous integrationcontinuous delivery CICD,T5,moderate
What types of software development methodologies have you experienced?,MULTI-SELECT,Agile; Waterfall; Lean; Kanban; Scrum,I have experienced Agile Waterfall Lean Kanban and Scrum,T5,moderate
What types of software development methodologies have you experienced?,MULTI-SELECT,Agile; Waterfall; Lean; Kanban; Scrum,I have experienced Agile Waterfall Lean Kanban and Scrum,T5,moderate
What types of software development projects have you worked on?,MULTI-SELECT,Web applications; Mobile applications; Desktop applications; Embedded systems; Data science projects,I have worked on Web applications Mobile applications Embedded systems and Data science projects,T5,moderate
What types of software development projects have you worked on?,MULTI-SELECT,Web applications; Mobile applications; Desktop applications; Embedded systems; Data science projects,I have worked on Web applications Mobile applications Embedded systems and Data science projects,T5,moderate
What types of software development tools have you used?,MULTI-SELECT,Integrated Development Environments (IDEs); Source code management tools; Build tools; Testing frameworks; Debugging tools,I have used Integrated Development Environments IDEs,T5,moderate
What types of software development tools have you used?,MULTI-SELECT,Integrated Development Environments (IDEs); Source code management tools; Build tools; Testing frameworks; Debugging tools,I have used Integrated Development Environments IDEs,T5,moderate
What types of software development tools have you used?,MULTI-SELECT,Integrated Development Environments (IDEs); Source code management tools; Build tools; Testing frameworks; Debugging tools,I have used Integrated Development Environments IDEs,T5,moderate
What types of software development tools have you used?,MULTI-SELECT,Integrated Development Environments (IDEs); Source code management tools; Build tools; Testing frameworks; Debugging tools,I have used Integrated Development Environments IDEs,T5,moderate
What types of software development tools have you used?,MULTI-SELECT,Integrated Development Environments (IDEs); Source code management tools; Build tools; Testing frameworks; Debugging tools,I have used Integrated Development Environments IDEs,T5,moderate
What types of software licenses are you familiar with?,MULTI-SELECT,GPL; MIT; Apache 2.0; BSD; Proprietary,GPL is a software license Apache 20 is a software license,T5,moderate
What types of technology does your company use?,MULTI-SELECT,Cloud computing; Big data analytics; Artificial intelligence; Machine learning; Internet of Things (IoT),Cloud computing is a type of technology Machine learning is a type of technology IoT is a type of technology,T5,moderate
What types of technology does your company use?,MULTI-SELECT,Cloud computing; Big data analytics; Artificial intelligence; Machine learning; Internet of Things (IoT),Cloud computing is the most popular type of technology Machine learning is the most popular type of technology,T5,moderate
What types of testing have you performed?,MULTI-SELECT,Functional testing; Performance testing; Security testing; Usability testing; Regression testing,I have performed functional testing performance testing usability testing and regression testing,T5,moderate
What types of testing have you performed?,MULTI-SELECT,Functional testing; Performance testing; Security testing; Usability testing; Regression testing,I have performed functional testing performance testing usability testing and regression testing,T5,moderate
What types of training programs are you interested in?,MULTI-SELECT,Technical skills training; Leadership training; Management training; Communication skills training; Sales training,Communication skills training is the type of training I am interested in,T5,moderate
What types of waste are generated by your operations?,MULTI-SELECT,Solid waste; Hazardous waste; Liquid waste; Gaseous emissions; Recyclable materials,Solid waste is generated by your operations Liquid waste is generated by your operations Recyclable materials are generated by your operations,T5,moderate
What types of waste are generated by your operations?,MULTI-SELECT,Solid waste; Hazardous waste; Liquid waste; Gaseous emissions; Recyclable materials,Solid waste is generated by your operations Recyclable materials are generated by your operations,T5,moderate
What types of waste are generated by your operations?,MULTI-SELECT,Solid waste; Hazardous waste; Liquid waste; Gaseous emissions; Recyclable materials,Solid waste is the most common type of waste Liquid waste is the most common type of waste Recyclable materials are the most common type of waste,T5,moderate
What are your preferred methods for tracking sales performance?,MULTI-SELECT,Sales dashboards; Sales reports; Sales meetings; One-on-one coaching; Team performance reviews,Sales reports are my preferred method of tracking sales performance,T5,moderate
What are your preferred methods for tracking sales performance?,MULTI-SELECT,Sales dashboards; Sales reports; Sales meetings; One-on-one coaching; Team performance reviews,Sales reports are my preferred method of tracking sales performance,T5,moderate
What are your preferred methods for tracking sales performance?,MULTI-SELECT,Sales dashboards; Sales reports; Sales meetings; One-on-one coaching; Team performance reviews,Sales reports are my preferred method of tracking sales performance,T5,moderate
What are your preferred methods for tracking sales performance?,MULTI-SELECT,Sales dashboards; Sales reports; Sales meetings; One-on-one coaching; Team performance reviews,Sales reports are my preferred method of tracking sales performance,T5,moderate
What are your preferred methods for tracking sales performance?,MULTI-SELECT,Sales dashboards; Sales reports; Sales meetings; One-on-one coaching; Team performance reviews,Sales reports are my preferred method of tracking sales performance,T5,moderate
Which heavy industrial processes are you involved in?,MULTI-SELECT,Steel production; Oil refining; Cement manufacturing; Mining; Chemical processing,Steel production is a heavy industrial process Chemical processing is a heavy industrial process,T5,moderate
Which heavy industrial processes are you involved in?,MULTI-SELECT,Steel production; Oil refining; Cement manufacturing; Mining; Chemical processing,I am involved in Steel production Oil refining Cement manufacturing and Chemical processing,T5,moderate
Which heavy industrial processes are you involved in?,MULTI-SELECT,Steel production; Oil refining; Cement manufacturing; Mining; Chemical processing,Steel production is a heavy industrial process Cement manufacturing is a heavy industrial process,T5,moderate
Which heavy industrial processes are you involved in?,MULTI-SELECT,Steel production; Oil refining; Cement manufacturing; Mining; Chemical processing,I am involved in Steel production Oil refining Cement manufacturing and Chemical processing,T5,moderate
What date did the initial deployment occur? Provide a date.,DATE,['Date'],The first deployment took place on December 1 2001,T5,moderate
What date did the issue begin? Provide a date.,DATE,['Date'],The issue began in the early part of the 20th century,T5,moderate
What date did the training session conclude? Provide a date.,DATE,['Date'],The training session was concluded on June 12 2001,T5,moderate
What date is the conference taking place? Provide a date.,DATE,['Date'],The conference is taking place on March 6 2018 at the University of California Berkeley,T5,moderate
What date is the conference taking place? Provide a date.,DATE,['Date'],The conference is scheduled to take place on March 18 2019,T5,moderate
What date is the conference taking place? Provide a date.,DATE,['Date'],The conference is scheduled to take place on March 27th,T5,moderate
What date is the conference taking place? Provide a date.,DATE,['Date'],The conference is scheduled to take place on March 20,T5,moderate
What date is the deadline for submitting feedback? Provide a date.,DATE,['Date'],The deadline for submitting feedback is January 1 2018,T5,moderate
What date is the deadline for submitting feedback? Provide a date.,DATE,['Date'],The deadline for submitting feedback is November 30 2018,T5,moderate
What date is the deadline for submitting feedback? Provide a date.,DATE,['Date'],The deadline for submitting feedback is October 30 2018,T5,moderate
What date is the deadline for submitting feedback? Provide a date.,DATE,['Date'],The deadline for submitting feedback is January 1 2018,T5,moderate
What date is the end of the probationary period? Provide a date.,DATE,['Date'],The end of the probationary period begins on January 1 2019,T5,moderate
What date is the end of the probationary period? Provide a date.,DATE,['Date'],The end of the probationary period ends on December 31 2018,T5,moderate
What date is the end of the probationary period? Provide a date.,DATE,['Date'],The end of the probationary period ends on December 31st,T5,moderate
What date is the end of the probationary period? Provide a date.,DATE,['Date'],The end of the probationary period ends on December 31st,T5,moderate
What date is the end of the probationary period? Provide a date.,DATE,['Date'],The end of the probationary period ends on December 31 2018,T5,moderate
What date is the next board meeting scheduled for? Provide a date.,DATE,['Date'],The next board meeting is on Thursday March 6 2018 at 500 pm,T5,moderate
What date is the next board meeting scheduled for? Provide a date.,DATE,['Date'],The next board meeting is scheduled for Thursday March 29 2018 at 500 pm,T5,moderate
What date is the next board meeting scheduled for? Provide a date.,DATE,['Date'],The next board meeting is scheduled for Friday March 29th,T5,moderate
What date is the next scheduled backup? Provide a date.,DATE,['Date'],The next backup is scheduled to take place on January 31st,T5,moderate
What date is the next staff meeting? Provide a date.,DATE,['Date'],The next staff meeting will be on Monday February 23rd,T5,moderate
What date is the next staff meeting? Provide a date.,DATE,['Date'],The next staff meeting will be on Friday October 19,T5,moderate
What date is the next staff meeting? Provide a date.,DATE,['Date'],The next staff meeting will be on Thursday November 2018,T5,moderate
What date is the next staff meeting? Provide a date.,DATE,['Date'],The next staff meeting will be held on Friday March 27th,T5,moderate
What date is the next team-building exercise? Provide a date.,DATE,['Date'],The next teambuilding exercise will take place on Friday July 20th,T5,moderate
What date is the next team-building exercise? Provide a date.,DATE,['Date'],The next teambuilding exercise will be held on Friday October 29th,T5,moderate
What date is the next team-building exercise? Provide a date.,DATE,['Date'],The next teambuilding exercise will be on Friday November 29th,T5,moderate
What date is the next team-building exercise? Provide a date.,DATE,['Date'],The next teambuilding exercise is on Friday July 21st,T5,moderate
What date is the next team-building exercise? Provide a date.,DATE,['Date'],The next teambuilding exercise will be on Monday February 23rd,T5,moderate
What date is your next review scheduled? Provide a date.,DATE,['Date'],Im scheduled to review the next review on January 27th,T5,moderate
What date was the final testing report submitted? Provide a date.,DATE,['Date'],The final testing report was submitted on October 31 2002,T5,moderate
What date was the final testing report submitted? Provide a date.,DATE,['Date'],The final testing report was submitted on March 16 2018,T5,moderate
What date was the final testing report submitted? Provide a date.,DATE,['Date'],The final testing report was submitted on March 30 2018,T5,moderate
What date was the final testing report submitted? Provide a date.,DATE,['Date'],The final testing report was submitted on December 15 2001,T5,moderate
What date was the final testing report submitted? Provide a date.,DATE,['Date'],The final testing report was submitted on October 31 2001,T5,moderate
What date was the requirement specification finalized? Provide a date.,DATE,['Date'],The requirement specification was finalized on January 1 2003,T5,moderate
What date was the requirement specification finalized? Provide a date.,DATE,['Date'],The requirement specification was finalized on December 15 2000,T5,moderate
What date was the requirement specification finalized? Provide a date.,DATE,['Date'],The requirement specification was finalized on December 15 2001,T5,moderate
What date was the requirement specification finalized? Provide a date.,DATE,['Date'],The requirement specification was finalized on January 1 2000,T5,moderate
What date was the requirement specification finalized? Provide a date.,DATE,['Date'],The requirement specification was finalized on January 1 2000,T5,moderate
What date was the system architecture documented? Provide a date.,DATE,['Date'],The system architecture was documented in the 1990s,T5,moderate
What date was the system architecture documented? Provide a date.,DATE,['Date'],The system architecture was documented in the 1990s,T5,moderate
What date will the new system be decommissioned? Provide a date.,DATE,['Date'],The system will be decommissioned on January 1 2020,T5,moderate
What date will the new system be decommissioned? Provide a date.,DATE,['Date'],The new system will be decommissioned on January 1 2020,T5,moderate
What date will the new system be decommissioned? Provide a date.,DATE,['Date'],The new system will be decommissioned on April 1 2020,T5,moderate
What date will the new system be decommissioned? Provide a date.,DATE,['Date'],The new system will be decommissioned on March 1 2020,T5,moderate
What date will the new system be decommissioned? Provide a date.,DATE,['Date'],The new system will be decommissioned on March 1 2020,T5,moderate
What is the cut-off date for registering for the event? Provide a date.,DATE,['Date'],The cutoff date for registering for the event is October 1st,T5,moderate
What is the cut-off date for registering for the event? Provide a date.,DATE,['Date'],The cutoff date for registering for the event is March 18 2019,T5,moderate
What is the cut-off date for registering for the event? Provide a date.,DATE,['Date'],Im not sureif Ill be able to register for the event on that date,T5,moderate
What is the cut-off date for registering for the event? Provide a date.,DATE,['Date'],The cutoff date for registering for the event is January 1st,T5,moderate
What is the cut-off date for registering for the event? Provide a date.,DATE,['Date'],The event starts at 500 pm and the event closes at 500 pm,T5,moderate
What is the date of the next billing cycle? Provide a date.,DATE,['Date'],The next billing cycle will start on December 31st,T5,moderate
What is the date of the next billing cycle? Provide a date.,DATE,['Date'],The next billing cycle will start on January 1 2018 and end on December 31 2018,T5,moderate
What is the date of the next billing cycle? Provide a date.,DATE,['Date'],The next billing cycle will begin on March 1 2018 and end on March 31 2018,T5,moderate
What is the date of the next billing cycle? Provide a date.,DATE,['Date'],The next billing cycle will begin on January 1 2018 and end on December 31 2018,T5,moderate
What is the date of the next code review? Provide a date.,DATE,['Date'],The next code review will be held on December 15 2018,T5,moderate
What is the date of the next code review? Provide a date.,DATE,['Date'],The next code review will take place on January 1 2020,T5,moderate
What is the date of the next code review? Provide a date.,DATE,['Date'],The next code review will take place on January 1 2020,T5,moderate
What is the date of the next code review? Provide a date.,DATE,['Date'],The next code review will take place on January 1 2018 at 500 pm Eastern Time,T5,moderate
What is the date of the next performance review? Provide a date.,DATE,['Date'],The performance review will be held on Thursday March 30 2018 at 500 pm,T5,moderate
What is the date of the next performance review? Provide a date.,DATE,['Date'],The performance review will be held on Friday May 2018 at 500 pm,T5,moderate
What is the date of the next performance review? Provide a date.,DATE,['Date'],The performance review will be held on Thursday February 7 2018 at 500 pm,T5,moderate
What is the date of the next performance review? Provide a date.,DATE,['Date'],The performance review will be held on Friday February 2018 at 500 pm,T5,moderate
What is the date of the next performance review? Provide a date.,DATE,['Date'],The next performance review will be on Thursday February 2018 at 500 pm,T5,moderate
What is the date of the next software review? Provide a date.,DATE,['Date'],The next software review will take place on March 15 2019,T5,moderate
What is the date of the next software review? Provide a date.,DATE,['Date'],The next software review will take place on June 30 2018,T5,moderate
What is the date of the next software review? Provide a date.,DATE,['Date'],The next software review will take place on March 15 2019,T5,moderate
What is the date of the next software review? Provide a date.,DATE,['Date'],The next software review will take place on December 15 2018,T5,moderate
What is the date of the next software review? Provide a date.,DATE,['Date'],The next software review will take place on January 1 2020,T5,moderate
What is the date of the next stakeholder meeting? Provide a date.,DATE,['Date'],The next stakeholder meeting will be held on March 18 2019,T5,moderate
What is the date of the next stakeholder meeting? Provide a date.,DATE,['Date'],The next stakeholder meeting will be held on January 7 2018 at 500 pm,T5,moderate
What is the date of the next stakeholder meeting? Provide a date.,DATE,['Date'],The next stakeholder meeting will be held on Friday November 7 2017,T5,moderate
What is the date of the next stakeholder meeting? Provide a date.,DATE,['Date'],The next stakeholder meeting will be held on January 30 2020,T5,moderate
What is the date of the next stakeholder meeting? Provide a date.,DATE,['Date'],The next stakeholder meeting is scheduled to be held on Friday March 30 2018 at 200 pm,T5,moderate
What is the date of the next team meeting? Provide a date.,DATE,['Date'],The next team meeting will be held on Friday November 23rd,T5,moderate
What is the date of the next team meeting? Provide a date.,DATE,['Date'],The next team meeting will be on Thursday February 7 2019,T5,moderate
What is the date of the next team meeting? Provide a date.,DATE,['Date'],The next team meeting will be held on Friday November 30 2018,T5,moderate
What is the date of the next team meeting? Provide a date.,DATE,['Date'],The next team meeting will be held on Monday February 2018 at 300 pm,T5,moderate
What is the date of your last prescription refill? Provide a date.,DATE,['Date'],I had my last prescription refill on October 31 2016,T5,moderate
What is the date of your last prescription refill? Provide a date.,DATE,['Date'],I had my last prescription refill on January 1 2001,T5,moderate
What is the date of your last prescription refill? Provide a date.,DATE,['Date'],I had my last prescription refill on January 1 2001,T5,moderate
What is the date of your last prescription refill? Provide a date.,DATE,['Date'],I had my last prescription refill on March 31 2016,T5,moderate
What is the date of your next blood test? Provide a date.,DATE,['Date'],Ill be able to test for a blood clot on January 1st,T5,moderate
What is the date of your next blood test? Provide a date.,DATE,['Date'],The next blood test will take place on April 1 2018 at 200 pm,T5,moderate
What is the date of your next physician consultation? Provide a date.,DATE,['Date'],The next physician consultation will be on Tuesday October 20th,T5,moderate
What is the date of your next physician consultation? Provide a date.,DATE,['Date'],I will be in the office for the next couple of weeks,T5,moderate
What is the date of your next software update? Provide a date.,DATE,['Date'],The latest version of the software was released on March 30 2018 and will be available for download on March 30 2018,T5,moderate
What is the date of your next software update? Provide a date.,DATE,['Date'],The next software update will take place on October 30 2018,T5,moderate
What is the date of your next software update? Provide a date.,DATE,['Date'],The next software update will take place on January 1 2020,T5,moderate
What is the date of your next software update? Provide a date.,DATE,['Date'],The next software update will be released on January 15 2020,T5,moderate
What is the date of your surgery? Provide a date.,DATE,['Date'],I had my surgery on January 2014 and I had my surgery on January 3 2014,T5,moderate
What is the deadline for submitting the project report? Provide a date.,DATE,['Date'],The deadline for submitting a project report is October 1 2002,T5,moderate
What is the deadline for submitting the project report? Provide a date.,DATE,['Date'],The deadline for submitting a project report is January 1 2018,T5,moderate
What is the deadline for submitting the project report? Provide a date.,DATE,['Date'],The deadline for submitting a project report is October 30 2018,T5,moderate
What is the deadline for submitting the project report? Provide a date.,DATE,['Date'],The deadline for submitting the project report is December 15 2018,T5,moderate
What is the deadline for submitting the project report? Provide a date.,DATE,['Date'],The deadline for submitting a project report is December 15 2018,T5,moderate
What is the deadline for submitting your application? Provide a date.,DATE,['Date'],The deadline for submitting your application is January 1 2018,T5,moderate
What is the deadline for submitting your application? Provide a date.,DATE,['Date'],The deadline for submitting your application is January 1 2018,T5,moderate
What is the deadline for submitting your application? Provide a date.,DATE,['Date'],The deadline for submitting your application is October 1st,T5,moderate
What is the deadline for submitting your application? Provide a date.,DATE,['Date'],The deadline for submitting your application is February 15 2018,T5,moderate
What is the deadline for submitting your application? Provide a date.,DATE,['Date'],The deadline for submitting your application is April 15 2018,T5,moderate
What is the end date of your subscription? Provide a date.,DATE,['Date'],The end date of your subscription is November 30 2018,T5,moderate
What is the end date of your subscription? Provide a date.,DATE,['Date'],Ill be able to finish my subscription by the end of the month,T5,moderate
What is the end date of your subscription? Provide a date.,DATE,['Date'],The end date of your subscription is December 31 2018,T5,moderate
What is the end date of your subscription? Provide a date.,DATE,['Date'],I would like to end my subscription at the end of the month,T5,moderate
What is the expected completion date of the current project? Provide a date.,DATE,['Date'],The project is expected to be completed by the end of the year,T5,moderate
What is the expected completion date of the current project? Provide a date.,DATE,['Date'],The project is expected to be completed by the end of the year,T5,moderate
What is the expected completion date of the current project? Provide a date.,DATE,['Date'],The project is expected to be completed by the end of the year,T5,moderate
What is the expected completion date of the current project? Provide a date.,DATE,['Date'],The project is expected to be completed by the end of the year,T5,moderate
What is the expected completion date of the current project? Provide a date.,DATE,['Date'],The project is expected to be completed by the end of the year,T5,moderate
What is the expected date of project sign-off? Provide a date.,DATE,['Date'],The project is expected to be signed off by the end of the year The project is expected to be signed off by the end of the year,T5,moderate
What is the expected date of project sign-off? Provide a date.,DATE,['Date'],The project is expected to be signed off by the end of the year,T5,moderate
What is the expected date of project sign-off? Provide a date.,DATE,['Date'],The project is expected to be completed by the end of the year,T5,moderate
What is the expected date of project sign-off? Provide a date.,DATE,['Date'],The project is expected to be completed by the end of the year,T5,moderate
What is the expected delivery date for the new order? Provide a date.,DATE,['Date'],The delivery date for the new order is Friday November 30th,T5,moderate
What is the expected delivery date for the new order? Provide a date.,DATE,['Date'],The delivery date for the new order will be March 15 2019,T5,moderate
What is the expected delivery date for the new order? Provide a date.,DATE,['Date'],The delivery date for the new order will be on December 1st,T5,moderate
What is the expected delivery date for the new order? Provide a date.,DATE,['Date'],The delivery date for the new order is January 1 2020,T5,moderate
What is the expected delivery date for the new order? Provide a date.,DATE,['Date'],We expect to deliver the new order by the end of the month,T5,moderate
What is the expiration date of the coupon? Provide a date.,DATE,['Date'],The expiration date of the coupon is October 30 2018,T5,moderate
What is the implementation date for the new feature? Provide a date.,DATE,['Date'],The new feature is expected to be implemented by the end of the year,T5,moderate
What is the implementation date for the new feature? Provide a date.,DATE,['Date'],The new feature is expected to be implemented by the end of the year,T5,moderate
What is the implementation date for the new feature? Provide a date.,DATE,['Date'],The new feature is expected to be implemented by the end of the year,T5,moderate
What is the implementation date for the new feature? Provide a date.,DATE,['Date'],The new feature is expected to be implemented by the end of the year,T5,moderate
What is the invoice date? Provide a date.,DATE,['Date'],The date of the invoice is the day after the date of the invoice,T5,moderate
What is the last day to submit expense reports? Provide a date.,DATE,['Date'],The last day to submit expense reports is October 31st,T5,moderate
What is the last day to submit expense reports? Provide a date.,DATE,['Date'],The last day to submit expense reports is December 31st,T5,moderate
What is the last day to submit expense reports? Provide a date.,DATE,['Date'],The last day to submit expense reports is January 1st,T5,moderate
What is the last day to submit expense reports? Provide a date.,DATE,['Date'],The last day to submit expense reports is December 31st,T5,moderate
What is the last day to submit expense reports? Provide a date.,DATE,['Date'],The last day to submit expense reports is January 1st,T5,moderate
What is the latest date for feedback submission? Provide a date.,DATE,['Date'],The latest date for feedback submission is January 1 2019,T5,moderate
What is the latest date for feedback submission? Provide a date.,DATE,['Date'],The latest date for feedback submission is January 1 2018,T5,moderate
What is the latest date for feedback submission? Provide a date.,DATE,['Date'],The latest date for feedback submission is March 15 2018,T5,moderate
What is the latest date for feedback submission? Provide a date.,DATE,['Date'],The latest date for feedback submission is October 1 2018,T5,moderate
What is the latest date for feedback submission? Provide a date.,DATE,['Date'],Im not sure if its the latest but Im sure its the earliest,T5,moderate
What is the planned date for the next release? Provide a date.,DATE,['Date'],The next release will be released on March 18 2019,T5,moderate
What is the planned date for the next release? Provide a date.,DATE,['Date'],The release date for the next release is October 30 2018,T5,moderate
What is the planned date for the next release? Provide a date.,DATE,['Date'],The release date for the next release is January 20,T5,moderate
What is the project completion date? Provide a date.,DATE,['Date'],The project is expected to be completed by the end of the year,T5,moderate
What is the project completion date? Provide a date.,DATE,['Date'],The project is expected to be completed by the end of the year,T5,moderate
What is the start date for the training course? Provide a date.,DATE,['Date'],The start date for the training course is October 1st,T5,moderate
What is the start date for the training course? Provide a date.,DATE,['Date'],The start date for the training course is January 1 2020,T5,moderate
What is the start date for the training course? Provide a date.,DATE,['Date'],The start date for the training course is May 1 2020,T5,moderate
What is the start date for the training course? Provide a date.,DATE,['Date'],The start date for the training course is January 1st,T5,moderate
What is the start date for the training course? Provide a date.,DATE,['Date'],The start date for the training course is January 1 2020,T5,moderate
What is the start date of the new fiscal year? Provide a date.,DATE,['Date'],The start date of the new fiscal year is January 1 2020,T5,moderate
What is the start date of the new fiscal year? Provide a date.,DATE,['Date'],The start date for the new fiscal year is January 1 2020,T5,moderate
What is the start date of the new fiscal year? Provide a date.,DATE,['Date'],The start date of the new fiscal year is January 1 2020,T5,moderate
What is the start date of the new fiscal year? Provide a date.,DATE,['Date'],The start date of the new fiscal year is January 1 2020,T5,moderate
What is the start date of the new fiscal year? Provide a date.,DATE,['Date'],The start date of the new fiscal year is January 1st,T5,moderate
What is the target completion date for the current sprint? Provide a date.,DATE,['Date'],The target completion date for the current sprint is January 1 2020,T5,moderate
What is the target completion date for the current sprint? Provide a date.,DATE,['Date'],The target completion date for the current sprint is March 30 2020,T5,moderate
What is the target completion date for the current sprint? Provide a date.,DATE,['Date'],The target completion date for the current sprint is January 1 2020,T5,moderate
What is the target completion date for the current sprint? Provide a date.,DATE,['Date'],The target completion date for the current sprint is January 1 2020,T5,moderate
What is the target completion date for the current sprint? Provide a date.,DATE,['Date'],The target completion date for the current sprint is January 1 2020,T5,moderate
What is the target launch date for the new application? Provide a date.,DATE,['Date'],The target launch date for the new application is January 1 2020,T5,moderate
What is the target launch date for the new application? Provide a date.,DATE,['Date'],The target launch date for the new application is January 1 2020,T5,moderate
What is the target launch date for the new application? Provide a date.,DATE,['Date'],The target launch date for the new application is October 15 2018,T5,moderate
What is the target launch date for the new application? Provide a date.,DATE,['Date'],The target launch date for the new application is January 1 2020,T5,moderate
What is the target launch date for the new application? Provide a date.,DATE,['Date'],The target launch date for the new application is January 15 2020,T5,moderate
What is the target launch date for the new product? Provide a date.,DATE,['Date'],The target launch date for the new product is January 1 2020,T5,moderate
What is the target launch date for the new product? Provide a date.,DATE,['Date'],The target launch date for the new product is March 15 2020,T5,moderate
What is the target launch date for the new product? Provide a date.,DATE,['Date'],The target launch date for the new product is January 1 2020,T5,moderate
What is the target launch date for the new product? Provide a date.,DATE,['Date'],The target launch date for the new product is March 15 2020,T5,moderate
What is the target launch date for the new product? Provide a date.,DATE,['Date'],It is expected to be released in the first quarter of 2017,T5,moderate
When did the employee start working for the company? Provide a date.,DATE,['Date'],The employee started working for the company in January 2000,T5,moderate
When did the employee start working for the company? Provide a date.,DATE,['Date'],It started in the early 1990s and ended in the early 2000s,T5,moderate
When did the employee start working for the company? Provide a date.,DATE,['Date'],When did the employee start working for the company,T5,moderate
When did the employee start working for the company? Provide a date.,DATE,['Date'],When did the employee start working for the company,T5,moderate
When did the employee start working for the company? Provide a date.,DATE,['Date'],When did the employee start working for the company,T5,moderate
When did the equipment become operational? Provide a date.,DATE,['Date'],The equipment became operational on December 31 1992,T5,moderate
When did the equipment become operational? Provide a date.,DATE,['Date'],The equipment was in operation at the time of the accident,T5,moderate
When did the shipment arrive at the warehouse? Provide a date.,DATE,['Date'],The shipment arrived at the warehouse on March 6 2018,T5,moderate
When did the shipment arrive at the warehouse? Provide a date.,DATE,['Date'],The shipment arrived at the warehouse on October 30 2012,T5,moderate
When did the shipment arrive at the warehouse? Provide a date.,DATE,['Date'],The shipment arrived at the warehouse on December 15 2013,T5,moderate
When did the shipment arrive at the warehouse? Provide a date.,DATE,['Date'],The shipment arrived at the warehouse on Friday morning,T5,moderate
When did the user acceptance testing begin? Provide a date.,DATE,['Date'],The user acceptance testing began in September 2017,T5,moderate
When did the user acceptance testing begin? Provide a date.,DATE,['Date'],The user acceptance testing began in November 2008,T5,moderate
When did you begin experiencing this allergic reaction? Provide a date.,DATE,['Date'],I began experiencing this allergic reaction in January of this year,T5,moderate
When did you begin experiencing this allergic reaction? Provide a date.,DATE,['Date'],I began experiencing this allergic reaction in the early 1990s,T5,moderate
When did you begin experiencing this allergic reaction? Provide a date.,DATE,['Date'],I began experiencing this allergic reaction in the early 1990s,T5,moderate
When did you begin experiencing this allergic reaction? Provide a date.,DATE,['Date'],I began experiencing this allergic reaction in the early 1990s,T5,moderate
When did you begin experiencing this allergic reaction? Provide a date.,DATE,['Date'],I began experiencing this allergic reaction in the early 1990s,T5,moderate
When did you begin experiencing this specific symptom? Provide a date.,DATE,['Date'],I began experiencing this symptom in the early 1990s,T5,moderate
When did you begin experiencing this specific symptom? Provide a date.,DATE,['Date'],I began experiencing this specific symptom in the early 1990s,T5,moderate
When did you begin experiencing this specific symptom? Provide a date.,DATE,['Date'],I began experiencing this symptom in the early 1990s,T5,moderate
When did you begin experiencing this specific symptom? Provide a date.,DATE,['Date'],I began experiencing this symptom in the early 1990s,T5,moderate
When did you begin experiencing this specific symptom? Provide a date.,DATE,['Date'],I started experiencing this symptom when I was a child,T5,moderate
When did you begin taking this new medication? Provide a date.,DATE,['Date'],I began taking this medication in March of this year,T5,moderate
When did you begin taking this new medication? Provide a date.,DATE,['Date'],I began taking this medication in January of this year,T5,moderate
When did you begin taking this new medication? Provide a date.,DATE,['Date'],I began taking this medication in April of this year,T5,moderate
When did you begin taking this new medication? Provide a date.,DATE,['Date'],I began taking this medication in January of this year,T5,moderate
When did you begin this new exercise regimen? Provide a date.,DATE,['Date'],I began this new exercise regimen in January of this year,T5,moderate
When did you begin this new exercise regimen? Provide a date.,DATE,['Date'],I began this new exercise regimen in January of this year,T5,moderate
When did you begin this new exercise regimen? Provide a date.,DATE,['Date'],I began this new exercise regimen in January of this year,T5,moderate
When did you begin this new exercise regimen? Provide a date.,DATE,['Date'],I began this new exercise regimen in January of this year,T5,moderate
When did you begin this new exercise regimen? Provide a date.,DATE,['Date'],I began this new exercise regimen in January of this year,T5,moderate
When did you complete your prescribed rehabilitation? Provide a date.,DATE,['Date'],I completed my rehabilitation in January of this year,T5,moderate
When did you complete your prescribed rehabilitation? Provide a date.,DATE,['Date'],I completed my rehabilitation in January of this year,T5,moderate
When did you experience a significant change in your health condition? Provide a date.,DATE,['Date'],I experienced a significant change in my health condition in the early 1990s,T5,moderate
When did you experience a significant change in your health condition? Provide a date.,DATE,['Date'],I experienced a significant change in my health condition at the age of 35,T5,moderate
When did you experience a significant change in your health condition? Provide a date.,DATE,['Date'],I experienced a significant change in my health condition in the early 1990s,T5,moderate
When did you experience a significant change in your health condition? Provide a date.,DATE,['Date'],I had a significant change in my health condition in the early part of the 20th century,T5,moderate
When did you experience a significant change in your health condition? Provide a date.,DATE,['Date'],I experienced a significant change in my health condition in the early 1990s,T5,moderate
When did you experience the onset of this condition? Provide a date.,DATE,['Date'],I experienced the onset of this condition at the age of 20,T5,moderate
When did you experience the onset of this condition? Provide a date.,DATE,['Date'],I experienced the onset of this condition in the early 1990s,T5,moderate
When did you experience the onset of this condition? Provide a date.,DATE,['Date'],I experienced the onset of this condition in the early 1990s,T5,moderate
When did you experience the onset of this condition? Provide a date.,DATE,['Date'],I experienced the onset of this condition at the age of 20,T5,moderate
When did you experience the onset of this condition? Provide a date.,DATE,['Date'],I experienced the onset of this condition in March,T5,moderate
When did you first encounter this problem? Provide a date.,DATE,['Date'],I first encountered this problem in the early 1990s,T5,moderate
When did you first encounter this problem? Provide a date.,DATE,['Date'],I first encountered this problem when I was a child,T5,moderate
When did you first encounter this problem? Provide a date.,DATE,['Date'],I first encountered this problem in the early 1990s,T5,moderate
When did you first encounter this problem? Provide a date.,DATE,['Date'],I first encountered this problem in the early 1990s,T5,moderate
When did you first encounter this problem? Provide a date.,DATE,['Date'],I first encountered this problem when I was a child,T5,moderate
When did you first experience these symptoms? Provide a date.,DATE,['Date'],I first experienced these symptoms in the early 1980s,T5,moderate
When did you first experience these symptoms? Provide a date.,DATE,['Date'],I first experienced these symptoms in the early 1980s,T5,moderate
When did you first experience these symptoms? Provide a date.,DATE,['Date'],I first experienced these symptoms in the early 1980s,T5,moderate
When did you first experience these symptoms? Provide a date.,DATE,['Date'],I first experienced these symptoms in the early 1980s,T5,moderate
When did you first experience these symptoms? Provide a date.,DATE,['Date'],I first experienced these symptoms in the early 1990s,T5,moderate
When did you first notice this skin condition? Provide a date.,DATE,['Date'],I first noticed this skin condition in the early 1990s,T5,moderate
When did you first notice this skin condition? Provide a date.,DATE,['Date'],I first noticed this skin condition in the early 1990s,T5,moderate
When did you first notice this skin condition? Provide a date.,DATE,['Date'],I first noticed this skin condition in the early 1990s,T5,moderate
When did you first notice this skin condition? Provide a date.,DATE,['Date'],I first noticed this skin condition in the early 1990s,T5,moderate
When did you first notice this skin condition? Provide a date.,DATE,['Date'],I first noticed this skin condition in the early 1990s,T5,moderate
When did you last contact customer support? Provide a date.,DATE,['Date'],I spoke to the customer support team on January 30 2018,T5,moderate
When did you last have a significant injury? Provide a date.,DATE,['Date'],I last had a serious injury in January of last year,T5,moderate
When did you last see a mental health professional? Provide a date.,DATE,['Date'],I last saw a mental health professional about two years ago,T5,moderate
When did you last see a mental health professional? Provide a date.,DATE,['Date'],I last saw a mental health professional in March of this year,T5,moderate
When did you last see a mental health professional? Provide a date.,DATE,['Date'],I last saw a mental health professional in October of last year,T5,moderate
When did you last see a mental health professional? Provide a date.,DATE,['Date'],I saw a mental health professional in January of this year,T5,moderate
When did you last undergo a medical imaging procedure? Provide a date.,DATE,['Date'],I had a medical imaging procedure in January of this year,T5,moderate
When did you last undergo a medical imaging procedure? Provide a date.,DATE,['Date'],I last undergoing a medical imaging procedure in July of last year,T5,moderate
When did you last undergo a medical imaging procedure? Provide a date.,DATE,['Date'],I had a medical imaging procedure on December 30 2013,T5,moderate
When did you last undergo a medical imaging procedure? Provide a date.,DATE,['Date'],I last underwent a medical imaging procedure in November of last year,T5,moderate
When did you last update your health information? Provide a date.,DATE,['Date'],I last updated my health information in April of last year,T5,moderate
When did you last update your health information? Provide a date.,DATE,['Date'],I last updated my health information on July 1 2013,T5,moderate
When did you last update your health information? Provide a date.,DATE,['Date'],I last updated my health information on March 1 2017,T5,moderate
When did you last update your health information? Provide a date.,DATE,['Date'],I last updated my health information on January 1 2015,T5,moderate
When did you last visit the emergency room? Provide a date.,DATE,['Date'],I went to the emergency room on March 12 2014 and I was rushed to the hospital,T5,moderate
When did you receive the confirmation email? Provide a date.,DATE,['Date'],I received the confirmation email on October 17 2013,T5,moderate
When did you receive the initial diagnosis? Provide a date.,DATE,['Date'],I received the initial diagnosis on January 1 2001,T5,moderate
When did you receive the initial diagnosis? Provide a date.,DATE,['Date'],I received the initial diagnosis in March of this year,T5,moderate
When did you receive the results of your latest tests? Provide a date.,DATE,['Date'],I received the results of my latest tests on March 30 2016,T5,moderate
When did you receive the results of your latest tests? Provide a date.,DATE,['Date'],I received the results of my latest tests on March 30 2016,T5,moderate
When did you receive the results of your latest tests? Provide a date.,DATE,['Date'],I received the results of my latest tests on January 3 2018,T5,moderate
When did you receive your first shipment? Provide a date.,DATE,['Date'],I received my first shipment in March of that year,T5,moderate
When did you start experiencing pain in this area? Provide a date.,DATE,['Date'],I started experiencing pain in this area in January of this year,T5,moderate
When did you start experiencing pain in this area? Provide a date.,DATE,['Date'],I started experiencing pain in this area in January of this year,T5,moderate
When did you start experiencing pain in this area? Provide a date.,DATE,['Date'],I started experiencing pain in this area in the early 1990s,T5,moderate
When did you start experiencing pain in this area? Provide a date.,DATE,['Date'],I started experiencing pain in this area in the early 1990s,T5,moderate
When did you start experiencing pain in this area? Provide a date.,DATE,['Date'],I started experiencing pain in this area in the early 1990s,T5,moderate
When did you start experiencing shortness of breath? Provide a date.,DATE,['Date'],I started experiencing shortness of breath in the early 1990s,T5,moderate
When did you start experiencing shortness of breath? Provide a date.,DATE,['Date'],I started experiencing shortness of breath in the early 1990s,T5,moderate
When did you start experiencing shortness of breath? Provide a date.,DATE,['Date'],I started experiencing shortness of breath in the early 1990s,T5,moderate
When did you start experiencing shortness of breath? Provide a date.,DATE,['Date'],I started experiencing shortness of breath in the early 1990s,T5,moderate
When did you start experiencing shortness of breath? Provide a date.,DATE,['Date'],I started experiencing shortness of breath in the early 1990s,T5,moderate
When did you start this medication? Provide a date.,DATE,['Date'],I started taking this medication in the fall of 2001,T5,moderate
When did you start using our service? Provide a date.,DATE,['Date'],I started using our service in August of last year,T5,moderate
When did you start using our service? Provide a date.,DATE,['Date'],I started using our service in September of last year,T5,moderate
When did you start using our service? Provide a date.,DATE,['Date'],We started using our service in January of this year,T5,moderate
When did your symptoms begin to improve? Provide a date.,DATE,['Date'],I started to feel better in the early part of the year,T5,moderate
When did your symptoms begin to improve? Provide a date.,DATE,['Date'],I began to feel better in the early part of the year,T5,moderate
When did your symptoms begin to improve? Provide a date.,DATE,['Date'],I started to feel better about my symptoms in the early part of the year,T5,moderate
When is the annual general meeting? Provide a date.,DATE,['Date'],The annual general meeting is held on December 31st,T5,moderate
When is the annual general meeting? Provide a date.,DATE,['Date'],The annual general meeting is held on the first Friday in May,T5,moderate
When is the annual general meeting? Provide a date.,DATE,['Date'],The annual general meeting is held on January 3 2018 at 500 pm,T5,moderate
When is the conference scheduled? Provide a date.,DATE,['Date'],The conference is scheduled to be held on September 23rd,T5,moderate
When is the deadline for submitting the report? Provide a date.,DATE,['Date'],The deadline for submitting the report is March 30 2018,T5,moderate
When is the deadline for submitting the report? Provide a date.,DATE,['Date'],The deadline for submitting the report is March 1 2017,T5,moderate
When is the deadline for submitting the report? Provide a date.,DATE,['Date'],The deadline for submitting a report is October 30 2018,T5,moderate
When is the deadline for submitting the report? Provide a date.,DATE,['Date'],The deadline for submitting the report is March 15 2018,T5,moderate
When is the deadline for submitting the report? Provide a date.,DATE,['Date'],The deadline for submitting a report is February 1 2018,T5,moderate
When is the deadline for the project bid? Provide a date.,DATE,['Date'],The deadline for the project bid is January 1 2020,T5,moderate
When is the deadline for the project bid? Provide a date.,DATE,['Date'],The deadline for the project bid is January 1 2020,T5,moderate
When is the deadline for the project bid? Provide a date.,DATE,['Date'],The deadline for the project bid is December 15 2018,T5,moderate
When is the deadline for the project completion? Provide a date.,DATE,['Date'],The deadline for completion of the project is October 31 2018,T5,moderate
When is the deadline for the project completion? Provide a date.,DATE,['Date'],The deadline for the project completion is January 1 2020,T5,moderate
When is the deadline for the proposal submission? Provide a date.,DATE,['Date'],The deadline for submission of a proposal is October 1 2018,T5,moderate
When is the deadline for the proposal submission? Provide a date.,DATE,['Date'],The deadline for submission of a proposal is March 30 2018,T5,moderate
When is the deadline for the proposal submission? Provide a date.,DATE,['Date'],The deadline for submission of a proposal is January 1 2018,T5,moderate
When is the deadline for the proposal submission? Provide a date.,DATE,['Date'],The deadline for submission of a proposal is February 15 2018,T5,moderate
When is the deadline for the proposal submission? Provide a date.,DATE,['Date'],The deadline for submission of a proposal is March 15 2018,T5,moderate
When is the next budget review scheduled? Provide a date.,DATE,['Date'],The next budget review is scheduled for December 31 2017,T5,moderate
When is the next budget review scheduled? Provide a date.,DATE,['Date'],The next budget review is scheduled for January 2020,T5,moderate
When is the next budget review scheduled? Provide a date.,DATE,['Date'],The next budget review is scheduled for January 1 2020,T5,moderate
When is the next budget review scheduled? Provide a date.,DATE,['Date'],The next budget review is scheduled for December 31 2017,T5,moderate
When is the next quality control inspection scheduled? Provide a date.,DATE,['Date'],The next inspection is scheduled for January 30 2020,T5,moderate
When is the next safety training scheduled? Provide a date.,DATE,['Date'],The next safety training is scheduled for September 30th,T5,moderate
When is the next safety training scheduled? Provide a date.,DATE,['Date'],The next safety training will be held on October 30,T5,moderate
When is the next safety training scheduled? Provide a date.,DATE,['Date'],The next safety training will be held on September 20,T5,moderate
When is the next safety training scheduled? Provide a date.,DATE,['Date'],The next safety training will be held on Friday February 6 2018 at 200 pm,T5,moderate
When is the next scheduled audit? Provide a date.,DATE,['Date'],The next audit will be scheduled on Friday October 23rd,T5,moderate
When is the next scheduled audit? Provide a date.,DATE,['Date'],The next audit will be scheduled for January 1 2020,T5,moderate
When is the next scheduled audit? Provide a date.,DATE,['Date'],The next audit will be scheduled for December 31st,T5,moderate
When is the next scheduled maintenance window? Provide a date.,DATE,['Date'],The next maintenance window is scheduled for Monday February 26 2019,T5,moderate
When is the next scheduled maintenance window? Provide a date.,DATE,['Date'],The next maintenance window is scheduled for June 1,T5,moderate
When is the next scheduled maintenance window? Provide a date.,DATE,['Date'],The next maintenance window is scheduled for June 20th,T5,moderate
When is the next scheduled maintenance window? Provide a date.,DATE,['Date'],The next maintenance window is scheduled for Monday December 15 2018,T5,moderate
When is the next scheduled maintenance window? Provide a date.,DATE,['Date'],The next maintenance window is scheduled to start on Monday December 15 2018,T5,moderate
When is the next scheduled maintenance? Provide a date.,DATE,['Date'],The next maintenance is scheduled for Monday February 6 2018,T5,moderate
When is the next scheduled maintenance? Provide a date.,DATE,['Date'],The next maintenance will be on Monday December 15 2018,T5,moderate
When is the next scheduled maintenance? Provide a date.,DATE,['Date'],The next maintenance is scheduled to start on Friday,T5,moderate
When is the next scheduled system backup? Provide a date.,DATE,['Date'],The next scheduled system backup will be on December 15 2017,T5,moderate
When is the next scheduled system backup? Provide a date.,DATE,['Date'],The next system backup is scheduled for November 30 2017,T5,moderate
When is the next scheduled system backup? Provide a date.,DATE,['Date'],The next scheduled system backup will take place on Friday January 29 2020,T5,moderate
When is the next scheduled system backup? Provide a date.,DATE,['Date'],The next scheduled system backup will be on December 31 2018,T5,moderate
When is the next software release planned? Provide a date.,DATE,['Date'],The next software release is scheduled for June 1 2018,T5,moderate
When is the next software release planned? Provide a date.,DATE,['Date'],The next software release is scheduled to be released in mid2017,T5,moderate
When is the next software release planned? Provide a date.,DATE,['Date'],The next software release is scheduled to be released in late 2018 or early 2019,T5,moderate
When is the next software release planned? Provide a date.,DATE,['Date'],The next software release is scheduled for December 15 2018,T5,moderate
When is the next software release planned? Provide a date.,DATE,['Date'],The next software release is scheduled for December 15 2018,T5,moderate
When is the next technology audit scheduled? Provide a date.,DATE,['Date'],The next technology audit is scheduled for October,T5,moderate
When is the next technology audit scheduled? Provide a date.,DATE,['Date'],The next technology audit is scheduled for June 30 2018,T5,moderate
When is the next technology audit scheduled? Provide a date.,DATE,['Date'],The next technology audit is scheduled for October 31st,T5,moderate
When is the next technology audit scheduled? Provide a date.,DATE,['Date'],The next technology audit is scheduled for June 30 2017,T5,moderate
When is the next technology audit scheduled? Provide a date.,DATE,['Date'],The next technology audit is scheduled to be held in March,T5,moderate
When was the database schema updated? Provide a date.,DATE,['Date'],The database schema was updated on December 31 2002,T5,moderate
When was the initial design concept finalized? Provide a date.,DATE,['Date'],The design concept was finalized in September 2000,T5,moderate
When was the initial design concept finalized? Provide a date.,DATE,['Date'],The initial design concept was finalized in April 2001,T5,moderate
When was the initial design concept finalized? Provide a date.,DATE,['Date'],The initial design concept was finalized in May 2009,T5,moderate
When was the initial design concept finalized? Provide a date.,DATE,['Date'],The initial design concept was finalized in April 2017,T5,moderate
When was the initial design concept finalized? Provide a date.,DATE,['Date'],The initial design concept was finalized in June 2000,T5,moderate
When was the last major system upgrade implemented? Provide a date.,DATE,['Date'],The last major system upgrade was implemented in September 2001,T5,moderate
When was the last major system upgrade implemented? Provide a date.,DATE,['Date'],The last major system upgrade was implemented in March 2003,T5,moderate
When was the last major system upgrade implemented? Provide a date.,DATE,['Date'],The last major system upgrade was implemented in March 2000,T5,moderate
When was the last major system upgrade implemented? Provide a date.,DATE,['Date'],The last major system upgrade was implemented in November 2001,T5,moderate
When was the last major system upgrade implemented? Provide a date.,DATE,['Date'],The last major system upgrade was implemented in the year 2000,T5,moderate
When was the last performance review conducted? Provide a date.,DATE,['Date'],The last performance review was conducted in November 2006,T5,moderate
When was the last performance review conducted? Provide a date.,DATE,['Date'],The last performance review was conducted on January 30 2015,T5,moderate
When was the last performance review conducted? Provide a date.,DATE,['Date'],The last performance review was conducted on March 26 2018,T5,moderate
When was the last performance review conducted? Provide a date.,DATE,['Date'],The last performance review was conducted on December 30 2018,T5,moderate
When was the last performance review conducted? Provide a date.,DATE,['Date'],The last performance review was conducted on May 2015,T5,moderate
When was the last safety inspection conducted? Provide a date.,DATE,['Date'],The last safety inspection was conducted on October 1 2000,T5,moderate
When was the last safety inspection conducted? Provide a date.,DATE,['Date'],The last safety inspection was conducted on December 30 2005,T5,moderate
When was the last safety inspection conducted? Provide a date.,DATE,['Date'],The last safety inspection was conducted on December 31 2012,T5,moderate
When was the last safety inspection conducted? Provide a date.,DATE,['Date'],The last safety inspection was conducted on December 15 2015,T5,moderate
When was the last safety inspection conducted? Provide a date.,DATE,['Date'],The last safety inspection was conducted on December 14 2015,T5,moderate
When was the last security patch implemented? Provide a date.,DATE,['Date'],The last security patch was implemented on January 1 2017,T5,moderate
When was the last security patch implemented? Provide a date.,DATE,['Date'],The last security patch was implemented on December 11 2002,T5,moderate
When was the last security patch implemented? Provide a date.,DATE,['Date'],The last security patch was implemented in November 2001,T5,moderate
When was the last security patch implemented? Provide a date.,DATE,['Date'],The last security patch was implemented on December 15 2017,T5,moderate
When was the last security patch implemented? Provide a date.,DATE,['Date'],The last security patch was released on September 11 2001,T5,moderate
When was the last software update installed? Provide a date.,DATE,['Date'],The latest software update was installed on December 15 2015,T5,moderate
When was the last software update installed? Provide a date.,DATE,['Date'],The last software update was installed in March 2018,T5,moderate
When was the last software update installed? Provide a date.,DATE,['Date'],The last software update was installed on January 1 2001,T5,moderate
When was the last software update installed? Provide a date.,DATE,['Date'],The last software update was installed on December 31 2015,T5,moderate
When was the last software update installed? Provide a date.,DATE,['Date'],The last software update was installed in March 2017,T5,moderate
When was the last system backup performed? Provide a date.,DATE,['Date'],The last system backup was completed in January 2001,T5,moderate
When was the last system backup performed? Provide a date.,DATE,['Date'],The last system backup was completed in January 2000,T5,moderate
When was the new hardware installed? Provide a date.,DATE,['Date'],The new hardware was installed in the spring of 2006,T5,moderate
When was the risk assessment completed? Provide a date.,DATE,['Date'],The risk assessment was completed on October 1 2001,T5,moderate
When was the risk assessment completed? Provide a date.,DATE,['Date'],The risk assessment was completed on January 1 2001,T5,moderate
When was the service outage reported? Provide a date.,DATE,['Date'],The service outage was reported on December 7 2017,T5,moderate
When was the service outage reported? Provide a date.,DATE,['Date'],The service outage was reported on December 15 2017,T5,moderate
When was the software license renewed? Provide a date.,DATE,['Date'],The software license was renewed on December 31 2001,T5,moderate
When was the software license renewed? Provide a date.,DATE,['Date'],The software license was renewed on December 7 2001,T5,moderate
When was the system's capacity increased? Provide a date.,DATE,['Date'],The systems capacity was increased in January 2000,T5,moderate
When was the system's security policy last reviewed? Provide a date.,DATE,['Date'],The systems security policy was last reviewed in November 2001,T5,moderate
When was the system's security policy last reviewed? Provide a date.,DATE,['Date'],The systems security policy was last reviewed in March 2003,T5,moderate
When was the system's security policy last reviewed? Provide a date.,DATE,['Date'],The systems security policy was last reviewed in September 2001,T5,moderate
When was the system's security policy last reviewed? Provide a date.,DATE,['Date'],The systems security policy was last reviewed in June 2001,T5,moderate
When was the system's security policy last reviewed? Provide a date.,DATE,['Date'],The systems security policy was last reviewed in September 2001,T5,moderate
When was the technical support ticket resolved? Provide a date.,DATE,['Date'],We resolved the technical support ticket on December 16 2001,T5,moderate
When was the vulnerability assessment performed? Provide a date.,DATE,['Date'],The vulnerability assessment was performed in the mid1980s and mid1990s,T5,moderate
When was the vulnerability assessment performed? Provide a date.,DATE,['Date'],The vulnerability assessment was performed on June 15 2002,T5,moderate
When was the vulnerability assessment performed? Provide a date.,DATE,['Date'],The vulnerability assessment was performed on January 1 2001,T5,moderate
When was the vulnerability assessment performed? Provide a date.,DATE,['Date'],The vulnerability assessment was performed in April 2005,T5,moderate
When was the vulnerability assessment performed? Provide a date.,DATE,['Date'],The vulnerability assessment was performed in the mid1990s,T5,moderate
When was the warranty claim submitted? Provide a date.,DATE,['Date'],The warranty claim was submitted on December 31 1998,T5,moderate
When was your last blood pressure check? Provide a date.,DATE,['Date'],I had a blood pressure check in January of last year,T5,moderate
When was your last blood pressure check? Provide a date.,DATE,['Date'],I had a blood pressure check in February of this year,T5,moderate
When was your last hospital visit? Provide a date.,DATE,['Date'],I was in the hospital for the first time in January of this year,T5,moderate
When was your last influenza vaccination? Provide a date.,DATE,['Date'],I was vaccinated on October 1 2002 and I was vaccinated on January 1 2002,T5,moderate
When was your last influenza vaccination? Provide a date.,DATE,['Date'],I was vaccinated on March 7 2018 and I havent been vaccinated since then,T5,moderate
When was your last influenza vaccination? Provide a date.,DATE,['Date'],I had my last influenza vaccination on January 1 2001,T5,moderate
When was your last physical examination? Provide a date.,DATE,['Date'],I had my last physical examination on March 29 2002,T5,moderate
When was your last physical examination? Provide a date.,DATE,['Date'],I had my last physical examination on October 30 2006,T5,moderate
When was your last physical examination? Provide a date.,DATE,['Date'],I had my last physical examination on January 23 2018,T5,moderate
When was your last physical examination? Provide a date.,DATE,['Date'],I had my last physical examination on March 31 2001,T5,moderate
When was your last physical therapy appointment? Provide a date.,DATE,['Date'],I had my last physical therapy appointment on March 18 2015,T5,moderate
When was your last physical therapy appointment? Provide a date.,DATE,['Date'],I had my last physical therapy appointment on March 30 2013,T5,moderate
When was your last physical therapy appointment? Provide a date.,DATE,['Date'],I had my last physical therapy appointment on March 15 2017,T5,moderate
When was your last physical therapy appointment? Provide a date.,DATE,['Date'],I had my last physical therapy appointment on March 18 2015,T5,moderate
When was your last pneumonia vaccination? Provide a date.,DATE,['Date'],I had my last pneumonia vaccination on January 1 2001,T5,moderate
When was your last pneumonia vaccination? Provide a date.,DATE,['Date'],I had my last pneumonia vaccination on March 1 2001,T5,moderate
When was your last pneumonia vaccination? Provide a date.,DATE,['Date'],I had my last pneumonia vaccination on January 3 2012,T5,moderate
When was your last pneumonia vaccination? Provide a date.,DATE,['Date'],I had my last pneumonia vaccination on March 30 2015,T5,moderate
When was your last pneumonia vaccination? Provide a date.,DATE,['Date'],I had my last pneumonia vaccination on November 7 2002,T5,moderate
When was your last tetanus shot? Provide a date.,DATE,['Date'],I had my last tetanus shot in March of 2015 and I havent had a tetanus shot since,T5,moderate
When was your last tetanus shot? Provide a date.,DATE,['Date'],I had my last tetanus shot in November of last year,T5,moderate
When will the product be ready for pickup? Provide a date.,DATE,['Date'],The product will be ready to be picked up by the end of the month,T5,moderate
When will the product be ready for pickup? Provide a date.,DATE,['Date'],The product will be ready for pickup on Friday November 30th,T5,moderate
Describe any areas where cost savings could be achieved.,TEXT,['Text'],I would like to see a reduction in the amount of time it takes to complete a project,T5,moderate
Describe any areas where cost savings could be achieved.,TEXT,['Text'],Im not sure if its a good idea or if its a bad idea,T5,moderate
Describe any areas where the company could improve its compliance with regulatory requirements.,TEXT,['Text'],I think the company could improve its compliance with regulatory requirements,T5,moderate
Describe any areas where the company could improve its compliance with regulatory requirements.,TEXT,['Text'],I think the company could improve its compliance with regulatory requirements,T5,moderate
Describe any areas where the company could improve its compliance with regulatory requirements.,TEXT,['Text'],I would like to see a better understanding of regulatory requirements,T5,moderate
Describe any areas where the company could improve its compliance with regulatory requirements.,TEXT,['Text'],I would like to see the company improve its compliance with regulatory requirements,T5,moderate
Describe any areas where the company could improve its compliance with regulatory requirements.,TEXT,['Text'],Id like to see the company improve its compliance with regulatory requirements,T5,moderate
Describe any areas where the convention fell short of expectations.,TEXT,['Text'],Im not sure if its just me or if its just me orif its just me or if,T5,moderate
Describe any areas where the convention fell short of expectations.,TEXT,['Text'],Im not sure if its a good thing or not but Im not sure if its a bad thing,T5,moderate
Describe any challenges in delivering the message.,TEXT,['Text'],Im not sure if its a problem or not but I think its a problem,T5,moderate
Describe any challenges in delivering the message.,TEXT,['Text'],I havent been able to deliver the message in a long time,T5,moderate
Describe any instances of unfairness you observed during the convention.,TEXT,['Text'],Im not sure if Im being unfair but Im not sure if Im being unfair,T5,moderate
Describe any instances of unfairness you observed during the convention.,TEXT,['Text'],Im not sure if Im being unfair but Im not sure if Im being unfair,T5,moderate
Describe any instances of unfairness you observed during the convention.,TEXT,['Text'],I noticed a lot of people being unfairly treated at the convention,T5,moderate
Describe the agent's demeanor.,TEXT,['Text'],Im not sure if hes a good person or a bad person but hes a good person,T5,moderate
Describe the challenges associated with maintaining aging equipment.,TEXT,['Text'],Keeping the equipment in good condition is a challenge,T5,moderate
Describe the challenges associated with maintaining aging equipment.,TEXT,['Text'],I have a lot of issues with aging equipment I need to be able to maintain it for a long period of time,T5,moderate
Describe the challenges associated with managing a diverse workforce.,TEXT,['Text'],I think diversity is a very important part of the job,T5,moderate
Describe the challenges associated with managing a diverse workforce.,TEXT,['Text'],I think diversity is a great way to improve the quality of the workforce,T5,moderate
Describe the challenges associated with managing a diverse workforce.,TEXT,['Text'],I think diversity is a very important part of managing a diverse workforce,T5,moderate
Describe the communication strategy.,TEXT,['Text'],Im a good communicator Im a good communicatorIm a good communicator,T5,moderate
Describe the communication strategy.,TEXT,['Text'],I want to be able to communicate with my friends and family,T5,moderate
Describe the communication strategy.,TEXT,['Text'],Im not sure if its a good strategy or not but Im not sure its a good one,T5,moderate
Describe the company's approach to data analytics and its application in decision-making.,TEXT,['Text'],The companys approach to data analytics and decisionmaking is a combination of data science and decisionmaking,T5,moderate
Describe the company's approach to data analytics and its application in decision-making.,TEXT,['Text'],The companys approach to data analytics is based on the use of data as a tool for decisionmaking,T5,moderate
Describe the company's approach to data analytics and its application in decision-making.,TEXT,['Text'],The companys approach to data analytics is based on the use of data,T5,moderate
Describe the company's approach to data analytics and its application in decision-making.,TEXT,['Text'],The companys approach to data analytics is based on a combination of data science and decisionmaking,T5,moderate
Describe the company's approach to data analytics and its application in decision-making.,TEXT,['Text'],The companys approach to data analytics is based on the use of data in decisionmaking,T5,moderate
Describe the company's approach to risk management.,TEXT,['Text'],The companys approach to risk management is based on risk management,T5,moderate
Describe the company's approach to risk management.,TEXT,['Text'],The companys approach to risk management is a combination of risk management and risk management,T5,moderate
Describe the company's efforts to foster a culture of continuous learning and development.,TEXT,['Text'],The companys efforts to foster a culture of continuous learning and development,T5,moderate
Describe the company's efforts to foster a culture of continuous learning and development.,TEXT,['Text'],The companys goal is to foster a culture of continuous learning and development,T5,moderate
Describe the company's efforts to foster a culture of continuous learning and development.,TEXT,['Text'],The companys efforts to foster a culture of continuous learning and development,T5,moderate
Describe the company's efforts to foster a culture of continuous learning and development.,TEXT,['Text'],The companys efforts to foster a culture of continuous learning and development are consistent with the companys mission,T5,moderate
Describe the company's efforts to foster a culture of continuous learning and development.,TEXT,['Text'],The companys efforts to foster a culture of continuous learning and development have been criticized,T5,moderate
Describe the environmental impact of the operations.,TEXT,['Text'],I think its a very negative impact on the environment,T5,moderate
Describe the environmental impact of the operations.,TEXT,['Text'],The environmental impact of the operations is high,T5,moderate
Describe the environmental impact of the operations.,TEXT,['Text'],The environmental impact of the operations is very high,T5,moderate
Describe the environmental impact of the operations.,TEXT,['Text'],The environmental impact of the operations is very high,T5,moderate
Describe the environmental impact of the operations.,TEXT,['Text'],The environmental impact of the operations is very high,T5,moderate
Describe the feedback received on the communication.,TEXT,['Text'],I was very impressed with the quality of the communication,T5,moderate
Describe the feedback received on the communication.,TEXT,['Text'],Im not sure if Im being a good listener or not but Im not sure if Im being a good listener or not,T5,moderate
Describe the impact of automation on the workforce.,TEXT,['Text'],I think that automation has a negative impact on the workforce,T5,moderate
Describe the impact of automation on the workforce.,TEXT,['Text'],I think that automation has a negative impact on the workforce,T5,moderate
Describe the impact of automation on the workforce.,TEXT,['Text'],I think that automation has a positive impact on the workforce,T5,moderate
Describe the impact of automation on the workforce.,TEXT,['Text'],I think that automation has a negative impact on the workforce,T5,moderate
Describe the impact of global economic conditions on the company's operations.,TEXT,['Text'],The companys operations have been affected by global economic conditions,T5,moderate
Describe the impact of global economic conditions on the company's operations.,TEXT,['Text'],The companys operations have been affected by global economic conditions,T5,moderate
Describe the impact of global economic conditions on the company's operations.,TEXT,['Text'],The companys operations are impacted by global economic conditions,T5,moderate
Describe the impact of global economic conditions on the company's operations.,TEXT,['Text'],The companys operations have been affected by global economic conditions,T5,moderate
Describe the impact of global economic conditions on the company's operations.,TEXT,['Text'],The companys operations have been disrupted by global economic conditions,T5,moderate
Describe the impact of recent technological advancements on the industry.,TEXT,['Text'],I think that technology has a positive impact on the industry,T5,moderate
Describe the impact of recent technological advancements on the industry.,TEXT,['Text'],I think that technology has a positive impact on the industry,T5,moderate
Describe the impact of recent technological advancements on the industry.,TEXT,['Text'],I think that technology is changing the way we think about the world,T5,moderate
Describe the impact of recent technological advancements on the industry.,TEXT,['Text'],I think that technology has changed the way we think about the world,T5,moderate
Describe the impact of recent technological advancements on the industry.,TEXT,['Text'],I think that technological advancements have a positive impact on the industry,T5,moderate
Describe the process.,TEXT,['Text'],Ive been trying to figure out how to do this for years,T5,moderate
Describe the quality control measures implemented.,TEXT,['Text'],I am very satisfied with the quality control measures implemented,T5,moderate
Describe the quality control measures implemented.,TEXT,['Text'],The quality control measures were implemented in a way that was consistent with the standards,T5,moderate
Describe the quality control measures implemented.,TEXT,['Text'],The quality control measures have been implemented,T5,moderate
Describe the quality control measures implemented.,TEXT,['Text'],I am satisfied with the quality control measures implemented,T5,moderate
Describe the quality control measures implemented.,TEXT,['Text'],The quality control measures have been implemented,T5,moderate
Describe the safety procedures followed during the operation.,TEXT,['Text'],Safety procedures were followed during the operation,T5,moderate
Describe the safety procedures followed during the operation.,TEXT,['Text'],I was told to wear safety glasses and a respirator,T5,moderate
Describe your experience with the registration process.,TEXT,['Text'],I had a lot of problems with the registration process,T5,moderate
Describe your experience with the registration process.,TEXT,['Text'],Ive had a lot of issues with the registration process,T5,moderate
Describe your experience with the support agent's technical expertise.,TEXT,['Text'],Im not sure if Im being misunderstood by the support agent,T5,moderate
Describe your experience with the technology used during the convention.,TEXT,['Text'],Ive had a lot of problems with the technology during the convention,T5,moderate
Describe your experience with the technology used during the convention.,TEXT,['Text'],Im not sure if its a good thing or not but Im not sure if its a good thing or not,T5,moderate
Describe your experience with the technology used during the convention.,TEXT,['Text'],I was a bit dissatisfied with the technology used during the convention,T5,moderate
Detail your experience with the new welding equipment.,TEXT,['Text'],I had a great time working with the new welding equipment,T5,moderate
Detail your experience with the new welding equipment.,TEXT,['Text'],Ive been using it for a few years now and its great,T5,moderate
Detail your experience with the new welding equipment.,TEXT,['Text'],I had a great time working with the new welding equipment,T5,moderate
Detail your experience with the new welding equipment.,TEXT,['Text'],Ive been using it for a few years now and its great,T5,moderate
Elaborate on the training provided to the operators.,TEXT,['Text'],Im not sure if Ill be able to do this but Im sure Ill be able to do it,T5,moderate
Elaborate on the training provided to the operators.,TEXT,['Text'],I am dissatisfied with the training provided to the operators,T5,moderate
Elaborate on your response.,TEXT,['Text'],Im not sure if Im the only one who thinks this is the right thing to do,T5,moderate
Explain any challenges encountered during the project and how they were overcome.,TEXT,['Text'],Im not sure if its a problem or not but Im sure its a part of the project,T5,moderate
Explain the company's strategy for attracting and retaining talent.,TEXT,['Text'],The companys strategy is to attract and retain talented employees,T5,moderate
Explain the company's strategy for attracting and retaining talent.,TEXT,['Text'],The companys strategy is to attract and retain talented employees,T5,moderate
Explain the company's strategy for attracting and retaining talent.,TEXT,['Text'],The companys strategy is to attract and retain talented employees,T5,moderate
Explain the company's strategy for attracting and retaining talent.,TEXT,['Text'],The companys strategy is to attract and retain talented employees,T5,moderate
Explain the company's strategy for attracting and retaining talent.,TEXT,['Text'],The companys strategy is to attract and retain talented employees,T5,moderate
Explain the process for conducting regular equipment inspections.,TEXT,['Text'],I think its a good way to keep track of whats going on,T5,moderate
Explain the process for conducting regular equipment inspections.,TEXT,['Text'],Im not sure what the process is but Im sure its a good one,T5,moderate
Explain the process for handling customer complaints.,TEXT,['Text'],I have a lot of complaints that I have to deal with,T5,moderate
Explain the process for handling hazardous materials.,TEXT,['Text'],I think its a good idea to be able to safely handle hazardous materials,T5,moderate
Explain your approach.,TEXT,['Text'],Im a little bit of a snob Im not a snob Im a little bit ofa snob,T5,moderate
Explain your issue in detail.,TEXT,['Text'],Im not sure if its a bad thing or if its a bad thing,T5,moderate
Explain your issue in detail.,TEXT,['Text'],Im not sure if Im a bad person or a bad person Im not sure if Im a bad person or a bad person Im not sure if Im a bad person or a bad person,T5,moderate
Explain your reasoning.,TEXT,['Text'],Im not sure if its a good idea or not but I dont think its a good idea,T5,moderate
How can the company better engage with its stakeholders?,TEXT,['Text'],The company can use this as a way to communicate with its stakeholders,T5,moderate
How can the company better engage with its stakeholders?,TEXT,['Text'],The company needs to be able to communicate more effectively with its stakeholders,T5,moderate
How can the company better engage with its stakeholders?,TEXT,['Text'],It can focus on achieving the goals of the company,T5,moderate
How can the company better engage with its stakeholders?,TEXT,['Text'],The company can better engage with its stakeholders,T5,moderate
How can the company better utilize its resources?,TEXT,['Text'],It will be able to use its resources more efficiently,T5,moderate
How can the company better utilize its resources?,TEXT,['Text'],The company can use its resources more efficiently,T5,moderate
How can the company better utilize its resources?,TEXT,['Text'],The company can use its resources more efficiently,T5,moderate
How can the company improve its response to emergency situations?,TEXT,['Text'],The company needs to improve its response to emergencies,T5,moderate
How can the company improve its response to emergency situations?,TEXT,['Text'],The company can improve its response to emergency situations,T5,moderate
How can the company improve its response to emergency situations?,TEXT,['Text'],The company needs to improve its response to emergencies,T5,moderate
How could communication be improved?,TEXT,['Text'],Improved the way people communicate with each other,T5,moderate
How could communication be improved?,TEXT,['Text'],It would better if there were more people in the room,T5,moderate
How could communication be improved?,TEXT,['Text'],I think its important to improve the way people interact with each other,T5,moderate
How could communication be improved?,TEXT,['Text'],Id like to improve the way people interact with each other,T5,moderate
How could the company improve its sustainability initiatives?,TEXT,['Text'],The company could improve its sustainability initiatives by reducing its carbon footprint,T5,moderate
How could the company improve its sustainability initiatives?,TEXT,['Text'],The company could improve its sustainability initiatives,T5,moderate
How could the company improve its sustainability initiatives?,TEXT,['Text'],The company could improve its sustainability initiatives,T5,moderate
How could the convention better promote a sense of community among participants?,TEXT,['Text'],The convention should be a place where people can come together and share their ideas,T5,moderate
How could the convention better promote a sense of community among participants?,TEXT,['Text'],The convention should have a strong sense of community among participants,T5,moderate
How could the convention better promote a sense of community among participants?,TEXT,['Text'],The convention would promote a sense of community among participants,T5,moderate
How could the convention better promote a sense of community among participants?,TEXT,['Text'],It would be a good way to promote a sense of community among participants,T5,moderate
How could the convention better support participants with diverse needs?,TEXT,['Text'],The convention would better able to support participants with diverse needs,T5,moderate
How could the convention better support participants with diverse needs?,TEXT,['Text'],The convention would better able to support people with diverse needs,T5,moderate
How could the convention better support participants with diverse needs?,TEXT,['Text'],The convention would better able to meet the needs of participants with diverse needs,T5,moderate
How could the convention better support participants with diverse needs?,TEXT,['Text'],The convention would better able to support the needs of people with diverse needs,T5,moderate
How could the fairness of the competition be enhanced?,TEXT,['Text'],By allowing more people to participate in the competition,T5,moderate
How could the fairness of the competition be enhanced?,TEXT,['Text'],By reducing the number of people participating in the competition,T5,moderate
How could the fairness of the competition be enhanced?,TEXT,['Text'],By reducing the number of people competing in a competition,T5,moderate
How could the fairness of the competition be enhanced?,TEXT,['Text'],By reducing the number of people competing in a competition,T5,moderate
How could the fairness of the competition be enhanced?,TEXT,['Text'],By allowing more people to participate in the competition,T5,moderate
How could this be improved?,TEXT,['Text'],It would better if we could have a more detailed description of whats going on,T5,moderate
How did the communication impact the intended audience?,TEXT,['Text'],It was a message that had a positive impact on the intended audience,T5,moderate
How did the communication impact the intended audience?,TEXT,['Text'],It was a good communication but it didnt make much of a difference to the intended audience,T5,moderate
How did you ensure ethical communication practices were followed?,TEXT,['Text'],I was responsible for ensuring that everyone was treated fairly,T5,moderate
How did you ensure ethical communication practices were followed?,TEXT,['Text'],I was responsible for ensuring that all ethical communication practices were followed,T5,moderate
How did you ensure ethical communication practices were followed?,TEXT,['Text'],I was responsible for ensuring ethical communication practices were followed,T5,moderate
How effectively did the convention balance competing priorities?,TEXT,['Text'],The convention was able to balance competing priorities,T5,moderate
How effectively did the convention balance competing priorities?,TEXT,['Text'],The convention was able to balance competing priorities,T5,moderate
How effectively did the convention balance competing priorities?,TEXT,['Text'],The convention was able to balance competing priorities,T5,moderate
How effectively did the convention balance competing priorities?,TEXT,['Text'],The convention was able to balance competing priorities,T5,moderate
How effectively did the convention balance competing priorities?,TEXT,['Text'],The convention was able to balance competing priorities,T5,moderate
How effectively did the convention meet its stated goals?,TEXT,['Text'],The convention was successful in meeting its stated goals,T5,moderate
How effectively did the convention meet its stated goals?,TEXT,['Text'],The convention was successful in meeting its stated goals,T5,moderate
How effectively did the convention meet its stated goals?,TEXT,['Text'],The convention was successful in achieving its stated goals,T5,moderate
How effectively did the convention meet its stated goals?,TEXT,['Text'],The convention was successful in meeting its stated goals,T5,moderate
How long did it take to resolve your issue?,TEXT,['Text'],I was able to resolve my issue within a few minutes,T5,moderate
How satisfied were you with the networking opportunities?,TEXT,['Text'],I was dissatisfied with the networking opportunities,T5,moderate
How was the feedback used to improve future communications?,TEXT,['Text'],The feedback was used to improve future communications,T5,moderate
How was the feedback used to improve future communications?,TEXT,['Text'],The feedback was used to improve future communications,T5,moderate
How was the feedback used to improve future communications?,TEXT,['Text'],The feedback was used to improve future communications,T5,moderate
How would you apply this learning to future communications?,TEXT,['Text'],I would apply this learning to future communications,T5,moderate
How would you apply this learning to future communications?,TEXT,['Text'],I would use this learning to improve my communication skills,T5,moderate
How would you apply this learning to future communications?,TEXT,['Text'],I would apply this learning to future communications,T5,moderate
How would you apply this learning to future communications?,TEXT,['Text'],I would apply this learning to future communications,T5,moderate
How would you apply this learning to future communications?,TEXT,['Text'],I would apply this learning to future communications,T5,moderate
How would you describe the atmosphere of the convention?,TEXT,['Text'],I would describe the atmosphere of the convention as chaotic,T5,moderate
How would you describe the overall tone of the interaction?,TEXT,['Text'],I would describe the tone of the interaction as positive,T5,moderate
How would you describe the overall tone of the interaction?,TEXT,['Text'],I would describe the tone of the interaction as casual and casual,T5,moderate
How would you improve the clarity and accuracy of the convention's information?,TEXT,['Text'],Id like to make the conventions information more concise and accurate,T5,moderate
How would you improve the clarity and accuracy of the convention's information?,TEXT,['Text'],I would make the conventions information more concise and accurate,T5,moderate
How would you improve the clarity and accuracy of the convention's information?,TEXT,['Text'],I would improve the clarity and accuracy of the conventions information,T5,moderate
How would you improve the clarity and accuracy of the convention's information?,TEXT,['Text'],I would improve the clarity and accuracy of the conventions information,T5,moderate
How would you improve the clarity and accuracy of the convention's information?,TEXT,['Text'],I would improve the clarity and accuracy of the conventions information by improving,T5,moderate
How would you improve the support agent's training?,TEXT,['Text'],I would like to improve the support agents training,T5,moderate
How would you improve the support agent's training?,TEXT,['Text'],Id like to improve the training of the support agent,T5,moderate
How would you rate the agent's communication skills?,TEXT,['Text'],I would rate the agents communication skills as good,T5,moderate
How would you rate the agent's communication skills?,TEXT,['Text'],I would rate the agents communication skills as good,T5,moderate
How would you rate the agent's communication skills?,TEXT,['Text'],I would rate the agents communication skills as good,T5,moderate
How would you rate the agent's problem-solving skills?,TEXT,['Text'],I would rate the agents problemsolving skills as good,T5,moderate
How would you rate the agent's problem-solving skills?,TEXT,['Text'],I would rate the agents problemsolving skills as good,T5,moderate
How would you rate the agent's problem-solving skills?,TEXT,['Text'],I would rate the agents problemsolving skills as high,T5,moderate
How would you rate the agent's problem-solving skills?,TEXT,['Text'],I would rate the agents problemsolving skills as low,T5,moderate
How would you rate the clarity of the agent's explanations?,TEXT,['Text'],Id rate the clarity of the agents explanations as high,T5,moderate
How would you rate the clarity of the agent's explanations?,TEXT,['Text'],I would rate the clarity of the agents explanations,T5,moderate
How would you rate the clarity of the agent's explanations?,TEXT,['Text'],I would rate the clarity of the agents explanations,T5,moderate
How would you rate the clarity of the agent's explanations?,TEXT,['Text'],I would rate the clarity of the agents explanations,T5,moderate
How would you rate the clarity of the agent's explanations?,TEXT,['Text'],I would rate the clarity of the agents explanations,T5,moderate
How would you rate the overall organization of the event?,TEXT,['Text'],I would rate the overall organization of the event as good,T5,moderate
How would you rate the overall organization of the event?,TEXT,['Text'],I would rate the overall organization of the event as good,T5,moderate
How would you rate the overall organization of the event?,TEXT,['Text'],I would rate the overall organization of the event as good,T5,moderate
How would you rate the overall organization of the event?,TEXT,['Text'],I would rate the overall organization of the event as mediocre,T5,moderate
Please share any additional feedback you have for us.,TEXT,['Text'],Id like to know if theres anything else I can help you with,T5,moderate
Please share any additional feedback you have for us.,TEXT,['Text'],Id like to know if theres anything else I can help you with,T5,moderate
Provide feedback on the effectiveness of the communication system.,TEXT,['Text'],Im not sure if its a good thing or if its a bad thing,T5,moderate
Provide feedback on the effectiveness of the communication system.,TEXT,['Text'],Im satisfied with the effectiveness of the communication system,T5,moderate
Provide further details.,TEXT,['Text'],Im not sure if its a good idea or if its a bad idea,T5,moderate
Reflect on your personal contribution to the communication.,TEXT,['Text'],Ive been a part of the communication for a long time,T5,moderate
Share your feedback.,TEXT,['Text'],Id like to know if theres anything else I can help you with,T5,moderate
Share your feedback.,TEXT,['Text'],Im disappointed Im not sure if Ill be able to get a refund,T5,moderate
Summarize the main points.,TEXT,['Text'],Im not sure if its a good thing or if its a bad thing,T5,moderate
Summarize the main points.,TEXT,['Text'],Im not sure if its a good idea or not but Im not sure its a good idea,T5,moderate
Summarize the main points.,TEXT,['Text'],Im not sure if its a good idea or not but Im not sure its a good idea,T5,moderate
Was the agent knowledgeable about the product/service?,TEXT,['Text'],Yes the agent was knowledgeable about the productservice,T5,moderate
Was the agent knowledgeable about the product/service?,TEXT,['Text'],Yes the agent was knowledgeable about the productservice,T5,moderate
Was the agent knowledgeable about the product/service?,TEXT,['Text'],Yes the agent was knowledgeable about the productservice,T5,moderate
Was the agent knowledgeable about the product/service?,TEXT,['Text'],Yes the agent was knowledgeable about the productservice,T5,moderate
Was the agent knowledgeable about the product/service?,TEXT,['Text'],Yes the agent was knowledgeable about the productservice,T5,moderate
Were there any delays in getting your issue resolved?,TEXT,['Text'],Yes there was a delay in getting the issue resolved,T5,moderate
Were there any delays in getting your issue resolved?,TEXT,['Text'],Ive been waiting for a long time for my issue to be resolved,T5,moderate
Were there any delays in getting your issue resolved?,TEXT,['Text'],Yes there was a delay in getting the issue resolved,T5,moderate
Were there any delays in getting your issue resolved?,TEXT,['Text'],Yes Ive been waiting for a long time for my issue to be resolved,T5,moderate
What are the key challenges facing the heavy industries sector?,TEXT,['Text'],The heavy industry sector is a major sector of the worlds heavy industries sector,T5,moderate
What are the key challenges facing the heavy industries sector?,TEXT,['Text'],The heavy industries sector is a major contributor to global economic growth,T5,moderate
What are the key challenges facing the heavy industries sector?,TEXT,['Text'],Heavy industries sector is a major sector of the economy,T5,moderate
What are the key challenges facing the heavy industries sector?,TEXT,['Text'],Heavy industries sector has a high unemployment rate and a high unemployment rate,T5,moderate
What are the key challenges facing the heavy industries sector?,TEXT,['Text'],The heavy industries sector is facing a number of major challenges,T5,moderate
What are your observations regarding employee morale?,TEXT,['Text'],I think its important for employees to have good morale,T5,moderate
What are your observations regarding employee morale?,TEXT,['Text'],I think its a good thing to have a good employee morale,T5,moderate
What are your observations regarding employee morale?,TEXT,['Text'],Im dissatisfied with the lack of morale in the company,T5,moderate
What are your observations regarding the company's overall safety culture?,TEXT,['Text'],Its a good thing the company has a good safety culture,T5,moderate
What are your observations regarding the company's overall safety culture?,TEXT,['Text'],I think the companys overall safety culture is a good one,T5,moderate
What are your observations regarding the company's overall safety culture?,TEXT,['Text'],I think the companys overall safety culture is very poor,T5,moderate
What are your observations regarding the overall productivity levels?,TEXT,['Text'],Im not sure if its a good thing or a bad thing Im not sure if its a good thing or a bad thing Im not sure if its a good thing or a bad thing,T5,moderate
What are your observations regarding the overall productivity levels?,TEXT,['Text'],I think there is a lot of work to be done I think theresa lot of work to be done,T5,moderate
What are your observations regarding the overall productivity levels?,TEXT,['Text'],I dont think theres a big difference in productivity levels,T5,moderate
What are your recommendations for improving the overall performance of the company?,TEXT,['Text'],I would like to improve the overall performance of the company,T5,moderate
What are your recommendations for improving the overall performance of the company?,TEXT,['Text'],I would like to improve the overall performance of the company,T5,moderate
What are your recommendations for improving the overall performance of the company?,TEXT,['Text'],I would like to improve the overall performance of the company,T5,moderate
What are your recommendations for improving the overall performance of the company?,TEXT,['Text'],I would like to improve the overall performance of the company I would like to improve the overall performance of the company,T5,moderate
What are your recommendations for improving the overall performance of the company?,TEXT,['Text'],I would like to improve the overall performance of the company,T5,moderate
What are your recommendations for improving workplace safety?,TEXT,['Text'],I would like to make sure that the workplace is safe,T5,moderate
What are your recommendations for improving workplace safety?,TEXT,['Text'],I think its important to make sure everyone is safe at work,T5,moderate
What are your suggestions for improving employee training programs?,TEXT,['Text'],I think its a good idea to improve employee training programs but I dont think its a good idea to improve employee training programs,T5,moderate
What are your suggestions for improving employee training programs?,TEXT,['Text'],I think it would be a good idea to improve employee training programs,T5,moderate
What are your suggestions for improving the communication during the convention?,TEXT,['Text'],I think its important to make sure everyone knows whats going on I think its important to make sure everyone knows whats going on,T5,moderate
What are your suggestions for improving the communication during the convention?,TEXT,['Text'],I would like to improve the way we communicate with each other,T5,moderate
What are your suggestions for improving the communication during the convention?,TEXT,['Text'],I think it would be helpful if we could have a discussion about how to improve the communication during the convention,T5,moderate
What are your suggestions for improving the communication during the convention?,TEXT,['Text'],I think its important to make sure everyone knows whats going on,T5,moderate
What are your suggestions for improving the overall customer support experience?,TEXT,['Text'],I would like to improve the overall customer support experience,T5,moderate
What are your suggestions for improving the overall customer support experience?,TEXT,['Text'],I would like to improve the overall customer support experience,T5,moderate
What are your suggestions for improving the overall customer support experience?,TEXT,['Text'],I would like to see a more personalized customer service experience,T5,moderate
What are your suggestions for improving the overall customer support experience?,TEXT,['Text'],I would like to improve the overall customer support experience,T5,moderate
What are your suggestions for improving the overall customer support experience?,TEXT,['Text'],Id like to improve the customer service experience,T5,moderate
What are your suggestions for reducing downtime?,TEXT,['Text'],Id like to reduce the time it takes to finish a project,T5,moderate
What are your suggestions?,TEXT,['Text'],Id like to make a list of things Id like to do in the future,T5,moderate
What are your suggestions?,TEXT,['Text'],Id like to have a conversation with my friend about what Id like to do next,T5,moderate
What are your suggestions?,TEXT,['Text'],Id like to get a job with a company that has a lot of employees,T5,moderate
What are your thoughts on the company's long-term strategic goals?,TEXT,['Text'],I think the companys longterm strategic goals are a good one,T5,moderate
What are your thoughts on the company's long-term strategic goals?,TEXT,['Text'],I think the companys longterm strategic goals are important,T5,moderate
What are your thoughts on the company's long-term strategic goals?,TEXT,['Text'],I think the companys longterm strategic goals are a lot more ambitious than the companys shortterm goals,T5,moderate
What are your thoughts on the company's long-term strategic goals?,TEXT,['Text'],I think the companys longterm goals are a good one,T5,moderate
What are your thoughts on the company's long-term strategic goals?,TEXT,['Text'],I think the companys longterm strategic goals are a waste of time and money,T5,moderate
What are your thoughts on the current level of technological innovation within the company?,TEXT,['Text'],I think the current level of technological innovation within the company is very high,T5,moderate
What are your thoughts on the current level of technological innovation within the company?,TEXT,['Text'],I think the current level of technological innovation within the company is very high,T5,moderate
What are your thoughts on the current level of technological innovation within the company?,TEXT,['Text'],I think that there is a lot of innovation within the company,T5,moderate
What are your thoughts on the current level of technological innovation within the company?,TEXT,['Text'],I think the current level of technological innovation within the company is very high,T5,moderate
What are your thoughts on the current level of technological innovation within the company?,TEXT,['Text'],I think the current level of technological innovation within the company is too low,T5,moderate
What are your thoughts on the current maintenance schedule?,TEXT,['Text'],I think its a good idea I dont think its a good idea,T5,moderate
What are your thoughts on the current supply chain management?,TEXT,['Text'],I think the current supply chain management system is a waste of time and money,T5,moderate
What are your thoughts on the current supply chain management?,TEXT,['Text'],I think the current supply chain management is a waste of time and money,T5,moderate
What are your thoughts on the current supply chain management?,TEXT,['Text'],I think the current supply chain management is a waste of time and money,T5,moderate
What are your thoughts on the effectiveness of the company's training and development programs?,TEXT,['Text'],I think the training and development programs are very effective,T5,moderate
What are your thoughts on the effectiveness of the company's training and development programs?,TEXT,['Text'],I think the training and development programs are a waste of time and money,T5,moderate
What are your thoughts on the effectiveness of the project management methodologies?,TEXT,['Text'],I think the project management methodologies are a waste of time and money,T5,moderate
What are your thoughts on the effectiveness of the project management methodologies?,TEXT,['Text'],I think the project management methodology is a good way to improve the effectiveness of the project management process,T5,moderate
What are your thoughts?,TEXT,['Text'],Im frustrated and dissatisfied Im frustrated and dissatisfiedIm frustrated and dissatisfied,T5,moderate
What aspects of the convention could be improved for future participants?,TEXT,['Text'],The convention could be improved for future participants,T5,moderate
What aspects of the convention could be improved for future participants?,TEXT,['Text'],The convention could be improved for future participants,T5,moderate
What aspects of the convention could be improved for future participants?,TEXT,['Text'],The convention could be improved for future participants,T5,moderate
What aspects of the convention could be improved for future participants?,TEXT,['Text'],The convention could be improved for future participants,T5,moderate
What aspects of the convention fostered a sense of inclusivity and belonging?,TEXT,['Text'],The convention was a way for people to feel connected to each other,T5,moderate
What aspects of the convention fostered a sense of inclusivity and belonging?,TEXT,['Text'],The convention was a way for people to feel connected to each other,T5,moderate
What aspects of the convention fostered a sense of inclusivity and belonging?,TEXT,['Text'],The convention was a way of expressing a sense of belonging,T5,moderate
What aspects of the convention fostered a sense of inclusivity and belonging?,TEXT,['Text'],The convention had a sense of belonging and a sense of belonging,T5,moderate
What aspects of the convention were most impactful?,TEXT,['Text'],The convention had a positive impact on the economy,T5,moderate
What aspects of the convention were most impactful?,TEXT,['Text'],The convention was the most influential aspect of the convention,T5,moderate
What aspects of the support were particularly negative?,TEXT,['Text'],Im sorry Im sorry Im sorry Im sorry Im sorryIm sorry Im sorryIm,T5,moderate
What aspects of the support were particularly negative?,TEXT,['Text'],Im not sure if its a good thing or not but I dont think its a bad thing,T5,moderate
What did you learn from participating in the convention?,TEXT,['Text'],I learned that its a good thing to be a part of a convention,T5,moderate
What impact did the convention have on your professional development?,TEXT,['Text'],Im not sure how Ill be able to do it without the convention,T5,moderate
What impact did the convention have on your professional development?,TEXT,['Text'],Im not sure if its a bad thing or a bad thing but I think its a good thing,T5,moderate
What improvements could be made to the efficiency of the manufacturing process?,TEXT,['Text'],Improvements could be made to the efficiency of the manufacturing process,T5,moderate
What improvements could be made to the efficiency of the manufacturing process?,TEXT,['Text'],Improvements could be made to the efficiency of the manufacturing process,T5,moderate
What is your feedback on the overall design and layout of the convention?,TEXT,['Text'],Its a good idea but I dont think its going to be a success,T5,moderate
What is your feedback on the overall design and layout of the convention?,TEXT,['Text'],I think its a good idea but I dont think its a good idea,T5,moderate
What is your feedback on the overall design and layout of the convention?,TEXT,['Text'],Im satisfied with the overall design and layout of the convention,T5,moderate
What is your feedback on the quality of the presentations?,TEXT,['Text'],Im satisfied with the quality of the presentations,T5,moderate
What is your feedback on the quality of the presentations?,TEXT,['Text'],Im satisfied with the quality of the presentations,T5,moderate
What is your feedback on the quality of the presentations?,TEXT,['Text'],Im impressed with the quality of the presentations,T5,moderate
What is your feedback on the quality of the presentations?,TEXT,['Text'],I am dissatisfied with the quality of the presentations,T5,moderate
What is your feedback on the venue?,TEXT,['Text'],Im not sure if its a good venue or if its a bad venue,T5,moderate
What is your feedback on the venue?,TEXT,['Text'],Im not sure if its a good venue or if its a bad venue,T5,moderate
What is your overall impression of the convention's level of professionalism?,TEXT,['Text'],I think the conventions level of professionalism is low,T5,moderate
What is your suggestion for improving the support process?,TEXT,['Text'],I think its important to improve the support processI think it,T5,moderate
What metrics were used to evaluate the communication?,TEXT,['Text'],The communication was evaluated by a number of metrics such as the number of people in the roomthe number,T5,moderate
What metrics were used to evaluate the communication?,TEXT,['Text'],The communication was evaluated by a number of metrics,T5,moderate
What metrics were used to evaluate the communication?,TEXT,['Text'],The communication was evaluated by a number of metrics such as the number of people in the roomthe number,T5,moderate
What metrics were used to evaluate the communication?,TEXT,['Text'],The communication was evaluated by a number of metrics such as the number of people in the roomthe number,T5,moderate
What metrics were used to evaluate the communication?,TEXT,['Text'],The communication was evaluated by a number of metrics,T5,moderate
What recommendations would you make for future communications?,TEXT,['Text'],I would make recommendations for future communications,T5,moderate
What recommendations would you make for future communications?,TEXT,['Text'],I would make recommendations for future communications,T5,moderate
What recommendations would you make for future communications?,TEXT,['Text'],I would make a recommendation for future communications,T5,moderate
What recommendations would you make for future communications?,TEXT,['Text'],I would make a recommendation for future communications,T5,moderate
What recommendations would you make for future communications?,TEXT,['Text'],I would make recommendations for future communications,T5,moderate
What specific actions did the agent take that you appreciated?,TEXT,['Text'],I appreciated the fact that she took the time to listen to what I had to say,T5,moderate
What specific actions did the agent take that you appreciated?,TEXT,['Text'],I appreciated the fact that the agent took the time to talk to me,T5,moderate
What specific actions did the agent take that you appreciated?,TEXT,['Text'],I appreciated the fact that the agent took the time to talk to me,T5,moderate
What specific actions did the agent take that you appreciated?,TEXT,['Text'],I appreciated the way the agent handled the situation,T5,moderate
What specific changes would you recommend for the next convention?,TEXT,['Text'],I would recommend that the convention be rescheduled to a later date,T5,moderate
What specific changes would you recommend for the next convention?,TEXT,['Text'],I would recommend a reorganization of the convention,T5,moderate
What specific changes would you recommend for the next convention?,TEXT,['Text'],I would recommend that the convention be rescheduled to a later date,T5,moderate
What specific changes would you recommend for the next convention?,TEXT,['Text'],I would recommend that the convention be rescheduled to a later date,T5,moderate
What steps did the agent take to resolve your issue?,TEXT,['Text'],I asked the agent if he could help me find a solution to my problem,T5,moderate
What steps did the agent take to resolve your issue?,TEXT,['Text'],The agent was able to resolve my issue in a timely manner,T5,moderate
What suggestions do you have for future conventions?,TEXT,['Text'],Id like to have a convention in the future butId like to have a convention in the future,T5,moderate
What tools or resources could have helped the agent resolve your issue more efficiently?,TEXT,['Text'],The agent could have helped me find a solution to my problem,T5,moderate
What tools or resources could have helped the agent resolve your issue more efficiently?,TEXT,['Text'],The agent could have used a computer to resolve my issue,T5,moderate
What tools or resources could have helped the agent resolve your issue more efficiently?,TEXT,['Text'],I would have been able to resolve the issue myself,T5,moderate
What tools or resources could have helped the agent resolve your issue more efficiently?,TEXT,['Text'],The agent could have used a tool or resource that could have solved my issue more efficiently,T5,moderate
What was the least helpful aspect of the support?,TEXT,['Text'],Im not sure if its a good idea or not but Im not sure its a good idea,T5,moderate
What was the message of the communication?,TEXT,['Text'],Im sorry to hear that Im sorry to hear thatIm sorry to hear that,T5,moderate
What was the most helpful aspect of the support?,TEXT,['Text'],Its a good way to keep track of what youre doing and how youre doing it,T5,moderate
What was the most helpful aspect of the support?,TEXT,['Text'],It was a great way to keep track of what youre doing and how youre doing it,T5,moderate
What was the purpose of the communication?,TEXT,['Text'],The purpose of the communication was to inform the public about the companys products and services,T5,moderate
What was the purpose of the communication?,TEXT,['Text'],The communication was intended to communicate a message,T5,moderate
What was the purpose of the communication?,TEXT,['Text'],The communication was intended to communicate a message,T5,moderate
What was the purpose of the communication?,TEXT,['Text'],The purpose of the communication was to inform the public about the companys products and services,T5,moderate
What was the quality of the resources provided?,TEXT,['Text'],Im not sure if its a good thing or not but Im not sure its a bad thing,T5,moderate
What was the quality of the resources provided?,TEXT,['Text'],I dont know how to describe the quality of the resources provided,T5,moderate
What was your favorite part of the support interaction?,TEXT,['Text'],I liked the fact that I was able to interact with the other people in the support group,T5,moderate
What was your favorite part of the support interaction?,TEXT,['Text'],I dont think its my favorite part of the interaction,T5,moderate
What was your least favorite part of the support interaction?,TEXT,['Text'],Im not sure if Im a good listener or a bad listener,T5,moderate
What was your least favorite part of the support interaction?,TEXT,['Text'],Im not sure if its a good thing or if its a bad thing,T5,moderate
What were the barriers to communication?,TEXT,['Text'],The barriers to communication were a lack of communication,T5,moderate
What were the barriers to communication?,TEXT,['Text'],I was unable to communicate because of a lack of communication,T5,moderate
What were the communication channels used?,TEXT,['Text'],They were able to communicate with each other via phone email and social media,T5,moderate
What were the ethical considerations involved in the communication?,TEXT,['Text'],The communication was based on the belief that it was a good thing to communicate,T5,moderate
What were the ethical considerations involved in the communication?,TEXT,['Text'],The communication was based on the idea that a person should be able to communicate with others without fear of hurting others,T5,moderate
What were the ethical considerations involved in the communication?,TEXT,['Text'],The communication was based on a belief in the existence of a god,T5,moderate
What were the intended and unintended consequences of the communication?,TEXT,['Text'],Im not sure if its a good idea or a bad idea but Im not sure its a bad idea,T5,moderate
What were the key factors contributing to success or failure?,TEXT,['Text'],Success is a result of success Failure is a result of failure,T5,moderate
What were the key factors contributing to success or failure?,TEXT,['Text'],Success is a positive outcome Failure is a negative outcome,T5,moderate
What were the key factors contributing to success or failure?,TEXT,['Text'],Success is a result of hard work perseverance and perseverance Failure is a result of hard work failureis a result of hard work,T5,moderate
What were the key factors contributing to success or failure?,TEXT,['Text'],The key factors contributing to success or failure were success or failure,T5,moderate
What were the key factors contributing to success or failure?,TEXT,['Text'],Success is the result of a combination of hard work perseverance and perseverance,T5,moderate
What were the key takeaways?,TEXT,['Text'],Im not sure if its a bad thing or a bad thing Im not sure if its a bad thing or a bad thing Im not sure if its a bad thing or a bad thing,T5,moderate
What were the key takeaways?,TEXT,['Text'],Im not sure if its a good idea or not but I think its a good idea,T5,moderate
What were the key takeaways?,TEXT,['Text'],Im not sure if Im going to be able to make it to the finals,T5,moderate
What were the results?,TEXT,['Text'],Im not sure if its a bad thing or a bad thing but I dont think its a bad thing,T5,moderate
What were the strengths and weaknesses of the convention's communication strategy?,TEXT,['Text'],The conventions communication strategy was a failure,T5,moderate
What were your biggest challenges during the convention?,TEXT,['Text'],I had a lot of questions about the convention but I didnt have a lot of time to answer them,T5,moderate
What were your observations?,TEXT,['Text'],Im not sure if its a good idea or not but Im not sure its a good idea,T5,moderate
What were your observations?,TEXT,['Text'],Im not sure if its a good idea or not but Im not sure,T5,moderate
What were your observations?,TEXT,['Text'],Im not sure if its a good thing or if its a bad thing,T5,moderate
How many attendees are expected at the conference?,NUMBER,['attendee count'],There will be a total of 2000 people at the conference,T5,moderate
How many attendees are expected at the conference?,NUMBER,['attendee count'],There are a lot of people expected at the conference,T5,moderate
How many attendees are expected at the conference?,NUMBER,['attendee count'],There are a lot of people expected at the conference,T5,moderate
How many chapters are in this document?,NUMBER,['chapter count'],The number of chapters in this document is very small,T5,moderate
How many different product lines does the company manufacture?,NUMBER,['product line count'],The company manufactures a number of product lines,T5,moderate
How many different product lines does the company manufacture?,NUMBER,['product line count'],The company manufactures a number of product lines,T5,moderate
How many different product lines does the company manufacture?,NUMBER,['product line count'],The company manufactures a number of different product lines,T5,moderate
How many employees are in the department?,NUMBER,['employee count'],There are tens of thousands of employees in the department,T5,moderate
How many hours of training were provided to employees last year?,NUMBER,['training hours'],Over 2000 hours of training were provided to employees last year,T5,moderate
How many hours of training were provided to employees last year?,NUMBER,['training hours'],There were over 2000 hours of training provided to employees last year,T5,moderate
How many hours of training were provided to employees last year?,NUMBER,['training hours'],900 hours of training were provided to employees last year,T5,moderate
How many hours of training were provided to employees last year?,NUMBER,['training hours'],Over 200 hours of training were provided to employees last year,T5,moderate
How many hours of training were provided to employees last year?,NUMBER,['training hours'],There were a total of 12 hours of training provided to employees last year,T5,moderate
How many marketing campaigns were run last year?,NUMBER,['marketing campaigns'],I dont know how many marketing campaigns were run last year,T5,moderate
How many new projects were initiated this year?,NUMBER,['project count'],The number of new projects in this year was a lot higher than the number of projects in the previous year,T5,moderate
How many new projects were initiated this year?,NUMBER,['project count'],The number of new projects in this year was a lot higher than the number of projects in the previous year,T5,moderate
How many new projects were initiated this year?,NUMBER,['project count'],The number of projects initiated this year is less than the number of projects initiated last year,T5,moderate
How many products were sold last month?,NUMBER,['product sales'],I think there were a lot of products sold last month,T5,moderate
How many products were sold last month?,NUMBER,['product sales'],I dont know how many products were sold last month,T5,moderate
How many project milestones were achieved last quarter?,NUMBER,['milestone count'],Several milestones were achieved in the last quarter,T5,moderate
How many project milestones were achieved last quarter?,NUMBER,['milestone count'],Im not sure how many milestones were achieved last quarter,T5,moderate
How many proposals were submitted this month?,NUMBER,['proposals submitted'],There were a total of 5 proposals submitted this month,T5,moderate
How many proposals were submitted this month?,NUMBER,['proposals submitted'],There were a total of 8 proposals submitted this month,T5,moderate
How many proposals were submitted this month?,NUMBER,['proposals submitted'],There were a total of 10 proposals submitted this month,T5,moderate
How many safety incidents occurred this year?,NUMBER,['safety incidents'],Im surprised that there were so many safety incidents this year,T5,moderate
How many safety training sessions were conducted last quarter?,NUMBER,['training sessions'],Several safety training sessions were conducted last quarter,T5,moderate
How many safety training sessions were conducted last quarter?,NUMBER,['training sessions'],Several safety training sessions were held last quarter,T5,moderate
How many safety training sessions were conducted last quarter?,NUMBER,['training sessions'],There were ten safety training sessions in the last quarter,T5,moderate
How many safety training sessions were conducted last quarter?,NUMBER,['training sessions'],Several safety training sessions were conducted last quarter,T5,moderate
How many skilled laborers are employed in the plant?,NUMBER,['labor count'],The plant employs a large number of skilled laborers,T5,moderate
How many skilled laborers are employed in the plant?,NUMBER,['labor count'],The plant employs a large number of skilled laborers,T5,moderate
How many times have you contacted customer support this year?,NUMBER,['support contact frequency'],Ive contacted customer support a few times this year,T5,moderate
How many times have you contacted customer support this year?,NUMBER,['support contact frequency'],Ive contacted customer support five times this year,T5,moderate
How many times have you contacted customer support this year?,NUMBER,['support contact frequency'],Ive contacted customer support about a dozen times this year,T5,moderate
How many times have you contacted customer support this year?,NUMBER,['support contact frequency'],I have contacted customer support three times this year,T5,moderate
How many times have you contacted customer support this year?,NUMBER,['support contact frequency'],Ive contacted customer support three times this year,T5,moderate
How many tons of coal are consumed per day?,NUMBER,['fuel consumption'],The amount of coal consumed per day depends on how much coal is burned,T5,moderate
How many tons of coal are consumed per day?,NUMBER,['fuel consumption'],Im not sure how many tons of coal are consumed per day but Im not sure how many tons of coal are consumed per day,T5,moderate
How many tons of coal are consumed per day?,NUMBER,['fuel consumption'],I dont know how many tons of coal are consumed per day,T5,moderate
How many tons of coal are consumed per day?,NUMBER,['fuel consumption'],I dont know how many tons of coal are consumed per day,T5,moderate
How many tons of steel were produced last quarter?,NUMBER,['production output'],13 million tons of steel were produced last quarter,T5,moderate
How many tons of steel were produced last quarter?,NUMBER,['production output'],The total number of tons of steel produced last quarter was 22 million tons,T5,moderate
How many tons of steel were produced last quarter?,NUMBER,['production output'],About 28 million tons of steel were produced last quarter,T5,moderate
How many tons of waste were generated last month?,NUMBER,['waste generation'],About 20000 tons of waste were generated last month,T5,moderate
How many tons of waste were generated last month?,NUMBER,['waste generation'],The number of tons of waste generated in a month was a few thousand tons,T5,moderate
How many tons of waste were generated last month?,NUMBER,['waste generation'],I think there were a lot of tons of waste generated last month,T5,moderate
How many tons of waste were generated last month?,NUMBER,['waste generation'],I dont know how many tons of waste were generated last month,T5,moderate
How many tons of waste were generated last month?,NUMBER,['waste generation'],Thousands of tons of waste were generated last month,T5,moderate
What is the account balance?,NUMBER,['balance'],The account balance is a balance of a companys assets not a companys liabilities,T5,moderate
What is the account balance?,NUMBER,['balance'],The balance is the balance of the account whichis the balance of the account,T5,moderate
What is the account balance?,NUMBER,['balance'],The balance of the account balance is a balance of the balance of the balance of thebalance of the,T5,moderate
What is the altitude in meters?,NUMBER,['altitude'],The altitude in meters is about 0 meters above sea level,T5,moderate
What is the annual budget for employee training and development?,NUMBER,['training budget'],The annual budget for employee training and development is 600000 per year,T5,moderate
What is the annual budget for employee training and development?,NUMBER,['training budget'],The annual budget for employee training and development is 30000 per year,T5,moderate
What is the annual budget for employee training and development?,NUMBER,['training budget'],The annual budget for employee training and development is 600000 per year,T5,moderate
What is the annual budget for employee training and development?,NUMBER,['training budget'],The annual budget for employee training and development is 600000 per year,T5,moderate
What is the annual budget for employee training and development?,NUMBER,['training budget'],The annual budget for employee training and development is 600000 per year,T5,moderate
What is the annual revenue target?,NUMBER,['revenue'],The annual revenue target for the company is 22 billion,T5,moderate
What is the average age of the machinery in years?,NUMBER,['machinery age'],The machinery has been in operation for a long time,T5,moderate
What is the average age of the machinery in years?,NUMBER,['machinery age'],The machinery has been in operation for more than a century,T5,moderate
What is the average cost per unit produced?,NUMBER,['production cost'],The average cost per unit produced is 150 per unit,T5,moderate
What is the average cost per unit produced?,NUMBER,['production cost'],The average cost per unit produced is 125 per unit,T5,moderate
What is the average cost per unit produced?,NUMBER,['production cost'],The average cost per unit produced is 125 per unit,T5,moderate
What is the average customer lifetime value?,NUMBER,['customer lifetime value'],The average customer lifetime value is 1500 per year,T5,moderate
What is the average customer lifetime value?,NUMBER,['customer lifetime value'],Average customer lifetime value is a customers lifetime value,T5,moderate
What is the average daily energy consumption in kWh?,NUMBER,['energy consumption'],The average daily energy consumption in kWh in the United States is 75 kWh per day,T5,moderate
What is the average daily energy consumption in kWh?,NUMBER,['energy consumption'],The average daily energy consumption in kWh is about 05 kWh per day,T5,moderate
What is the average employee satisfaction rating (out of 5)?,NUMBER,['employee satisfaction'],Average employee satisfaction rating is 5 out of 5,T5,moderate
What is the average employee satisfaction rating (out of 5)?,NUMBER,['employee satisfaction'],Average employee satisfaction rating is 5 out of 5,T5,moderate
What is the average employee satisfaction rating (out of 5)?,NUMBER,['employee satisfaction'],The average employee satisfaction rating is 5 out of 5,T5,moderate
What is the average employee tenure in years?,NUMBER,['employee tenure'],The average tenure of an employee in years is 3 years,T5,moderate
What is the average lead time for order fulfillment in days?,NUMBER,['lead time'],The average lead time for order fulfillment in days is 3 days,T5,moderate
What is the average lead time for order fulfillment in days?,NUMBER,['lead time'],The average lead time for order fulfillment in days is 3 days,T5,moderate
What is the average lead time for order fulfillment in days?,NUMBER,['lead time'],The average lead time for order fulfillment in days is 3 days,T5,moderate
What is the average lead time for order fulfillment in days?,NUMBER,['lead time'],The average lead time for order fulfillment in days is 365 days,T5,moderate
What is the average lead time for order fulfillment in days?,NUMBER,['lead time'],The average lead time for order fulfillment in days is 365 days,T5,moderate
What is the average length of a production run in hours?,NUMBER,['production run length'],The average length of a production run in hours is 1 hour,T5,moderate
What is the average length of a production run in hours?,NUMBER,['production run length'],The average length of a production run in hours is 12 hours,T5,moderate
What is the average length of a production run in hours?,NUMBER,['production run length'],The average length of a production run in hours is 8 hours,T5,moderate
What is the average length of a production run in hours?,NUMBER,['production run length'],The average length of a production run in hours is 1 hour,T5,moderate
What is the average machine downtime in hours per week?,NUMBER,['machine downtime'],The average machine downtime per week is 3 hours per week,T5,moderate
What is the average machine downtime in hours per week?,NUMBER,['machine downtime'],The average machine downtime per week is 3 hours per week,T5,moderate
What is the average machine downtime in hours per week?,NUMBER,['machine downtime'],The average downtime in a week is about 8 hours per week,T5,moderate
What is the average machine downtime in hours per week?,NUMBER,['machine downtime'],The average machine downtime in hours per week is 3 hours per week,T5,moderate
What is the average response time to customer inquiries?,NUMBER,['response time'],The average response time to customer inquiries is a few minutes,T5,moderate
What is the average response time to customer inquiries?,NUMBER,['response time'],The average response time to customer inquiries is a few minutes,T5,moderate
What is the average response time to customer inquiries?,NUMBER,['response time'],The average response time to customer inquiries is a few minutes,T5,moderate
What is the capacitance in farads?,NUMBER,['capacitance'],The capacitance of a farad is about a tenth of a farads power,T5,moderate
What is the capacitance in farads?,NUMBER,['capacitance'],The capacitance of a farad is equal to the number of farads in a meter,T5,moderate
What is the closing rate for sales leads (as a percentage)?,NUMBER,['closing rate'],The closing rate for sales leads as a percentage is 80,T5,moderate
What is the closing rate for sales leads (as a percentage)?,NUMBER,['closing rate'],The closing rate for sales leads as a percentage is 80,T5,moderate
What is the closing rate for sales leads (as a percentage)?,NUMBER,['closing rate'],The closing rate for sales leads as a percentage is 11,T5,moderate
What is the closing rate for sales leads (as a percentage)?,NUMBER,['closing rate'],The closing rate for sales leads as a percentage is 14,T5,moderate
What is the closing rate for sales leads (as a percentage)?,NUMBER,['closing rate'],The closing rate for sales leads as a percentage is about 20,T5,moderate
What is the company's overall safety rating score?,NUMBER,['safety rating'],The companys overall safety rating score is 0 or below,T5,moderate
What is the company's overall safety rating score?,NUMBER,['safety rating'],The companys overall safety rating score is 0 out of 100,T5,moderate
What is the conversion rate percentage?,NUMBER,['conversion rate'],The conversion rate is a percentage of the total conversion rate,T5,moderate
What is the conversion rate percentage?,NUMBER,['conversion rate'],The conversion rate is a percentage of the total conversion rate,T5,moderate
What is the conversion rate percentage?,NUMBER,['conversion rate'],The conversion rate is a percentage of the total conversion rate,T5,moderate
What is the conversion rate percentage?,NUMBER,['conversion rate'],The conversion rate is a percentage of the total conversion rate,T5,moderate
What is the current in amperes?,NUMBER,['current'],The current in amperes is the current in amperes is thecurrent in amperes is the current in amperes,T5,moderate
What is the current inventory level of raw materials?,NUMBER,['inventory level'],The current inventory level of raw materials is 30000,T5,moderate
What is the current inventory level of raw materials?,NUMBER,['inventory level'],The inventory level of raw materials is about 80 of the total inventory of raw materials,T5,moderate
What is the current inventory level of raw materials?,NUMBER,['inventory level'],The current inventory level of raw materials is 80,T5,moderate
What is the current inventory level of raw materials?,NUMBER,['inventory level'],The current inventory level of raw materials is 20000,T5,moderate
What is the current inventory level of raw materials?,NUMBER,['inventory level'],The current inventory level of raw materials is 20 million tons,T5,moderate
What is the current order backlog in units?,NUMBER,['order backlog'],The current order backlog in units is a total of 12 units,T5,moderate
What is the current order backlog in units?,NUMBER,['order backlog'],The backlog in units in the US is a backlog in units in the US,T5,moderate
What is the current order backlog in units?,NUMBER,['order backlog'],The current order backlog in units is a lot of units,T5,moderate
What is the discount percentage?,NUMBER,['percentage'],The discount percentage is a percentage of the total price of a product,T5,moderate
What is the discount percentage?,NUMBER,['percentage'],The discount percentage is a percentage of the total price of the product,T5,moderate
What is the employee turnover rate (as a percentage)?,NUMBER,['employee turnover'],The turnover rate is a percentage of the employee turnover rate,T5,moderate
What is the employee turnover rate (as a percentage)?,NUMBER,['employee turnover'],The rate of employee turnover is a percentage of the total number of employees in a company,T5,moderate
What is the employee turnover rate (as a percentage)?,NUMBER,['employee turnover'],The turnover rate is a percentage of the total employee turnover,T5,moderate
What is the employee turnover rate (as a percentage)?,NUMBER,['employee turnover'],The turnover rate is a percentage of the total number of employees,T5,moderate
What is the energy in joules?,NUMBER,['energy'],The energy in joules is the same as the energy in kilowatts,T5,moderate
What is the energy in joules?,NUMBER,['energy'],The energy in joules is the same as the energy in joules,T5,moderate
What is the height of the building?,NUMBER,['height'],The height of the building is about a foot above sea level,T5,moderate
What is the latitude coordinate?,NUMBER,['latitude'],The latitude coordinate is 90 and the compass coordinate is 90,T5,moderate
What is the latitude coordinate?,NUMBER,['latitude'],The latitude coordinate is 80N and the longitude coordinate is 90N,T5,moderate
What is the longitude coordinate?,NUMBER,['longitude'],The coordinates for the longitude and longitude coordinates for the longitude coordinates for thelongitude coordinates for the long,T5,moderate
What is the longitude coordinate?,NUMBER,['longitude'],The longitude coordinates of the longitude coordinates are 0 0 0 0 0 0 0 0 0 00,T5,moderate
What is the longitude coordinate?,NUMBER,['longitude'],The longitude coordinates are 3435 35 35 35 35 35 35 35 35 3535,T5,moderate
What is the net profit margin (as a percentage)?,NUMBER,['net profit margin'],The net profit margin as a percentage is a percentage of a companys revenue,T5,moderate
What is the net profit margin (as a percentage)?,NUMBER,['net profit margin'],The net profit margin as a percentage is a percentage of a companys revenue,T5,moderate
What is the net profit margin (as a percentage)?,NUMBER,['net profit margin'],The net profit margin is a percentage of the companys revenue,T5,moderate
What is the net profit margin (as a percentage)?,NUMBER,['net profit margin'],The net profit margin is a percentage of a companys profits,T5,moderate
What is the net profit margin (as a percentage)?,NUMBER,['net profit margin'],The net profit margin is a percentage of the companys earnings,T5,moderate
What is the number of defective units produced last month?,NUMBER,['defect count'],The number of defective units produced last month was 57,T5,moderate
What is the number of defective units produced last month?,NUMBER,['defect count'],The number of defective units produced last month was a quarter of the total number of units produced last month,T5,moderate
What is the number of defective units produced last month?,NUMBER,['defect count'],The number of defective units produced last month was 57,T5,moderate
What is the number of defective units produced last month?,NUMBER,['defect count'],There were a total of 104 defective units produced last month,T5,moderate
What is the number of support tickets resolved today?,NUMBER,['support tickets resolved'],The number of support tickets resolved today is one,T5,moderate
What is the number of support tickets resolved today?,NUMBER,['support tickets resolved'],The number of support tickets resolved today is over 100,T5,moderate
What is the number of the building?,NUMBER,['building number'],The building is located on the left side of the street,T5,moderate
What is the number of website visitors per day?,NUMBER,['website visitors'],There are a lot of people on the website every day,T5,moderate
What is the number of welding machines currently in operation?,NUMBER,['equipment count'],The number of welding machines currently in operation is about 2000,T5,moderate
What is the number of welding machines currently in operation?,NUMBER,['equipment count'],The number of welding machines currently in operation is about 2000,T5,moderate
What is the number of welding machines currently in operation?,NUMBER,['equipment count'],The number of welding machines currently in operation is about 200,T5,moderate
What is the plant's total capacity in square meters?,NUMBER,['plant capacity'],The plants total capacity in square meters is 25000 square meters,T5,moderate
What is the plant's total capacity in square meters?,NUMBER,['plant capacity'],The plants total capacity in square meters is 30000 square meters,T5,moderate
What is the pressure in pascals?,NUMBER,['pressure'],The pressure in the syllables of the syllables of the syllables ofthe syllables of the sy,T5,moderate
What is the pressure in pascals?,NUMBER,['pressure'],The pressure in pascals is equal to the pressure in a syllable,T5,moderate
What is the price of this item?,NUMBER,['price'],The price of this item is a lot more than the price of the item itself,T5,moderate
What is the price of this item?,NUMBER,['price'],The price of this item is a lot more than the price of the item itself,T5,moderate
What is the product ID number?,NUMBER,['product ID'],I have not found a product ID number but I have found a product ID number,T5,moderate
What is the quantity in stock?,NUMBER,['quantity'],We have a lot of stock but we dont have a lot of stock,T5,moderate
What is the quantity in stock?,NUMBER,['quantity'],We have a lot of stock but we dont have a lot of stock,T5,moderate
What is the return on investment (ROI) percentage?,NUMBER,['ROI'],The return on investment ROI is a percentage of the total investment,T5,moderate
What is the return on investment (ROI) percentage?,NUMBER,['ROI'],The ROI is a percentage of the return on investment ROI of a company,T5,moderate
What is the sales target for this quarter?,NUMBER,['sales target'],We have a target of 3 million units sold in the first quarter of this year,T5,moderate
What is the sales target for this quarter?,NUMBER,['sales target'],The sales target for this quarter is a quartertoquarter increase in sales,T5,moderate
What is the size in gigabytes?,NUMBER,['size'],Id like to know how many gigabytes are in a terabyte,T5,moderate
What is the size in gigabytes?,NUMBER,['size'],Im not sure I dont know how many gigabytes are in a terabyte,T5,moderate
What is the target production volume for next month?,NUMBER,['production target'],The target production volume for next month is 3 million units,T5,moderate
What is the target production volume for next month?,NUMBER,['production target'],The target production volume for next month is 2 million units,T5,moderate
What is the target production volume for next month?,NUMBER,['production target'],The target production volume for next month is 50000,T5,moderate
What is the target production volume for next month?,NUMBER,['production target'],The target production volume for next month is 2 million units,T5,moderate
What is the target production volume for next month?,NUMBER,['production target'],The target production volume for next month is 50000 units,T5,moderate
What is the target reduction in energy consumption by next year?,NUMBER,['energy reduction target'],The target reduction in energy consumption by the year 2020,T5,moderate
What is the target reduction in energy consumption by next year?,NUMBER,['energy reduction target'],The target reduction in energy consumption by the year 2020,T5,moderate
What is the target reduction in energy consumption by next year?,NUMBER,['energy reduction target'],The target reduction in energy consumption by 2020 is to reduce energy consumption by 80 by 2020,T5,moderate
What is the target reduction in energy consumption by next year?,NUMBER,['energy reduction target'],The target reduction in energy consumption by the year 2020,T5,moderate
What is the target reduction in energy consumption by next year?,NUMBER,['energy reduction target'],The target reduction in energy consumption by next year is 20 percent,T5,moderate
What is the temperature in Celsius?,NUMBER,['temperature'],The temperature in Celsius is 100 degrees Fahrenheit,T5,moderate
What is the temperature in Celsius?,NUMBER,['temperature'],The temperature in Celsius is 0002 degrees Fahrenheit,T5,moderate
What is the temperature in Celsius?,NUMBER,['temperature'],The temperature in Celsius is 0004 degrees Fahrenheit,T5,moderate
What is the total amount spent on research and development last year?,NUMBER,['R&D expenditure'],The total amount spent on research and development last year was 2 billion,T5,moderate
What is the total amount spent on research and development last year?,NUMBER,['R&D expenditure'],The total amount spent on research and development last year was 5 billion,T5,moderate
What is the total amount spent on research and development last year?,NUMBER,['R&D expenditure'],The total amount spent on research and development last year was 2 billion,T5,moderate
What is the total amount spent on research and development last year?,NUMBER,['R&D expenditure'],The total amount spent on research and development last year was 15 billion,T5,moderate
What is the total area of the factory floor in square feet?,NUMBER,['factory floor area'],The total area of the factory floor is about 900 square feet,T5,moderate
What is the total area of the factory floor in square feet?,NUMBER,['factory floor area'],The total area of the factory floor in square feet,T5,moderate
What is the total area of the factory floor in square feet?,NUMBER,['factory floor area'],The total area of the factory floor in square feet,T5,moderate
What is the total area of the factory floor in square feet?,NUMBER,['factory floor area'],The total area of the factory floor in square feet is 5000 square feet,T5,moderate
What is the total area of the factory floor in square feet?,NUMBER,['factory floor area'],The total floor area of the factory floor in square feet is 900 square feet,T5,moderate
What is the total budget allocated for maintenance this year?,NUMBER,['budget allocation'],The total budget allocated for maintenance this year is 600000 per year,T5,moderate
What is the total budget allocated for maintenance this year?,NUMBER,['budget allocation'],The total budget allocated for maintenance this year is 15 million,T5,moderate
What is the total budget allocated for maintenance this year?,NUMBER,['budget allocation'],The total budget allocated for maintenance this year is 600000 per year,T5,moderate
What is the total budget allocated for maintenance this year?,NUMBER,['budget allocation'],The total budget allocated for maintenance this year is 1300000 per year,T5,moderate
What is the total budget allocated for maintenance this year?,NUMBER,['budget allocation'],The total budget allocated for maintenance this year is 22 million,T5,moderate
What is the total number of active users?,NUMBER,['active users'],The total number of active users is tens of thousands of users,T5,moderate
What is the total number of certifications held by the company?,NUMBER,['certification count'],The number of certifications held by the company is over 5000,T5,moderate
What is the total number of certifications held by the company?,NUMBER,['certification count'],The number of certifications held by the company is about 100,T5,moderate
What is the total number of certifications held by the company?,NUMBER,['certification count'],The total number of certifications held by the company is ten,T5,moderate
What is the total number of certifications held by the company?,NUMBER,['certification count'],The number of certifications held by the company is more than 100,T5,moderate
What is the total number of certifications held by the company?,NUMBER,['certification count'],The number of certifications held by the company is a very small number,T5,moderate
What is the total number of clients?,NUMBER,['client count'],The total number of clients is tens of thousands of clients,T5,moderate
What is the total number of employees?,NUMBER,['employee count'],The total number of employees in the company is 3000,T5,moderate
What is the total number of employees?,NUMBER,['employee count'],The total number of employees in the company is about 900,T5,moderate
What is the total number of employees?,NUMBER,['employee count'],The total number of employees at the company is about 2000,T5,moderate
What is the total number of employees?,NUMBER,['employee count'],The total number of employees is tens of thousands of employees,T5,moderate
What is the total number of forklifts used in the warehouse?,NUMBER,['equipment count'],The total number of forklifts used in the warehouse is about 3000,T5,moderate
What is the total number of forklifts used in the warehouse?,NUMBER,['equipment count'],The total number of forklifts in the warehouse is 30000,T5,moderate
What is the total number of forklifts used in the warehouse?,NUMBER,['equipment count'],The total number of forklifts in the warehouse is about 2000,T5,moderate
What is the total number of forklifts used in the warehouse?,NUMBER,['equipment count'],The total number of forklifts in the warehouse is 260,T5,moderate
What is the total number of machines currently undergoing maintenance?,NUMBER,['maintenance count'],The total number of machines undergoing maintenance,T5,moderate
What is the total number of machines currently undergoing maintenance?,NUMBER,['maintenance count'],The number of machines currently undergoing maintenance is about 50,T5,moderate
What is the total number of machines currently undergoing maintenance?,NUMBER,['maintenance count'],The number of machines undergoing maintenance is about 2000,T5,moderate
What is the total number of machines currently undergoing maintenance?,NUMBER,['maintenance count'],The number of machines currently undergoing maintenance is a number of machines,T5,moderate
What is the total number of machines currently undergoing maintenance?,NUMBER,['maintenance count'],The number of machines undergoing maintenance is about 100,T5,moderate
What is the total number of patents held by the company?,NUMBER,['patent count'],The total number of patents held by the company is tens of thousands of patents,T5,moderate
What is the total number of patents held by the company?,NUMBER,['patent count'],The total number of patents held by the company is 5000,T5,moderate
What is the total number of patents held by the company?,NUMBER,['patent count'],The total number of patents held by the company is over 100,T5,moderate
What is the total number of patents held by the company?,NUMBER,['patent count'],The number of patents held by the company is about 2000 patents,T5,moderate
What is the total number of quality control checks performed daily?,NUMBER,['quality control checks'],The total number of quality control checks performed daily,T5,moderate
What is the total number of quality control checks performed daily?,NUMBER,['quality control checks'],The total number of quality control checks performed daily,T5,moderate
What is the total number of quality control checks performed daily?,NUMBER,['quality control checks'],The total number of quality control checks performed daily,T5,moderate
What is the total number of quality control checks performed daily?,NUMBER,['quality control checks'],Id like to know how many checks are performed daily,T5,moderate
What is the total number of quality control inspectors?,NUMBER,['inspector count'],The total number of quality control inspectors in the United States is about 2000,T5,moderate
What is the total number of quality control inspectors?,NUMBER,['inspector count'],The number of quality control inspectors in the United States is about 20000,T5,moderate
What is the total number of quality control inspectors?,NUMBER,['inspector count'],The total number of quality control inspectors in the United States is about 30000,T5,moderate
What is the total number of quality control inspectors?,NUMBER,['inspector count'],The number of quality control inspectors is over a million,T5,moderate
What is the total number of suppliers audited this year?,NUMBER,['supplier audit count'],The total number of suppliers audited this year is 25,T5,moderate
What is the total number of suppliers audited this year?,NUMBER,['supplier audit count'],The total number of suppliers audited this year is 58,T5,moderate
What is the total number of suppliers audited this year?,NUMBER,['supplier audit count'],The total number of suppliers audited this year is 25,T5,moderate
What is the total number of suppliers audited this year?,NUMBER,['supplier audit count'],The total number of suppliers audited this year is 220,T5,moderate
What is the total number of suppliers audited this year?,NUMBER,['supplier audit count'],The total number of suppliers audited this year is 68,T5,moderate
What is the total number of vehicles in the company fleet?,NUMBER,['fleet size'],There are about 2000 vehicles in the company fleet,T5,moderate
What is the total number of vehicles in the company fleet?,NUMBER,['fleet size'],The company fleet has a fleet of over 5000 vehicles,T5,moderate
What is the total project cost?,NUMBER,['project cost'],The total project cost was 900000 and the total cost of the projectwas 900000,T5,moderate
What is the total revenue generated last fiscal year?,NUMBER,['revenue'],The total revenue generated last fiscal year was 15 billion,T5,moderate
What is the total revenue generated last fiscal year?,NUMBER,['revenue'],The total revenue generated last fiscal year was 22 billion,T5,moderate
What is the total revenue generated last fiscal year?,NUMBER,['revenue'],The total revenue generated last fiscal year was 27 billion,T5,moderate
What is the total square footage of the house?,NUMBER,['square footage'],The total square footage of the house is 840 square feet,T5,moderate
What is the total square footage of the house?,NUMBER,['square footage'],The total square footage of the house is 750 square feet,T5,moderate
What is the voltage in volts?,NUMBER,['voltage'],The voltage in volts is tens of thousands of volts,T5,moderate
What is the voltage in volts?,NUMBER,['voltage'],The voltage in volts is the same as the voltage in volts,T5,moderate
What is the voltage in volts?,NUMBER,['voltage'],The voltage in volts is equal to the number of volts in a meter,T5,moderate
What is the voltage in volts?,NUMBER,['voltage'],The voltage in volts is the same as the voltage in volts,T5,moderate
What is your annual household income?,NUMBER,['income'],I have a monthly household income of 1700 and a monthly household income of 1800and a monthly household income of 1200,T5,moderate
What is your credit score?,NUMBER,['credit score'],My credit score is 0 if you have a bad credit score,T5,moderate
What is your home's square footage?,NUMBER,['home size'],Ive lived in a house that has a lot of square footage,T5,moderate
What is your street address number?,NUMBER,['street number'],Im a street address number but I dont have a street address number,T5,moderate
