question,type,options,answer,model,tone,difficulty
Are you currently using a similar product?,SINGLE-SELECT,Yes; No,Yes,Gemini,verbose,short
Are you currently using a similar product?,SINGLE-SELECT,Yes; No,Yes,Gemini,concise,short
Are you currently using a similar product?,SINGLE-SELECT,Yes; No,Yes,Gemini,colloquial,short
Are you currently using a similar product?,SINGLE-SELECT,Yes; No,Yes,Gemini,explanatory,short
Are you currently using a similar product?,SINGLE-SELECT,Yes; No,Yes,Gemini,annoyed,short
Are you familiar with DevOps practices?,SINGLE-SELECT,Yes; No,Yes,Gemini,verbose,short
Are you familiar with DevOps practices?,SINGLE-SELECT,Yes; No,Yes,Gemini,concise,short
Are you familiar with DevOps practices?,SINGLE-SELECT,Yes; No,Yes,Gemini,colloquial,short
Are you familiar with DevOps practices?,SINGLE-SELECT,Yes; No,Yes,Gemini,explanatory,short
Are you familiar with DevOps practices?,SINGLE-SELECT,Yes; No,Yes,Gemini,annoyed,short
Are you satisfied with the amount of communication you receive from our team?,SINGLE-SELECT,Yes; No,Yes,Gemini,verbose,short
Are you satisfied with the amount of communication you receive from our team?,SINGLE-SELECT,Yes; No,Yes,Gemini,concise,short
Are you satisfied with the amount of communication you receive from our team?,SINGLE-SELECT,Yes; No,Yes,Gemini,colloquial,short
Are you satisfied with the amount of communication you receive from our team?,SINGLE-SELECT,Yes; No,Yes,Gemini,explanatory,short
Are you satisfied with the amount of communication you receive from our team?,SINGLE-SELECT,Yes; No,Yes,Gemini,annoyed,short
Communication frequency,SINGLE-SELECT,Daily; Weekly; Bi-weekly; Monthly,Daily,Gemini,verbose,short
Communication frequency,SINGLE-SELECT,Daily; Weekly; Bi-weekly; Monthly,Daily,Gemini,concise,short
Communication frequency,SINGLE-SELECT,Daily; Weekly; Bi-weekly; Monthly,Daily,Gemini,colloquial,short
Communication frequency,SINGLE-SELECT,Daily; Weekly; Bi-weekly; Monthly,Daily,Gemini,explanatory,short
Communication frequency,SINGLE-SELECT,Daily; Weekly; Bi-weekly; Monthly,Daily,Gemini,annoyed,short
Communication style preference,SINGLE-SELECT,Formal; Informal,Formal,Gemini,verbose,short
Communication style preference,SINGLE-SELECT,Formal; Informal,Formal,Gemini,concise,short
Communication style preference,SINGLE-SELECT,Formal; Informal,Formal,Gemini,colloquial,short
Communication style preference,SINGLE-SELECT,Formal; Informal,Formal,Gemini,explanatory,short
Communication style preference,SINGLE-SELECT,Formal; Informal,Formal,Gemini,annoyed,short
Do you have any accessibility needs that affect communication?,SINGLE-SELECT,Yes; No,Yes,Gemini,verbose,short
Do you have any accessibility needs that affect communication?,SINGLE-SELECT,Yes; No,Yes,Gemini,concise,short
Do you have any accessibility needs that affect communication?,SINGLE-SELECT,Yes; No,Yes,Gemini,colloquial,short
Do you have any accessibility needs that affect communication?,SINGLE-SELECT,Yes; No,Yes,Gemini,explanatory,short
Do you have any accessibility needs that affect communication?,SINGLE-SELECT,Yes; No,Yes,Gemini,annoyed,short
Do you have any specific requirements for this project?,SINGLE-SELECT,Yes; No,No,Gemini,verbose,short
Do you have any specific requirements for this project?,SINGLE-SELECT,Yes; No,No,Gemini,concise,short
Do you have any specific requirements for this project?,SINGLE-SELECT,Yes; No,No,Gemini,colloquial,short
Do you have any specific requirements for this project?,SINGLE-SELECT,Yes; No,No,Gemini,explanatory,short
Do you have any specific requirements for this project?,SINGLE-SELECT,Yes; No,No,Gemini,annoyed,short
Do you prefer synchronous or asynchronous communication?,SINGLE-SELECT,Synchronous; Asynchronous; Both,Asynchronous,Gemini,verbose,short
Do you prefer synchronous or asynchronous communication?,SINGLE-SELECT,Synchronous; Asynchronous; Both,Asynchronous,Gemini,concise,short
Do you prefer synchronous or asynchronous communication?,SINGLE-SELECT,Synchronous; Asynchronous; Both,Asynchronous,Gemini,colloquial,short
Do you prefer synchronous or asynchronous communication?,SINGLE-SELECT,Synchronous; Asynchronous; Both,Asynchronous,Gemini,explanatory,short
Do you prefer synchronous or asynchronous communication?,SINGLE-SELECT,Synchronous; Asynchronous; Both,Asynchronous,Gemini,annoyed,short
Do you prefer to communicate in writing or verbally?,SINGLE-SELECT,Writing; Verbally; Both equally,Verbally,Gemini,verbose,short
Do you prefer to communicate in writing or verbally?,SINGLE-SELECT,Writing; Verbally; Both equally,Verbally,Gemini,concise,short
Do you prefer to communicate in writing or verbally?,SINGLE-SELECT,Writing; Verbally; Both equally,Verbally,Gemini,colloquial,short
Do you prefer to communicate in writing or verbally?,SINGLE-SELECT,Writing; Verbally; Both equally,Verbally,Gemini,explanatory,short
Do you prefer to communicate in writing or verbally?,SINGLE-SELECT,Writing; Verbally; Both equally,Verbally,Gemini,annoyed,short
How clear is our communication?,SINGLE-SELECT,Very Clear; Clear; Somewhat Clear; Unclear; Very Unclear,Very Clear,Gemini,verbose,short
How clear is our communication?,SINGLE-SELECT,Very Clear; Clear; Somewhat Clear; Unclear; Very Unclear,Very Clear,Gemini,concise,short
How clear is our communication?,SINGLE-SELECT,Very Clear; Clear; Somewhat Clear; Unclear; Very Unclear,Very Clear,Gemini,colloquial,short
How clear is our communication?,SINGLE-SELECT,Very Clear; Clear; Somewhat Clear; Unclear; Very Unclear,Very Clear,Gemini,explanatory,short
How clear is our communication?,SINGLE-SELECT,Very Clear; Clear; Somewhat Clear; Unclear; Very Unclear,Very Clear,Gemini,annoyed,short
How comfortable are you using technology for communication?,SINGLE-SELECT,Very Comfortable; Comfortable; Somewhat Comfortable; Uncomfortable,Very Comfortable,Gemini,verbose,short
How comfortable are you using technology for communication?,SINGLE-SELECT,Very Comfortable; Comfortable; Somewhat Comfortable; Uncomfortable,Very Comfortable,Gemini,concise,short
How comfortable are you using technology for communication?,SINGLE-SELECT,Very Comfortable; Comfortable; Somewhat Comfortable; Uncomfortable,Very Comfortable,Gemini,colloquial,short
How comfortable are you using technology for communication?,SINGLE-SELECT,Very Comfortable; Comfortable; Somewhat Comfortable; Uncomfortable,Very Comfortable,Gemini,explanatory,short
How comfortable are you using technology for communication?,SINGLE-SELECT,Very Comfortable; Comfortable; Somewhat Comfortable; Uncomfortable,Very Comfortable,Gemini,annoyed,short
How did you hear about our company?,SINGLE-SELECT,Google Search; Social Media; Referral; Trade Show; Other,Google Search,Gemini,verbose,short
How did you hear about our company?,SINGLE-SELECT,Google Search; Social Media; Referral; Trade Show; Other,Google Search,Gemini,concise,short
How did you hear about our company?,SINGLE-SELECT,Google Search; Social Media; Referral; Trade Show; Other,Google Search,Gemini,colloquial,short
How did you hear about our company?,SINGLE-SELECT,Google Search; Social Media; Referral; Trade Show; Other,Google Search,Gemini,explanatory,short
How did you hear about our company?,SINGLE-SELECT,Google Search; Social Media; Referral; Trade Show; Other,Google Search,Gemini,annoyed,short
How do you handle creative block?,SINGLE-SELECT,Take a break; Seek inspiration from others; Experiment with new techniques; Change my environment; Try a different approach,Try a different approach,Gemini,verbose,short
How do you handle creative block?,SINGLE-SELECT,Take a break; Seek inspiration from others; Experiment with new techniques; Change my environment; Try a different approach,Try a different approach,Gemini,concise,short
How do you handle creative block?,SINGLE-SELECT,Take a break; Seek inspiration from others; Experiment with new techniques; Change my environment; Try a different approach,Try a different approach,Gemini,colloquial,short
How do you handle creative block?,SINGLE-SELECT,Take a break; Seek inspiration from others; Experiment with new techniques; Change my environment; Try a different approach,Try a different approach,Gemini,explanatory,short
How do you handle creative block?,SINGLE-SELECT,Take a break; Seek inspiration from others; Experiment with new techniques; Change my environment; Try a different approach,Try a different approach,Gemini,annoyed,short
How do you prefer to receive feedback?,SINGLE-SELECT,Email; In-person Meeting; Video Call,Email,Gemini,verbose,short
How do you prefer to receive feedback?,SINGLE-SELECT,Email; In-person Meeting; Video Call,Email,Gemini,concise,short
How do you prefer to receive feedback?,SINGLE-SELECT,Email; In-person Meeting; Video Call,Email,Gemini,colloquial,short
How do you prefer to receive feedback?,SINGLE-SELECT,Email; In-person Meeting; Video Call,Email,Gemini,explanatory,short
How do you prefer to receive feedback?,SINGLE-SELECT,Email; In-person Meeting; Video Call,Email,Gemini,annoyed,short
How do you stay current with design trends?,SINGLE-SELECT,Design Blogs; Design Magazines; Social Media; Industry Conferences; Design Workshops,Design Blogs,Gemini,verbose,short
How do you stay current with design trends?,SINGLE-SELECT,Design Blogs; Design Magazines; Social Media; Industry Conferences; Design Workshops,Design Blogs,Gemini,concise,short
How do you stay current with design trends?,SINGLE-SELECT,Design Blogs; Design Magazines; Social Media; Industry Conferences; Design Workshops,Design Blogs,Gemini,colloquial,short
How do you stay current with design trends?,SINGLE-SELECT,Design Blogs; Design Magazines; Social Media; Industry Conferences; Design Workshops,Design Blogs,Gemini,explanatory,short
How do you stay current with design trends?,SINGLE-SELECT,Design Blogs; Design Magazines; Social Media; Industry Conferences; Design Workshops,Design Blogs,Gemini,annoyed,short
How effective is our team at resolving communication issues?,SINGLE-SELECT,Very Effective; Effective; Somewhat Effective; Ineffective,Very Effective,Gemini,verbose,short
How effective is our team at resolving communication issues?,SINGLE-SELECT,Very Effective; Effective; Somewhat Effective; Ineffective,Very Effective,Gemini,concise,short
How effective is our team at resolving communication issues?,SINGLE-SELECT,Very Effective; Effective; Somewhat Effective; Ineffective,Very Effective,Gemini,colloquial,short
How effective is our team at resolving communication issues?,SINGLE-SELECT,Very Effective; Effective; Somewhat Effective; Ineffective,Very Effective,Gemini,explanatory,short
How effective is our team at resolving communication issues?,SINGLE-SELECT,Very Effective; Effective; Somewhat Effective; Ineffective,Very Effective,Gemini,annoyed,short
How important is it for you to receive a response to your communications?,SINGLE-SELECT,Very Important; Important; Somewhat Important; Not Important,Not Important,Gemini,verbose,short
How important is it for you to receive a response to your communications?,SINGLE-SELECT,Very Important; Important; Somewhat Important; Not Important,Not Important,Gemini,concise,short
How important is it for you to receive a response to your communications?,SINGLE-SELECT,Very Important; Important; Somewhat Important; Not Important,Not Important,Gemini,colloquial,short
How important is it for you to receive a response to your communications?,SINGLE-SELECT,Very Important; Important; Somewhat Important; Not Important,Not Important,Gemini,explanatory,short
How important is it for you to receive a response to your communications?,SINGLE-SELECT,Very Important; Important; Somewhat Important; Not Important,Not Important,Gemini,annoyed,short
How important is it to you that communication is documented?,SINGLE-SELECT,Very Important; Important; Somewhat Important; Not Important,Not Important,Gemini,verbose,short
How important is it to you that communication is documented?,SINGLE-SELECT,Very Important; Important; Somewhat Important; Not Important,Not Important,Gemini,concise,short
How important is it to you that communication is documented?,SINGLE-SELECT,Very Important; Important; Somewhat Important; Not Important,Not Important,Gemini,colloquial,short
How important is it to you that communication is documented?,SINGLE-SELECT,Very Important; Important; Somewhat Important; Not Important,Not Important,Gemini,explanatory,short
How important is it to you that communication is documented?,SINGLE-SELECT,Very Important; Important; Somewhat Important; Not Important,Not Important,Gemini,annoyed,short
How important is it to you that communication is transparent?,SINGLE-SELECT,Very Important; Important; Somewhat Important; Not Important,Very Important,Gemini,verbose,short
How important is it to you that communication is transparent?,SINGLE-SELECT,Very Important; Important; Somewhat Important; Not Important,Very Important,Gemini,concise,short
How important is it to you that communication is transparent?,SINGLE-SELECT,Very Important; Important; Somewhat Important; Not Important,Very Important,Gemini,colloquial,short
How important is it to you that communication is transparent?,SINGLE-SELECT,Very Important; Important; Somewhat Important; Not Important,Very Important,Gemini,explanatory,short
How important is it to you that communication is transparent?,SINGLE-SELECT,Very Important; Important; Somewhat Important; Not Important,Very Important,Gemini,annoyed,short
How important is timely communication to you?,SINGLE-SELECT,Very Important; Important; Somewhat Important; Not Important,Not Important,Gemini,verbose,short
How important is timely communication to you?,SINGLE-SELECT,Very Important; Important; Somewhat Important; Not Important,Not Important,Gemini,concise,short
How important is timely communication to you?,SINGLE-SELECT,Very Important; Important; Somewhat Important; Not Important,Very Important,Gemini,colloquial,short
How important is timely communication to you?,SINGLE-SELECT,Very Important; Important; Somewhat Important; Not Important,Not Important,Gemini,explanatory,short
How important is timely communication to you?,SINGLE-SELECT,Very Important; Important; Somewhat Important; Not Important,Not Important,Gemini,annoyed,short
How many employees does your company have?,SINGLE-SELECT,1-10; 11-50; 51-100; 101-500; 500+,51100,Gemini,verbose,short
How many employees does your company have?,SINGLE-SELECT,1-10; 11-50; 51-100; 101-500; 500+,51100,Gemini,concise,short
How many employees does your company have?,SINGLE-SELECT,1-10; 11-50; 51-100; 101-500; 500+,51100,Gemini,colloquial,short
How many employees does your company have?,SINGLE-SELECT,1-10; 11-50; 51-100; 101-500; 500+,51100,Gemini,explanatory,short
How many employees does your company have?,SINGLE-SELECT,1-10; 11-50; 51-100; 101-500; 500+,51100,Gemini,annoyed,short
How many people are typically involved in your team's communications?,SINGLE-SELECT,1-5; 6-10; 11-20; More than 20,More than 20,Gemini,verbose,short
How many people are typically involved in your team's communications?,SINGLE-SELECT,1-5; 6-10; 11-20; More than 20,More than 20,Gemini,concise,short
How much time do you typically spend communicating with our team each week?,SINGLE-SELECT,Less than 1 hour; 1-3 hours; 3-5 hours; More than 5 hours,More than 5 hours,Gemini,verbose,short
How much time do you typically spend communicating with our team each week?,SINGLE-SELECT,Less than 1 hour; 1-3 hours; 3-5 hours; More than 5 hours,More than 5 hours,Gemini,concise,short
How much time do you typically spend communicating with our team each week?,SINGLE-SELECT,Less than 1 hour; 1-3 hours; 3-5 hours; More than 5 hours,More than 5 hours,Gemini,colloquial,short
How much time do you typically spend communicating with our team each week?,SINGLE-SELECT,Less than 1 hour; 1-3 hours; 3-5 hours; More than 5 hours,More than 5 hours,Gemini,explanatory,short
How much time do you typically spend communicating with our team each week?,SINGLE-SELECT,Less than 1 hour; 1-3 hours; 3-5 hours; More than 5 hours,More than 5 hours,Gemini,annoyed,short
How often do you feel your communication is misunderstood?,SINGLE-SELECT,Very Often; Often; Sometimes; Rarely; Never,Often,Gemini,verbose,short
How often do you feel your communication is misunderstood?,SINGLE-SELECT,Very Often; Often; Sometimes; Rarely; Never,Often,Gemini,concise,short
How often do you feel your communication is misunderstood?,SINGLE-SELECT,Very Often; Often; Sometimes; Rarely; Never,Often,Gemini,colloquial,short
How often do you feel your communication is misunderstood?,SINGLE-SELECT,Very Often; Often; Sometimes; Rarely; Never,Often,Gemini,explanatory,short
How often do you feel your communication is misunderstood?,SINGLE-SELECT,Very Often; Often; Sometimes; Rarely; Never,Often,Gemini,annoyed,short
How often do you need updates?,SINGLE-SELECT,Daily; Weekly; Monthly; As needed,Daily,Gemini,verbose,short
How often do you need updates?,SINGLE-SELECT,Daily; Weekly; Monthly; As needed,Daily,Gemini,concise,short
How often do you need updates?,SINGLE-SELECT,Daily; Weekly; Monthly; As needed,Daily,Gemini,colloquial,short
How often do you need updates?,SINGLE-SELECT,Daily; Weekly; Monthly; As needed,Daily,Gemini,explanatory,short
How often do you need updates?,SINGLE-SELECT,Daily; Weekly; Monthly; As needed,Daily,Gemini,annoyed,short
How often do you prefer to receive project updates?,SINGLE-SELECT,Daily; Weekly; Bi-weekly; Monthly,Daily,Gemini,verbose,short
How often do you prefer to receive project updates?,SINGLE-SELECT,Daily; Weekly; Bi-weekly; Monthly,Daily,Gemini,concise,short
How often do you prefer to receive project updates?,SINGLE-SELECT,Daily; Weekly; Bi-weekly; Monthly,Daily,Gemini,colloquial,short
How often do you prefer to receive project updates?,SINGLE-SELECT,Daily; Weekly; Bi-weekly; Monthly,Daily,Gemini,explanatory,short
How often do you prefer to receive project updates?,SINGLE-SELECT,Daily; Weekly; Bi-weekly; Monthly,Daily,Gemini,annoyed,short
How responsive is our team to your communication?,SINGLE-SELECT,Very Responsive; Responsive; Somewhat Responsive; Unresponsive; Very Unresponsive,Very Responsive,Gemini,verbose,short
How responsive is our team to your communication?,SINGLE-SELECT,Very Responsive; Responsive; Somewhat Responsive; Unresponsive; Very Unresponsive,Very Responsive,Gemini,concise,short
How responsive is our team to your communication?,SINGLE-SELECT,Very Responsive; Responsive; Somewhat Responsive; Unresponsive; Very Unresponsive,Very Responsive,Gemini,colloquial,short
How responsive is our team to your communication?,SINGLE-SELECT,Very Responsive; Responsive; Somewhat Responsive; Unresponsive; Very Unresponsive,Very Responsive,Gemini,explanatory,short
How responsive is our team to your communication?,SINGLE-SELECT,Very Responsive; Responsive; Somewhat Responsive; Unresponsive; Very Unresponsive,Very Responsive,Gemini,annoyed,short
How satisfied are you with our communication?,SINGLE-SELECT,Very Satisfied; Satisfied; Neutral; Dissatisfied; Very Dissatisfied,Very Satisfied,Gemini,verbose,short
How satisfied are you with our communication?,SINGLE-SELECT,Very Satisfied; Satisfied; Neutral; Dissatisfied; Very Dissatisfied,Very Satisfied,Gemini,concise,short
How satisfied are you with our communication?,SINGLE-SELECT,Very Satisfied; Satisfied; Neutral; Dissatisfied; Very Dissatisfied,Very Satisfied,Gemini,colloquial,short
How satisfied are you with our communication?,SINGLE-SELECT,Very Satisfied; Satisfied; Neutral; Dissatisfied; Very Dissatisfied,Very Satisfied,Gemini,explanatory,short
How satisfied are you with our communication?,SINGLE-SELECT,Very Satisfied; Satisfied; Neutral; Dissatisfied; Very Dissatisfied,Very Dissatisfied,Gemini,annoyed,short
How satisfied are you with our current service?,SINGLE-SELECT,Very Satisfied; Satisfied; Neutral; Dissatisfied; Very Dissatisfied,Very Satisfied,Gemini,verbose,short
How satisfied are you with our current service?,SINGLE-SELECT,Very Satisfied; Satisfied; Neutral; Dissatisfied; Very Dissatisfied,Very Satisfied,Gemini,concise,short
How satisfied are you with our current service?,SINGLE-SELECT,Very Satisfied; Satisfied; Neutral; Dissatisfied; Very Dissatisfied,Very Satisfied,Gemini,colloquial,short
How satisfied are you with our current service?,SINGLE-SELECT,Very Satisfied; Satisfied; Neutral; Dissatisfied; Very Dissatisfied,Very Satisfied,Gemini,explanatory,short
How satisfied are you with our current service?,SINGLE-SELECT,Very Satisfied; Satisfied; Neutral; Dissatisfied; Very Dissatisfied,Very Dissatisfied,Gemini,annoyed,short
How would you describe the tone of our communication?,SINGLE-SELECT,Professional; Friendly; Informal; Formal,Friendly,Gemini,verbose,short
How would you describe the tone of our communication?,SINGLE-SELECT,Professional; Friendly; Informal; Formal,Friendly,Gemini,concise,short
How would you describe the tone of our communication?,SINGLE-SELECT,Professional; Friendly; Informal; Formal,Friendly,Gemini,colloquial,short
How would you describe the tone of our communication?,SINGLE-SELECT,Professional; Friendly; Informal; Formal,Friendly,Gemini,explanatory,short
How would you describe the tone of our communication?,SINGLE-SELECT,Professional; Friendly; Informal; Formal,Informal,Gemini,annoyed,short
How would you rate the overall effectiveness of our communication?,SINGLE-SELECT,Excellent; Good; Fair; Poor,Good,Gemini,verbose,short
How would you rate the overall effectiveness of our communication?,SINGLE-SELECT,Excellent; Good; Fair; Poor,Good,Gemini,concise,short
How would you rate the overall effectiveness of our communication?,SINGLE-SELECT,Excellent; Good; Fair; Poor,Good,Gemini,colloquial,short
How would you rate the overall effectiveness of our communication?,SINGLE-SELECT,Excellent; Good; Fair; Poor,Good,Gemini,explanatory,short
How would you rate the overall effectiveness of our communication?,SINGLE-SELECT,Excellent; Good; Fair; Poor,Good,Gemini,annoyed,short
How would you rate your experience with our customer support?,SINGLE-SELECT,Excellent; Good; Fair; Poor,Good,Gemini,verbose,short
How would you rate your experience with our customer support?,SINGLE-SELECT,Excellent; Good; Fair; Poor,Good,Gemini,concise,short
How would you rate your experience with our customer support?,SINGLE-SELECT,Excellent; Good; Fair; Poor,Good,Gemini,colloquial,short
How would you rate your experience with our customer support?,SINGLE-SELECT,Excellent; Good; Fair; Poor,Good,Gemini,explanatory,short
How would you rate your experience with our customer support?,SINGLE-SELECT,Excellent; Good; Fair; Poor,Poor,Gemini,annoyed,short
Is there anything we can improve in our communication?,SINGLE-SELECT,Yes; No,Yes,Gemini,verbose,short
Is there anything we can improve in our communication?,SINGLE-SELECT,Yes; No,Yes,Gemini,concise,short
Is there anything we can improve in our communication?,SINGLE-SELECT,Yes; No,Yes,Gemini,colloquial,short
Is there anything we can improve in our communication?,SINGLE-SELECT,Yes; No,Yes,Gemini,explanatory,short
Is there anything we can improve in our communication?,SINGLE-SELECT,Yes; No,Yes,Gemini,annoyed,short
Level of communication detail,SINGLE-SELECT,High; Medium; Low,High,Gemini,verbose,short
Level of communication detail,SINGLE-SELECT,High; Medium; Low,High,Gemini,concise,short
Level of communication detail,SINGLE-SELECT,High; Medium; Low,High,Gemini,colloquial,short
Level of communication detail,SINGLE-SELECT,High; Medium; Low,High,Gemini,explanatory,short
Level of communication detail,SINGLE-SELECT,High; Medium; Low,High,Gemini,annoyed,short
Preferred communication method,SINGLE-SELECT,Email; Phone; Video Call; In-person Meeting,Email,Gemini,verbose,short
Preferred communication method,SINGLE-SELECT,Email; Phone; Video Call; In-person Meeting,Email,Gemini,concise,short
Preferred communication method,SINGLE-SELECT,Email; Phone; Video Call; In-person Meeting,Email,Gemini,colloquial,short
Preferred communication method,SINGLE-SELECT,Email; Phone; Video Call; In-person Meeting,Email,Gemini,explanatory,short
Preferred communication method,SINGLE-SELECT,Email; Phone; Video Call; In-person Meeting,Email,Gemini,annoyed,short
Preferred time for communication,SINGLE-SELECT,Morning; Afternoon; Evening,Evening,Gemini,verbose,short
Preferred time for communication,SINGLE-SELECT,Morning; Afternoon; Evening,Evening,Gemini,concise,short
Preferred time for communication,SINGLE-SELECT,Morning; Afternoon; Evening,Evening,Gemini,colloquial,short
Preferred time for communication,SINGLE-SELECT,Morning; Afternoon; Evening,Evening,Gemini,explanatory,short
Preferred time for communication,SINGLE-SELECT,Morning; Afternoon; Evening,Evening,Gemini,annoyed,short
Primary language for communication,SINGLE-SELECT,English; Spanish; French; German; Mandarin,English,Gemini,verbose,short
Primary language for communication,SINGLE-SELECT,English; Spanish; French; German; Mandarin,English,Gemini,concise,short
Primary language for communication,SINGLE-SELECT,English; Spanish; French; German; Mandarin,English,Gemini,colloquial,short
Primary language for communication,SINGLE-SELECT,English; Spanish; French; German; Mandarin,English is the primary language for communication,Gemini,explanatory,short
Primary language for communication,SINGLE-SELECT,English; Spanish; French; German; Mandarin,English is the primary language for communication,Gemini,annoyed,short
What are your career goals in the art and design industry?,SINGLE-SELECT,Freelance Artist; In-house Designer; Art Director; Creative Director; Start my own Design Agency,Freelance Artist,Gemini,verbose,short
What are your career goals in the art and design industry?,SINGLE-SELECT,Freelance Artist; In-house Designer; Art Director; Creative Director; Start my own Design Agency,Freelance Artist,Gemini,concise,short
What are your career goals in the art and design industry?,SINGLE-SELECT,Freelance Artist; In-house Designer; Art Director; Creative Director; Start my own Design Agency,Freelance Artist,Gemini,colloquial,short
What are your career goals in the art and design industry?,SINGLE-SELECT,Freelance Artist; In-house Designer; Art Director; Creative Director; Start my own Design Agency,Freelance Artist,Gemini,explanatory,short
What are your career goals in the art and design industry?,SINGLE-SELECT,Freelance Artist; In-house Designer; Art Director; Creative Director; Start my own Design Agency,Freelance Artist,Gemini,annoyed,short
What are your preferred methods for gathering user feedback?,SINGLE-SELECT,User Interviews; Surveys; Usability Testing; A/B Testing; Heatmaps,User Interviews,Gemini,verbose,short
What are your preferred methods for gathering user feedback?,SINGLE-SELECT,User Interviews; Surveys; Usability Testing; A/B Testing; Heatmaps,User Interviews,Gemini,concise,short
What are your preferred methods for gathering user feedback?,SINGLE-SELECT,User Interviews; Surveys; Usability Testing; A/B Testing; Heatmaps,User Interviews,Gemini,colloquial,short
What are your preferred methods for gathering user feedback?,SINGLE-SELECT,User Interviews; Surveys; Usability Testing; A/B Testing; Heatmaps,User Interviews,Gemini,explanatory,short
What are your preferred methods for gathering user feedback?,SINGLE-SELECT,User Interviews; Surveys; Usability Testing; A/B Testing; Heatmaps,User Interviews,Gemini,annoyed,short
What are your primary business goals?,SINGLE-SELECT,Increase Revenue; Reduce Costs; Improve Efficiency; Expand Market Share,Increase Revenue,Gemini,verbose,short
What are your primary business goals?,SINGLE-SELECT,Increase Revenue; Reduce Costs; Improve Efficiency; Expand Market Share,Increase Revenue,Gemini,concise,short
What are your primary business goals?,SINGLE-SELECT,Increase Revenue; Reduce Costs; Improve Efficiency; Expand Market Share,Increase Revenue,Gemini,colloquial,short
What are your primary business goals?,SINGLE-SELECT,Increase Revenue; Reduce Costs; Improve Efficiency; Expand Market Share,Increase Revenue,Gemini,explanatory,short
What are your primary business goals?,SINGLE-SELECT,Increase Revenue; Reduce Costs; Improve Efficiency; Expand Market Share,Increase Revenue,Gemini,annoyed,short
What are your top three priorities for this year?,SINGLE-SELECT,Revenue Growth; Cost Reduction; Customer Acquisition; Product Development,Revenue Growth,Gemini,verbose,short
What are your top three priorities for this year?,SINGLE-SELECT,Revenue Growth; Cost Reduction; Customer Acquisition; Product Development,Revenue Growth,Gemini,concise,short
What are your top three priorities for this year?,SINGLE-SELECT,Revenue Growth; Cost Reduction; Customer Acquisition; Product Development,Revenue Growth,Gemini,colloquial,short
What are your top three priorities for this year?,SINGLE-SELECT,Revenue Growth; Cost Reduction; Customer Acquisition; Product Development,Revenue Growth,Gemini,explanatory,short
What are your top three priorities for this year?,SINGLE-SELECT,Revenue Growth; Cost Reduction; Customer Acquisition; Product Development,Revenue Growth,Gemini,annoyed,short
What aspect of design are you most passionate about?,SINGLE-SELECT,Visual Communication; User Experience; Branding; Interaction Design; Motion Graphics,Visual Communication,Gemini,verbose,short
What aspect of design are you most passionate about?,SINGLE-SELECT,Visual Communication; User Experience; Branding; Interaction Design; Motion Graphics,Visual Communication,Gemini,concise,short
What aspect of design are you most passionate about?,SINGLE-SELECT,Visual Communication; User Experience; Branding; Interaction Design; Motion Graphics,Visual Communication,Gemini,colloquial,short
What aspect of design are you most passionate about?,SINGLE-SELECT,Visual Communication; User Experience; Branding; Interaction Design; Motion Graphics,Visual Communication,Gemini,explanatory,short
What aspect of design are you most passionate about?,SINGLE-SELECT,Visual Communication; User Experience; Branding; Interaction Design; Motion Graphics,Visual Communication,Gemini,annoyed,short
What cloud platform do you use?,SINGLE-SELECT,AWS; Azure; Google Cloud,I use Google Cloud,Gemini,verbose,short
What cloud platform do you use?,SINGLE-SELECT,AWS; Azure; Google Cloud,I use Google Cloud,Gemini,concise,short
What cloud platform do you use?,SINGLE-SELECT,AWS; Azure; Google Cloud,I use Google Cloud,Gemini,colloquial,short
What cloud platform do you use?,SINGLE-SELECT,AWS; Azure; Google Cloud,I use Google Cloud,Gemini,explanatory,short
What cloud platform do you use?,SINGLE-SELECT,AWS; Azure; Google Cloud,I use Google Cloud,Gemini,annoyed,short
What communication channels do you use most often?,SINGLE-SELECT,Email; Instant Messaging; Project Management Software; Phone calls; Video Conferencing,Email,Gemini,verbose,short
What communication channels do you use most often?,SINGLE-SELECT,Email; Instant Messaging; Project Management Software; Phone calls; Video Conferencing,Email,Gemini,concise,short
What communication channels do you use most often?,SINGLE-SELECT,Email; Instant Messaging; Project Management Software; Phone calls; Video Conferencing,Email,Gemini,colloquial,short
What communication channels do you use most often?,SINGLE-SELECT,Email; Instant Messaging; Project Management Software; Phone calls; Video Conferencing,Email,Gemini,explanatory,short
What communication channels do you use most often?,SINGLE-SELECT,Email; Instant Messaging; Project Management Software; Phone calls; Video Conferencing,Email,Gemini,annoyed,short
What database system are you familiar with?,SINGLE-SELECT,MySQL; PostgreSQL; MongoDB; Oracle; SQL Server,MySQL,Gemini,verbose,short
What database system are you familiar with?,SINGLE-SELECT,MySQL; PostgreSQL; MongoDB; Oracle; SQL Server,MySQL,Gemini,concise,short
What database system are you familiar with?,SINGLE-SELECT,MySQL; PostgreSQL; MongoDB; Oracle; SQL Server,MySQL,Gemini,colloquial,short
What database system are you familiar with?,SINGLE-SELECT,MySQL; PostgreSQL; MongoDB; Oracle; SQL Server,MySQL,Gemini,explanatory,short
What database system are you familiar with?,SINGLE-SELECT,MySQL; PostgreSQL; MongoDB; Oracle; SQL Server,MySQL,Gemini,annoyed,short
What geographic region are you located in?,SINGLE-SELECT,North America; Europe; Asia; South America; Africa; Australia,North America,Gemini,verbose,short
What geographic region are you located in?,SINGLE-SELECT,North America; Europe; Asia; South America; Africa; Australia,North America,Gemini,concise,short
What geographic region are you located in?,SINGLE-SELECT,North America; Europe; Asia; South America; Africa; Australia,North America,Gemini,colloquial,short
What geographic region are you located in?,SINGLE-SELECT,North America; Europe; Asia; South America; Africa; Australia,North America,Gemini,explanatory,short
What geographic region are you located in?,SINGLE-SELECT,North America; Europe; Asia; South America; Africa; Australia,North America,Gemini,annoyed,short
What inspires your artistic creations?,SINGLE-SELECT,Nature; People; Abstract Concepts; Dreams; Current Events,Nature,Gemini,verbose,short
What inspires your artistic creations?,SINGLE-SELECT,Nature; People; Abstract Concepts; Dreams; Current Events,Nature,Gemini,concise,short
What inspires your artistic creations?,SINGLE-SELECT,Nature; People; Abstract Concepts; Dreams; Current Events,Nature,Gemini,colloquial,short
What inspires your artistic creations?,SINGLE-SELECT,Nature; People; Abstract Concepts; Dreams; Current Events,Nature,Gemini,explanatory,short
What inspires your artistic creations?,SINGLE-SELECT,Nature; People; Abstract Concepts; Dreams; Current Events,Nature,Gemini,annoyed,short
What is the purpose of your communication?,SINGLE-SELECT,Feedback; Inquiry; Complaint; Collaboration; Information Sharing,Information Sharing,Gemini,verbose,short
What is the purpose of your communication?,SINGLE-SELECT,Feedback; Inquiry; Complaint; Collaboration; Information Sharing,Information Sharing,Gemini,concise,short
What is the purpose of your communication?,SINGLE-SELECT,Feedback; Inquiry; Complaint; Collaboration; Information Sharing,Information Sharing,Gemini,colloquial,short
What is the purpose of your communication?,SINGLE-SELECT,Feedback; Inquiry; Complaint; Collaboration; Information Sharing,Information Sharing,Gemini,explanatory,short
What is the purpose of your communication?,SINGLE-SELECT,Feedback; Inquiry; Complaint; Collaboration; Information Sharing,Information Sharing,Gemini,annoyed,short
What is your age range?,SINGLE-SELECT,18-24; 25-34; 35-44; 45-54; 55+,3544,Gemini,verbose,short
What is your age range?,SINGLE-SELECT,18-24; 25-34; 35-44; 45-54; 55+,3544,Gemini,concise,short
What is your age range?,SINGLE-SELECT,18-24; 25-34; 35-44; 45-54; 55+,I am 55,Gemini,colloquial,short
What is your age range?,SINGLE-SELECT,18-24; 25-34; 35-44; 45-54; 55+,3544,Gemini,explanatory,short
What is your age range?,SINGLE-SELECT,18-24; 25-34; 35-44; 45-54; 55+,3544,Gemini,annoyed,short
What is your biggest accomplishment in the art and design industry?,SINGLE-SELECT,Winning a design award; Getting featured in a design publication; Successfully launching a design project; Building a strong portfolio; Establishing a loyal client base,Winning a design award,Gemini,verbose,short
What is your biggest accomplishment in the art and design industry?,SINGLE-SELECT,Winning a design award; Getting featured in a design publication; Successfully launching a design project; Building a strong portfolio; Establishing a loyal client base,Winning a design award,Gemini,concise,short
What is your biggest accomplishment in the art and design industry?,SINGLE-SELECT,Winning a design award; Getting featured in a design publication; Successfully launching a design project; Building a strong portfolio; Establishing a loyal client base,Winning a design award,Gemini,colloquial,short
What is your biggest accomplishment in the art and design industry?,SINGLE-SELECT,Winning a design award; Getting featured in a design publication; Successfully launching a design project; Building a strong portfolio; Establishing a loyal client base,Winning a design award,Gemini,explanatory,short
What is your biggest accomplishment in the art and design industry?,SINGLE-SELECT,Winning a design award; Getting featured in a design publication; Successfully launching a design project; Building a strong portfolio; Establishing a loyal client base,Winning a design award,Gemini,annoyed,short
What is your biggest challenge in the art and design industry?,SINGLE-SELECT,Competition; Finding Clients; Balancing Creative Vision and Client Needs; Time Management; Pricing your services,Competition,Gemini,verbose,short
What is your biggest challenge in the art and design industry?,SINGLE-SELECT,Competition; Finding Clients; Balancing Creative Vision and Client Needs; Time Management; Pricing your services,Competition,Gemini,concise,short
What is your biggest challenge in the art and design industry?,SINGLE-SELECT,Competition; Finding Clients; Balancing Creative Vision and Client Needs; Time Management; Pricing your services,Competition,Gemini,colloquial,short
What is your biggest challenge in the art and design industry?,SINGLE-SELECT,Competition; Finding Clients; Balancing Creative Vision and Client Needs; Time Management; Pricing your services,Competition,Gemini,explanatory,short
What is your biggest challenge in the art and design industry?,SINGLE-SELECT,Competition; Finding Clients; Balancing Creative Vision and Client Needs; Time Management; Pricing your services,Competition,Gemini,annoyed,short
What is your biggest challenge in your current role?,SINGLE-SELECT,Lack of Resources; Lack of Time; Lack of Support; Other,Lack of Resources,Gemini,verbose,short
What is your biggest challenge in your current role?,SINGLE-SELECT,Lack of Resources; Lack of Time; Lack of Support; Other,Lack of Resources,Gemini,concise,short
What is your biggest challenge in your current role?,SINGLE-SELECT,Lack of Resources; Lack of Time; Lack of Support; Other,Lack of Resources,Gemini,colloquial,short
What is your biggest challenge in your current role?,SINGLE-SELECT,Lack of Resources; Lack of Time; Lack of Support; Other,Lack of Resources,Gemini,explanatory,short
What is your biggest challenge in your current role?,SINGLE-SELECT,Lack of Resources; Lack of Time; Lack of Support; Other,Lack of Resources,Gemini,annoyed,short
What is your biggest communication challenge?,SINGLE-SELECT,Lack of clarity; Lack of responsiveness; Misunderstandings; Information overload; Other,Lack of clarity,Gemini,verbose,short
What is your biggest communication challenge?,SINGLE-SELECT,Lack of clarity; Lack of responsiveness; Misunderstandings; Information overload; Other,Lack of clarity,Gemini,concise,short
What is your biggest communication challenge?,SINGLE-SELECT,Lack of clarity; Lack of responsiveness; Misunderstandings; Information overload; Other,Lack of clarity,Gemini,colloquial,short
What is your biggest communication challenge?,SINGLE-SELECT,Lack of clarity; Lack of responsiveness; Misunderstandings; Information overload; Other,Lack of clarity,Gemini,explanatory,short
What is your biggest communication challenge?,SINGLE-SELECT,Lack of clarity; Lack of responsiveness; Misunderstandings; Information overload; Other,Lack of clarity,Gemini,annoyed,short
What is your biggest design pet peeve?,SINGLE-SELECT,Inconsistent Branding; Poor Typography; Cluttered Designs; Lack of Accessibility; Poor User Experience,Lack of Accessibility,Gemini,verbose,short
What is your biggest design pet peeve?,SINGLE-SELECT,Inconsistent Branding; Poor Typography; Cluttered Designs; Lack of Accessibility; Poor User Experience,Lack of Accessibility,Gemini,concise,short
What is your biggest design pet peeve?,SINGLE-SELECT,Inconsistent Branding; Poor Typography; Cluttered Designs; Lack of Accessibility; Poor User Experience,Inconsistent Branding,Gemini,colloquial,short
What is your biggest design pet peeve?,SINGLE-SELECT,Inconsistent Branding; Poor Typography; Cluttered Designs; Lack of Accessibility; Poor User Experience,Inconsistent Branding,Gemini,explanatory,short
What is your biggest design pet peeve?,SINGLE-SELECT,Inconsistent Branding; Poor Typography; Cluttered Designs; Lack of Accessibility; Poor User Experience,Inconsistent Branding,Gemini,annoyed,short
What is your biggest inspiration for your designs?,SINGLE-SELECT,Nature; Architecture; Music; Literature; Technology,Nature,Gemini,verbose,short
What is your biggest inspiration for your designs?,SINGLE-SELECT,Nature; Architecture; Music; Literature; Technology,Nature,Gemini,concise,short
What is your biggest inspiration for your designs?,SINGLE-SELECT,Nature; Architecture; Music; Literature; Technology,Nature,Gemini,colloquial,short
What is your biggest inspiration for your designs?,SINGLE-SELECT,Nature; Architecture; Music; Literature; Technology,Nature,Gemini,explanatory,short
What is your biggest inspiration for your designs?,SINGLE-SELECT,Nature; Architecture; Music; Literature; Technology,Nature,Gemini,annoyed,short
What is your budget for this project?,SINGLE-SELECT,"Under $10,000; $10,000 - $50,000; $50,000 - $100,000; Over $100,000",Under 10000,Gemini,verbose,short
What is your budget for this project?,SINGLE-SELECT,"Under $10,000; $10,000 - $50,000; $50,000 - $100,000; Over $100,000",Under 10000,Gemini,concise,short
What is your budget for this project?,SINGLE-SELECT,"Under $10,000; $10,000 - $50,000; $50,000 - $100,000; Over $100,000",Under 10000,Gemini,colloquial,short
What is your budget for this project?,SINGLE-SELECT,"Under $10,000; $10,000 - $50,000; $50,000 - $100,000; Over $100,000",Under 10000,Gemini,explanatory,short
What is your budget for this project?,SINGLE-SELECT,"Under $10,000; $10,000 - $50,000; $50,000 - $100,000; Over $100,000",Under 10000,Gemini,annoyed,short
What is your company culture?,SINGLE-SELECT,Formal; Informal; Hybrid,Formal,Gemini,verbose,short
What is your company culture?,SINGLE-SELECT,Formal; Informal; Hybrid,Formal,Gemini,concise,short
What is your company culture?,SINGLE-SELECT,Formal; Informal; Hybrid,Formal,Gemini,colloquial,short
What is your company culture?,SINGLE-SELECT,Formal; Informal; Hybrid,Formal,Gemini,explanatory,short
What is your company culture?,SINGLE-SELECT,Formal; Informal; Hybrid,Formal,Gemini,annoyed,short
What is your company's annual revenue?,SINGLE-SELECT,Under $1 million; $1 million - $10 million; $10 million - $100 million; Over $100 million,100 million,Gemini,verbose,short
What is your company's annual revenue?,SINGLE-SELECT,Under $1 million; $1 million - $10 million; $10 million - $100 million; Over $100 million,100 million,Gemini,concise,short
What is your company's annual revenue?,SINGLE-SELECT,Under $1 million; $1 million - $10 million; $10 million - $100 million; Over $100 million,100 million,Gemini,colloquial,short
What is your company's annual revenue?,SINGLE-SELECT,Under $1 million; $1 million - $10 million; $10 million - $100 million; Over $100 million,100 million,Gemini,explanatory,short
What is your company's annual revenue?,SINGLE-SELECT,Under $1 million; $1 million - $10 million; $10 million - $100 million; Over $100 million,Over 100 million,Gemini,annoyed,short
What is your company's main focus?,SINGLE-SELECT,B2B; B2C; Both,B2B,Gemini,verbose,short
What is your company's main focus?,SINGLE-SELECT,B2B; B2C; Both,B2B,Gemini,concise,short
What is your company's main focus?,SINGLE-SELECT,B2B; B2C; Both,B2B,Gemini,colloquial,short
What is your company's main focus?,SINGLE-SELECT,B2B; B2C; Both,B2B,Gemini,explanatory,short
What is your company's main focus?,SINGLE-SELECT,B2B; B2C; Both,B2B,Gemini,annoyed,short
What is your company's mission?,SINGLE-SELECT,Profit Maximization; Social Impact; Environmental Sustainability; Customer Satisfaction,Profit Maximization,Gemini,verbose,short
What is your company's mission?,SINGLE-SELECT,Profit Maximization; Social Impact; Environmental Sustainability; Customer Satisfaction,Profit Maximization,Gemini,concise,short
What is your company's mission?,SINGLE-SELECT,Profit Maximization; Social Impact; Environmental Sustainability; Customer Satisfaction,Profit Maximization,Gemini,colloquial,short
What is your company's mission?,SINGLE-SELECT,Profit Maximization; Social Impact; Environmental Sustainability; Customer Satisfaction,Profit Maximization,Gemini,explanatory,short
What is your company's mission?,SINGLE-SELECT,Profit Maximization; Social Impact; Environmental Sustainability; Customer Satisfaction,Profit Maximization,Gemini,annoyed,short
What is your company's size?,SINGLE-SELECT,1-50 employees; 51-200 employees; 201-1000 employees; Over 1000 employees,2011000 employees,Gemini,verbose,short
What is your company's size?,SINGLE-SELECT,1-50 employees; 51-200 employees; 201-1000 employees; Over 1000 employees,2011000 employees,Gemini,concise,short
What is your company's size?,SINGLE-SELECT,1-50 employees; 51-200 employees; 201-1000 employees; Over 1000 employees,2011000 employees,Gemini,colloquial,short
What is your company's size?,SINGLE-SELECT,1-50 employees; 51-200 employees; 201-1000 employees; Over 1000 employees,2011000 employees,Gemini,explanatory,short
What is your company's size?,SINGLE-SELECT,1-50 employees; 51-200 employees; 201-1000 employees; Over 1000 employees,2011000 employees,Gemini,annoyed,short
What is your current level of digital transformation?,SINGLE-SELECT,Beginner; Intermediate; Advanced,Intermediate,Gemini,verbose,short
What is your current level of digital transformation?,SINGLE-SELECT,Beginner; Intermediate; Advanced,Advanced,Gemini,concise,short
What is your current level of digital transformation?,SINGLE-SELECT,Beginner; Intermediate; Advanced,Advanced,Gemini,colloquial,short
What is your current level of digital transformation?,SINGLE-SELECT,Beginner; Intermediate; Advanced,Intermediate,Gemini,explanatory,short
What is your current level of digital transformation?,SINGLE-SELECT,Beginner; Intermediate; Advanced,Intermediate,Gemini,annoyed,short
What is your department?,SINGLE-SELECT,Sales; Marketing; IT; Finance; Other,Other,Gemini,verbose,short
What is your department?,SINGLE-SELECT,Sales; Marketing; IT; Finance; Other,Other,Gemini,concise,short
What is your department?,SINGLE-SELECT,Sales; Marketing; IT; Finance; Other,Other,Gemini,colloquial,short
What is your department?,SINGLE-SELECT,Sales; Marketing; IT; Finance; Other,Other,Gemini,explanatory,short
What is your department?,SINGLE-SELECT,Sales; Marketing; IT; Finance; Other,Other,Gemini,annoyed,short
What is your design philosophy?,SINGLE-SELECT,Form follows function; Less is more; Think outside the box; User-centric design; Innovative and creative,Form follows function,Gemini,verbose,short
What is your design philosophy?,SINGLE-SELECT,Form follows function; Less is more; Think outside the box; User-centric design; Innovative and creative,Form follows function,Gemini,concise,short
What is your design philosophy?,SINGLE-SELECT,Form follows function; Less is more; Think outside the box; User-centric design; Innovative and creative,Form follows function,Gemini,colloquial,short
What is your design philosophy?,SINGLE-SELECT,Form follows function; Less is more; Think outside the box; User-centric design; Innovative and creative,Form follows function,Gemini,explanatory,short
What is your design philosophy?,SINGLE-SELECT,Form follows function; Less is more; Think outside the box; User-centric design; Innovative and creative,Form follows function,Gemini,annoyed,short
What is your design process?,SINGLE-SELECT,Agile; Waterfall; Lean; Iterative; Hybrid,Iterative,Gemini,verbose,short
What is your design process?,SINGLE-SELECT,Agile; Waterfall; Lean; Iterative; Hybrid,Iterative,Gemini,concise,short
What is your design process?,SINGLE-SELECT,Agile; Waterfall; Lean; Iterative; Hybrid,Iterative,Gemini,colloquial,short
What is your design process?,SINGLE-SELECT,Agile; Waterfall; Lean; Iterative; Hybrid,Iterative,Gemini,explanatory,short
What is your design process?,SINGLE-SELECT,Agile; Waterfall; Lean; Iterative; Hybrid,Iterative,Gemini,annoyed,short
What is your experience level with software development?,SINGLE-SELECT,Beginner; Intermediate; Advanced; Expert,Intermediate,Gemini,verbose,short
What is your experience level with software development?,SINGLE-SELECT,Beginner; Intermediate; Advanced; Expert,Intermediate,Gemini,concise,short
What is your experience level with software development?,SINGLE-SELECT,Beginner; Intermediate; Advanced; Expert,Intermediate,Gemini,colloquial,short
What is your experience level with software development?,SINGLE-SELECT,Beginner; Intermediate; Advanced; Expert,Intermediate,Gemini,explanatory,short
What is your experience level with software development?,SINGLE-SELECT,Beginner; Intermediate; Advanced; Expert,Intermediate,Gemini,annoyed,short
What is your experience with Agile methodologies?,SINGLE-SELECT,Beginner; Intermediate; Advanced,Intermediate,Gemini,verbose,short
What is your experience with Agile methodologies?,SINGLE-SELECT,Beginner; Intermediate; Advanced,Intermediate,Gemini,concise,short
What is your experience with Agile methodologies?,SINGLE-SELECT,Beginner; Intermediate; Advanced,Intermediate,Gemini,colloquial,short
What is your experience with Agile methodologies?,SINGLE-SELECT,Beginner; Intermediate; Advanced,Intermediate,Gemini,explanatory,short
What is your experience with Agile methodologies?,SINGLE-SELECT,Beginner; Intermediate; Advanced,Intermediate,Gemini,annoyed,short
What is your experience with CI/CD pipelines?,SINGLE-SELECT,Beginner; Intermediate; Advanced,Intermediate,Gemini,verbose,short
What is your experience with CI/CD pipelines?,SINGLE-SELECT,Beginner; Intermediate; Advanced,Intermediate,Gemini,concise,short
What is your experience with CI/CD pipelines?,SINGLE-SELECT,Beginner; Intermediate; Advanced,Intermediate,Gemini,colloquial,short
What is your experience with CI/CD pipelines?,SINGLE-SELECT,Beginner; Intermediate; Advanced,Intermediate,Gemini,explanatory,short
What is your experience with CI/CD pipelines?,SINGLE-SELECT,Beginner; Intermediate; Advanced,Intermediate,Gemini,annoyed,short
What is your experience with GraphQL APIs?,SINGLE-SELECT,Beginner; Intermediate; Advanced,Intermediate,Gemini,verbose,short
What is your experience with GraphQL APIs?,SINGLE-SELECT,Beginner; Intermediate; Advanced,Intermediate,Gemini,concise,short
What is your experience with GraphQL APIs?,SINGLE-SELECT,Beginner; Intermediate; Advanced,Intermediate,Gemini,colloquial,short
What is your experience with GraphQL APIs?,SINGLE-SELECT,Beginner; Intermediate; Advanced,Intermediate,Gemini,explanatory,short
What is your experience with GraphQL APIs?,SINGLE-SELECT,Beginner; Intermediate; Advanced,Intermediate,Gemini,annoyed,short
What is your experience with NoSQL databases?,SINGLE-SELECT,Beginner; Intermediate; Advanced,Intermediate,Gemini,verbose,short
What is your experience with NoSQL databases?,SINGLE-SELECT,Beginner; Intermediate; Advanced,Intermediate,Gemini,concise,short
What is your experience with NoSQL databases?,SINGLE-SELECT,Beginner; Intermediate; Advanced,Intermediate,Gemini,colloquial,short
What is your experience with NoSQL databases?,SINGLE-SELECT,Beginner; Intermediate; Advanced,Intermediate,Gemini,explanatory,short
What is your experience with NoSQL databases?,SINGLE-SELECT,Beginner; Intermediate; Advanced,Intermediate,Gemini,annoyed,short
What is your experience with RESTful APIs?,SINGLE-SELECT,Beginner; Intermediate; Advanced,Intermediate,Gemini,verbose,short
What is your experience with RESTful APIs?,SINGLE-SELECT,Beginner; Intermediate; Advanced,Intermediate,Gemini,concise,short
What is your experience with RESTful APIs?,SINGLE-SELECT,Beginner; Intermediate; Advanced,Intermediate,Gemini,colloquial,short
What is your experience with RESTful APIs?,SINGLE-SELECT,Beginner; Intermediate; Advanced,Intermediate,Gemini,explanatory,short
What is your experience with RESTful APIs?,SINGLE-SELECT,Beginner; Intermediate; Advanced,Intermediate,Gemini,annoyed,short
What is your experience with artificial intelligence and machine learning?,SINGLE-SELECT,Beginner; Intermediate; Advanced,Intermediate,Gemini,verbose,short
What is your experience with artificial intelligence and machine learning?,SINGLE-SELECT,Beginner; Intermediate; Advanced,Advanced,Gemini,concise,short
What is your experience with artificial intelligence and machine learning?,SINGLE-SELECT,Beginner; Intermediate; Advanced,Intermediate,Gemini,colloquial,short
What is your experience with artificial intelligence and machine learning?,SINGLE-SELECT,Beginner; Intermediate; Advanced,Advanced,Gemini,explanatory,short
What is your experience with artificial intelligence and machine learning?,SINGLE-SELECT,Beginner; Intermediate; Advanced,Intermediate,Gemini,annoyed,short
What is your experience with big data technologies?,SINGLE-SELECT,Beginner; Intermediate; Advanced,Advanced,Gemini,verbose,short
What is your experience with big data technologies?,SINGLE-SELECT,Beginner; Intermediate; Advanced,Advanced,Gemini,concise,short
What is your experience with big data technologies?,SINGLE-SELECT,Beginner; Intermediate; Advanced,Advanced,Gemini,colloquial,short
What is your experience with big data technologies?,SINGLE-SELECT,Beginner; Intermediate; Advanced,Im a beginner,Gemini,explanatory,short
What is your experience with big data technologies?,SINGLE-SELECT,Beginner; Intermediate; Advanced,Im a beginner,Gemini,annoyed,short
What is your experience with blockchain technology?,SINGLE-SELECT,Beginner; Intermediate; Advanced,Im a beginner,Gemini,verbose,short
What is your experience with blockchain technology?,SINGLE-SELECT,Beginner; Intermediate; Advanced,Im a beginner,Gemini,concise,short
What is your experience with blockchain technology?,SINGLE-SELECT,Beginner; Intermediate; Advanced,Im a beginner,Gemini,colloquial,short
What is your experience with blockchain technology?,SINGLE-SELECT,Beginner; Intermediate; Advanced,Im a beginner,Gemini,explanatory,short
What is your experience with blockchain technology?,SINGLE-SELECT,Beginner; Intermediate; Advanced,Im a beginner,Gemini,annoyed,short
What is your experience with caching mechanisms?,SINGLE-SELECT,Beginner; Intermediate; Advanced,Intermediate,Gemini,verbose,short
What is your experience with caching mechanisms?,SINGLE-SELECT,Beginner; Intermediate; Advanced,Intermediate,Gemini,concise,short
What is your experience with caching mechanisms?,SINGLE-SELECT,Beginner; Intermediate; Advanced,Intermediate,Gemini,colloquial,short
What is your experience with caching mechanisms?,SINGLE-SELECT,Beginner; Intermediate; Advanced,Intermediate,Gemini,explanatory,short
What is your experience with caching mechanisms?,SINGLE-SELECT,Beginner; Intermediate; Advanced,Intermediate,Gemini,annoyed,short
What is your experience with containerization technologies?,SINGLE-SELECT,Beginner; Intermediate; Advanced,Intermediate,Gemini,verbose,short
What is your experience with containerization technologies?,SINGLE-SELECT,Beginner; Intermediate; Advanced,Intermediate,Gemini,concise,short
What is your experience with containerization technologies?,SINGLE-SELECT,Beginner; Intermediate; Advanced,Intermediate,Gemini,colloquial,short
What is your experience with containerization technologies?,SINGLE-SELECT,Beginner; Intermediate; Advanced,Intermediate,Gemini,explanatory,short
What is your experience with containerization technologies?,SINGLE-SELECT,Beginner; Intermediate; Advanced,Intermediate,Gemini,annoyed,short
What is your experience with cybersecurity best practices?,SINGLE-SELECT,Beginner; Intermediate; Advanced,Intermediate,Gemini,verbose,short
What is your experience with cybersecurity best practices?,SINGLE-SELECT,Beginner; Intermediate; Advanced,Intermediate,Gemini,concise,short
What is your experience with cybersecurity best practices?,SINGLE-SELECT,Beginner; Intermediate; Advanced,Intermediate,Gemini,colloquial,short
What is your experience with cybersecurity best practices?,SINGLE-SELECT,Beginner; Intermediate; Advanced,Intermediate,Gemini,explanatory,short
What is your experience with cybersecurity best practices?,SINGLE-SELECT,Beginner; Intermediate; Advanced,Intermediate,Gemini,annoyed,short
What is your experience with data streaming technologies?,SINGLE-SELECT,Beginner; Intermediate; Advanced,Intermediate,Gemini,verbose,short
What is your experience with data streaming technologies?,SINGLE-SELECT,Beginner; Intermediate; Advanced,Intermediate,Gemini,concise,short
What is your experience with data streaming technologies?,SINGLE-SELECT,Beginner; Intermediate; Advanced,Advanced,Gemini,colloquial,short
What is your experience with data streaming technologies?,SINGLE-SELECT,Beginner; Intermediate; Advanced,Intermediate,Gemini,explanatory,short
What is your experience with data streaming technologies?,SINGLE-SELECT,Beginner; Intermediate; Advanced,Intermediate,Gemini,annoyed,short
What is your experience with design patterns?,SINGLE-SELECT,Beginner; Intermediate; Advanced,Intermediate,Gemini,verbose,short
What is your experience with design patterns?,SINGLE-SELECT,Beginner; Intermediate; Advanced,Intermediate,Gemini,concise,short
What is your experience with design patterns?,SINGLE-SELECT,Beginner; Intermediate; Advanced,Intermediate,Gemini,colloquial,short
What is your experience with design patterns?,SINGLE-SELECT,Beginner; Intermediate; Advanced,Intermediate,Gemini,explanatory,short
What is your experience with design patterns?,SINGLE-SELECT,Beginner; Intermediate; Advanced,Intermediate,Gemini,annoyed,short
What is your experience with event-driven architectures?,SINGLE-SELECT,Beginner; Intermediate; Advanced,Intermediate,Gemini,verbose,short
What is your experience with event-driven architectures?,SINGLE-SELECT,Beginner; Intermediate; Advanced,Advanced,Gemini,concise,short
What is your experience with event-driven architectures?,SINGLE-SELECT,Beginner; Intermediate; Advanced,Intermediate,Gemini,colloquial,short
What is your experience with event-driven architectures?,SINGLE-SELECT,Beginner; Intermediate; Advanced,Advanced,Gemini,explanatory,short
What is your experience with event-driven architectures?,SINGLE-SELECT,Beginner; Intermediate; Advanced,Intermediate,Gemini,annoyed,short
What is your experience with message queues?,SINGLE-SELECT,Beginner; Intermediate; Advanced,Intermediate,Gemini,verbose,short
What is your experience with message queues?,SINGLE-SELECT,Beginner; Intermediate; Advanced,Intermediate,Gemini,concise,short
What is your experience with message queues?,SINGLE-SELECT,Beginner; Intermediate; Advanced,Intermediate,Gemini,colloquial,short
What is your experience with message queues?,SINGLE-SELECT,Beginner; Intermediate; Advanced,Intermediate,Gemini,explanatory,short
What is your experience with message queues?,SINGLE-SELECT,Beginner; Intermediate; Advanced,Intermediate,Gemini,annoyed,short
What is your experience with microservices architecture?,SINGLE-SELECT,Beginner; Intermediate; Advanced,Intermediate,Gemini,verbose,short
What is your experience with microservices architecture?,SINGLE-SELECT,Beginner; Intermediate; Advanced,Intermediate,Gemini,concise,short
What is your experience with microservices architecture?,SINGLE-SELECT,Beginner; Intermediate; Advanced,Intermediate,Gemini,colloquial,short
What is your experience with microservices architecture?,SINGLE-SELECT,Beginner; Intermediate; Advanced,Intermediate,Gemini,explanatory,short
What is your experience with microservices architecture?,SINGLE-SELECT,Beginner; Intermediate; Advanced,Intermediate,Gemini,annoyed,short
What is your experience with serverless computing?,SINGLE-SELECT,Beginner; Intermediate; Advanced,Intermediate,Gemini,verbose,short
What is your experience with serverless computing?,SINGLE-SELECT,Beginner; Intermediate; Advanced,Intermediate,Gemini,concise,short
What is your experience with serverless computing?,SINGLE-SELECT,Beginner; Intermediate; Advanced,Intermediate,Gemini,colloquial,short
What is your experience with serverless computing?,SINGLE-SELECT,Beginner; Intermediate; Advanced,Intermediate,Gemini,explanatory,short
What is your experience with serverless computing?,SINGLE-SELECT,Beginner; Intermediate; Advanced,Intermediate,Gemini,annoyed,short
What is your favorite art historical period?,SINGLE-SELECT,Renaissance; Baroque; Impressionism; Modern Art; Contemporary Art,Modern Art,Gemini,verbose,short
What is your favorite art historical period?,SINGLE-SELECT,Renaissance; Baroque; Impressionism; Modern Art; Contemporary Art,Modern Art,Gemini,concise,short
What is your favorite art historical period?,SINGLE-SELECT,Renaissance; Baroque; Impressionism; Modern Art; Contemporary Art,Modern Art,Gemini,colloquial,short
What is your favorite art historical period?,SINGLE-SELECT,Renaissance; Baroque; Impressionism; Modern Art; Contemporary Art,Modern Art,Gemini,explanatory,short
What is your favorite art historical period?,SINGLE-SELECT,Renaissance; Baroque; Impressionism; Modern Art; Contemporary Art,Modern Art,Gemini,annoyed,short
What is your favorite art movement?,SINGLE-SELECT,Art Nouveau; Art Deco; Bauhaus; Dada; Surrealism,Art Nouveau,Gemini,verbose,short
What is your favorite art movement?,SINGLE-SELECT,Art Nouveau; Art Deco; Bauhaus; Dada; Surrealism,Art Nouveau,Gemini,concise,short
What is your favorite art movement?,SINGLE-SELECT,Art Nouveau; Art Deco; Bauhaus; Dada; Surrealism,Art Nouveau,Gemini,colloquial,short
What is your favorite art movement?,SINGLE-SELECT,Art Nouveau; Art Deco; Bauhaus; Dada; Surrealism,Art Nouveau,Gemini,explanatory,short
What is your favorite art movement?,SINGLE-SELECT,Art Nouveau; Art Deco; Bauhaus; Dada; Surrealism,Art Nouveau,Gemini,annoyed,short
What is your favorite art museum?,SINGLE-SELECT,The Metropolitan Museum of Art; The Louvre; The Museum of Modern Art; The Tate Modern; The National Gallery,The Louvre,Gemini,verbose,short
What is your favorite art museum?,SINGLE-SELECT,The Metropolitan Museum of Art; The Louvre; The Museum of Modern Art; The Tate Modern; The National Gallery,The Tate Modern,Gemini,concise,short
What is your favorite art museum?,SINGLE-SELECT,The Metropolitan Museum of Art; The Louvre; The Museum of Modern Art; The Tate Modern; The National Gallery,The Louvre,Gemini,colloquial,short
What is your favorite art museum?,SINGLE-SELECT,The Metropolitan Museum of Art; The Louvre; The Museum of Modern Art; The Tate Modern; The National Gallery,The Tate Modern,Gemini,explanatory,short
What is your favorite art museum?,SINGLE-SELECT,The Metropolitan Museum of Art; The Louvre; The Museum of Modern Art; The Tate Modern; The National Gallery,The Louvre,Gemini,annoyed,short
What is your favorite art technique?,SINGLE-SELECT,Oil Painting; Watercolor Painting; Acrylic Painting; Pencil Sketching; Digital Painting,Acrylic Painting,Gemini,verbose,short
What is your favorite art technique?,SINGLE-SELECT,Oil Painting; Watercolor Painting; Acrylic Painting; Pencil Sketching; Digital Painting,Acrylic Painting,Gemini,concise,short
What is your favorite art technique?,SINGLE-SELECT,Oil Painting; Watercolor Painting; Acrylic Painting; Pencil Sketching; Digital Painting,Acrylic Painting,Gemini,colloquial,short
What is your favorite art technique?,SINGLE-SELECT,Oil Painting; Watercolor Painting; Acrylic Painting; Pencil Sketching; Digital Painting,Acrylic Painting,Gemini,explanatory,short
What is your favorite art technique?,SINGLE-SELECT,Oil Painting; Watercolor Painting; Acrylic Painting; Pencil Sketching; Digital Painting,Acrylic Painting,Gemini,annoyed,short
What is your favorite aspect of the design process?,SINGLE-SELECT,Idea Generation; Sketching and Prototyping; Refinement and Iteration; Testing and User Feedback; Final Presentation,Idea Generation,Gemini,verbose,short
What is your favorite aspect of the design process?,SINGLE-SELECT,Idea Generation; Sketching and Prototyping; Refinement and Iteration; Testing and User Feedback; Final Presentation,Idea Generation,Gemini,concise,short
What is your favorite aspect of the design process?,SINGLE-SELECT,Idea Generation; Sketching and Prototyping; Refinement and Iteration; Testing and User Feedback; Final Presentation,Idea Generation,Gemini,explanatory,short
What is your favorite design tool?,SINGLE-SELECT,Adobe Photoshop; Adobe Illustrator; Figma; Sketch; Procreate,Adobe Illustrator,Gemini,verbose,short
What is your favorite design tool?,SINGLE-SELECT,Adobe Photoshop; Adobe Illustrator; Figma; Sketch; Procreate,Adobe Illustrator,Gemini,concise,short
What is your favorite design tool?,SINGLE-SELECT,Adobe Photoshop; Adobe Illustrator; Figma; Sketch; Procreate,Adobe Illustrator,Gemini,colloquial,short
What is your favorite design tool?,SINGLE-SELECT,Adobe Photoshop; Adobe Illustrator; Figma; Sketch; Procreate,Adobe Illustrator,Gemini,explanatory,short
What is your favorite design tool?,SINGLE-SELECT,Adobe Photoshop; Adobe Illustrator; Figma; Sketch; Procreate,Adobe Illustrator,Gemini,annoyed,short
What is your favorite type of design project to work on?,SINGLE-SELECT,Logo Design; Website Design; Branding Design; UI/UX Design; Print Design,UIUX Design,Gemini,verbose,short
What is your favorite type of design project to work on?,SINGLE-SELECT,Logo Design; Website Design; Branding Design; UI/UX Design; Print Design,UIUX Design,Gemini,concise,short
What is your favorite type of design project to work on?,SINGLE-SELECT,Logo Design; Website Design; Branding Design; UI/UX Design; Print Design,I like UIUX Design,Gemini,colloquial,short
What is your favorite type of design project to work on?,SINGLE-SELECT,Logo Design; Website Design; Branding Design; UI/UX Design; Print Design,UIUX Design,Gemini,explanatory,short
What is your favorite type of design project to work on?,SINGLE-SELECT,Logo Design; Website Design; Branding Design; UI/UX Design; Print Design,I like UIUX Design,Gemini,annoyed,short
What is your favorite type of font?,SINGLE-SELECT,Serif; Sans-serif; Script; Display; Monospace,I like Sansserif fonts,Gemini,verbose,short
What is your favorite type of font?,SINGLE-SELECT,Serif; Sans-serif; Script; Display; Monospace,Script,Gemini,concise,short
What is your favorite type of font?,SINGLE-SELECT,Serif; Sans-serif; Script; Display; Monospace,Script,Gemini,colloquial,short
What is your favorite type of font?,SINGLE-SELECT,Serif; Sans-serif; Script; Display; Monospace,I like Sansserif fonts,Gemini,explanatory,short
What is your favorite type of font?,SINGLE-SELECT,Serif; Sans-serif; Script; Display; Monospace,Script,Gemini,annoyed,short
What is your gender?,SINGLE-SELECT,Male; Female; Other; Prefer not to say,Female,Gemini,verbose,short
What is your gender?,SINGLE-SELECT,Male; Female; Other; Prefer not to say,Female,Gemini,concise,short
What is your gender?,SINGLE-SELECT,Male; Female; Other; Prefer not to say,Female,Gemini,colloquial,short
What is your gender?,SINGLE-SELECT,Male; Female; Other; Prefer not to say,Female,Gemini,explanatory,short
What is your gender?,SINGLE-SELECT,Male; Female; Other; Prefer not to say,Female,Gemini,annoyed,short
What is your greatest strength as an artist or designer?,SINGLE-SELECT,Creativity; Problem-solving; Technical Skills; Communication Skills; Collaboration,Creativity,Gemini,verbose,short
What is your greatest strength as an artist or designer?,SINGLE-SELECT,Creativity; Problem-solving; Technical Skills; Communication Skills; Collaboration,Creativity,Gemini,concise,short
What is your greatest strength as an artist or designer?,SINGLE-SELECT,Creativity; Problem-solving; Technical Skills; Communication Skills; Collaboration,Creativity,Gemini,colloquial,short
What is your greatest strength as an artist or designer?,SINGLE-SELECT,Creativity; Problem-solving; Technical Skills; Communication Skills; Collaboration,Creativity,Gemini,explanatory,short
What is your greatest strength as an artist or designer?,SINGLE-SELECT,Creativity; Problem-solving; Technical Skills; Communication Skills; Collaboration,Creativity,Gemini,annoyed,short
What is your highest level of education?,SINGLE-SELECT,High School; Bachelor's Degree; Master's Degree; Doctorate Degree,Masters Degree,Gemini,verbose,short
What is your highest level of education?,SINGLE-SELECT,High School; Bachelor's Degree; Master's Degree; Doctorate Degree,Masters Degree,Gemini,concise,short
What is your highest level of education?,SINGLE-SELECT,High School; Bachelor's Degree; Master's Degree; Doctorate Degree,Masters Degree,Gemini,colloquial,short
What is your highest level of education?,SINGLE-SELECT,High School; Bachelor's Degree; Master's Degree; Doctorate Degree,Masters Degree,Gemini,explanatory,short
What is your highest level of education?,SINGLE-SELECT,High School; Bachelor's Degree; Master's Degree; Doctorate Degree,High School,Gemini,annoyed,short
What is your job title?,SINGLE-SELECT,CEO; CFO; Marketing Manager; Sales Representative; Other,CEO,Gemini,verbose,short
What is your job title?,SINGLE-SELECT,CEO; CFO; Marketing Manager; Sales Representative; Other,CEO,Gemini,concise,short
What is your job title?,SINGLE-SELECT,CEO; CFO; Marketing Manager; Sales Representative; Other,I am a marketing manager,Gemini,colloquial,short
What is your job title?,SINGLE-SELECT,CEO; CFO; Marketing Manager; Sales Representative; Other,I am a marketing manager,Gemini,explanatory,short
What is your job title?,SINGLE-SELECT,CEO; CFO; Marketing Manager; Sales Representative; Other,CFO,Gemini,annoyed,short
What is your level of experience in the art and design industry?,SINGLE-SELECT,Beginner; Intermediate; Advanced; Expert; Professional,Professional,Gemini,verbose,short
What is your level of experience in the art and design industry?,SINGLE-SELECT,Beginner; Intermediate; Advanced; Expert; Professional,Professional,Gemini,concise,short
What is your level of experience in the art and design industry?,SINGLE-SELECT,Beginner; Intermediate; Advanced; Expert; Professional,Professional,Gemini,colloquial,short
What is your level of experience in the art and design industry?,SINGLE-SELECT,Beginner; Intermediate; Advanced; Expert; Professional,Professional,Gemini,explanatory,short
What is your level of experience in the art and design industry?,SINGLE-SELECT,Beginner; Intermediate; Advanced; Expert; Professional,Professional,Gemini,annoyed,short
What is your level of technical expertise?,SINGLE-SELECT,Beginner; Intermediate; Advanced; Expert,Advanced,Gemini,verbose,short
What is your level of technical expertise?,SINGLE-SELECT,Beginner; Intermediate; Advanced; Expert,Advanced,Gemini,concise,short
What is your level of technical expertise?,SINGLE-SELECT,Beginner; Intermediate; Advanced; Expert,Advanced,Gemini,colloquial,short
What is your level of technical expertise?,SINGLE-SELECT,Beginner; Intermediate; Advanced; Expert,Advanced,Gemini,explanatory,short
What is your level of technical expertise?,SINGLE-SELECT,Beginner; Intermediate; Advanced; Expert,Advanced,Gemini,annoyed,short
What is your preferred IDE for mobile development?,SINGLE-SELECT,Android Studio; Xcode; React Native; Flutter,Xcode,Gemini,verbose,short
What is your preferred IDE for mobile development?,SINGLE-SELECT,Android Studio; Xcode; React Native; Flutter,Android Studio,Gemini,concise,short
What is your preferred IDE for mobile development?,SINGLE-SELECT,Android Studio; Xcode; React Native; Flutter,Xcode,Gemini,colloquial,short
What is your preferred IDE for mobile development?,SINGLE-SELECT,Android Studio; Xcode; React Native; Flutter,Xcode,Gemini,explanatory,short
What is your preferred IDE for mobile development?,SINGLE-SELECT,Android Studio; Xcode; React Native; Flutter,Xcode,Gemini,annoyed,short
What is your preferred approach to project management?,SINGLE-SELECT,Agile; Waterfall; Hybrid,Agile,Gemini,verbose,short
What is your preferred approach to project management?,SINGLE-SELECT,Agile; Waterfall; Hybrid,Agile,Gemini,concise,short
What is your preferred approach to project management?,SINGLE-SELECT,Agile; Waterfall; Hybrid,Agile,Gemini,colloquial,short
What is your preferred approach to project management?,SINGLE-SELECT,Agile; Waterfall; Hybrid,Agile,Gemini,explanatory,short
What is your preferred approach to project management?,SINGLE-SELECT,Agile; Waterfall; Hybrid,Agile,Gemini,annoyed,short
What is your preferred approach to software architecture?,SINGLE-SELECT,Microservices; Monolithic; Layered,Microservices,Gemini,verbose,short
What is your preferred approach to software architecture?,SINGLE-SELECT,Microservices; Monolithic; Layered,Microservices,Gemini,concise,short
What is your preferred approach to software architecture?,SINGLE-SELECT,Microservices; Monolithic; Layered,Microservices,Gemini,colloquial,short
What is your preferred approach to software architecture?,SINGLE-SELECT,Microservices; Monolithic; Layered,Microservices,Gemini,explanatory,short
What is your preferred approach to software architecture?,SINGLE-SELECT,Microservices; Monolithic; Layered,Microservices,Gemini,annoyed,short
What is your preferred code editor for front-end development?,SINGLE-SELECT,VS Code; Sublime Text; Atom; WebStorm,Atom,Gemini,verbose,short
What is your preferred code editor for front-end development?,SINGLE-SELECT,VS Code; Sublime Text; Atom; WebStorm,Atom,Gemini,concise,short
What is your preferred code editor for front-end development?,SINGLE-SELECT,VS Code; Sublime Text; Atom; WebStorm,Atom,Gemini,colloquial,short
What is your preferred code editor for front-end development?,SINGLE-SELECT,VS Code; Sublime Text; Atom; WebStorm,Atom,Gemini,explanatory,short
What is your preferred code editor for front-end development?,SINGLE-SELECT,VS Code; Sublime Text; Atom; WebStorm,Atom,Gemini,annoyed,short
What is your preferred collaboration tool?,SINGLE-SELECT,GitHub; GitLab; Bitbucket,GitHub is my preferred collaboration tool,Gemini,verbose,short
What is your preferred collaboration tool?,SINGLE-SELECT,GitHub; GitLab; Bitbucket,Bitbucket,Gemini,concise,short
What is your preferred collaboration tool?,SINGLE-SELECT,GitHub; GitLab; Bitbucket,Bitbucket is my preferred collaboration tool,Gemini,colloquial,short
What is your preferred collaboration tool?,SINGLE-SELECT,GitHub; GitLab; Bitbucket,Bitbucket is my preferred collaboration tool,Gemini,explanatory,short
What is your preferred collaboration tool?,SINGLE-SELECT,GitHub; GitLab; Bitbucket,Bitbucket is my preferred collaboration tool,Gemini,annoyed,short
What is your preferred color palette?,SINGLE-SELECT,Warm Colors; Cool Colors; Monochromatic; Analogous; Complementary,Warm Colors,Gemini,verbose,short
What is your preferred color palette?,SINGLE-SELECT,Warm Colors; Cool Colors; Monochromatic; Analogous; Complementary,Warm Colors,Gemini,concise,short
What is your preferred color palette?,SINGLE-SELECT,Warm Colors; Cool Colors; Monochromatic; Analogous; Complementary,Warm Colors,Gemini,colloquial,short
What is your preferred color palette?,SINGLE-SELECT,Warm Colors; Cool Colors; Monochromatic; Analogous; Complementary,Warm Colors,Gemini,explanatory,short
What is your preferred color palette?,SINGLE-SELECT,Warm Colors; Cool Colors; Monochromatic; Analogous; Complementary,Warm Colors,Gemini,annoyed,short
What is your preferred communication tool?,SINGLE-SELECT,Slack; Microsoft Teams; Email; Jira,Email is my preferred communication tool,Gemini,verbose,short
What is your preferred communication tool?,SINGLE-SELECT,Slack; Microsoft Teams; Email; Jira,Jira is my preferred communication tool,Gemini,concise,short
What is your preferred communication tool?,SINGLE-SELECT,Slack; Microsoft Teams; Email; Jira,Email is my preferred communication tool,Gemini,colloquial,short
What is your preferred development environment?,SINGLE-SELECT,Visual Studio; IntelliJ IDEA; Eclipse; VS Code; Sublime Text,Visual Studio,Gemini,verbose,short
What is your preferred development environment?,SINGLE-SELECT,Visual Studio; IntelliJ IDEA; Eclipse; VS Code; Sublime Text,Visual Studio,Gemini,concise,short
What is your preferred development environment?,SINGLE-SELECT,Visual Studio; IntelliJ IDEA; Eclipse; VS Code; Sublime Text,Visual Studio,Gemini,colloquial,short
What is your preferred development environment?,SINGLE-SELECT,Visual Studio; IntelliJ IDEA; Eclipse; VS Code; Sublime Text,Visual Studio,Gemini,explanatory,short
What is your preferred development environment?,SINGLE-SELECT,Visual Studio; IntelliJ IDEA; Eclipse; VS Code; Sublime Text,Visual Studio,Gemini,annoyed,short
What is your preferred format for reports?,SINGLE-SELECT,PDF; Spreadsheet; Presentation,Spreadsheet,Gemini,verbose,short
What is your preferred format for reports?,SINGLE-SELECT,PDF; Spreadsheet; Presentation,Spreadsheet,Gemini,concise,short
What is your preferred format for reports?,SINGLE-SELECT,PDF; Spreadsheet; Presentation,Spreadsheet,Gemini,colloquial,short
What is your preferred format for reports?,SINGLE-SELECT,PDF; Spreadsheet; Presentation,Spreadsheet,Gemini,explanatory,short
What is your preferred format for reports?,SINGLE-SELECT,PDF; Spreadsheet; Presentation,Spreadsheet,Gemini,annoyed,short
What is your preferred framework for backend development?,SINGLE-SELECT,Spring Boot; Node.js; Django; Ruby on Rails; .NET,Spring Boot,Gemini,concise,short
What is your preferred framework for backend development?,SINGLE-SELECT,Spring Boot; Node.js; Django; Ruby on Rails; .NET,Spring Boot,Gemini,explanatory,short
What is your preferred integration method?,SINGLE-SELECT,API; CSV Import/Export; Other,API,Gemini,verbose,short
What is your preferred integration method?,SINGLE-SELECT,API; CSV Import/Export; Other,API,Gemini,concise,short
What is your preferred integration method?,SINGLE-SELECT,API; CSV Import/Export; Other,API,Gemini,colloquial,short
What is your preferred integration method?,SINGLE-SELECT,API; CSV Import/Export; Other,API,Gemini,explanatory,short
What is your preferred integration method?,SINGLE-SELECT,API; CSV Import/Export; Other,API,Gemini,annoyed,short
What is your preferred medium for artistic expression?,SINGLE-SELECT,Painting; Sculpture; Digital Art; Photography; Graphic Design,Digital Art,Gemini,concise,short
What is your preferred medium for artistic expression?,SINGLE-SELECT,Painting; Sculpture; Digital Art; Photography; Graphic Design,Photography,Gemini,colloquial,short
What is your preferred medium for artistic expression?,SINGLE-SELECT,Painting; Sculpture; Digital Art; Photography; Graphic Design,Photography,Gemini,explanatory,short
What is your preferred medium for artistic expression?,SINGLE-SELECT,Painting; Sculpture; Digital Art; Photography; Graphic Design,Digital Art,Gemini,annoyed,short
What is your preferred method for code review?,SINGLE-SELECT,Pull Requests; Code walkthroughs; Pair programming,Pull Requests,Gemini,verbose,short
What is your preferred method for code review?,SINGLE-SELECT,Pull Requests; Code walkthroughs; Pair programming,Pair programming,Gemini,concise,short
What is your preferred method for code review?,SINGLE-SELECT,Pull Requests; Code walkthroughs; Pair programming,Pull Requests,Gemini,colloquial,short
What is your preferred method for code review?,SINGLE-SELECT,Pull Requests; Code walkthroughs; Pair programming,Pull Requests,Gemini,explanatory,short
What is your preferred method for code review?,SINGLE-SELECT,Pull Requests; Code walkthroughs; Pair programming,Pull Requests,Gemini,annoyed,short
What is your preferred method for providing feedback?,SINGLE-SELECT,Email; Online Survey; In-person Meeting,Email,Gemini,verbose,short
What is your preferred method for providing feedback?,SINGLE-SELECT,Email; Online Survey; In-person Meeting,Email,Gemini,concise,short
What is your preferred method for providing feedback?,SINGLE-SELECT,Email; Online Survey; In-person Meeting,Email,Gemini,colloquial,short
What is your preferred method for providing feedback?,SINGLE-SELECT,Email; Online Survey; In-person Meeting,Email,Gemini,explanatory,short
What is your preferred method for providing feedback?,SINGLE-SELECT,Email; Online Survey; In-person Meeting,Email,Gemini,annoyed,short
What is your preferred method for receiving project updates?,SINGLE-SELECT,Email; Project Management Software; Team Meetings,Email,Gemini,verbose,short
What is your preferred method for receiving project updates?,SINGLE-SELECT,Email; Project Management Software; Team Meetings,Email,Gemini,concise,short
What is your preferred method for receiving project updates?,SINGLE-SELECT,Email; Project Management Software; Team Meetings,Email,Gemini,colloquial,short
What is your preferred method for receiving project updates?,SINGLE-SELECT,Email; Project Management Software; Team Meetings,Email,Gemini,explanatory,short
What is your preferred method for receiving project updates?,SINGLE-SELECT,Email; Project Management Software; Team Meetings,Email,Gemini,annoyed,short
What is your preferred method for receiving updates?,SINGLE-SELECT,Email; SMS; In-app notifications,Inapp notifications,Gemini,verbose,short
What is your preferred method for receiving updates?,SINGLE-SELECT,Email; SMS; In-app notifications,Inapp notifications,Gemini,concise,short
What is your preferred method for receiving updates?,SINGLE-SELECT,Email; SMS; In-app notifications,Inapp notifications,Gemini,colloquial,short
What is your preferred method for receiving updates?,SINGLE-SELECT,Email; SMS; In-app notifications,Inapp notifications,Gemini,explanatory,short
What is your preferred method for receiving updates?,SINGLE-SELECT,Email; SMS; In-app notifications,Inapp notifications,Gemini,annoyed,short
What is your preferred method for scheduling meetings?,SINGLE-SELECT,Email; Calendar invite; Phone call,Email,Gemini,verbose,short
What is your preferred method for scheduling meetings?,SINGLE-SELECT,Email; Calendar invite; Phone call,Email,Gemini,concise,short
What is your preferred method for scheduling meetings?,SINGLE-SELECT,Email; Calendar invite; Phone call,Email,Gemini,colloquial,short
What is your preferred method for scheduling meetings?,SINGLE-SELECT,Email; Calendar invite; Phone call,Email,Gemini,explanatory,short
What is your preferred method for scheduling meetings?,SINGLE-SELECT,Email; Calendar invite; Phone call,Email,Gemini,annoyed,short
What is your preferred method of communication with clients?,SINGLE-SELECT,Email; Phone Calls; Video Conferencing; In-person Meetings; Project Management Software,Email,Gemini,verbose,short
What is your preferred method of communication with clients?,SINGLE-SELECT,Email; Phone Calls; Video Conferencing; In-person Meetings; Project Management Software,Email,Gemini,concise,short
What is your preferred method of communication with clients?,SINGLE-SELECT,Email; Phone Calls; Video Conferencing; In-person Meetings; Project Management Software,Email,Gemini,colloquial,short
What is your preferred method of communication with clients?,SINGLE-SELECT,Email; Phone Calls; Video Conferencing; In-person Meetings; Project Management Software,Email,Gemini,explanatory,short
What is your preferred method of communication with clients?,SINGLE-SELECT,Email; Phone Calls; Video Conferencing; In-person Meetings; Project Management Software,Email,Gemini,annoyed,short
What is your preferred method of communication?,SINGLE-SELECT,Email; Phone; Video Conference,Email,Gemini,verbose,short
What is your preferred method of communication?,SINGLE-SELECT,Email; Phone; Video Conference,Email,Gemini,concise,short
What is your preferred method of communication?,SINGLE-SELECT,Email; Phone; Video Conference,Email,Gemini,colloquial,short
What is your preferred method of communication?,SINGLE-SELECT,Email; Phone; Video Conference,Email,Gemini,explanatory,short
What is your preferred method of communication?,SINGLE-SELECT,Email; Phone; Video Conference,Email,Gemini,annoyed,short
What is your preferred method of generating design ideas?,SINGLE-SELECT,Brainstorming; Mind Mapping; Mood Boarding; Sketching; Research,Brainstorming,Gemini,verbose,short
What is your preferred method of generating design ideas?,SINGLE-SELECT,Brainstorming; Mind Mapping; Mood Boarding; Sketching; Research,Brainstorming,Gemini,concise,short
What is your preferred method of generating design ideas?,SINGLE-SELECT,Brainstorming; Mind Mapping; Mood Boarding; Sketching; Research,Brainstorming,Gemini,colloquial,short
What is your preferred method of generating design ideas?,SINGLE-SELECT,Brainstorming; Mind Mapping; Mood Boarding; Sketching; Research,Brainstorming,Gemini,explanatory,short
What is your preferred method of generating design ideas?,SINGLE-SELECT,Brainstorming; Mind Mapping; Mood Boarding; Sketching; Research,Brainstorming,Gemini,annoyed,short
What is your preferred method of showcasing your work?,SINGLE-SELECT,Online Portfolio; Art Galleries; Art Fairs; Social Media; Personal Exhibitions,Art Fairs,Gemini,verbose,short
What is your preferred method of showcasing your work?,SINGLE-SELECT,Online Portfolio; Art Galleries; Art Fairs; Social Media; Personal Exhibitions,Online Portfolio,Gemini,concise,short
What is your preferred method of showcasing your work?,SINGLE-SELECT,Online Portfolio; Art Galleries; Art Fairs; Social Media; Personal Exhibitions,Online Portfolio,Gemini,colloquial,short
What is your preferred method of showcasing your work?,SINGLE-SELECT,Online Portfolio; Art Galleries; Art Fairs; Social Media; Personal Exhibitions,Online Portfolio,Gemini,explanatory,short
What is your preferred method of showcasing your work?,SINGLE-SELECT,Online Portfolio; Art Galleries; Art Fairs; Social Media; Personal Exhibitions,Art Fairs,Gemini,annoyed,short
What is your preferred payment method?,SINGLE-SELECT,Credit Card; Bank Transfer; PayPal,Credit Card,Gemini,verbose,short
What is your preferred payment method?,SINGLE-SELECT,Credit Card; Bank Transfer; PayPal,Credit Card,Gemini,concise,short
What is your preferred payment method?,SINGLE-SELECT,Credit Card; Bank Transfer; PayPal,Credit Card,Gemini,colloquial,short
What is your preferred payment method?,SINGLE-SELECT,Credit Card; Bank Transfer; PayPal,Credit Card,Gemini,explanatory,short
What is your preferred payment method?,SINGLE-SELECT,Credit Card; Bank Transfer; PayPal,Credit Card,Gemini,annoyed,short
What is your preferred programming language?,SINGLE-SELECT,Python; Java; JavaScript; C++; C#,C is my preferred programming language,Gemini,verbose,short
What is your preferred programming language?,SINGLE-SELECT,Python; Java; JavaScript; C++; C#,C,Gemini,concise,short
What is your preferred programming language?,SINGLE-SELECT,Python; Java; JavaScript; C++; C#,C,Gemini,colloquial,short
What is your preferred programming language?,SINGLE-SELECT,Python; Java; JavaScript; C++; C#,C is my preferred programming language,Gemini,explanatory,short
What is your preferred programming language?,SINGLE-SELECT,Python; Java; JavaScript; C++; C#,C,Gemini,annoyed,short
What is your preferred style of written communication?,SINGLE-SELECT,Concise; Detailed; Formal; Informal,Concise,Gemini,verbose,short
What is your preferred style of written communication?,SINGLE-SELECT,Concise; Detailed; Formal; Informal,Concise,Gemini,concise,short
What is your preferred style of written communication?,SINGLE-SELECT,Concise; Detailed; Formal; Informal,Concise,Gemini,colloquial,short
What is your preferred style of written communication?,SINGLE-SELECT,Concise; Detailed; Formal; Informal,Concise,Gemini,explanatory,short
What is your preferred style of written communication?,SINGLE-SELECT,Concise; Detailed; Formal; Informal,Concise,Gemini,annoyed,short
What is your preferred testing framework?,SINGLE-SELECT,JUnit; pytest; NUnit; Mocha; Jest,JUnit,Gemini,verbose,short
What is your preferred testing framework?,SINGLE-SELECT,JUnit; pytest; NUnit; Mocha; Jest,JUnit,Gemini,concise,short
What is your preferred testing framework?,SINGLE-SELECT,JUnit; pytest; NUnit; Mocha; Jest,JUnit,Gemini,colloquial,short
What is your preferred testing framework?,SINGLE-SELECT,JUnit; pytest; NUnit; Mocha; Jest,JUnit,Gemini,explanatory,short
What is your preferred testing framework?,SINGLE-SELECT,JUnit; pytest; NUnit; Mocha; Jest,JUnit,Gemini,annoyed,short
What is your preferred timeline for implementation?,SINGLE-SELECT,Immediate; Within 1 month; Within 3 months; Within 6 months; Longer than 6 months,Within 6 months,Gemini,verbose,short
What is your preferred timeline for implementation?,SINGLE-SELECT,Immediate; Within 1 month; Within 3 months; Within 6 months; Longer than 6 months,Within 6 months,Gemini,concise,short
What is your preferred timeline for implementation?,SINGLE-SELECT,Immediate; Within 1 month; Within 3 months; Within 6 months; Longer than 6 months,Within 6 months,Gemini,colloquial,short
What is your preferred timeline for implementation?,SINGLE-SELECT,Immediate; Within 1 month; Within 3 months; Within 6 months; Longer than 6 months,Within 6 months,Gemini,explanatory,short
What is your preferred timeline for implementation?,SINGLE-SELECT,Immediate; Within 1 month; Within 3 months; Within 6 months; Longer than 6 months,Within 6 months,Gemini,annoyed,short
What is your preferred workflow for completing a design project?,SINGLE-SELECT,Agile; Waterfall; Iterative; Lean; Kanban,Iterative,Gemini,verbose,short
What is your preferred workflow for completing a design project?,SINGLE-SELECT,Agile; Waterfall; Iterative; Lean; Kanban,Iterative,Gemini,concise,short
What is your preferred workflow for completing a design project?,SINGLE-SELECT,Agile; Waterfall; Iterative; Lean; Kanban,Iterative,Gemini,colloquial,short
What is your preferred workflow for completing a design project?,SINGLE-SELECT,Agile; Waterfall; Iterative; Lean; Kanban,Iterative,Gemini,explanatory,short
What is your preferred workflow for completing a design project?,SINGLE-SELECT,Agile; Waterfall; Iterative; Lean; Kanban,Iterative,Gemini,annoyed,short
What is your primary concern when choosing a product like this?,SINGLE-SELECT,Price; Features; Customer Support; Ease of Use,Price,Gemini,verbose,short
What is your primary concern when choosing a product like this?,SINGLE-SELECT,Price; Features; Customer Support; Ease of Use,Price,Gemini,concise,short
What is your primary concern when choosing a product like this?,SINGLE-SELECT,Price; Features; Customer Support; Ease of Use,Price,Gemini,colloquial,short
What is your primary concern when choosing a product like this?,SINGLE-SELECT,Price; Features; Customer Support; Ease of Use,Price,Gemini,explanatory,short
What is your primary concern when choosing a product like this?,SINGLE-SELECT,Price; Features; Customer Support; Ease of Use,Price,Gemini,annoyed,short
What is your primary role in the art and design industry?,SINGLE-SELECT,Artist; Designer; Art Director; Graphic Designer; UX/UI Designer,Artist,Gemini,verbose,short
What is your primary role in the art and design industry?,SINGLE-SELECT,Artist; Designer; Art Director; Graphic Designer; UX/UI Designer,Artist,Gemini,concise,short
What is your primary role in the art and design industry?,SINGLE-SELECT,Artist; Designer; Art Director; Graphic Designer; UX/UI Designer,Artist,Gemini,colloquial,short
What is your primary role in the art and design industry?,SINGLE-SELECT,Artist; Designer; Art Director; Graphic Designer; UX/UI Designer,Artist,Gemini,explanatory,short
What is your primary role in the art and design industry?,SINGLE-SELECT,Artist; Designer; Art Director; Graphic Designer; UX/UI Designer,Artist,Gemini,annoyed,short
What is your primary role in your organization?,SINGLE-SELECT,Decision Maker; Influencer; End User,Decision Maker,Gemini,verbose,short
What is your primary role in your organization?,SINGLE-SELECT,Decision Maker; Influencer; End User,Decision Maker,Gemini,concise,short
What is your primary role in your organization?,SINGLE-SELECT,Decision Maker; Influencer; End User,Decision Maker,Gemini,colloquial,short
What is your primary role in your organization?,SINGLE-SELECT,Decision Maker; Influencer; End User,Decision Maker,Gemini,explanatory,short
What is your primary role in your organization?,SINGLE-SELECT,Decision Maker; Influencer; End User,Decision Maker,Gemini,annoyed,short
What is your primary source of leads?,SINGLE-SELECT,Inbound Marketing; Outbound Sales; Referrals; Partnerships,Inbound Marketing,Gemini,verbose,short
What is your primary source of leads?,SINGLE-SELECT,Inbound Marketing; Outbound Sales; Referrals; Partnerships,Inbound Marketing,Gemini,concise,short
What is your primary source of leads?,SINGLE-SELECT,Inbound Marketing; Outbound Sales; Referrals; Partnerships,Inbound Marketing,Gemini,colloquial,short
What is your primary source of leads?,SINGLE-SELECT,Inbound Marketing; Outbound Sales; Referrals; Partnerships,Inbound Marketing,Gemini,explanatory,short
What is your primary source of leads?,SINGLE-SELECT,Inbound Marketing; Outbound Sales; Referrals; Partnerships,Inbound Marketing,Gemini,annoyed,short
What is your purchase decision-making process?,SINGLE-SELECT,Quick Decision; Moderate Decision; Lengthy Decision,Lengthy Decision,Gemini,verbose,short
What is your purchase decision-making process?,SINGLE-SELECT,Quick Decision; Moderate Decision; Lengthy Decision,Lengthy Decision,Gemini,concise,short
What is your purchase decision-making process?,SINGLE-SELECT,Quick Decision; Moderate Decision; Lengthy Decision,Quick Decision,Gemini,colloquial,short
What is your purchase decision-making process?,SINGLE-SELECT,Quick Decision; Moderate Decision; Lengthy Decision,Lengthy Decision,Gemini,explanatory,short
What is your purchase decision-making process?,SINGLE-SELECT,Quick Decision; Moderate Decision; Lengthy Decision,Quick Decision,Gemini,annoyed,short
What is your purchasing authority?,SINGLE-SELECT,Full Authority; Partial Authority; No Authority,Full Authority,Gemini,verbose,short
What is your purchasing authority?,SINGLE-SELECT,Full Authority; Partial Authority; No Authority,Full Authority,Gemini,concise,short
What is your purchasing authority?,SINGLE-SELECT,Full Authority; Partial Authority; No Authority,Full Authority,Gemini,colloquial,short
What is your purchasing authority?,SINGLE-SELECT,Full Authority; Partial Authority; No Authority,Full Authority,Gemini,explanatory,short
What is your purchasing authority?,SINGLE-SELECT,Full Authority; Partial Authority; No Authority,Full Authority,Gemini,annoyed,short
What is your role in the team?,SINGLE-SELECT,Frontend Developer; Backend Developer; Fullstack Developer; Data Scientist; Project Manager,Project Manager,Gemini,verbose,short
What is your role in the team?,SINGLE-SELECT,Frontend Developer; Backend Developer; Fullstack Developer; Data Scientist; Project Manager,Project Manager,Gemini,concise,short
What is your role in the team?,SINGLE-SELECT,Frontend Developer; Backend Developer; Fullstack Developer; Data Scientist; Project Manager,Project Manager,Gemini,colloquial,short
What is your role in the team?,SINGLE-SELECT,Frontend Developer; Backend Developer; Fullstack Developer; Data Scientist; Project Manager,Project Manager,Gemini,explanatory,short
What is your role in the team?,SINGLE-SELECT,Frontend Developer; Backend Developer; Fullstack Developer; Data Scientist; Project Manager,Project Manager,Gemini,annoyed,short
What is your team size?,SINGLE-SELECT,1-5; 6-10; 11-20; 20+,20,Gemini,verbose,short
What is your team size?,SINGLE-SELECT,1-5; 6-10; 11-20; 20+,20,Gemini,concise,short
What is your team size?,SINGLE-SELECT,1-5; 6-10; 11-20; 20+,20,Gemini,colloquial,short
What is your team size?,SINGLE-SELECT,1-5; 6-10; 11-20; 20+,20,Gemini,explanatory,short
What is your team size?,SINGLE-SELECT,1-5; 6-10; 11-20; 20+,20,Gemini,annoyed,short
What methodology do you follow for software development?,SINGLE-SELECT,Agile; Waterfall; Scrum; Kanban,Agile,Gemini,verbose,short
What methodology do you follow for software development?,SINGLE-SELECT,Agile; Waterfall; Scrum; Kanban,Agile,Gemini,concise,short
What methodology do you follow for software development?,SINGLE-SELECT,Agile; Waterfall; Scrum; Kanban,Agile,Gemini,colloquial,short
What methodology do you follow for software development?,SINGLE-SELECT,Agile; Waterfall; Scrum; Kanban,Agile,Gemini,explanatory,short
What methodology do you follow for software development?,SINGLE-SELECT,Agile; Waterfall; Scrum; Kanban,Agile,Gemini,annoyed,short
What software do you primarily use for your work?,SINGLE-SELECT,Adobe Photoshop; Adobe Illustrator; Adobe InDesign; Figma; Sketch,Adobe Illustrator,Gemini,verbose,short
What software do you primarily use for your work?,SINGLE-SELECT,Adobe Photoshop; Adobe Illustrator; Adobe InDesign; Figma; Sketch,Adobe Illustrator,Gemini,concise,short
What software do you primarily use for your work?,SINGLE-SELECT,Adobe Photoshop; Adobe Illustrator; Adobe InDesign; Figma; Sketch,Adobe Illustrator,Gemini,colloquial,short
What software do you primarily use for your work?,SINGLE-SELECT,Adobe Photoshop; Adobe Illustrator; Adobe InDesign; Figma; Sketch,Adobe Illustrator,Gemini,explanatory,short
What software do you primarily use for your work?,SINGLE-SELECT,Adobe Photoshop; Adobe Illustrator; Adobe InDesign; Figma; Sketch,Adobe Illustrator,Gemini,annoyed,short
What style of art are you most drawn to?,SINGLE-SELECT,Abstract; Realism; Surrealism; Impressionism; Pop Art,Abstract,Gemini,verbose,short
What style of art are you most drawn to?,SINGLE-SELECT,Abstract; Realism; Surrealism; Impressionism; Pop Art,Abstract,Gemini,concise,short
What style of art are you most drawn to?,SINGLE-SELECT,Abstract; Realism; Surrealism; Impressionism; Pop Art,Abstract,Gemini,colloquial,short
What style of art are you most drawn to?,SINGLE-SELECT,Abstract; Realism; Surrealism; Impressionism; Pop Art,Abstract,Gemini,explanatory,short
What style of art are you most drawn to?,SINGLE-SELECT,Abstract; Realism; Surrealism; Impressionism; Pop Art,Abstract,Gemini,annoyed,short
What type of art do you collect?,SINGLE-SELECT,Paintings; Sculptures; Prints; Photographs; Digital Art,I collect Sculptures,Gemini,verbose,short
What type of art do you collect?,SINGLE-SELECT,Paintings; Sculptures; Prints; Photographs; Digital Art,Digital Art,Gemini,concise,short
What type of art do you collect?,SINGLE-SELECT,Paintings; Sculptures; Prints; Photographs; Digital Art,I collect Sculptures,Gemini,colloquial,short
What type of art do you collect?,SINGLE-SELECT,Paintings; Sculptures; Prints; Photographs; Digital Art,I collect Sculptures,Gemini,explanatory,short
What type of art do you collect?,SINGLE-SELECT,Paintings; Sculptures; Prints; Photographs; Digital Art,I collect Sculptures,Gemini,annoyed,short
What type of design projects are you currently working on?,SINGLE-SELECT,Branding Projects; Website Designs; Mobile App Designs; Illustration Projects; Graphic Design Projects,I am currently working on Graphic Design Projects,Gemini,verbose,short
What type of design projects are you currently working on?,SINGLE-SELECT,Branding Projects; Website Designs; Mobile App Designs; Illustration Projects; Graphic Design Projects,Graphic Design Projects,Gemini,concise,short
What type of design projects are you currently working on?,SINGLE-SELECT,Branding Projects; Website Designs; Mobile App Designs; Illustration Projects; Graphic Design Projects,I am currently working on Graphic Design Projects,Gemini,colloquial,short
What type of design projects are you currently working on?,SINGLE-SELECT,Branding Projects; Website Designs; Mobile App Designs; Illustration Projects; Graphic Design Projects,Graphic Design Projects,Gemini,explanatory,short
What type of design projects are you currently working on?,SINGLE-SELECT,Branding Projects; Website Designs; Mobile App Designs; Illustration Projects; Graphic Design Projects,I am currently working on Graphic Design Projects,Gemini,annoyed,short
What type of design projects do you enjoy the most?,SINGLE-SELECT,Branding; Web Design; Packaging Design; Illustration; Typography,Web Design,Gemini,verbose,short
What type of design projects do you enjoy the most?,SINGLE-SELECT,Branding; Web Design; Packaging Design; Illustration; Typography,Web Design,Gemini,concise,short
What type of design projects do you enjoy the most?,SINGLE-SELECT,Branding; Web Design; Packaging Design; Illustration; Typography,I enjoy Typography,Gemini,colloquial,short
What type of design projects do you enjoy the most?,SINGLE-SELECT,Branding; Web Design; Packaging Design; Illustration; Typography,Web Design,Gemini,explanatory,short
What type of design projects do you enjoy the most?,SINGLE-SELECT,Branding; Web Design; Packaging Design; Illustration; Typography,Web Design,Gemini,annoyed,short
What type of design thinking methodology do you prefer?,SINGLE-SELECT,Human-centered Design; Design Thinking; Lean UX; Double Diamond; Agile Design,Lean UX,Gemini,verbose,short
What type of design thinking methodology do you prefer?,SINGLE-SELECT,Human-centered Design; Design Thinking; Lean UX; Double Diamond; Agile Design,Lean UX,Gemini,concise,short
What type of design thinking methodology do you prefer?,SINGLE-SELECT,Human-centered Design; Design Thinking; Lean UX; Double Diamond; Agile Design,Lean UX,Gemini,colloquial,short
What type of design thinking methodology do you prefer?,SINGLE-SELECT,Human-centered Design; Design Thinking; Lean UX; Double Diamond; Agile Design,Lean UX,Gemini,explanatory,short
What type of design thinking methodology do you prefer?,SINGLE-SELECT,Human-centered Design; Design Thinking; Lean UX; Double Diamond; Agile Design,Lean UX,Gemini,annoyed,short
What type of feedback are you most interested in receiving on your work?,SINGLE-SELECT,Constructive Criticism; Positive Reinforcement; Peer Reviews; Client Feedback; Public Opinion,Positive Reinforcement,Gemini,verbose,short
What type of feedback are you most interested in receiving on your work?,SINGLE-SELECT,Constructive Criticism; Positive Reinforcement; Peer Reviews; Client Feedback; Public Opinion,Positive Reinforcement,Gemini,concise,short
What type of feedback are you most interested in receiving on your work?,SINGLE-SELECT,Constructive Criticism; Positive Reinforcement; Peer Reviews; Client Feedback; Public Opinion,Positive Reinforcement,Gemini,colloquial,short
What type of feedback are you most interested in receiving on your work?,SINGLE-SELECT,Constructive Criticism; Positive Reinforcement; Peer Reviews; Client Feedback; Public Opinion,Positive Reinforcement,Gemini,explanatory,short
What type of feedback are you most interested in receiving on your work?,SINGLE-SELECT,Constructive Criticism; Positive Reinforcement; Peer Reviews; Client Feedback; Public Opinion,Positive Reinforcement,Gemini,annoyed,short
What type of project are you working on?,SINGLE-SELECT,Web Application; Mobile Application; Desktop Application; Game; Library,Im working on a Web Application,Gemini,verbose,short
What type of project are you working on?,SINGLE-SELECT,Web Application; Mobile Application; Desktop Application; Game; Library,Im working on a Web Application,Gemini,concise,short
What type of project are you working on?,SINGLE-SELECT,Web Application; Mobile Application; Desktop Application; Game; Library,Im working on a Web Application,Gemini,colloquial,short
What type of project are you working on?,SINGLE-SELECT,Web Application; Mobile Application; Desktop Application; Game; Library,Im working on a Web Application,Gemini,explanatory,short
What type of project are you working on?,SINGLE-SELECT,Web Application; Mobile Application; Desktop Application; Game; Library,Im working on a Web Application,Gemini,annoyed,short
What type of software development are you interested in?,SINGLE-SELECT,Web Development; Mobile Development; Game Development; Data Science; Embedded Systems,Embedded Systems,Gemini,verbose,short
What type of software development are you interested in?,SINGLE-SELECT,Web Development; Mobile Development; Game Development; Data Science; Embedded Systems,Embedded Systems,Gemini,concise,short
What type of software development are you interested in?,SINGLE-SELECT,Web Development; Mobile Development; Game Development; Data Science; Embedded Systems,Embedded Systems,Gemini,colloquial,short
What type of software development are you interested in?,SINGLE-SELECT,Web Development; Mobile Development; Game Development; Data Science; Embedded Systems,Embedded Systems,Gemini,explanatory,short
What type of software development are you interested in?,SINGLE-SELECT,Web Development; Mobile Development; Game Development; Data Science; Embedded Systems,Embedded Systems,Gemini,annoyed,short
What type of testing do you prefer?,SINGLE-SELECT,Unit Testing; Integration Testing; End-to-End Testing; UI Testing,I prefer integration testing,Gemini,verbose,short
What type of testing do you prefer?,SINGLE-SELECT,Unit Testing; Integration Testing; End-to-End Testing; UI Testing,I prefer integration testing,Gemini,concise,short
What type of testing do you prefer?,SINGLE-SELECT,Unit Testing; Integration Testing; End-to-End Testing; UI Testing,I prefer integration testing,Gemini,colloquial,short
What type of testing do you prefer?,SINGLE-SELECT,Unit Testing; Integration Testing; End-to-End Testing; UI Testing,I prefer integration testing,Gemini,explanatory,short
What type of testing do you prefer?,SINGLE-SELECT,Unit Testing; Integration Testing; End-to-End Testing; UI Testing,I prefer integration testing,Gemini,annoyed,short
What version control system do you use?,SINGLE-SELECT,Git; SVN; Mercurial,SVN,Gemini,verbose,short
What version control system do you use?,SINGLE-SELECT,Git; SVN; Mercurial,SVN,Gemini,concise,short
What version control system do you use?,SINGLE-SELECT,Git; SVN; Mercurial,SVN,Gemini,colloquial,short
What version control system do you use?,SINGLE-SELECT,Git; SVN; Mercurial,SVN,Gemini,explanatory,short
What version control system do you use?,SINGLE-SELECT,Git; SVN; Mercurial,SVN,Gemini,annoyed,short
Which communication platform do you prefer?,SINGLE-SELECT,Slack; Microsoft Teams; Google Chat; Zoom; Other,Google Chat,Gemini,verbose,short
Which communication platform do you prefer?,SINGLE-SELECT,Slack; Microsoft Teams; Google Chat; Zoom; Other,Google Chat,Gemini,concise,short
Which communication platform do you prefer?,SINGLE-SELECT,Slack; Microsoft Teams; Google Chat; Zoom; Other,Google Chat,Gemini,colloquial,short
Which communication platform do you prefer?,SINGLE-SELECT,Slack; Microsoft Teams; Google Chat; Zoom; Other,Google Chat,Gemini,explanatory,short
Which communication platform do you prefer?,SINGLE-SELECT,Slack; Microsoft Teams; Google Chat; Zoom; Other,Google Chat,Gemini,annoyed,short
Your role in the company,SINGLE-SELECT,CEO; Marketing Manager; Sales Representative; Customer Service; Engineer,CEO,Gemini,verbose,short
Your role in the company,SINGLE-SELECT,CEO; Marketing Manager; Sales Representative; Customer Service; Engineer,CEO,Gemini,concise,short
Your role in the company,SINGLE-SELECT,CEO; Marketing Manager; Sales Representative; Customer Service; Engineer,CEO,Gemini,colloquial,short
Your role in the company,SINGLE-SELECT,CEO; Marketing Manager; Sales Representative; Customer Service; Engineer,CEO,Gemini,explanatory,short
Your role in the company,SINGLE-SELECT,CEO; Marketing Manager; Sales Representative; Customer Service; Engineer,CEO,Gemini,annoyed,short
What is your preferred client type?,SINGLE-SELECT,Small Businesses; Large Corporations; Non-profits; Individuals; Government Agencies,Small Businesses,Gemini,verbose,short
What is your preferred client type?,SINGLE-SELECT,Small Businesses; Large Corporations; Non-profits; Individuals; Government Agencies,Small Businesses,Gemini,concise,short
What is your preferred client type?,SINGLE-SELECT,Small Businesses; Large Corporations; Non-profits; Individuals; Government Agencies,Small Businesses,Gemini,colloquial,short
What is your preferred client type?,SINGLE-SELECT,Small Businesses; Large Corporations; Non-profits; Individuals; Government Agencies,Small Business,Gemini,explanatory,short
What is your preferred client type?,SINGLE-SELECT,Small Businesses; Large Corporations; Non-profits; Individuals; Government Agencies,Small Businesses,Gemini,annoyed,short
What algorithms are you familiar with?,MULTI-SELECT,Sorting algorithms; Searching algorithms; Graph algorithms; Dynamic programming; Greedy algorithms; Divide and conquer,Graph algorithms,Gemini,verbose,short
What algorithms are you familiar with?,MULTI-SELECT,Sorting algorithms; Searching algorithms; Graph algorithms; Dynamic programming; Greedy algorithms; Divide and conquer,Graph algorithms,Gemini,concise,short
What algorithms are you familiar with?,MULTI-SELECT,Sorting algorithms; Searching algorithms; Graph algorithms; Dynamic programming; Greedy algorithms; Divide and conquer,I am familiar with Graph algorithms,Gemini,colloquial,short
What algorithms are you familiar with?,MULTI-SELECT,Sorting algorithms; Searching algorithms; Graph algorithms; Dynamic programming; Greedy algorithms; Divide and conquer,Graph algorithms,Gemini,explanatory,short
What algorithms are you familiar with?,MULTI-SELECT,Sorting algorithms; Searching algorithms; Graph algorithms; Dynamic programming; Greedy algorithms; Divide and conquer,Graph algorithms,Gemini,annoyed,short
What are the most important factors you consider when evaluating sales leads?,MULTI-SELECT,Company size; Industry; Budget; Need; Authority,Company size is the most important factor,Gemini,verbose,short
What are the most important factors you consider when evaluating sales leads?,MULTI-SELECT,Company size; Industry; Budget; Need; Authority,Company size is the most important factor,Gemini,concise,short
What are the most important factors you consider when evaluating sales leads?,MULTI-SELECT,Company size; Industry; Budget; Need; Authority,Company size is the most important factor,Gemini,colloquial,short
What are the most important factors you consider when evaluating sales leads?,MULTI-SELECT,Company size; Industry; Budget; Need; Authority,Company size is the most important factor,Gemini,explanatory,short
What are the most important factors you consider when evaluating sales leads?,MULTI-SELECT,Company size; Industry; Budget; Need; Authority,Company size is the most important factor,Gemini,annoyed,short
What are your biggest challenges in achieving your business goals?,MULTI-SELECT,Lack of leads; Low conversion rates; High customer acquisition costs; Competition; Lack of resources,Lack of leads,Gemini,verbose,short
What are your biggest challenges in achieving your business goals?,MULTI-SELECT,Lack of leads; Low conversion rates; High customer acquisition costs; Competition; Lack of resources,Lack of leads,Gemini,concise,short
What are your biggest challenges in achieving your business goals?,MULTI-SELECT,Lack of leads; Low conversion rates; High customer acquisition costs; Competition; Lack of resources,Lack of leads,Gemini,colloquial,short
What are your biggest challenges in achieving your business goals?,MULTI-SELECT,Lack of leads; Low conversion rates; High customer acquisition costs; Competition; Lack of resources,Lack of leads,Gemini,explanatory,short
What are your biggest challenges in closing deals?,MULTI-SELECT,Objections from prospects; Price sensitivity; Long sales cycles; Competition; Lack of budget,Competition,Gemini,verbose,short
What are your biggest challenges in closing deals?,MULTI-SELECT,Objections from prospects; Price sensitivity; Long sales cycles; Competition; Lack of budget,Competition,Gemini,concise,short
What are your biggest challenges in closing deals?,MULTI-SELECT,Objections from prospects; Price sensitivity; Long sales cycles; Competition; Lack of budget,Competition,Gemini,colloquial,short
What are your biggest challenges in closing deals?,MULTI-SELECT,Objections from prospects; Price sensitivity; Long sales cycles; Competition; Lack of budget,Price sensitivity,Gemini,explanatory,short
What are your biggest challenges in closing deals?,MULTI-SELECT,Objections from prospects; Price sensitivity; Long sales cycles; Competition; Lack of budget,Price sensitivity,Gemini,annoyed,short
What are your biggest challenges in managing your sales pipeline?,MULTI-SELECT,Tracking deal progress; Forecasting sales accurately; Prioritizing deals effectively; Identifying and addressing bottlenecks; Maintaining pipeline visibility,Identifying and addressing bottlenecks,Gemini,verbose,short
What are your biggest challenges in managing your sales pipeline?,MULTI-SELECT,Tracking deal progress; Forecasting sales accurately; Prioritizing deals effectively; Identifying and addressing bottlenecks; Maintaining pipeline visibility,Identifying and addressing bottlenecks,Gemini,concise,short
What are your biggest challenges in managing your sales pipeline?,MULTI-SELECT,Tracking deal progress; Forecasting sales accurately; Prioritizing deals effectively; Identifying and addressing bottlenecks; Maintaining pipeline visibility,Identifying and addressing bottlenecks,Gemini,colloquial,short
What are your biggest challenges in managing your sales pipeline?,MULTI-SELECT,Tracking deal progress; Forecasting sales accurately; Prioritizing deals effectively; Identifying and addressing bottlenecks; Maintaining pipeline visibility,Identifying and addressing bottlenecks,Gemini,explanatory,short
What are your biggest challenges in managing your sales pipeline?,MULTI-SELECT,Tracking deal progress; Forecasting sales accurately; Prioritizing deals effectively; Identifying and addressing bottlenecks; Maintaining pipeline visibility,Identifying and addressing bottlenecks,Gemini,annoyed,short
What are your biggest challenges in managing your sales team?,MULTI-SELECT,Maintaining team motivation; Ensuring consistent performance; Providing adequate training and development; Managing team conflicts; Tracking team progress,Ensuring consistent performance,Gemini,verbose,short
What are your biggest challenges in managing your sales team?,MULTI-SELECT,Maintaining team motivation; Ensuring consistent performance; Providing adequate training and development; Managing team conflicts; Tracking team progress,Ensuring consistent performance,Gemini,concise,short
What are your biggest challenges in managing your sales team?,MULTI-SELECT,Maintaining team motivation; Ensuring consistent performance; Providing adequate training and development; Managing team conflicts; Tracking team progress,Ensuring consistent performance,Gemini,colloquial,short
What are your biggest challenges in managing your sales team?,MULTI-SELECT,Maintaining team motivation; Ensuring consistent performance; Providing adequate training and development; Managing team conflicts; Tracking team progress,Ensuring consistent performance,Gemini,explanatory,short
What are your biggest challenges in managing your sales team?,MULTI-SELECT,Maintaining team motivation; Ensuring consistent performance; Providing adequate training and development; Managing team conflicts; Tracking team progress,Ensuring consistent performance,Gemini,annoyed,short
What are your biggest challenges in scaling your sales operations?,MULTI-SELECT,Hiring and training new sales reps; Managing increasing sales volume; Maintaining consistent sales performance; Scaling your sales technology; Managing sales team growth,Managing increasing sales volume,Gemini,verbose,short
What are your biggest challenges in scaling your sales operations?,MULTI-SELECT,Hiring and training new sales reps; Managing increasing sales volume; Maintaining consistent sales performance; Scaling your sales technology; Managing sales team growth,Managing increasing sales volume,Gemini,concise,short
What are your biggest challenges in scaling your sales operations?,MULTI-SELECT,Hiring and training new sales reps; Managing increasing sales volume; Maintaining consistent sales performance; Scaling your sales technology; Managing sales team growth,Managing increasing sales volume,Gemini,colloquial,short
What are your biggest challenges in scaling your sales operations?,MULTI-SELECT,Hiring and training new sales reps; Managing increasing sales volume; Maintaining consistent sales performance; Scaling your sales technology; Managing sales team growth,Managing increasing sales volume,Gemini,explanatory,short
What are your biggest challenges in scaling your sales operations?,MULTI-SELECT,Hiring and training new sales reps; Managing increasing sales volume; Maintaining consistent sales performance; Scaling your sales technology; Managing sales team growth,Managing increasing sales volume,Gemini,annoyed,short
What are your biggest concerns about the future of work?,MULTI-SELECT,Automation; Artificial intelligence; Remote work; Gig economy; Skills gap,Gig economy,Gemini,verbose,short
What are your biggest concerns about the future of work?,MULTI-SELECT,Automation; Artificial intelligence; Remote work; Gig economy; Skills gap,Gig economy,Gemini,concise,short
What are your biggest concerns about the future of work?,MULTI-SELECT,Automation; Artificial intelligence; Remote work; Gig economy; Skills gap,Gig economy,Gemini,colloquial,short
What are your biggest concerns about the future of work?,MULTI-SELECT,Automation; Artificial intelligence; Remote work; Gig economy; Skills gap,Gig economy,Gemini,explanatory,short
What are your biggest concerns about the future of work?,MULTI-SELECT,Automation; Artificial intelligence; Remote work; Gig economy; Skills gap,Gig economy,Gemini,annoyed,short
What are your biggest concerns about the future of your industry?,MULTI-SELECT,Economic downturn; Increased competition; Technological disruption; Regulatory changes; Talent shortages,Economic downturn,Gemini,verbose,short
What are your biggest concerns about the future of your industry?,MULTI-SELECT,Economic downturn; Increased competition; Technological disruption; Regulatory changes; Talent shortages,Increased competition,Gemini,concise,short
What are your biggest concerns about the future of your industry?,MULTI-SELECT,Economic downturn; Increased competition; Technological disruption; Regulatory changes; Talent shortages,Increased competition,Gemini,colloquial,short
What are your biggest concerns about the future of your industry?,MULTI-SELECT,Economic downturn; Increased competition; Technological disruption; Regulatory changes; Talent shortages,Technological disruption,Gemini,explanatory,short
What are your biggest concerns about the future of your industry?,MULTI-SELECT,Economic downturn; Increased competition; Technological disruption; Regulatory changes; Talent shortages,Economic downturn,Gemini,annoyed,short
What are your biggest concerns regarding data privacy and security?,MULTI-SELECT,Data breaches; Data loss; Compliance with data privacy regulations; Protecting customer data; Ensuring data integrity,Ensuring data integrity,Gemini,verbose,short
What are your biggest concerns regarding data privacy and security?,MULTI-SELECT,Data breaches; Data loss; Compliance with data privacy regulations; Protecting customer data; Ensuring data integrity,Ensuring data integrity,Gemini,concise,short
What are your biggest concerns regarding data privacy and security?,MULTI-SELECT,Data breaches; Data loss; Compliance with data privacy regulations; Protecting customer data; Ensuring data integrity,Ensuring data integrity,Gemini,colloquial,short
What are your biggest concerns regarding data privacy and security?,MULTI-SELECT,Data breaches; Data loss; Compliance with data privacy regulations; Protecting customer data; Ensuring data integrity,Ensuring data integrity,Gemini,explanatory,short
What are your biggest concerns regarding data privacy and security?,MULTI-SELECT,Data breaches; Data loss; Compliance with data privacy regulations; Protecting customer data; Ensuring data integrity,Data breaches,Gemini,annoyed,short
What are your biggest concerns regarding future regulatory changes?,MULTI-SELECT,Environmental regulations; Safety regulations; Labor regulations; Tax regulations; Trade regulations,Environmental regulations,Gemini,verbose,short
What are your biggest concerns regarding future regulatory changes?,MULTI-SELECT,Environmental regulations; Safety regulations; Labor regulations; Tax regulations; Trade regulations,Environmental regulations,Gemini,concise,short
What are your biggest concerns regarding future regulatory changes?,MULTI-SELECT,Environmental regulations; Safety regulations; Labor regulations; Tax regulations; Trade regulations,Environmental regulations,Gemini,explanatory,short
What are your biggest concerns regarding future regulatory changes?,MULTI-SELECT,Environmental regulations; Safety regulations; Labor regulations; Tax regulations; Trade regulations,Environmental regulations,Gemini,annoyed,short
What are your biggest operational challenges?,MULTI-SELECT,Maintaining equipment; Managing costs; Finding skilled labor; Meeting environmental regulations; Supply chain disruptions,Managing costs,Gemini,verbose,short
What are your biggest operational challenges?,MULTI-SELECT,Maintaining equipment; Managing costs; Finding skilled labor; Meeting environmental regulations; Supply chain disruptions,Managing costs,Gemini,concise,short
What are your biggest operational challenges?,MULTI-SELECT,Maintaining equipment; Managing costs; Finding skilled labor; Meeting environmental regulations; Supply chain disruptions,Managing costs,Gemini,colloquial,short
What are your biggest operational challenges?,MULTI-SELECT,Maintaining equipment; Managing costs; Finding skilled labor; Meeting environmental regulations; Supply chain disruptions,Managing costs,Gemini,explanatory,short
What are your biggest operational challenges?,MULTI-SELECT,Maintaining equipment; Managing costs; Finding skilled labor; Meeting environmental regulations; Supply chain disruptions,Managing costs,Gemini,annoyed,short
What are your career goals as a software developer?,MULTI-SELECT,Technical leadership; Specialized expertise; Entrepreneurship; Continuous learning and growth,Continuous learning and growth,Gemini,verbose,short
What are your career goals as a software developer?,MULTI-SELECT,Technical leadership; Specialized expertise; Entrepreneurship; Continuous learning and growth,Continuous learning and growth,Gemini,concise,short
What are your career goals as a software developer?,MULTI-SELECT,Technical leadership; Specialized expertise; Entrepreneurship; Continuous learning and growth,Continuous learning and growth,Gemini,colloquial,short
What are your career goals as a software developer?,MULTI-SELECT,Technical leadership; Specialized expertise; Entrepreneurship; Continuous learning and growth,Continuous learning and growth,Gemini,explanatory,short
What are your career goals as a software developer?,MULTI-SELECT,Technical leadership; Specialized expertise; Entrepreneurship; Continuous learning and growth,Continuous learning and growth,Gemini,annoyed,short
What are your company's biggest achievements?,MULTI-SELECT,Winning a major award; Launching a successful new product; Expanding into new markets; Achieving significant revenue growth; Building a strong brand reputation,Achieving significant revenue growth,Gemini,verbose,short
What are your company's biggest achievements?,MULTI-SELECT,Winning a major award; Launching a successful new product; Expanding into new markets; Achieving significant revenue growth; Building a strong brand reputation,Achieving significant revenue growth,Gemini,concise,short
What are your company's biggest achievements?,MULTI-SELECT,Winning a major award; Launching a successful new product; Expanding into new markets; Achieving significant revenue growth; Building a strong brand reputation,Achieving significant revenue growth,Gemini,explanatory,short
What are your company's biggest achievements?,MULTI-SELECT,Winning a major award; Launching a successful new product; Expanding into new markets; Achieving significant revenue growth; Building a strong brand reputation,Achieving significant revenue growth,Gemini,annoyed,short
What are your company's core values?,MULTI-SELECT,Innovation; Customer satisfaction; Integrity; Teamwork; Sustainability,Integrity is the companys core values,Gemini,verbose,short
What are your company's core values?,MULTI-SELECT,Innovation; Customer satisfaction; Integrity; Teamwork; Sustainability,Integrity is the companys core values,Gemini,concise,short
What are your company's core values?,MULTI-SELECT,Innovation; Customer satisfaction; Integrity; Teamwork; Sustainability,Integrity is the companys core values,Gemini,colloquial,short
What are your company's core values?,MULTI-SELECT,Innovation; Customer satisfaction; Integrity; Teamwork; Sustainability,Integrity is the companys core values,Gemini,explanatory,short
What are your company's core values?,MULTI-SELECT,Innovation; Customer satisfaction; Integrity; Teamwork; Sustainability,Integrity is the companys core values,Gemini,annoyed,short
What are your company's goals for improving diversity and inclusion?,MULTI-SELECT,Increasing representation of underrepresented groups; Creating a more inclusive work environment; Developing diversity and inclusion training programs; Implementing diversity and inclusion metrics; Partnering with diversity and inclusion organizations,Creating a more inclusive work environment,Gemini,verbose,short
What are your company's goals for improving diversity and inclusion?,MULTI-SELECT,Increasing representation of underrepresented groups; Creating a more inclusive work environment; Developing diversity and inclusion training programs; Implementing diversity and inclusion metrics; Partnering with diversity and inclusion organizations,Creating a more inclusive work environment,Gemini,concise,short
What are your company's goals for improving diversity and inclusion?,MULTI-SELECT,Increasing representation of underrepresented groups; Creating a more inclusive work environment; Developing diversity and inclusion training programs; Implementing diversity and inclusion metrics; Partnering with diversity and inclusion organizations,Creating a more inclusive work environment,Gemini,colloquial,short
What are your company's goals for improving diversity and inclusion?,MULTI-SELECT,Increasing representation of underrepresented groups; Creating a more inclusive work environment; Developing diversity and inclusion training programs; Implementing diversity and inclusion metrics; Partnering with diversity and inclusion organizations,Creating a more inclusive work environment,Gemini,explanatory,short
What are your company's goals for improving diversity and inclusion?,MULTI-SELECT,Increasing representation of underrepresented groups; Creating a more inclusive work environment; Developing diversity and inclusion training programs; Implementing diversity and inclusion metrics; Partnering with diversity and inclusion organizations,Creating a more inclusive work environment,Gemini,annoyed,short
What are your company's key competitive advantages?,MULTI-SELECT,Unique product features; Strong brand reputation; Excellent customer service; Competitive pricing; Strategic partnerships,Competitive pricing,Gemini,verbose,short
What are your company's key competitive advantages?,MULTI-SELECT,Unique product features; Strong brand reputation; Excellent customer service; Competitive pricing; Strategic partnerships,Competitive pricing,Gemini,concise,short
What are your company's key competitive advantages?,MULTI-SELECT,Unique product features; Strong brand reputation; Excellent customer service; Competitive pricing; Strategic partnerships,Competitive pricing,Gemini,colloquial,short
What are your company's key competitive advantages?,MULTI-SELECT,Unique product features; Strong brand reputation; Excellent customer service; Competitive pricing; Strategic partnerships,Competitive pricing,Gemini,explanatory,short
What are your company's key competitive advantages?,MULTI-SELECT,Unique product features; Strong brand reputation; Excellent customer service; Competitive pricing; Strategic partnerships,Competitive pricing,Gemini,annoyed,short
What are your company's key differentiators in the market?,MULTI-SELECT,Superior product quality; Lower prices; Excellent customer service; Strong brand reputation; Innovative technology,Strong brand reputation,Gemini,verbose,short
What are your company's key differentiators in the market?,MULTI-SELECT,Superior product quality; Lower prices; Excellent customer service; Strong brand reputation; Innovative technology,Strong brand reputation,Gemini,concise,short
What are your company's key differentiators in the market?,MULTI-SELECT,Superior product quality; Lower prices; Excellent customer service; Strong brand reputation; Innovative technology,Strong brand reputation,Gemini,colloquial,short
What are your company's key differentiators in the market?,MULTI-SELECT,Superior product quality; Lower prices; Excellent customer service; Strong brand reputation; Innovative technology,Strong brand reputation,Gemini,explanatory,short
What are your company's key differentiators in the market?,MULTI-SELECT,Superior product quality; Lower prices; Excellent customer service; Strong brand reputation; Innovative technology,Strong brand reputation,Gemini,annoyed,short
What are your company's key performance indicators (KPIs)?,MULTI-SELECT,Revenue; Profit margin; Customer acquisition cost; Customer lifetime value; Customer satisfaction,Revenue is the companys key performance indicator,Gemini,concise,short
What are your company's key performance indicators (KPIs)?,MULTI-SELECT,Revenue; Profit margin; Customer acquisition cost; Customer lifetime value; Customer satisfaction,Revenue is the companys key performance indicator,Gemini,explanatory,short
What are your company's plans for addressing the skills gap?,MULTI-SELECT,Investing in employee training; Partnering with educational institutions; Developing apprenticeship programs; Recruiting from diverse talent pools; Utilizing technology to improve efficiency,Investing in employee training,Gemini,verbose,short
What are your company's plans for addressing the skills gap?,MULTI-SELECT,Investing in employee training; Partnering with educational institutions; Developing apprenticeship programs; Recruiting from diverse talent pools; Utilizing technology to improve efficiency,Investing in employee training,Gemini,concise,short
What are your company's plans for addressing the skills gap?,MULTI-SELECT,Investing in employee training; Partnering with educational institutions; Developing apprenticeship programs; Recruiting from diverse talent pools; Utilizing technology to improve efficiency,Investing in employee training,Gemini,colloquial,short
What are your company's plans for addressing the skills gap?,MULTI-SELECT,Investing in employee training; Partnering with educational institutions; Developing apprenticeship programs; Recruiting from diverse talent pools; Utilizing technology to improve efficiency,Investing in employee training,Gemini,explanatory,short
What are your company's plans for addressing the skills gap?,MULTI-SELECT,Investing in employee training; Partnering with educational institutions; Developing apprenticeship programs; Recruiting from diverse talent pools; Utilizing technology to improve efficiency,Investing in employee training,Gemini,annoyed,short
What are your company's plans for future growth?,MULTI-SELECT,Expanding into new markets; Developing new products or services; Acquiring other companies; Improving operational efficiency; Investing in research and development,Developing new products or services,Gemini,verbose,short
What are your company's plans for future growth?,MULTI-SELECT,Expanding into new markets; Developing new products or services; Acquiring other companies; Improving operational efficiency; Investing in research and development,Developing new products or services,Gemini,concise,short
What are your company's plans for future growth?,MULTI-SELECT,Expanding into new markets; Developing new products or services; Acquiring other companies; Improving operational efficiency; Investing in research and development,Developing new products or services,Gemini,colloquial,short
What are your company's plans for future growth?,MULTI-SELECT,Expanding into new markets; Developing new products or services; Acquiring other companies; Improving operational efficiency; Investing in research and development,Developing new products or services,Gemini,explanatory,short
What are your company's plans for future growth?,MULTI-SELECT,Expanding into new markets; Developing new products or services; Acquiring other companies; Improving operational efficiency; Investing in research and development,Investing in research and development,Gemini,annoyed,short
What are your company's primary marketing objectives?,MULTI-SELECT,Increase brand awareness; Generate leads; Drive sales; Improve customer engagement; Build customer loyalty,Increase brand awareness,Gemini,verbose,short
What are your company's primary marketing objectives?,MULTI-SELECT,Increase brand awareness; Generate leads; Drive sales; Improve customer engagement; Build customer loyalty,Increase brand awareness,Gemini,concise,short
What are your company's primary marketing objectives?,MULTI-SELECT,Increase brand awareness; Generate leads; Drive sales; Improve customer engagement; Build customer loyalty,Increase brand awareness,Gemini,colloquial,short
What are your company's primary marketing objectives?,MULTI-SELECT,Increase brand awareness; Generate leads; Drive sales; Improve customer engagement; Build customer loyalty,Increase brand awareness,Gemini,explanatory,short
What are your company's primary marketing objectives?,MULTI-SELECT,Increase brand awareness; Generate leads; Drive sales; Improve customer engagement; Build customer loyalty,Increase brand awareness,Gemini,annoyed,short
What are your company's primary sales strategies?,MULTI-SELECT,Inbound sales; Outbound sales; Account-based marketing (ABM); Channel sales; Strategic partnerships,Inbound sales,Gemini,verbose,short
What are your company's primary sales strategies?,MULTI-SELECT,Inbound sales; Outbound sales; Account-based marketing (ABM); Channel sales; Strategic partnerships,Inbound sales,Gemini,concise,short
What are your company's primary sales strategies?,MULTI-SELECT,Inbound sales; Outbound sales; Account-based marketing (ABM); Channel sales; Strategic partnerships,Inbound sales,Gemini,colloquial,short
What are your company's primary sales strategies?,MULTI-SELECT,Inbound sales; Outbound sales; Account-based marketing (ABM); Channel sales; Strategic partnerships,Inbound sales,Gemini,explanatory,short
What are your company's primary sales strategies?,MULTI-SELECT,Inbound sales; Outbound sales; Account-based marketing (ABM); Channel sales; Strategic partnerships,Inbound sales,Gemini,annoyed,short
What are your company's strategies for attracting and retaining top talent?,MULTI-SELECT,Competitive compensation and benefits; Opportunities for professional development; Positive work environment; Flexible work arrangements; Strong company culture,Strong company culture,Gemini,verbose,short
What are your company's strategies for attracting and retaining top talent?,MULTI-SELECT,Competitive compensation and benefits; Opportunities for professional development; Positive work environment; Flexible work arrangements; Strong company culture,Strong company culture,Gemini,concise,short
What are your company's strategies for attracting and retaining top talent?,MULTI-SELECT,Competitive compensation and benefits; Opportunities for professional development; Positive work environment; Flexible work arrangements; Strong company culture,Strong company culture,Gemini,colloquial,short
What are your company's strategies for attracting and retaining top talent?,MULTI-SELECT,Competitive compensation and benefits; Opportunities for professional development; Positive work environment; Flexible work arrangements; Strong company culture,Strong company culture,Gemini,explanatory,short
What are your company's strategies for attracting and retaining top talent?,MULTI-SELECT,Competitive compensation and benefits; Opportunities for professional development; Positive work environment; Flexible work arrangements; Strong company culture,Strong company culture,Gemini,annoyed,short
What are your company's strategies for building brand loyalty?,MULTI-SELECT,Providing excellent customer service; Developing a strong brand identity; Creating engaging content; Building a strong online presence; Running loyalty programs,Developing a strong brand identity,Gemini,verbose,short
What are your company's strategies for building brand loyalty?,MULTI-SELECT,Providing excellent customer service; Developing a strong brand identity; Creating engaging content; Building a strong online presence; Running loyalty programs,Creating engaging content,Gemini,concise,short
What are your company's strategies for building brand loyalty?,MULTI-SELECT,Providing excellent customer service; Developing a strong brand identity; Creating engaging content; Building a strong online presence; Running loyalty programs,Developing a strong brand identity,Gemini,colloquial,short
What are your company's strategies for building brand loyalty?,MULTI-SELECT,Providing excellent customer service; Developing a strong brand identity; Creating engaging content; Building a strong online presence; Running loyalty programs,Developing a strong brand identity,Gemini,explanatory,short
What are your company's strategies for building brand loyalty?,MULTI-SELECT,Providing excellent customer service; Developing a strong brand identity; Creating engaging content; Building a strong online presence; Running loyalty programs,Developing a strong brand identity,Gemini,annoyed,short
What are your company's strategies for complying with data privacy regulations?,MULTI-SELECT,Implementing strong data privacy policies; Investing in data privacy technology; Providing data privacy training to employees; Conducting regular data privacy audits; Developing incident response plans,Implementing strong data privacy policies,Gemini,verbose,short
What are your company's strategies for complying with data privacy regulations?,MULTI-SELECT,Implementing strong data privacy policies; Investing in data privacy technology; Providing data privacy training to employees; Conducting regular data privacy audits; Developing incident response plans,Implementing strong data privacy policies,Gemini,concise,short
What are your company's strategies for complying with data privacy regulations?,MULTI-SELECT,Implementing strong data privacy policies; Investing in data privacy technology; Providing data privacy training to employees; Conducting regular data privacy audits; Developing incident response plans,Implementing strong data privacy policies,Gemini,colloquial,short
What are your company's strategies for complying with data privacy regulations?,MULTI-SELECT,Implementing strong data privacy policies; Investing in data privacy technology; Providing data privacy training to employees; Conducting regular data privacy audits; Developing incident response plans,Implementing strong data privacy policies,Gemini,explanatory,short
What are your company's strategies for complying with data privacy regulations?,MULTI-SELECT,Implementing strong data privacy policies; Investing in data privacy technology; Providing data privacy training to employees; Conducting regular data privacy audits; Developing incident response plans,Implementing strong data privacy policies,Gemini,annoyed,short
What are your company's strategies for complying with relevant regulations?,MULTI-SELECT,Staying informed about relevant regulations; Developing compliance programs; Training employees on compliance procedures; Conducting regular compliance audits; Reporting compliance issues,Developing compliance programs,Gemini,verbose,short
What are your company's strategies for complying with relevant regulations?,MULTI-SELECT,Staying informed about relevant regulations; Developing compliance programs; Training employees on compliance procedures; Conducting regular compliance audits; Reporting compliance issues,Developing compliance programs,Gemini,concise,short
What are your company's strategies for complying with relevant regulations?,MULTI-SELECT,Staying informed about relevant regulations; Developing compliance programs; Training employees on compliance procedures; Conducting regular compliance audits; Reporting compliance issues,Developing compliance programs,Gemini,colloquial,short
What are your company's strategies for complying with relevant regulations?,MULTI-SELECT,Staying informed about relevant regulations; Developing compliance programs; Training employees on compliance procedures; Conducting regular compliance audits; Reporting compliance issues,Developing compliance programs,Gemini,explanatory,short
What are your company's strategies for complying with relevant regulations?,MULTI-SELECT,Staying informed about relevant regulations; Developing compliance programs; Training employees on compliance procedures; Conducting regular compliance audits; Reporting compliance issues,Developing compliance programs,Gemini,annoyed,short
What are your company's strategies for ensuring business continuity?,MULTI-SELECT,Developing business continuity plans; Testing business continuity plans; Training employees on business continuity procedures; Maintaining adequate resources; Monitoring potential disruptions,Developing business continuity plans,Gemini,verbose,short
What are your company's strategies for ensuring business continuity?,MULTI-SELECT,Developing business continuity plans; Testing business continuity plans; Training employees on business continuity procedures; Maintaining adequate resources; Monitoring potential disruptions,Developing business continuity plans,Gemini,concise,short
What are your company's strategies for ensuring business continuity?,MULTI-SELECT,Developing business continuity plans; Testing business continuity plans; Training employees on business continuity procedures; Maintaining adequate resources; Monitoring potential disruptions,Developing business continuity plans,Gemini,colloquial,short
What are your company's strategies for ensuring business continuity?,MULTI-SELECT,Developing business continuity plans; Testing business continuity plans; Training employees on business continuity procedures; Maintaining adequate resources; Monitoring potential disruptions,Developing business continuity plans,Gemini,explanatory,short
What are your company's strategies for ensuring business continuity?,MULTI-SELECT,Developing business continuity plans; Testing business continuity plans; Training employees on business continuity procedures; Maintaining adequate resources; Monitoring potential disruptions,Developing business continuity plans,Gemini,annoyed,short
What are your company's strategies for fostering a culture of safety?,MULTI-SELECT,Providing safety training to employees; Implementing safety procedures; Conducting safety audits; Investigating accidents and incidents; Promoting a culture of safety awareness,Implementing safety procedures,Gemini,verbose,short
What are your company's strategies for fostering a culture of safety?,MULTI-SELECT,Providing safety training to employees; Implementing safety procedures; Conducting safety audits; Investigating accidents and incidents; Promoting a culture of safety awareness,Implementing safety procedures,Gemini,concise,short
What are your company's strategies for fostering a culture of safety?,MULTI-SELECT,Providing safety training to employees; Implementing safety procedures; Conducting safety audits; Investigating accidents and incidents; Promoting a culture of safety awareness,Implementing safety procedures,Gemini,colloquial,short
What are your company's strategies for fostering a culture of safety?,MULTI-SELECT,Providing safety training to employees; Implementing safety procedures; Conducting safety audits; Investigating accidents and incidents; Promoting a culture of safety awareness,Implementing safety procedures,Gemini,explanatory,short
What are your company's strategies for fostering a culture of safety?,MULTI-SELECT,Providing safety training to employees; Implementing safety procedures; Conducting safety audits; Investigating accidents and incidents; Promoting a culture of safety awareness,Implementing safety procedures,Gemini,annoyed,short
What are your company's strategies for improving customer experience?,MULTI-SELECT,Providing excellent customer service; Developing user-friendly products and services; Collecting customer feedback; Personalizing the customer experience; Building a strong brand reputation,Providing excellent customer service,Gemini,verbose,short
What are your company's strategies for improving customer experience?,MULTI-SELECT,Providing excellent customer service; Developing user-friendly products and services; Collecting customer feedback; Personalizing the customer experience; Building a strong brand reputation,Providing excellent customer service,Gemini,concise,short
What are your company's strategies for improving customer experience?,MULTI-SELECT,Providing excellent customer service; Developing user-friendly products and services; Collecting customer feedback; Personalizing the customer experience; Building a strong brand reputation,Providing excellent customer service,Gemini,colloquial,short
What are your company's strategies for improving customer experience?,MULTI-SELECT,Providing excellent customer service; Developing user-friendly products and services; Collecting customer feedback; Personalizing the customer experience; Building a strong brand reputation,Providing excellent customer service,Gemini,explanatory,short
What are your company's strategies for improving customer experience?,MULTI-SELECT,Providing excellent customer service; Developing user-friendly products and services; Collecting customer feedback; Personalizing the customer experience; Building a strong brand reputation,Providing excellent customer service,Gemini,annoyed,short
What are your company's strategies for improving employee engagement?,MULTI-SELECT,Providing opportunities for professional development; Creating a positive work environment; Offering competitive compensation and benefits; Encouraging teamwork and collaboration; Recognizing and rewarding employees,Creating a positive work environment,Gemini,verbose,short
What are your company's strategies for improving employee engagement?,MULTI-SELECT,Providing opportunities for professional development; Creating a positive work environment; Offering competitive compensation and benefits; Encouraging teamwork and collaboration; Recognizing and rewarding employees,Creating a positive work environment,Gemini,concise,short
What are your company's strategies for improving employee engagement?,MULTI-SELECT,Providing opportunities for professional development; Creating a positive work environment; Offering competitive compensation and benefits; Encouraging teamwork and collaboration; Recognizing and rewarding employees,Creating a positive work environment,Gemini,colloquial,short
What are your company's strategies for improving employee engagement?,MULTI-SELECT,Providing opportunities for professional development; Creating a positive work environment; Offering competitive compensation and benefits; Encouraging teamwork and collaboration; Recognizing and rewarding employees,Creating a positive work environment,Gemini,explanatory,short
What are your company's strategies for improving employee engagement?,MULTI-SELECT,Providing opportunities for professional development; Creating a positive work environment; Offering competitive compensation and benefits; Encouraging teamwork and collaboration; Recognizing and rewarding employees,Creating a positive work environment,Gemini,annoyed,short
What are your company's strategies for improving employee retention?,MULTI-SELECT,Providing opportunities for professional development; Creating a positive work environment; Offering competitive compensation and benefits; Encouraging teamwork and collaboration; Recognizing and rewarding employees,Creating a positive work environment,Gemini,verbose,short
What are your company's strategies for improving employee retention?,MULTI-SELECT,Providing opportunities for professional development; Creating a positive work environment; Offering competitive compensation and benefits; Encouraging teamwork and collaboration; Recognizing and rewarding employees,Creating a positive work environment,Gemini,concise,short
What are your company's strategies for improving employee retention?,MULTI-SELECT,Providing opportunities for professional development; Creating a positive work environment; Offering competitive compensation and benefits; Encouraging teamwork and collaboration; Recognizing and rewarding employees,Creating a positive work environment,Gemini,colloquial,short
What are your company's strategies for improving employee retention?,MULTI-SELECT,Providing opportunities for professional development; Creating a positive work environment; Offering competitive compensation and benefits; Encouraging teamwork and collaboration; Recognizing and rewarding employees,Creating a positive work environment,Gemini,explanatory,short
What are your company's strategies for improving employee retention?,MULTI-SELECT,Providing opportunities for professional development; Creating a positive work environment; Offering competitive compensation and benefits; Encouraging teamwork and collaboration; Recognizing and rewarding employees,Creating a positive work environment,Gemini,annoyed,short
What are your company's strategies for improving operational efficiency?,MULTI-SELECT,Automating tasks; Streamlining processes; Improving communication; Investing in technology; Training employees,Investing in technology,Gemini,verbose,short
What are your company's strategies for improving operational efficiency?,MULTI-SELECT,Automating tasks; Streamlining processes; Improving communication; Investing in technology; Training employees,Investing in technology,Gemini,concise,short
What are your company's strategies for improving operational efficiency?,MULTI-SELECT,Automating tasks; Streamlining processes; Improving communication; Investing in technology; Training employees,Investing in technology,Gemini,colloquial,short
What are your company's strategies for improving operational efficiency?,MULTI-SELECT,Automating tasks; Streamlining processes; Improving communication; Investing in technology; Training employees,Investing in technology,Gemini,explanatory,short
What are your company's strategies for improving operational efficiency?,MULTI-SELECT,Automating tasks; Streamlining processes; Improving communication; Investing in technology; Training employees,Investing in technology,Gemini,annoyed,short
What are your company's strategies for improving profitability?,MULTI-SELECT,Increasing revenue; Reducing costs; Improving efficiency; Investing in technology; Improving pricing strategies,Increasing revenue,Gemini,verbose,short
What are your company's strategies for improving profitability?,MULTI-SELECT,Increasing revenue; Reducing costs; Improving efficiency; Investing in technology; Improving pricing strategies,Increasing revenue,Gemini,concise,short
What are your company's strategies for improving profitability?,MULTI-SELECT,Increasing revenue; Reducing costs; Improving efficiency; Investing in technology; Improving pricing strategies,Increasing revenue,Gemini,colloquial,short
What are your company's strategies for improving profitability?,MULTI-SELECT,Increasing revenue; Reducing costs; Improving efficiency; Investing in technology; Improving pricing strategies,Increasing revenue,Gemini,explanatory,short
What are your company's strategies for improving profitability?,MULTI-SELECT,Increasing revenue; Reducing costs; Improving efficiency; Investing in technology; Improving pricing strategies,Increasing revenue,Gemini,annoyed,short
What are your company's strategies for increasing revenue?,MULTI-SELECT,Expanding into new markets; Developing new products or services; Increasing sales to existing customers; Improving marketing and sales effectiveness; Raising prices,Increasing sales to existing customers,Gemini,verbose,short
What are your company's strategies for increasing revenue?,MULTI-SELECT,Expanding into new markets; Developing new products or services; Increasing sales to existing customers; Improving marketing and sales effectiveness; Raising prices,Increasing sales to existing customers,Gemini,concise,short
What are your company's strategies for increasing revenue?,MULTI-SELECT,Expanding into new markets; Developing new products or services; Increasing sales to existing customers; Improving marketing and sales effectiveness; Raising prices,Increasing sales to existing customers,Gemini,colloquial,short
What are your company's strategies for increasing revenue?,MULTI-SELECT,Expanding into new markets; Developing new products or services; Increasing sales to existing customers; Improving marketing and sales effectiveness; Raising prices,Increasing sales to existing customers,Gemini,explanatory,short
What are your company's strategies for increasing revenue?,MULTI-SELECT,Expanding into new markets; Developing new products or services; Increasing sales to existing customers; Improving marketing and sales effectiveness; Raising prices,Increasing sales to existing customers,Gemini,annoyed,short
What are your company's strategies for intellectual property protection?,MULTI-SELECT,Patents; Trademarks; Copyrights; Trade secrets; Non-disclosure agreements,Nondisclosure agreements,Gemini,verbose,short
What are your company's strategies for intellectual property protection?,MULTI-SELECT,Patents; Trademarks; Copyrights; Trade secrets; Non-disclosure agreements,Nondisclosure agreements,Gemini,concise,short
What are your company's strategies for intellectual property protection?,MULTI-SELECT,Patents; Trademarks; Copyrights; Trade secrets; Non-disclosure agreements,Nondisclosure agreements,Gemini,colloquial,short
What are your company's strategies for intellectual property protection?,MULTI-SELECT,Patents; Trademarks; Copyrights; Trade secrets; Non-disclosure agreements,Nondisclosure agreements,Gemini,explanatory,short
What are your company's strategies for intellectual property protection?,MULTI-SELECT,Patents; Trademarks; Copyrights; Trade secrets; Non-disclosure agreements,Nondisclosure agreements,Gemini,annoyed,short
What are your company's strategies for managing change?,MULTI-SELECT,Communicating effectively with employees; Involving employees in the change process; Providing training and support; Celebrating successes; Addressing concerns and feedback,Involving employees in the change process,Gemini,verbose,short
What are your company's strategies for managing change?,MULTI-SELECT,Communicating effectively with employees; Involving employees in the change process; Providing training and support; Celebrating successes; Addressing concerns and feedback,Involving employees in the change process,Gemini,concise,short
What are your company's strategies for managing change?,MULTI-SELECT,Communicating effectively with employees; Involving employees in the change process; Providing training and support; Celebrating successes; Addressing concerns and feedback,Involving employees in the change process,Gemini,colloquial,short
What are your company's strategies for managing change?,MULTI-SELECT,Communicating effectively with employees; Involving employees in the change process; Providing training and support; Celebrating successes; Addressing concerns and feedback,Involving employees in the change process,Gemini,explanatory,short
What are your company's strategies for managing change?,MULTI-SELECT,Communicating effectively with employees; Involving employees in the change process; Providing training and support; Celebrating successes; Addressing concerns and feedback,Involving employees in the change process,Gemini,annoyed,short
What are your company's strategies for managing cybersecurity risks?,MULTI-SELECT,Implementing strong cybersecurity policies; Investing in cybersecurity technology; Providing cybersecurity training to employees; Conducting regular security audits; Developing incident response plans,Implementing strong cybersecurity policies,Gemini,verbose,short
What are your company's strategies for managing cybersecurity risks?,MULTI-SELECT,Implementing strong cybersecurity policies; Investing in cybersecurity technology; Providing cybersecurity training to employees; Conducting regular security audits; Developing incident response plans,Implementing strong cybersecurity policies,Gemini,concise,short
What are your company's strategies for managing cybersecurity risks?,MULTI-SELECT,Implementing strong cybersecurity policies; Investing in cybersecurity technology; Providing cybersecurity training to employees; Conducting regular security audits; Developing incident response plans,Implementing strong cybersecurity policies,Gemini,colloquial,short
What are your company's strategies for managing cybersecurity risks?,MULTI-SELECT,Implementing strong cybersecurity policies; Investing in cybersecurity technology; Providing cybersecurity training to employees; Conducting regular security audits; Developing incident response plans,Implementing strong cybersecurity policies,Gemini,explanatory,short
What are your company's strategies for managing cybersecurity risks?,MULTI-SELECT,Implementing strong cybersecurity policies; Investing in cybersecurity technology; Providing cybersecurity training to employees; Conducting regular security audits; Developing incident response plans,Implementing strong cybersecurity policies,Gemini,annoyed,short
What are your company's strategies for managing its reputation?,MULTI-SELECT,Building a strong brand identity; Creating positive customer experiences; Managing online reviews; Responding to criticism; Engaging with stakeholders,Creating positive customer experiences,Gemini,verbose,short
What are your company's strategies for managing its reputation?,MULTI-SELECT,Building a strong brand identity; Creating positive customer experiences; Managing online reviews; Responding to criticism; Engaging with stakeholders,Creating positive customer experiences,Gemini,concise,short
What are your company's strategies for managing its reputation?,MULTI-SELECT,Building a strong brand identity; Creating positive customer experiences; Managing online reviews; Responding to criticism; Engaging with stakeholders,Creating positive customer experiences,Gemini,colloquial,short
What are your company's strategies for managing its reputation?,MULTI-SELECT,Building a strong brand identity; Creating positive customer experiences; Managing online reviews; Responding to criticism; Engaging with stakeholders,Creating positive customer experiences,Gemini,explanatory,short
What are your company's strategies for managing its reputation?,MULTI-SELECT,Building a strong brand identity; Creating positive customer experiences; Managing online reviews; Responding to criticism; Engaging with stakeholders,Creating positive customer experiences,Gemini,annoyed,short
What are your company's strategies for managing risk?,MULTI-SELECT,Identifying potential risks; Assessing the likelihood and impact of risks; Developing risk mitigation strategies; Monitoring risks; Reporting risks,Developing risk mitigation strategies,Gemini,verbose,short
What are your company's strategies for managing risk?,MULTI-SELECT,Identifying potential risks; Assessing the likelihood and impact of risks; Developing risk mitigation strategies; Monitoring risks; Reporting risks,Developing risk mitigation strategies,Gemini,concise,short
What are your company's strategies for managing risk?,MULTI-SELECT,Identifying potential risks; Assessing the likelihood and impact of risks; Developing risk mitigation strategies; Monitoring risks; Reporting risks,Developing risk mitigation strategies,Gemini,colloquial,short
What are your company's strategies for managing risk?,MULTI-SELECT,Identifying potential risks; Assessing the likelihood and impact of risks; Developing risk mitigation strategies; Monitoring risks; Reporting risks,Developing risk mitigation strategies,Gemini,explanatory,short
What are your company's strategies for managing risk?,MULTI-SELECT,Identifying potential risks; Assessing the likelihood and impact of risks; Developing risk mitigation strategies; Monitoring risks; Reporting risks,Developing risk mitigation strategies,Gemini,annoyed,short
What are your company's strategies for managing supply chain risks?,MULTI-SELECT,Diversifying suppliers; Developing strong supplier relationships; Implementing supplier performance management systems; Developing contingency plans; Monitoring geopolitical events,Developing strong supplier relationships,Gemini,verbose,short
What are your company's strategies for managing supply chain risks?,MULTI-SELECT,Diversifying suppliers; Developing strong supplier relationships; Implementing supplier performance management systems; Developing contingency plans; Monitoring geopolitical events,Developing strong supplier relationships,Gemini,concise,short
What are your company's strategies for managing supply chain risks?,MULTI-SELECT,Diversifying suppliers; Developing strong supplier relationships; Implementing supplier performance management systems; Developing contingency plans; Monitoring geopolitical events,Developing strong supplier relationships,Gemini,colloquial,short
What are your company's strategies for managing supply chain risks?,MULTI-SELECT,Diversifying suppliers; Developing strong supplier relationships; Implementing supplier performance management systems; Developing contingency plans; Monitoring geopolitical events,Developing strong supplier relationships,Gemini,explanatory,short
What are your company's strategies for managing supply chain risks?,MULTI-SELECT,Diversifying suppliers; Developing strong supplier relationships; Implementing supplier performance management systems; Developing contingency plans; Monitoring geopolitical events,Developing strong supplier relationships,Gemini,annoyed,short
What are your company's strategies for measuring marketing ROI?,MULTI-SELECT,Website analytics; Social media analytics; Email marketing analytics; Customer surveys; Sales data,Email marketing analytics,Gemini,verbose,short
What are your company's strategies for measuring marketing ROI?,MULTI-SELECT,Website analytics; Social media analytics; Email marketing analytics; Customer surveys; Sales data,Email marketing analytics,Gemini,concise,short
What are your company's strategies for measuring marketing ROI?,MULTI-SELECT,Website analytics; Social media analytics; Email marketing analytics; Customer surveys; Sales data,Email marketing analytics,Gemini,explanatory,short
What are your company's strategies for measuring marketing ROI?,MULTI-SELECT,Website analytics; Social media analytics; Email marketing analytics; Customer surveys; Sales data,Email marketing analytics,Gemini,annoyed,short
What are your company's strategies for mitigating risks associated with climate change?,MULTI-SELECT,Reducing greenhouse gas emissions; Investing in renewable energy; Improving energy efficiency; Developing climate change adaptation plans; Engaging with stakeholders on climate change issues,Developing climate change adaptation plans,Gemini,verbose,short
What are your company's strategies for mitigating risks associated with climate change?,MULTI-SELECT,Reducing greenhouse gas emissions; Investing in renewable energy; Improving energy efficiency; Developing climate change adaptation plans; Engaging with stakeholders on climate change issues,Developing climate change adaptation plans,Gemini,concise,short
What are your company's strategies for mitigating risks associated with climate change?,MULTI-SELECT,Reducing greenhouse gas emissions; Investing in renewable energy; Improving energy efficiency; Developing climate change adaptation plans; Engaging with stakeholders on climate change issues,Developing climate change adaptation plans,Gemini,colloquial,short
What are your company's strategies for mitigating risks associated with climate change?,MULTI-SELECT,Reducing greenhouse gas emissions; Investing in renewable energy; Improving energy efficiency; Developing climate change adaptation plans; Engaging with stakeholders on climate change issues,Developing climate change adaptation plans,Gemini,explanatory,short
What are your company's strategies for mitigating risks associated with climate change?,MULTI-SELECT,Reducing greenhouse gas emissions; Investing in renewable energy; Improving energy efficiency; Developing climate change adaptation plans; Engaging with stakeholders on climate change issues,Developing climate change adaptation plans,Gemini,annoyed,short
What are your company's strategies for mitigating risks associated with new technologies?,MULTI-SELECT,Conducting thorough due diligence; Developing risk mitigation strategies; Testing new technologies thoroughly; Training employees on new technologies; Monitoring the performance of new technologies,Developing risk mitigation strategies,Gemini,verbose,short
What are your company's strategies for mitigating risks associated with new technologies?,MULTI-SELECT,Conducting thorough due diligence; Developing risk mitigation strategies; Testing new technologies thoroughly; Training employees on new technologies; Monitoring the performance of new technologies,Developing risk mitigation strategies,Gemini,concise,short
What are your company's strategies for mitigating risks associated with new technologies?,MULTI-SELECT,Conducting thorough due diligence; Developing risk mitigation strategies; Testing new technologies thoroughly; Training employees on new technologies; Monitoring the performance of new technologies,Developing risk mitigation strategies,Gemini,colloquial,short
What are your company's strategies for mitigating risks associated with new technologies?,MULTI-SELECT,Conducting thorough due diligence; Developing risk mitigation strategies; Testing new technologies thoroughly; Training employees on new technologies; Monitoring the performance of new technologies,Developing risk mitigation strategies,Gemini,explanatory,short
What are your company's strategies for mitigating risks associated with new technologies?,MULTI-SELECT,Conducting thorough due diligence; Developing risk mitigation strategies; Testing new technologies thoroughly; Training employees on new technologies; Monitoring the performance of new technologies,Developing risk mitigation strategies,Gemini,annoyed,short
What are your company's strategies for promoting innovation?,MULTI-SELECT,Encouraging experimentation; Investing in research and development; Creating a culture of innovation; Partnering with external innovators; Protecting intellectual property,Creating a culture of innovation,Gemini,verbose,short
What are your company's strategies for promoting innovation?,MULTI-SELECT,Encouraging experimentation; Investing in research and development; Creating a culture of innovation; Partnering with external innovators; Protecting intellectual property,Creating a culture of innovation,Gemini,concise,short
What are your company's strategies for promoting innovation?,MULTI-SELECT,Encouraging experimentation; Investing in research and development; Creating a culture of innovation; Partnering with external innovators; Protecting intellectual property,Creating a culture of innovation,Gemini,colloquial,short
What are your company's strategies for promoting innovation?,MULTI-SELECT,Encouraging experimentation; Investing in research and development; Creating a culture of innovation; Partnering with external innovators; Protecting intellectual property,Creating a culture of innovation,Gemini,explanatory,short
What are your company's strategies for promoting innovation?,MULTI-SELECT,Encouraging experimentation; Investing in research and development; Creating a culture of innovation; Partnering with external innovators; Protecting intellectual property,Creating a culture of innovation,Gemini,annoyed,short
What are your company's strategies for reducing costs?,MULTI-SELECT,Negotiating better prices with suppliers; Improving efficiency; Reducing waste; Automating tasks; Outsourcing non-core functions,Improving efficiency,Gemini,concise,short
What are your company's sustainability initiatives?,MULTI-SELECT,Reducing carbon footprint; Using renewable energy; Recycling and waste reduction; Sustainable sourcing; Community involvement,Reducing carbon footprint,Gemini,verbose,short
What are your company's sustainability initiatives?,MULTI-SELECT,Reducing carbon footprint; Using renewable energy; Recycling and waste reduction; Sustainable sourcing; Community involvement,Reducing carbon footprint,Gemini,concise,short
What are your company's sustainability initiatives?,MULTI-SELECT,Reducing carbon footprint; Using renewable energy; Recycling and waste reduction; Sustainable sourcing; Community involvement,Reducing carbon footprint,Gemini,colloquial,short
What are your company's sustainability initiatives?,MULTI-SELECT,Reducing carbon footprint; Using renewable energy; Recycling and waste reduction; Sustainable sourcing; Community involvement,Reducing carbon footprint,Gemini,explanatory,short
What are your company's sustainability initiatives?,MULTI-SELECT,Reducing carbon footprint; Using renewable energy; Recycling and waste reduction; Sustainable sourcing; Community involvement,Reducing carbon footprint,Gemini,annoyed,short
What are your company's values?,MULTI-SELECT,Integrity; Innovation; Customer focus; Teamwork; Sustainability,Integrity is the companys core value,Gemini,verbose,short
What are your company's values?,MULTI-SELECT,Integrity; Innovation; Customer focus; Teamwork; Sustainability,Integrity is the companys core value,Gemini,concise,short
What are your company's values?,MULTI-SELECT,Integrity; Innovation; Customer focus; Teamwork; Sustainability,Integrity is the companys core value,Gemini,colloquial,short
What are your company's values?,MULTI-SELECT,Integrity; Innovation; Customer focus; Teamwork; Sustainability,Integrity is the companys core value,Gemini,explanatory,short
What are your company's values?,MULTI-SELECT,Integrity; Innovation; Customer focus; Teamwork; Sustainability,Integrity is the companys core value,Gemini,annoyed,short
What are your current marketing and sales technologies?,MULTI-SELECT,"CRM (Salesforce, HubSpot, etc.); Marketing automation (Marketo, Pardot, etc.); Social media management tools; Email marketing platforms; Analytics platforms (Google Analytics, etc.)",Marketing automation Marketo Pardot etc,Gemini,verbose,short
What are your favorite hobbies?,MULTI-SELECT,Reading; Hiking; Cooking; Traveling; Playing sports,Hiking is my favorite hobby,Gemini,verbose,short
What are your favorite hobbies?,MULTI-SELECT,Reading; Hiking; Cooking; Traveling; Playing sports,Hiking is my favorite hobby,Gemini,concise,short
What are your favorite hobbies?,MULTI-SELECT,Reading; Hiking; Cooking; Traveling; Playing sports,Hiking is my favorite hobby,Gemini,colloquial,short
What are your favorite hobbies?,MULTI-SELECT,Reading; Hiking; Cooking; Traveling; Playing sports,Hiking is my favorite hobby,Gemini,explanatory,short
What are your favorite hobbies?,MULTI-SELECT,Reading; Hiking; Cooking; Traveling; Playing sports,Hiking is my favorite hobby,Gemini,annoyed,short
What are your goals for improving customer satisfaction?,MULTI-SELECT,Increase customer retention; Improve customer loyalty; Generate positive word-of-mouth referrals; Reduce customer churn; Enhance brand reputation,Increase customer loyalty,Gemini,verbose,short
What are your goals for improving customer satisfaction?,MULTI-SELECT,Increase customer retention; Improve customer loyalty; Generate positive word-of-mouth referrals; Reduce customer churn; Enhance brand reputation,Increase customer loyalty,Gemini,concise,short
What are your goals for improving customer satisfaction?,MULTI-SELECT,Increase customer retention; Improve customer loyalty; Generate positive word-of-mouth referrals; Reduce customer churn; Enhance brand reputation,Increase customer retention,Gemini,colloquial,short
What are your goals for improving customer satisfaction?,MULTI-SELECT,Increase customer retention; Improve customer loyalty; Generate positive word-of-mouth referrals; Reduce customer churn; Enhance brand reputation,Increase customer retention,Gemini,explanatory,short
What are your goals for improving customer satisfaction?,MULTI-SELECT,Increase customer retention; Improve customer loyalty; Generate positive word-of-mouth referrals; Reduce customer churn; Enhance brand reputation,Increase customer retention,Gemini,annoyed,short
What are your hobbies outside of software development?,MULTI-SELECT,Reading; Hiking; Photography; Music; Gaming; Sports; Travel,Hiking,Gemini,verbose,short
What are your hobbies outside of software development?,MULTI-SELECT,Reading; Hiking; Photography; Music; Gaming; Sports; Travel,Hiking,Gemini,concise,short
What are your hobbies outside of software development?,MULTI-SELECT,Reading; Hiking; Photography; Music; Gaming; Sports; Travel,Hiking is my hobby,Gemini,colloquial,short
What are your hobbies outside of software development?,MULTI-SELECT,Reading; Hiking; Photography; Music; Gaming; Sports; Travel,Hiking is my hobby,Gemini,explanatory,short
What are your hobbies outside of software development?,MULTI-SELECT,Reading; Hiking; Photography; Music; Gaming; Sports; Travel,Hiking is my hobby,Gemini,annoyed,short
What are your key decision criteria for selecting a new CRM system?,MULTI-SELECT,Ease of use; Integration capabilities; Reporting and analytics; Cost-effectiveness; Scalability,Ease of use,Gemini,verbose,short
What are your key decision criteria for selecting a new CRM system?,MULTI-SELECT,Ease of use; Integration capabilities; Reporting and analytics; Cost-effectiveness; Scalability,Ease of use,Gemini,concise,short
What are your key decision criteria for selecting a new CRM system?,MULTI-SELECT,Ease of use; Integration capabilities; Reporting and analytics; Cost-effectiveness; Scalability,Ease of use,Gemini,explanatory,short
What are your key decision criteria for selecting a new CRM system?,MULTI-SELECT,Ease of use; Integration capabilities; Reporting and analytics; Cost-effectiveness; Scalability,Ease of use,Gemini,annoyed,short
What are your key decision-making factors when choosing a vendor?,MULTI-SELECT,Price; Features; Reputation; Customer support; Implementation process,Price is the most important factor,Gemini,verbose,short
What are your key decision-making factors when choosing a vendor?,MULTI-SELECT,Price; Features; Reputation; Customer support; Implementation process,Price is the most important factor,Gemini,concise,short
What are your key performance indicators (KPIs)?,MULTI-SELECT,Production output; Safety record; Environmental impact; Cost efficiency; Employee satisfaction,Production output,Gemini,verbose,short
What are your key performance indicators (KPIs)?,MULTI-SELECT,Production output; Safety record; Environmental impact; Cost efficiency; Employee satisfaction,Production output,Gemini,concise,short
What are your key performance indicators (KPIs)?,MULTI-SELECT,Production output; Safety record; Environmental impact; Cost efficiency; Employee satisfaction,Production output,Gemini,explanatory,short
What are your key performance indicators (KPIs)?,MULTI-SELECT,Production output; Safety record; Environmental impact; Cost efficiency; Employee satisfaction,Production output,Gemini,annoyed,short
What are your key strategies for improving worker safety?,MULTI-SELECT,Improved PPE; Enhanced safety training; Regular safety audits; Improved safety procedures; Incentivize safe behavior,Enhanced safety training,Gemini,verbose,short
What are your key strategies for improving worker safety?,MULTI-SELECT,Improved PPE; Enhanced safety training; Regular safety audits; Improved safety procedures; Incentivize safe behavior,Enhanced safety training,Gemini,concise,short
What are your key strategies for improving worker safety?,MULTI-SELECT,Improved PPE; Enhanced safety training; Regular safety audits; Improved safety procedures; Incentivize safe behavior,Enhanced safety training,Gemini,colloquial,short
What are your key strategies for improving worker safety?,MULTI-SELECT,Improved PPE; Enhanced safety training; Regular safety audits; Improved safety procedures; Incentivize safe behavior,Enhanced safety training,Gemini,explanatory,short
What are your key strategies for improving worker safety?,MULTI-SELECT,Improved PPE; Enhanced safety training; Regular safety audits; Improved safety procedures; Incentivize safe behavior,Enhanced safety training,Gemini,annoyed,short
What are your main sources of raw materials?,MULTI-SELECT,Domestic suppliers; International suppliers; Recycled materials; Mining operations; Agriculture,Domestic suppliers,Gemini,verbose,short
What are your main sources of raw materials?,MULTI-SELECT,Domestic suppliers; International suppliers; Recycled materials; Mining operations; Agriculture,Domestic suppliers,Gemini,concise,short
What are your main transportation methods?,MULTI-SELECT,Trucks; Rail; Ships; Pipelines; Air,Trucks are the main transportation methods,Gemini,verbose,short
What are your main transportation methods?,MULTI-SELECT,Trucks; Rail; Ships; Pipelines; Air,Trucks are the main transportation methods,Gemini,concise,short
What are your main transportation methods?,MULTI-SELECT,Trucks; Rail; Ships; Pipelines; Air,Trucks are the main transportation methods,Gemini,explanatory,short
What are your preferred code editors or IDEs?,MULTI-SELECT,VS Code; IntelliJ IDEA; Eclipse; Sublime Text; Atom,VS Code is my preferred code editor,Gemini,verbose,short
What are your preferred code editors or IDEs?,MULTI-SELECT,VS Code; IntelliJ IDEA; Eclipse; Sublime Text; Atom,VS Code is my preferred code editor,Gemini,concise,short
What are your preferred code editors or IDEs?,MULTI-SELECT,VS Code; IntelliJ IDEA; Eclipse; Sublime Text; Atom,VS Code is my preferred code editor,Gemini,colloquial,short
What are your preferred code editors or IDEs?,MULTI-SELECT,VS Code; IntelliJ IDEA; Eclipse; Sublime Text; Atom,VS Code is my preferred code editor,Gemini,explanatory,short
What are your preferred code editors or IDEs?,MULTI-SELECT,VS Code; IntelliJ IDEA; Eclipse; Sublime Text; Atom,VS Code,Gemini,annoyed,short
What are your preferred communication styles?,MULTI-SELECT,Direct and concise; Detailed and thorough; Collaborative and interactive; Formal and professional; Informal and friendly,Informal and friendly,Gemini,concise,short
What are your preferred communication styles?,MULTI-SELECT,Direct and concise; Detailed and thorough; Collaborative and interactive; Formal and professional; Informal and friendly,Informal and friendly,Gemini,colloquial,short
What are your preferred communication styles?,MULTI-SELECT,Direct and concise; Detailed and thorough; Collaborative and interactive; Formal and professional; Informal and friendly,Informal and friendly,Gemini,explanatory,short
What are your preferred design tools?,MULTI-SELECT,Figma; Adobe XD; Sketch; InVision; Adobe Photoshop; Adobe Illustrator,Adobe Illustrator is my preferred design tool,Gemini,verbose,short
What are your preferred design tools?,MULTI-SELECT,Figma; Adobe XD; Sketch; InVision; Adobe Photoshop; Adobe Illustrator,Adobe Illustrator is my preferred design tool,Gemini,concise,short
What are your preferred design tools?,MULTI-SELECT,Figma; Adobe XD; Sketch; InVision; Adobe Photoshop; Adobe Illustrator,Adobe Illustrator is my preferred design tool,Gemini,colloquial,short
What are your preferred design tools?,MULTI-SELECT,Figma; Adobe XD; Sketch; InVision; Adobe Photoshop; Adobe Illustrator,Adobe Illustrator,Gemini,explanatory,short
What are your preferred design tools?,MULTI-SELECT,Figma; Adobe XD; Sketch; InVision; Adobe Photoshop; Adobe Illustrator,Adobe Illustrator is my preferred design tool,Gemini,annoyed,short
What are your preferred methods for code optimization?,MULTI-SELECT,Profiling; Algorithmic improvements; Data structure optimization; Code refactoring,I prefer code refactoring,Gemini,verbose,short
What are your preferred methods for code optimization?,MULTI-SELECT,Profiling; Algorithmic improvements; Data structure optimization; Code refactoring,I prefer code refactoring over profiling,Gemini,colloquial,short
What are your preferred methods for code refactoring?,MULTI-SELECT,Extract Method; Rename Method; Move Method; Extract Class; Inline Method,Inline Method,Gemini,verbose,short
What are your preferred methods for code refactoring?,MULTI-SELECT,Extract Method; Rename Method; Move Method; Extract Class; Inline Method,Inline Method,Gemini,concise,short
What are your preferred methods for code refactoring?,MULTI-SELECT,Extract Method; Rename Method; Move Method; Extract Class; Inline Method,Inline Method,Gemini,colloquial,short
What are your preferred methods for code refactoring?,MULTI-SELECT,Extract Method; Rename Method; Move Method; Extract Class; Inline Method,Inline Method,Gemini,explanatory,short
What are your preferred methods for code refactoring?,MULTI-SELECT,Extract Method; Rename Method; Move Method; Extract Class; Inline Method,Inline Method,Gemini,annoyed,short
What are your preferred methods for debugging code?,MULTI-SELECT,Print statements; Debuggers; Logging; Code reviews; Unit tests,Debuggers are the best method for debugging code,Gemini,verbose,short
What are your preferred methods for debugging code?,MULTI-SELECT,Print statements; Debuggers; Logging; Code reviews; Unit tests,Debuggers are the best method for debugging code,Gemini,concise,short
What are your preferred methods for debugging code?,MULTI-SELECT,Print statements; Debuggers; Logging; Code reviews; Unit tests,Debuggers are the best method for debugging code,Gemini,colloquial,short
What are your preferred methods for debugging code?,MULTI-SELECT,Print statements; Debuggers; Logging; Code reviews; Unit tests,Debuggers are the best method for debugging code,Gemini,explanatory,short
What are your preferred methods for debugging code?,MULTI-SELECT,Print statements; Debuggers; Logging; Code reviews; Unit tests,Debuggers are the best method for debugging code,Gemini,annoyed,short
What are your preferred methods for nurturing leads?,MULTI-SELECT,Email marketing; Content marketing; Social media engagement; Personalized email sequences; Webinars and online events,Email marketing is the best way to nurture leads,Gemini,concise,short
What are your preferred methods for staying up-to-date on industry news?,MULTI-SELECT,Reading industry publications; Attending industry events; Following industry influencers on social media; Subscribing to industry newsletters; Listening to industry podcasts,Listening to industry podcasts,Gemini,verbose,short
What are your preferred methods for staying up-to-date on industry news?,MULTI-SELECT,Reading industry publications; Attending industry events; Following industry influencers on social media; Subscribing to industry newsletters; Listening to industry podcasts,Listening to industry podcasts,Gemini,concise,short
What are your preferred methods for staying up-to-date on industry news?,MULTI-SELECT,Reading industry publications; Attending industry events; Following industry influencers on social media; Subscribing to industry newsletters; Listening to industry podcasts,Listening to industry podcasts,Gemini,explanatory,short
What are your preferred methods for staying up-to-date on industry news?,MULTI-SELECT,Reading industry publications; Attending industry events; Following industry influencers on social media; Subscribing to industry newsletters; Listening to industry podcasts,Listening to industry podcasts,Gemini,annoyed,short
What are your preferred methods for training your sales team?,MULTI-SELECT,Classroom training; Online training; On-the-job training; Mentorship programs; External training courses,Onthejob training,Gemini,verbose,short
What are your preferred methods for training your sales team?,MULTI-SELECT,Classroom training; Online training; On-the-job training; Mentorship programs; External training courses,Onthejob training,Gemini,concise,short
What are your preferred methods for training your sales team?,MULTI-SELECT,Classroom training; Online training; On-the-job training; Mentorship programs; External training courses,Onthejob training is my preferred method,Gemini,colloquial,short
What are your preferred methods for training your sales team?,MULTI-SELECT,Classroom training; Online training; On-the-job training; Mentorship programs; External training courses,Onthejob training,Gemini,explanatory,short
What are your preferred methods for training your sales team?,MULTI-SELECT,Classroom training; Online training; On-the-job training; Mentorship programs; External training courses,Onthejob training is my preferred method,Gemini,annoyed,short
What are your preferred methods for version control?,MULTI-SELECT,Git flow; GitHub flow; GitLab flow,GitHub flow is the best,Gemini,annoyed,short
What are your preferred methods of communication?,MULTI-SELECT,Email; Phone; Video conferencing; Social media; In-person meetings,Email is my preferred method of communication,Gemini,verbose,short
What are your preferred methods of communication?,MULTI-SELECT,Email; Phone; Video conferencing; Social media; In-person meetings,Email is my preferred method of communication,Gemini,concise,short
What are your preferred methods of communication?,MULTI-SELECT,Email; Phone; Video conferencing; Social media; In-person meetings,Email is my preferred method of communication,Gemini,colloquial,short
What are your preferred methods of communication?,MULTI-SELECT,Email; Phone; Video conferencing; Social media; In-person meetings,Email is my preferred method of communication,Gemini,explanatory,short
What are your preferred methods of communication?,MULTI-SELECT,Email; Phone; Video conferencing; Social media; In-person meetings,Email is my preferred method of communication,Gemini,annoyed,short
What are your preferred methods of customer communication?,MULTI-SELECT,Email; Phone; Chat; Social media; In-person meetings,Email is my preferred method of communication,Gemini,verbose,short
What are your preferred methods of customer communication?,MULTI-SELECT,Email; Phone; Chat; Social media; In-person meetings,Email is my preferred method of communication,Gemini,concise,short
What are your preferred methods of customer communication?,MULTI-SELECT,Email; Phone; Chat; Social media; In-person meetings,Email is my preferred method of communication,Gemini,colloquial,short
What are your preferred methods of customer communication?,MULTI-SELECT,Email; Phone; Chat; Social media; In-person meetings,Email is my preferred method of communication,Gemini,explanatory,short
What are your preferred methods of customer communication?,MULTI-SELECT,Email; Phone; Chat; Social media; In-person meetings,Email is my preferred method of communication,Gemini,annoyed,short
What are your preferred tools for building and deploying applications?,MULTI-SELECT,Docker; Kubernetes; Jenkins; Travis CI; CircleCI,Jenkins is my preferred tool,Gemini,colloquial,short
What are your preferred tools for code analysis?,MULTI-SELECT,Linters; Static analyzers; Code coverage tools,Linters,Gemini,verbose,short
What are your preferred tools for code analysis?,MULTI-SELECT,Linters; Static analyzers; Code coverage tools,Linters,Gemini,concise,short
What are your preferred tools for code analysis?,MULTI-SELECT,Linters; Static analyzers; Code coverage tools,Linters is my preferred tool,Gemini,colloquial,short
What are your preferred tools for code analysis?,MULTI-SELECT,Linters; Static analyzers; Code coverage tools,Linters,Gemini,explanatory,short
What are your preferred tools for code analysis?,MULTI-SELECT,Linters; Static analyzers; Code coverage tools,Linters,Gemini,annoyed,short
What are your preferred tools for code documentation?,MULTI-SELECT,JSDoc; Javadoc; Sphinx; Doxygen,JSDoc,Gemini,verbose,short
What are your preferred tools for code documentation?,MULTI-SELECT,JSDoc; Javadoc; Sphinx; Doxygen,JSDoc,Gemini,concise,short
What are your preferred tools for code documentation?,MULTI-SELECT,JSDoc; Javadoc; Sphinx; Doxygen,JSDoc,Gemini,colloquial,short
What are your preferred tools for code documentation?,MULTI-SELECT,JSDoc; Javadoc; Sphinx; Doxygen,JSDoc,Gemini,explanatory,short
What are your preferred tools for code documentation?,MULTI-SELECT,JSDoc; Javadoc; Sphinx; Doxygen,JSDoc,Gemini,annoyed,short
What are your preferred tools for monitoring and logging applications?,MULTI-SELECT,Grafana; Prometheus; ELK stack; Splunk; Datadog,Splunk,Gemini,verbose,short
What are your preferred tools for monitoring and logging applications?,MULTI-SELECT,Grafana; Prometheus; ELK stack; Splunk; Datadog,Splunk,Gemini,concise,short
What are your preferred ways to learn new technologies?,MULTI-SELECT,Hands-on practice; Reading documentation; Watching tutorials; Following online courses; Working with experienced developers,Handson practice,Gemini,verbose,short
What are your primary concerns regarding the accuracy of your sales data?,MULTI-SELECT,Data entry errors; Data inconsistencies; Lack of data standardization; Difficulty accessing accurate data; Outdated data,Difficulty accessing accurate data,Gemini,verbose,short
What are your primary concerns regarding the accuracy of your sales data?,MULTI-SELECT,Data entry errors; Data inconsistencies; Lack of data standardization; Difficulty accessing accurate data; Outdated data,Difficulty accessing accurate data,Gemini,concise,short
What are your primary concerns regarding the accuracy of your sales data?,MULTI-SELECT,Data entry errors; Data inconsistencies; Lack of data standardization; Difficulty accessing accurate data; Outdated data,Difficulty accessing accurate data,Gemini,colloquial,short
What are your primary concerns regarding the accuracy of your sales data?,MULTI-SELECT,Data entry errors; Data inconsistencies; Lack of data standardization; Difficulty accessing accurate data; Outdated data,Data entry errors,Gemini,explanatory,short
What are your primary customer segments?,MULTI-SELECT,Construction; Manufacturing; Energy; Transportation; Agriculture,Construction,Gemini,verbose,short
What are your primary customer segments?,MULTI-SELECT,Construction; Manufacturing; Energy; Transportation; Agriculture,Construction,Gemini,concise,short
What are your primary customer segments?,MULTI-SELECT,Construction; Manufacturing; Energy; Transportation; Agriculture,Construction is your primary customer segment,Gemini,colloquial,short
What are your primary customer segments?,MULTI-SELECT,Construction; Manufacturing; Energy; Transportation; Agriculture,Construction,Gemini,explanatory,short
What are your primary customer segments?,MULTI-SELECT,Construction; Manufacturing; Energy; Transportation; Agriculture,Energy,Gemini,annoyed,short
What are your primary distribution channels?,MULTI-SELECT,Direct sales; Distributors; Retailers; Online sales; Export,Distributors,Gemini,annoyed,short
What are your primary environmental concerns?,MULTI-SELECT,Air pollution; Water pollution; Waste management; Greenhouse gas emissions; Noise pollution,Air pollution,Gemini,verbose,short
What are your primary environmental concerns?,MULTI-SELECT,Air pollution; Water pollution; Waste management; Greenhouse gas emissions; Noise pollution,Air pollution,Gemini,concise,short
What are your primary environmental concerns?,MULTI-SELECT,Air pollution; Water pollution; Waste management; Greenhouse gas emissions; Noise pollution,Air pollution is my primary environmental concern,Gemini,colloquial,short
What are your primary environmental concerns?,MULTI-SELECT,Air pollution; Water pollution; Waste management; Greenhouse gas emissions; Noise pollution,Air pollution is my primary environmental concern,Gemini,explanatory,short
What are your primary environmental concerns?,MULTI-SELECT,Air pollution; Water pollution; Waste management; Greenhouse gas emissions; Noise pollution,Air pollution is my primary environmental concern,Gemini,annoyed,short
What are your primary goals for improving sustainability?,MULTI-SELECT,Reduce greenhouse gas emissions; Reduce water consumption; Reduce waste generation; Improve energy efficiency; Source sustainable materials,Reduce greenhouse gas emissions,Gemini,verbose,short
What are your primary goals for improving sustainability?,MULTI-SELECT,Reduce greenhouse gas emissions; Reduce water consumption; Reduce waste generation; Improve energy efficiency; Source sustainable materials,Reduce greenhouse gas emissions,Gemini,concise,short
What are your primary goals for improving sustainability?,MULTI-SELECT,Reduce greenhouse gas emissions; Reduce water consumption; Reduce waste generation; Improve energy efficiency; Source sustainable materials,Reduce greenhouse gas emissions,Gemini,colloquial,short
What are your primary goals for improving sustainability?,MULTI-SELECT,Reduce greenhouse gas emissions; Reduce water consumption; Reduce waste generation; Improve energy efficiency; Source sustainable materials,Reduce greenhouse gas emissions,Gemini,explanatory,short
What are your primary goals for improving sustainability?,MULTI-SELECT,Reduce greenhouse gas emissions; Reduce water consumption; Reduce waste generation; Improve energy efficiency; Source sustainable materials,Reduce greenhouse gas emissions,Gemini,annoyed,short
What are your primary goals for improving your sales process?,MULTI-SELECT,Increase sales revenue; Improve sales efficiency; Enhance customer satisfaction; Reduce sales cycle length; Improve lead conversion rates,Increase sales revenue,Gemini,verbose,short
What are your primary goals for improving your sales process?,MULTI-SELECT,Increase sales revenue; Improve sales efficiency; Enhance customer satisfaction; Reduce sales cycle length; Improve lead conversion rates,Increase sales revenue,Gemini,concise,short
What are your primary goals for improving your sales process?,MULTI-SELECT,Increase sales revenue; Improve sales efficiency; Enhance customer satisfaction; Reduce sales cycle length; Improve lead conversion rates,Increase sales revenue,Gemini,colloquial,short
What are your primary goals for improving your sales process?,MULTI-SELECT,Increase sales revenue; Improve sales efficiency; Enhance customer satisfaction; Reduce sales cycle length; Improve lead conversion rates,Increase sales revenue,Gemini,explanatory,short
What are your primary goals for improving your sales process?,MULTI-SELECT,Increase sales revenue; Improve sales efficiency; Enhance customer satisfaction; Reduce sales cycle length; Improve lead conversion rates,Increase sales revenue,Gemini,annoyed,short
What are your primary goals for this marketing campaign?,MULTI-SELECT,Increase brand awareness; Generate leads; Drive sales; Improve customer engagement; Build customer loyalty,Increase brand awareness,Gemini,verbose,short
What are your primary goals for this marketing campaign?,MULTI-SELECT,Increase brand awareness; Generate leads; Drive sales; Improve customer engagement; Build customer loyalty,Increase brand awareness,Gemini,concise,short
What are your primary goals for this marketing campaign?,MULTI-SELECT,Increase brand awareness; Generate leads; Drive sales; Improve customer engagement; Build customer loyalty,Increase brand awareness,Gemini,colloquial,short
What are your primary goals for this marketing campaign?,MULTI-SELECT,Increase brand awareness; Generate leads; Drive sales; Improve customer engagement; Build customer loyalty,Increase brand awareness,Gemini,explanatory,short
What are your primary goals for this marketing campaign?,MULTI-SELECT,Increase brand awareness; Generate leads; Drive sales; Improve customer engagement; Build customer loyalty,Increase brand awareness,Gemini,annoyed,short
What are your primary methods for reducing energy consumption?,MULTI-SELECT,Energy-efficient equipment; Process optimization; Renewable energy sources; Waste heat recovery; Energy management systems,Energyefficient equipment,Gemini,verbose,short
What are your primary methods for reducing energy consumption?,MULTI-SELECT,Energy-efficient equipment; Process optimization; Renewable energy sources; Waste heat recovery; Energy management systems,Energyefficient equipment,Gemini,concise,short
What are your primary methods for reducing energy consumption?,MULTI-SELECT,Energy-efficient equipment; Process optimization; Renewable energy sources; Waste heat recovery; Energy management systems,Energyefficient equipment,Gemini,colloquial,short
What are your primary methods for reducing energy consumption?,MULTI-SELECT,Energy-efficient equipment; Process optimization; Renewable energy sources; Waste heat recovery; Energy management systems,Energyefficient equipment,Gemini,explanatory,short
What are your primary methods for reducing energy consumption?,MULTI-SELECT,Energy-efficient equipment; Process optimization; Renewable energy sources; Waste heat recovery; Energy management systems,Energyefficient equipment,Gemini,annoyed,short
What are your primary methods for reducing waste generation?,MULTI-SELECT,Improved process efficiency; Recycling programs; Waste reduction initiatives; Waste-to-energy technologies; Improved material handling,Waste reduction initiatives,Gemini,verbose,short
What are your primary methods for reducing waste generation?,MULTI-SELECT,Improved process efficiency; Recycling programs; Waste reduction initiatives; Waste-to-energy technologies; Improved material handling,Waste reduction initiatives,Gemini,concise,short
What are your primary methods for reducing waste generation?,MULTI-SELECT,Improved process efficiency; Recycling programs; Waste reduction initiatives; Waste-to-energy technologies; Improved material handling,Waste reduction initiatives,Gemini,colloquial,short
What are your primary methods for reducing waste generation?,MULTI-SELECT,Improved process efficiency; Recycling programs; Waste reduction initiatives; Waste-to-energy technologies; Improved material handling,Waste reduction initiatives,Gemini,explanatory,short
What are your primary methods for reducing waste generation?,MULTI-SELECT,Improved process efficiency; Recycling programs; Waste reduction initiatives; Waste-to-energy technologies; Improved material handling,Waste reduction initiatives,Gemini,annoyed,short
What are your primary sources of information about industry trends?,MULTI-SELECT,Industry publications; News websites; Social media; Conferences and trade shows; Industry analysts,Industry publications,Gemini,verbose,short
What are your primary sources of information about industry trends?,MULTI-SELECT,Industry publications; News websites; Social media; Conferences and trade shows; Industry analysts,Industry publications,Gemini,concise,short
What are your primary sources of information about industry trends?,MULTI-SELECT,Industry publications; News websites; Social media; Conferences and trade shows; Industry analysts,Industry publications,Gemini,colloquial,short
What are your primary sources of information about industry trends?,MULTI-SELECT,Industry publications; News websites; Social media; Conferences and trade shows; Industry analysts,Industry publications,Gemini,explanatory,short
What are your primary sources of information about industry trends?,MULTI-SELECT,Industry publications; News websites; Social media; Conferences and trade shows; Industry analysts,Industry publications,Gemini,annoyed,short
What are your primary sources of leads?,MULTI-SELECT,Referral programs; Social media marketing; Content marketing; Email marketing; Paid advertising,Social media marketing,Gemini,verbose,short
What are your primary sources of leads?,MULTI-SELECT,Referral programs; Social media marketing; Content marketing; Email marketing; Paid advertising,Social media marketing,Gemini,concise,short
What are your primary sources of leads?,MULTI-SELECT,Referral programs; Social media marketing; Content marketing; Email marketing; Paid advertising,Social media marketing,Gemini,explanatory,short
What are your primary sources of leads?,MULTI-SELECT,Referral programs; Social media marketing; Content marketing; Email marketing; Paid advertising,Social media marketing,Gemini,annoyed,short
What are your sales team's key performance indicators (KPIs)?,MULTI-SELECT,Revenue generated; Number of deals closed; Average deal size; Sales cycle length; Customer acquisition cost (CAC),Revenue generated,Gemini,verbose,short
What are your sales team's key performance indicators (KPIs)?,MULTI-SELECT,Revenue generated; Number of deals closed; Average deal size; Sales cycle length; Customer acquisition cost (CAC),Revenue generated,Gemini,concise,short
What are your sales team's key performance indicators (KPIs)?,MULTI-SELECT,Revenue generated; Number of deals closed; Average deal size; Sales cycle length; Customer acquisition cost (CAC),Revenue generated,Gemini,explanatory,short
What are your strengths as a software developer?,MULTI-SELECT,Problem-solving; Communication; Teamwork; Time management; Adaptability; Technical skills,Adaptability,Gemini,verbose,short
What are your strengths as a software developer?,MULTI-SELECT,Problem-solving; Communication; Teamwork; Time management; Adaptability; Technical skills,Adaptability,Gemini,concise,short
What are your strengths as a software developer?,MULTI-SELECT,Problem-solving; Communication; Teamwork; Time management; Adaptability; Technical skills,Adaptability is my strengths,Gemini,colloquial,short
What are your strengths as a software developer?,MULTI-SELECT,Problem-solving; Communication; Teamwork; Time management; Adaptability; Technical skills,Adaptability,Gemini,explanatory,short
What are your strengths as a software developer?,MULTI-SELECT,Problem-solving; Communication; Teamwork; Time management; Adaptability; Technical skills,Adaptability,Gemini,annoyed,short
What are your top three priorities for improving your sales process?,MULTI-SELECT,Improving lead generation; Increasing conversion rates; Shortening the sales cycle; Improving sales team performance; Better lead qualification,Improving lead generation,Gemini,concise,short
What challenges are you facing in your current marketing efforts?,MULTI-SELECT,Lack of budget; Lack of time; Lack of resources; Difficulty measuring ROI; Keeping up with industry trends,Lack of budget,Gemini,verbose,short
What challenges are you facing in your current marketing efforts?,MULTI-SELECT,Lack of budget; Lack of time; Lack of resources; Difficulty measuring ROI; Keeping up with industry trends,Lack of budget,Gemini,concise,short
What challenges are you facing in your current marketing efforts?,MULTI-SELECT,Lack of budget; Lack of time; Lack of resources; Difficulty measuring ROI; Keeping up with industry trends,Lack of budget,Gemini,colloquial,short
What challenges are you facing in your current marketing efforts?,MULTI-SELECT,Lack of budget; Lack of time; Lack of resources; Difficulty measuring ROI; Keeping up with industry trends,Lack of budget,Gemini,explanatory,short
What challenges are you facing in your current marketing efforts?,MULTI-SELECT,Lack of budget; Lack of time; Lack of resources; Difficulty measuring ROI; Keeping up with industry trends,Lack of budget,Gemini,annoyed,short
What cloud platforms are you familiar with?,MULTI-SELECT,AWS; Azure; Google Cloud Platform,I am familiar with AWS,Gemini,concise,short
What cloud platforms are you familiar with?,MULTI-SELECT,AWS; Azure; Google Cloud Platform,I am familiar with AWS and Google Cloud Platform,Gemini,colloquial,short
What cloud platforms are you familiar with?,MULTI-SELECT,AWS; Azure; Google Cloud Platform,I am familiar with AWS and Google Cloud Platform,Gemini,annoyed,short
What communication tools do you use for internal and external communication?,MULTI-SELECT,Email; Instant messaging; Video conferencing; Project management software; Intranet,Email,Gemini,verbose,short
What communication tools do you use for internal and external communication?,MULTI-SELECT,Email; Instant messaging; Video conferencing; Project management software; Intranet,Email,Gemini,concise,short
What communication tools do you use for internal and external communication?,MULTI-SELECT,Email; Instant messaging; Video conferencing; Project management software; Intranet,Email,Gemini,explanatory,short
What communication tools do you use for internal and external communication?,MULTI-SELECT,Email; Instant messaging; Video conferencing; Project management software; Intranet,Email,Gemini,annoyed,short
What energy sources do you primarily use?,MULTI-SELECT,Natural gas; Coal; Electricity; Renewable energy; Oil,Renewable energy,Gemini,verbose,short
What energy sources do you primarily use?,MULTI-SELECT,Natural gas; Coal; Electricity; Renewable energy; Oil,Renewable energy,Gemini,concise,short
What energy sources do you primarily use?,MULTI-SELECT,Natural gas; Coal; Electricity; Renewable energy; Oil,Renewable energy,Gemini,colloquial,short
What energy sources do you primarily use?,MULTI-SELECT,Natural gas; Coal; Electricity; Renewable energy; Oil,Renewable energy,Gemini,explanatory,short
What energy sources do you primarily use?,MULTI-SELECT,Natural gas; Coal; Electricity; Renewable energy; Oil,Renewable energy,Gemini,annoyed,short
What is your current sales process?,MULTI-SELECT,Inbound marketing; Outbound marketing; Sales calls; Email outreach; Social selling,Inbound marketing,Gemini,verbose,short
What is your current sales process?,MULTI-SELECT,Inbound marketing; Outbound marketing; Sales calls; Email outreach; Social selling,Inbound marketing,Gemini,concise,short
What is your current sales process?,MULTI-SELECT,Inbound marketing; Outbound marketing; Sales calls; Email outreach; Social selling,Inbound marketing,Gemini,colloquial,short
What is your current sales process?,MULTI-SELECT,Inbound marketing; Outbound marketing; Sales calls; Email outreach; Social selling,Inbound marketing,Gemini,explanatory,short
What is your current sales process?,MULTI-SELECT,Inbound marketing; Outbound marketing; Sales calls; Email outreach; Social selling,Inbound marketing,Gemini,annoyed,short
What materials do you primarily process or manufacture?,MULTI-SELECT,Iron ore; Crude oil; Limestone; Chemicals; Plastics,Limestone,Gemini,verbose,short
What materials do you primarily process or manufacture?,MULTI-SELECT,Iron ore; Crude oil; Limestone; Chemicals; Plastics,Limestone,Gemini,concise,short
What materials do you primarily process or manufacture?,MULTI-SELECT,Iron ore; Crude oil; Limestone; Chemicals; Plastics,Limestone,Gemini,explanatory,short
What methodologies have you used in software development?,MULTI-SELECT,Agile; Scrum; Kanban; Waterfall; XP (Extreme Programming),Agile,Gemini,explanatory,short
What methods do you use to manage your inventory?,MULTI-SELECT,"First-In, First-Out (FIFO); Last-In, First-Out (LIFO); Weighted-Average Cost; Specific Identification; Inventory Management Software",Inventory Management Software,Gemini,verbose,short
What methods do you use to manage your inventory?,MULTI-SELECT,"First-In, First-Out (FIFO); Last-In, First-Out (LIFO); Weighted-Average Cost; Specific Identification; Inventory Management Software",Inventory Management Software,Gemini,concise,short
What methods do you use to manage your inventory?,MULTI-SELECT,"First-In, First-Out (FIFO); Last-In, First-Out (LIFO); Weighted-Average Cost; Specific Identification; Inventory Management Software",Inventory Management Software,Gemini,colloquial,short
What methods do you use to manage your inventory?,MULTI-SELECT,"First-In, First-Out (FIFO); Last-In, First-Out (LIFO); Weighted-Average Cost; Specific Identification; Inventory Management Software",Inventory Management Software,Gemini,explanatory,short
What methods do you use to manage your inventory?,MULTI-SELECT,"First-In, First-Out (FIFO); Last-In, First-Out (LIFO); Weighted-Average Cost; Specific Identification; Inventory Management Software",Inventory Management Software,Gemini,annoyed,short
What programming languages are you proficient in?,MULTI-SELECT,Python; Java; JavaScript; C++; C#; Go; Swift; Kotlin; PHP; Ruby,I am proficient in CGo Swift Kotlin and Ruby,Gemini,verbose,short
What programming languages are you proficient in?,MULTI-SELECT,Python; Java; JavaScript; C++; C#; Go; Swift; Kotlin; PHP; Ruby,I am proficient in CGo Swift Kotlin and Ruby,Gemini,colloquial,short
What programming languages are you proficient in?,MULTI-SELECT,Python; Java; JavaScript; C++; C#; Go; Swift; Kotlin; PHP; Ruby,I am proficient in CGo Swift Kotlin and Ruby,Gemini,explanatory,short
What programming languages are you proficient in?,MULTI-SELECT,Python; Java; JavaScript; C++; C#; Go; Swift; Kotlin; PHP; Ruby,I am proficient in CGo Swift and Kotlin,Gemini,annoyed,short
What regulatory bodies do you interact with?,MULTI-SELECT,Environmental Protection Agency (EPA); Occupational Safety and Health Administration (OSHA); Department of Transportation (DOT); Local environmental agencies; Industry-specific regulatory bodies,Industryspecific regulatory bodies,Gemini,verbose,short
What regulatory bodies do you interact with?,MULTI-SELECT,Environmental Protection Agency (EPA); Occupational Safety and Health Administration (OSHA); Department of Transportation (DOT); Local environmental agencies; Industry-specific regulatory bodies,Industryspecific regulatory bodies,Gemini,concise,short
What regulatory bodies do you interact with?,MULTI-SELECT,Environmental Protection Agency (EPA); Occupational Safety and Health Administration (OSHA); Department of Transportation (DOT); Local environmental agencies; Industry-specific regulatory bodies,Industryspecific regulatory bodies,Gemini,colloquial,short
What regulatory bodies do you interact with?,MULTI-SELECT,Environmental Protection Agency (EPA); Occupational Safety and Health Administration (OSHA); Department of Transportation (DOT); Local environmental agencies; Industry-specific regulatory bodies,DOT,Gemini,explanatory,short
What regulatory bodies do you interact with?,MULTI-SELECT,Environmental Protection Agency (EPA); Occupational Safety and Health Administration (OSHA); Department of Transportation (DOT); Local environmental agencies; Industry-specific regulatory bodies,DOT,Gemini,annoyed,short
What security practices are you familiar with?,MULTI-SELECT,OWASP Top 10; Authentication; Authorization; Encryption; Input validation; Output encoding; Secure coding practices,OWASP Top 10,Gemini,verbose,short
What security practices are you familiar with?,MULTI-SELECT,OWASP Top 10; Authentication; Authorization; Encryption; Input validation; Output encoding; Secure coding practices,OWASP Top 10,Gemini,colloquial,short
What security practices are you familiar with?,MULTI-SELECT,OWASP Top 10; Authentication; Authorization; Encryption; Input validation; Output encoding; Secure coding practices,OWASP Top 10,Gemini,explanatory,short
What security practices are you familiar with?,MULTI-SELECT,OWASP Top 10; Authentication; Authorization; Encryption; Input validation; Output encoding; Secure coding practices,OWASP Top 10,Gemini,annoyed,short
What supply chain management strategies do you utilize?,MULTI-SELECT,Just-in-time (JIT) inventory; Vendor managed inventory (VMI); Supplier relationship management (SRM); Risk management; Supply chain diversification,Supply chain diversification,Gemini,verbose,short
What supply chain management strategies do you utilize?,MULTI-SELECT,Just-in-time (JIT) inventory; Vendor managed inventory (VMI); Supplier relationship management (SRM); Risk management; Supply chain diversification,Supply chain diversification,Gemini,concise,short
What supply chain management strategies do you utilize?,MULTI-SELECT,Just-in-time (JIT) inventory; Vendor managed inventory (VMI); Supplier relationship management (SRM); Risk management; Supply chain diversification,Supply chain diversification,Gemini,colloquial,short
What supply chain management strategies do you utilize?,MULTI-SELECT,Just-in-time (JIT) inventory; Vendor managed inventory (VMI); Supplier relationship management (SRM); Risk management; Supply chain diversification,Supply chain diversification,Gemini,explanatory,short
What supply chain management strategies do you utilize?,MULTI-SELECT,Just-in-time (JIT) inventory; Vendor managed inventory (VMI); Supplier relationship management (SRM); Risk management; Supply chain diversification,Supply chain diversification,Gemini,annoyed,short
What testing methodologies are you familiar with?,MULTI-SELECT,Unit testing; Integration testing; System testing; User acceptance testing; Agile testing; Waterfall testing,I am familiar with Integration testing,Gemini,verbose,short
What testing methodologies are you familiar with?,MULTI-SELECT,Unit testing; Integration testing; System testing; User acceptance testing; Agile testing; Waterfall testing,I am familiar with integration testing,Gemini,concise,short
What testing methodologies are you familiar with?,MULTI-SELECT,Unit testing; Integration testing; System testing; User acceptance testing; Agile testing; Waterfall testing,I am familiar with Unit testing,Gemini,colloquial,short
What testing methodologies are you familiar with?,MULTI-SELECT,Unit testing; Integration testing; System testing; User acceptance testing; Agile testing; Waterfall testing,I am familiar with Integration testing,Gemini,explanatory,short
What testing methodologies are you familiar with?,MULTI-SELECT,Unit testing; Integration testing; System testing; User acceptance testing; Agile testing; Waterfall testing,I am familiar with Unit testing,Gemini,annoyed,short
What tools do you use for project management?,MULTI-SELECT,Jira; Trello; Asana; Monday.com; Microsoft Project,Jira is the best project management tool,Gemini,verbose,short
What tools do you use for project management?,MULTI-SELECT,Jira; Trello; Asana; Monday.com; Microsoft Project,Jira,Gemini,concise,short
What tools do you use for project management?,MULTI-SELECT,Jira; Trello; Asana; Monday.com; Microsoft Project,Jira is the best project management tool,Gemini,colloquial,short
What tools do you use for project management?,MULTI-SELECT,Jira; Trello; Asana; Monday.com; Microsoft Project,Jira is the best project management tool,Gemini,explanatory,short
What tools do you use for project management?,MULTI-SELECT,Jira; Trello; Asana; Monday.com; Microsoft Project,Jira is the best project management tool,Gemini,annoyed,short
What training programs do you offer your employees?,MULTI-SELECT,Safety training; Technical skills training; Leadership development; Environmental awareness training; On-the-job training,Onthejob training,Gemini,concise,short
What training programs do you offer your employees?,MULTI-SELECT,Safety training; Technical skills training; Leadership development; Environmental awareness training; On-the-job training,Onthejob training,Gemini,annoyed,short
What type of sales leads are you most interested in?,MULTI-SELECT,High-value leads; Qualified leads; Marketing qualified leads (MQLs); Sales qualified leads (SQLs); All leads,Highvalue leads,Gemini,verbose,short
What type of sales leads are you most interested in?,MULTI-SELECT,High-value leads; Qualified leads; Marketing qualified leads (MQLs); Sales qualified leads (SQLs); All leads,Highvalue leads,Gemini,concise,short
What type of sales leads are you most interested in?,MULTI-SELECT,High-value leads; Qualified leads; Marketing qualified leads (MQLs); Sales qualified leads (SQLs); All leads,Highvalue leads,Gemini,colloquial,short
What type of sales leads are you most interested in?,MULTI-SELECT,High-value leads; Qualified leads; Marketing qualified leads (MQLs); Sales qualified leads (SQLs); All leads,Highvalue leads,Gemini,explanatory,short
What type of sales leads are you most interested in?,MULTI-SELECT,High-value leads; Qualified leads; Marketing qualified leads (MQLs); Sales qualified leads (SQLs); All leads,Highvalue leads,Gemini,annoyed,short
What types of  cloud computing services do you use?,MULTI-SELECT,Amazon Web Services (AWS); Microsoft Azure; Google Cloud Platform (GCP); IBM Cloud; Oracle Cloud,Microsoft Azure is a cloud computing service,Gemini,concise,short
What types of  cybersecurity software do you use?,MULTI-SELECT,CrowdStrike; Palo Alto Networks; Fortinet; Check Point; Symantec,Fortinet is a cybersecurity software company,Gemini,verbose,short
What types of  cybersecurity software do you use?,MULTI-SELECT,CrowdStrike; Palo Alto Networks; Fortinet; Check Point; Symantec,Fortinet is a cybersecurity software company,Gemini,concise,short
What types of  cybersecurity software do you use?,MULTI-SELECT,CrowdStrike; Palo Alto Networks; Fortinet; Check Point; Symantec,Fortinet is a cybersecurity software company,Gemini,colloquial,short
What types of  cybersecurity software do you use?,MULTI-SELECT,CrowdStrike; Palo Alto Networks; Fortinet; Check Point; Symantec,Fortinet is a cybersecurity software,Gemini,explanatory,short
What types of  cybersecurity software do you use?,MULTI-SELECT,CrowdStrike; Palo Alto Networks; Fortinet; Check Point; Symantec,Fortinet is a cybersecurity software company,Gemini,annoyed,short
What types of  data analytics tools do you use?,MULTI-SELECT,Tableau; Power BI; Qlik Sense; Splunk; Google Data Studio,Tableau,Gemini,verbose,short
What types of  data analytics tools do you use?,MULTI-SELECT,Tableau; Power BI; Qlik Sense; Splunk; Google Data Studio,Tableau,Gemini,concise,short
What types of  data analytics tools do you use?,MULTI-SELECT,Tableau; Power BI; Qlik Sense; Splunk; Google Data Studio,Tableau is my favorite data analytics tool,Gemini,colloquial,short
What types of  data analytics tools do you use?,MULTI-SELECT,Tableau; Power BI; Qlik Sense; Splunk; Google Data Studio,Tableau,Gemini,explanatory,short
What types of  data analytics tools do you use?,MULTI-SELECT,Tableau; Power BI; Qlik Sense; Splunk; Google Data Studio,Tableau,Gemini,annoyed,short
What types of  maintenance software do you use?,MULTI-SELECT,SAP PM; IBM Maximo; Oracle EAM; Infor EAM; Microsoft Dynamics 365,Microsoft Dynamics 365,Gemini,verbose,short
What types of  maintenance software do you use?,MULTI-SELECT,SAP PM; IBM Maximo; Oracle EAM; Infor EAM; Microsoft Dynamics 365,Microsoft Dynamics 365,Gemini,concise,short
What types of  maintenance software do you use?,MULTI-SELECT,SAP PM; IBM Maximo; Oracle EAM; Infor EAM; Microsoft Dynamics 365,IBM Maximo is a maintenance software,Gemini,colloquial,short
What types of  maintenance software do you use?,MULTI-SELECT,SAP PM; IBM Maximo; Oracle EAM; Infor EAM; Microsoft Dynamics 365,Microsoft Dynamics 365,Gemini,explanatory,short
What types of  maintenance software do you use?,MULTI-SELECT,SAP PM; IBM Maximo; Oracle EAM; Infor EAM; Microsoft Dynamics 365,Infor EAM is a maintenance software,Gemini,annoyed,short
What types of  project management software do you use?,MULTI-SELECT,Microsoft Project; Asana; Jira; Trello; Monday.com,Asana is a project management software,Gemini,verbose,short
What types of  project management software do you use?,MULTI-SELECT,Microsoft Project; Asana; Jira; Trello; Monday.com,Asana is a project management software,Gemini,concise,short
What types of  project management software do you use?,MULTI-SELECT,Microsoft Project; Asana; Jira; Trello; Monday.com,Asana is a project management software,Gemini,explanatory,short
What types of  project management software do you use?,MULTI-SELECT,Microsoft Project; Asana; Jira; Trello; Monday.com,Asana is a project management software,Gemini,annoyed,short
What types of  risk management software do you use?,MULTI-SELECT,Archer; ServiceNow; MetricStream; Riskonnect; LogicManager,LogicManager,Gemini,verbose,short
What types of  risk management software do you use?,MULTI-SELECT,Archer; ServiceNow; MetricStream; Riskonnect; LogicManager,LogicManager,Gemini,concise,short
What types of  risk management software do you use?,MULTI-SELECT,Archer; ServiceNow; MetricStream; Riskonnect; LogicManager,LogicManager is a risk management software,Gemini,colloquial,short
What types of  risk management software do you use?,MULTI-SELECT,Archer; ServiceNow; MetricStream; Riskonnect; LogicManager,LogicManager,Gemini,explanatory,short
What types of  risk management software do you use?,MULTI-SELECT,Archer; ServiceNow; MetricStream; Riskonnect; LogicManager,LogicManager,Gemini,annoyed,short
What types of communication protocols are you familiar with?,MULTI-SELECT,HTTP; HTTPS; TCP/IP; UDP; REST; GraphQL,I am familiar with HTTPS TCPIP UDP REST GraphQL,Gemini,verbose,short
What types of communication protocols are you familiar with?,MULTI-SELECT,HTTP; HTTPS; TCP/IP; UDP; REST; GraphQL,I am familiar with TCPIP,Gemini,concise,short
What types of communication protocols are you familiar with?,MULTI-SELECT,HTTP; HTTPS; TCP/IP; UDP; REST; GraphQL,TCPIP UDP and GraphQL,Gemini,explanatory,short
What types of communication protocols are you familiar with?,MULTI-SELECT,HTTP; HTTPS; TCP/IP; UDP; REST; GraphQL,I am familiar with TCPIP and UDP,Gemini,annoyed,short
What types of data do you collect to monitor your operations?,MULTI-SELECT,Production data; Energy consumption data; Environmental data; Safety data; Maintenance data,Production data,Gemini,verbose,short
What types of data do you collect to monitor your operations?,MULTI-SELECT,Production data; Energy consumption data; Environmental data; Safety data; Maintenance data,Production data,Gemini,concise,short
What types of data do you collect to monitor your operations?,MULTI-SELECT,Production data; Energy consumption data; Environmental data; Safety data; Maintenance data,Production data,Gemini,colloquial,short
What types of data do you collect to monitor your operations?,MULTI-SELECT,Production data; Energy consumption data; Environmental data; Safety data; Maintenance data,Production data,Gemini,explanatory,short
What types of data do you collect to monitor your operations?,MULTI-SELECT,Production data; Energy consumption data; Environmental data; Safety data; Maintenance data,Production data,Gemini,annoyed,short
What types of data structures are you comfortable using?,MULTI-SELECT,Arrays; Linked Lists; Trees; Graphs; Hash Tables; Stacks; Queues,Linked Lists,Gemini,verbose,short
What types of data structures are you comfortable using?,MULTI-SELECT,Arrays; Linked Lists; Trees; Graphs; Hash Tables; Stacks; Queues,Linked Lists,Gemini,concise,short
What types of data structures are you comfortable using?,MULTI-SELECT,Arrays; Linked Lists; Trees; Graphs; Hash Tables; Stacks; Queues,Linked Lists are my favorite data structures,Gemini,colloquial,short
What types of data structures are you comfortable using?,MULTI-SELECT,Arrays; Linked Lists; Trees; Graphs; Hash Tables; Stacks; Queues,Linked Lists,Gemini,explanatory,short
What types of data structures are you comfortable using?,MULTI-SELECT,Arrays; Linked Lists; Trees; Graphs; Hash Tables; Stacks; Queues,Linked Lists are my favorite data structures,Gemini,annoyed,short
What types of databases have you used in your projects?,MULTI-SELECT,Relational databases; NoSQL databases; Graph databases,I have used Relational databases in my projects,Gemini,verbose,short
What types of databases have you used in your projects?,MULTI-SELECT,Relational databases; NoSQL databases; Graph databases,I have used Relational databases in my projects,Gemini,colloquial,short
What types of databases have you used in your projects?,MULTI-SELECT,Relational databases; NoSQL databases; Graph databases,Relational databases,Gemini,explanatory,short
What types of databases have you used in your projects?,MULTI-SELECT,Relational databases; NoSQL databases; Graph databases,NoSQL databases,Gemini,annoyed,short
What types of design patterns are you familiar with?,MULTI-SELECT,Singleton; Factory; Observer; MVC; MVVM; Decorator; Adapter; Strategy,Observer,Gemini,verbose,short
What types of design patterns are you familiar with?,MULTI-SELECT,Singleton; Factory; Observer; MVC; MVVM; Decorator; Adapter; Strategy,MVVM is a type of design pattern,Gemini,concise,short
What types of design patterns are you familiar with?,MULTI-SELECT,Singleton; Factory; Observer; MVC; MVVM; Decorator; Adapter; Strategy,Observer,Gemini,colloquial,short
What types of design patterns are you familiar with?,MULTI-SELECT,Singleton; Factory; Observer; MVC; MVVM; Decorator; Adapter; Strategy,Observer,Gemini,explanatory,short
What types of design patterns are you familiar with?,MULTI-SELECT,Singleton; Factory; Observer; MVC; MVVM; Decorator; Adapter; Strategy,Observer,Gemini,annoyed,short
What types of design patterns are you most comfortable using?,MULTI-SELECT,Creational patterns; Structural patterns; Behavioral patterns,Im most comfortable using Structural patterns,Gemini,verbose,short
What types of design patterns are you most comfortable using?,MULTI-SELECT,Creational patterns; Structural patterns; Behavioral patterns,Im most comfortable using Structural patterns,Gemini,concise,short
What types of design patterns are you most comfortable using?,MULTI-SELECT,Creational patterns; Structural patterns; Behavioral patterns,Im most comfortable using Structural patterns,Gemini,explanatory,short
What types of design patterns are you most comfortable using?,MULTI-SELECT,Creational patterns; Structural patterns; Behavioral patterns,Im most comfortable using Structural patterns,Gemini,annoyed,short
What types of design patterns have you implemented in your projects?,MULTI-SELECT,Creational patterns; Structural patterns; Behavioral patterns,Structural patterns,Gemini,verbose,short
What types of design patterns have you implemented in your projects?,MULTI-SELECT,Creational patterns; Structural patterns; Behavioral patterns,Structural patterns,Gemini,concise,short
What types of design patterns have you implemented in your projects?,MULTI-SELECT,Creational patterns; Structural patterns; Behavioral patterns,Structural patterns,Gemini,colloquial,short
What types of design patterns have you implemented in your projects?,MULTI-SELECT,Creational patterns; Structural patterns; Behavioral patterns,Structural patterns,Gemini,explanatory,short
What types of design patterns have you implemented in your projects?,MULTI-SELECT,Creational patterns; Structural patterns; Behavioral patterns,Structural patterns,Gemini,annoyed,short
What types of design principles are you familiar with?,MULTI-SELECT,"SOLID principles; DRY (Don't Repeat Yourself); KISS (Keep It Simple, Stupid); YAGNI (You Ain't Gonna Need It)",SOLID principles,Gemini,verbose,short
What types of design principles are you familiar with?,MULTI-SELECT,"SOLID principles; DRY (Don't Repeat Yourself); KISS (Keep It Simple, Stupid); YAGNI (You Ain't Gonna Need It)",SOLID principles,Gemini,concise,short
What types of design principles are you familiar with?,MULTI-SELECT,"SOLID principles; DRY (Don't Repeat Yourself); KISS (Keep It Simple, Stupid); YAGNI (You Ain't Gonna Need It)",SOLID principles,Gemini,colloquial,short
What types of design principles are you familiar with?,MULTI-SELECT,"SOLID principles; DRY (Don't Repeat Yourself); KISS (Keep It Simple, Stupid); YAGNI (You Ain't Gonna Need It)",SOLID principles,Gemini,explanatory,short
What types of design principles are you familiar with?,MULTI-SELECT,"SOLID principles; DRY (Don't Repeat Yourself); KISS (Keep It Simple, Stupid); YAGNI (You Ain't Gonna Need It)",SOLID principles,Gemini,annoyed,short
What types of diagrams are you familiar with?,MULTI-SELECT,UML diagrams; Flowcharts; Entity-relationship diagrams; Data flow diagrams; State diagrams,I am familiar with UML diagrams,Gemini,verbose,short
What types of diagrams are you familiar with?,MULTI-SELECT,UML diagrams; Flowcharts; Entity-relationship diagrams; Data flow diagrams; State diagrams,I am familiar with UML diagrams,Gemini,concise,short
What types of diagrams are you familiar with?,MULTI-SELECT,UML diagrams; Flowcharts; Entity-relationship diagrams; Data flow diagrams; State diagrams,I am familiar with UML diagrams,Gemini,colloquial,short
What types of diagrams are you familiar with?,MULTI-SELECT,UML diagrams; Flowcharts; Entity-relationship diagrams; Data flow diagrams; State diagrams,I am familiar with UML diagrams,Gemini,explanatory,short
What types of diagrams are you familiar with?,MULTI-SELECT,UML diagrams; Flowcharts; Entity-relationship diagrams; Data flow diagrams; State diagrams,I am familiar with UML diagrams,Gemini,annoyed,short
What types of diversity and inclusion initiatives does your company have?,MULTI-SELECT,Diversity training; Employee resource groups; Mentorship programs; Inclusive hiring practices; Accessibility initiatives,Diversity training,Gemini,verbose,short
What types of diversity and inclusion initiatives does your company have?,MULTI-SELECT,Diversity training; Employee resource groups; Mentorship programs; Inclusive hiring practices; Accessibility initiatives,Diversity training,Gemini,concise,short
What types of diversity and inclusion initiatives does your company have?,MULTI-SELECT,Diversity training; Employee resource groups; Mentorship programs; Inclusive hiring practices; Accessibility initiatives,Diversity training,Gemini,colloquial,short
What types of diversity and inclusion initiatives does your company have?,MULTI-SELECT,Diversity training; Employee resource groups; Mentorship programs; Inclusive hiring practices; Accessibility initiatives,Diversity training,Gemini,explanatory,short
What types of documentation are you comfortable creating?,MULTI-SELECT,User manuals; Technical specifications; API documentation; Design documents; Test plans,User manuals,Gemini,verbose,short
What types of documentation are you comfortable creating?,MULTI-SELECT,User manuals; Technical specifications; API documentation; Design documents; Test plans,User manuals,Gemini,concise,short
What types of documentation are you comfortable creating?,MULTI-SELECT,User manuals; Technical specifications; API documentation; Design documents; Test plans,User manuals,Gemini,explanatory,short
What types of employee benefits does your company offer?,MULTI-SELECT,Health insurance; Retirement plan; Paid time off; Tuition reimbursement; Child care assistance,Health insurance is a type of employee benefit,Gemini,colloquial,short
What types of employee benefits does your company offer?,MULTI-SELECT,Health insurance; Retirement plan; Paid time off; Tuition reimbursement; Child care assistance,Health insurance is a type of employee benefit,Gemini,explanatory,short
What types of events do you typically attend?,MULTI-SELECT,Conferences; Trade shows; Seminars; Workshops; Networking events,I typically attend networking events,Gemini,verbose,short
What types of events do you typically attend?,MULTI-SELECT,Conferences; Trade shows; Seminars; Workshops; Networking events,I typically attend networking events,Gemini,concise,short
What types of events do you typically attend?,MULTI-SELECT,Conferences; Trade shows; Seminars; Workshops; Networking events,I typically attend networking events,Gemini,colloquial,short
What types of events do you typically attend?,MULTI-SELECT,Conferences; Trade shows; Seminars; Workshops; Networking events,I typically attend networking events,Gemini,explanatory,short
What types of events do you typically attend?,MULTI-SELECT,Conferences; Trade shows; Seminars; Workshops; Networking events,I typically attend networking events,Gemini,annoyed,short
What types of heavy machinery do you utilize?,MULTI-SELECT,Bulldozers; Excavator; Cranes; Forklifts; Heavy-duty trucks,Forklifts,Gemini,verbose,short
What types of heavy machinery do you utilize?,MULTI-SELECT,Bulldozers; Excavator; Cranes; Forklifts; Heavy-duty trucks,Forklifts,Gemini,concise,short
What types of heavy machinery do you utilize?,MULTI-SELECT,Bulldozers; Excavator; Cranes; Forklifts; Heavy-duty trucks,Forklifts,Gemini,colloquial,short
What types of heavy machinery do you utilize?,MULTI-SELECT,Bulldozers; Excavator; Cranes; Forklifts; Heavy-duty trucks,Forklifts,Gemini,annoyed,short
What types of industrial automation systems do you use?,MULTI-SELECT,Programmable Logic Controllers (PLCs); Supervisory Control and Data Acquisition (SCADA); Distributed Control Systems (DCS); Human-Machine Interfaces (HMIs); Industrial Ethernet,Industrial Ethernet,Gemini,concise,short
What types of industrial automation systems do you use?,MULTI-SELECT,Programmable Logic Controllers (PLCs); Supervisory Control and Data Acquisition (SCADA); Distributed Control Systems (DCS); Human-Machine Interfaces (HMIs); Industrial Ethernet,Industrial Ethernet,Gemini,explanatory,short
What types of industrial automation systems do you use?,MULTI-SELECT,Programmable Logic Controllers (PLCs); Supervisory Control and Data Acquisition (SCADA); Distributed Control Systems (DCS); Human-Machine Interfaces (HMIs); Industrial Ethernet,I use Distributed Control Systems DCS,Gemini,annoyed,short
What types of maintenance strategies do you employ?,MULTI-SELECT,Preventive maintenance; Predictive maintenance; Corrective maintenance; Condition-based maintenance; Total productive maintenance (TPM),Preventive maintenance,Gemini,verbose,short
What types of maintenance strategies do you employ?,MULTI-SELECT,Preventive maintenance; Predictive maintenance; Corrective maintenance; Condition-based maintenance; Total productive maintenance (TPM),Preventive maintenance,Gemini,concise,short
What types of maintenance strategies do you employ?,MULTI-SELECT,Preventive maintenance; Predictive maintenance; Corrective maintenance; Condition-based maintenance; Total productive maintenance (TPM),Preventive maintenance,Gemini,colloquial,short
What types of maintenance strategies do you employ?,MULTI-SELECT,Preventive maintenance; Predictive maintenance; Corrective maintenance; Condition-based maintenance; Total productive maintenance (TPM),Preventive maintenance,Gemini,explanatory,short
What types of maintenance strategies do you employ?,MULTI-SELECT,Preventive maintenance; Predictive maintenance; Corrective maintenance; Condition-based maintenance; Total productive maintenance (TPM),Preventive maintenance,Gemini,annoyed,short
What types of marketing channels does your company use?,MULTI-SELECT,Digital marketing; Social media marketing; Email marketing; Content marketing; Traditional marketing,Traditional marketing,Gemini,concise,short
What types of projects are you interested in?,MULTI-SELECT,Web development; Mobile app development; Data science; Machine learning; Artificial intelligence; Game development; Software engineering,Software engineering,Gemini,verbose,short
What types of projects are you interested in?,MULTI-SELECT,Web development; Mobile app development; Data science; Machine learning; Artificial intelligence; Game development; Software engineering,I am interested in Software Engineering,Gemini,concise,short
What types of projects are you interested in?,MULTI-SELECT,Web development; Mobile app development; Data science; Machine learning; Artificial intelligence; Game development; Software engineering,I am interested in Software Engineering,Gemini,colloquial,short
What types of projects are you interested in?,MULTI-SELECT,Web development; Mobile app development; Data science; Machine learning; Artificial intelligence; Game development; Software engineering,Software engineering,Gemini,explanatory,short
What types of projects are you interested in?,MULTI-SELECT,Web development; Mobile app development; Data science; Machine learning; Artificial intelligence; Game development; Software engineering,I am interested in Software engineering,Gemini,annoyed,short
What types of quality certifications do you hold?,MULTI-SELECT,ISO 9001; ISO 14001; OHSAS 18001; ISO 27001; Industry-specific certifications,ISO 9001,Gemini,verbose,short
What types of quality certifications do you hold?,MULTI-SELECT,ISO 9001; ISO 14001; OHSAS 18001; ISO 27001; Industry-specific certifications,ISO 9001,Gemini,concise,short
What types of quality certifications do you hold?,MULTI-SELECT,ISO 9001; ISO 14001; OHSAS 18001; ISO 27001; Industry-specific certifications,ISO 9001,Gemini,colloquial,short
What types of quality certifications do you hold?,MULTI-SELECT,ISO 9001; ISO 14001; OHSAS 18001; ISO 27001; Industry-specific certifications,ISO 9001,Gemini,explanatory,short
What types of quality certifications do you hold?,MULTI-SELECT,ISO 9001; ISO 14001; OHSAS 18001; ISO 27001; Industry-specific certifications,ISO 9001,Gemini,annoyed,short
What types of quality control measures do you employ?,MULTI-SELECT,Regular inspections; Testing; Statistical process control (SPC); ISO 9001 certification; Six Sigma methodology,Regular inspections,Gemini,verbose,short
What types of quality control measures do you employ?,MULTI-SELECT,Regular inspections; Testing; Statistical process control (SPC); ISO 9001 certification; Six Sigma methodology,Regular inspections,Gemini,annoyed,short
What types of research and development activities are you undertaking?,MULTI-SELECT,Process improvement; New product development; Sustainability initiatives; Automation technology; Materials science,I am undertaking New product development,Gemini,verbose,short
What types of research and development activities are you undertaking?,MULTI-SELECT,Process improvement; New product development; Sustainability initiatives; Automation technology; Materials science,I am undertaking new product development,Gemini,concise,short
What types of research and development activities are you undertaking?,MULTI-SELECT,Process improvement; New product development; Sustainability initiatives; Automation technology; Materials science,I am undertaking new product development,Gemini,colloquial,short
What types of research and development activities are you undertaking?,MULTI-SELECT,Process improvement; New product development; Sustainability initiatives; Automation technology; Materials science,New product development,Gemini,explanatory,short
What types of research and development activities are you undertaking?,MULTI-SELECT,Process improvement; New product development; Sustainability initiatives; Automation technology; Materials science,I am undertaking new product development,Gemini,annoyed,short
What types of research and development activities does your company undertake?,MULTI-SELECT,Basic research; Applied research; Development; Innovation; Technology transfer,Applied research,Gemini,verbose,short
What types of research and development activities does your company undertake?,MULTI-SELECT,Basic research; Applied research; Development; Innovation; Technology transfer,Applied research,Gemini,concise,short
What types of research and development activities does your company undertake?,MULTI-SELECT,Basic research; Applied research; Development; Innovation; Technology transfer,Applied research,Gemini,colloquial,short
What types of research and development activities does your company undertake?,MULTI-SELECT,Basic research; Applied research; Development; Innovation; Technology transfer,Applied research,Gemini,explanatory,short
What types of research and development activities does your company undertake?,MULTI-SELECT,Basic research; Applied research; Development; Innovation; Technology transfer,Applied research,Gemini,annoyed,short
What types of sales reports are most valuable to your team?,MULTI-SELECT,Sales pipeline reports; Lead conversion reports; Sales forecast reports; Sales performance reports; Customer segmentation reports,Sales performance reports,Gemini,concise,short
What types of sales tools and technologies does your team currently use?,MULTI-SELECT,CRM software; Sales automation tools; Sales intelligence platforms; Proposal software; Communication and collaboration tools,CRM software is the most common sales tool,Gemini,concise,short
What types of sales training do your sales reps need?,MULTI-SELECT,Product knowledge training; Sales techniques training; Customer relationship management (CRM) training; Negotiation skills training; Closing skills training,Sales techniques training,Gemini,verbose,short
What types of sales training do your sales reps need?,MULTI-SELECT,Product knowledge training; Sales techniques training; Customer relationship management (CRM) training; Negotiation skills training; Closing skills training,Sales techniques training,Gemini,concise,short
What types of sales training do your sales reps need?,MULTI-SELECT,Product knowledge training; Sales techniques training; Customer relationship management (CRM) training; Negotiation skills training; Closing skills training,Sales techniques training,Gemini,explanatory,short
What types of sales training do your sales reps need?,MULTI-SELECT,Product knowledge training; Sales techniques training; Customer relationship management (CRM) training; Negotiation skills training; Closing skills training,Sales techniques training,Gemini,annoyed,short
What types of software architectures are you familiar with?,MULTI-SELECT,Microservices; Monolithic; Layered; Event-driven,Microservices,Gemini,verbose,short
What types of software architectures are you familiar with?,MULTI-SELECT,Microservices; Monolithic; Layered; Event-driven,Microservices,Gemini,concise,short
What types of software architectures are you familiar with?,MULTI-SELECT,Microservices; Monolithic; Layered; Event-driven,Microservices is a type of software architecture,Gemini,colloquial,short
What types of software development environments have you worked in?,MULTI-SELECT,Agile; Waterfall; DevOps; Continuous integration/continuous delivery (CI/CD),Ive worked in Agile DevOps and CICD,Gemini,colloquial,short
What types of software development environments have you worked in?,MULTI-SELECT,Agile; Waterfall; DevOps; Continuous integration/continuous delivery (CI/CD),Ive worked in Agile DevOps and CICD,Gemini,annoyed,short
What types of software development methodologies have you experienced?,MULTI-SELECT,Agile; Waterfall; Lean; Kanban; Scrum,Ive experienced Agile Waterfall Lean and Scrum,Gemini,verbose,short
What types of software development methodologies have you experienced?,MULTI-SELECT,Agile; Waterfall; Lean; Kanban; Scrum,Agile,Gemini,concise,short
What types of software development methodologies have you experienced?,MULTI-SELECT,Agile; Waterfall; Lean; Kanban; Scrum,I have experienced Agile Waterfall Lean and Scrum,Gemini,colloquial,short
What types of software development projects have you worked on?,MULTI-SELECT,Web applications; Mobile applications; Desktop applications; Embedded systems; Data science projects,I have worked on Embedded systems,Gemini,concise,short
What types of software development projects have you worked on?,MULTI-SELECT,Web applications; Mobile applications; Desktop applications; Embedded systems; Data science projects,I have worked on Embedded systems,Gemini,colloquial,short
What types of software development projects have you worked on?,MULTI-SELECT,Web applications; Mobile applications; Desktop applications; Embedded systems; Data science projects,I have worked on Embedded systems,Gemini,annoyed,short
What types of software do you use for production planning and scheduling?,MULTI-SELECT,SAP PP; Oracle Production Planning; Microsoft Dynamics 365 for Finance and Operations; Infor LN; Epicor ERP,Microsoft Dynamics 365 for Finance and Operations,Gemini,verbose,short
What types of software do you use for production planning and scheduling?,MULTI-SELECT,SAP PP; Oracle Production Planning; Microsoft Dynamics 365 for Finance and Operations; Infor LN; Epicor ERP,Microsoft Dynamics 365 for Finance and Operations,Gemini,concise,short
What types of software do you use for production planning and scheduling?,MULTI-SELECT,SAP PP; Oracle Production Planning; Microsoft Dynamics 365 for Finance and Operations; Infor LN; Epicor ERP,Microsoft Dynamics 365 for Finance and Operations,Gemini,colloquial,short
What types of software do you use for production planning and scheduling?,MULTI-SELECT,SAP PP; Oracle Production Planning; Microsoft Dynamics 365 for Finance and Operations; Infor LN; Epicor ERP,Microsoft Dynamics 365 for Finance and Operations,Gemini,explanatory,short
What types of software do you use for production planning and scheduling?,MULTI-SELECT,SAP PP; Oracle Production Planning; Microsoft Dynamics 365 for Finance and Operations; Infor LN; Epicor ERP,Microsoft Dynamics 365 for Finance and Operations,Gemini,annoyed,short
What types of software licenses are you familiar with?,MULTI-SELECT,GPL; MIT; Apache 2.0; BSD; Proprietary,GPL is a type of software license,Gemini,verbose,short
What types of software licenses are you familiar with?,MULTI-SELECT,GPL; MIT; Apache 2.0; BSD; Proprietary,GPL is a type of software license,Gemini,concise,short
What types of software licenses are you familiar with?,MULTI-SELECT,GPL; MIT; Apache 2.0; BSD; Proprietary,GPL is the most common license,Gemini,explanatory,short
What types of software licenses are you familiar with?,MULTI-SELECT,GPL; MIT; Apache 2.0; BSD; Proprietary,GPL is the most common type of software license,Gemini,annoyed,short
What types of technology does your company use?,MULTI-SELECT,Cloud computing; Big data analytics; Artificial intelligence; Machine learning; Internet of Things (IoT),IoT,Gemini,concise,short
What types of technology does your company use?,MULTI-SELECT,Cloud computing; Big data analytics; Artificial intelligence; Machine learning; Internet of Things (IoT),IoT,Gemini,explanatory,short
What types of testing frameworks have you used?,MULTI-SELECT,JUnit; Pytest; Jest; Mocha,Jest is a testing framework,Gemini,verbose,short
What types of testing frameworks have you used?,MULTI-SELECT,JUnit; Pytest; Jest; Mocha,Jest is a testing framework,Gemini,concise,short
What types of testing frameworks have you used?,MULTI-SELECT,JUnit; Pytest; Jest; Mocha,JUnit is the most popular testing framework,Gemini,colloquial,short
What types of testing frameworks have you used?,MULTI-SELECT,JUnit; Pytest; Jest; Mocha,JUnit,Gemini,explanatory,short
What types of testing frameworks have you used?,MULTI-SELECT,JUnit; Pytest; Jest; Mocha,Jest is a testing framework,Gemini,annoyed,short
What types of testing have you performed?,MULTI-SELECT,Functional testing; Performance testing; Security testing; Usability testing; Regression testing,Functional testing,Gemini,verbose,short
What types of testing have you performed?,MULTI-SELECT,Functional testing; Performance testing; Security testing; Usability testing; Regression testing,I have performed functional testing,Gemini,concise,short
What types of testing have you performed?,MULTI-SELECT,Functional testing; Performance testing; Security testing; Usability testing; Regression testing,I have performed functional testing,Gemini,explanatory,short
What types of training programs are you interested in?,MULTI-SELECT,Technical skills training; Leadership training; Management training; Communication skills training; Sales training,Communication skills training,Gemini,verbose,short
What types of training programs are you interested in?,MULTI-SELECT,Technical skills training; Leadership training; Management training; Communication skills training; Sales training,I am interested in Communication skills training,Gemini,concise,short
What types of training programs are you interested in?,MULTI-SELECT,Technical skills training; Leadership training; Management training; Communication skills training; Sales training,I am interested in Communication skills training,Gemini,explanatory,short
What types of training programs are you interested in?,MULTI-SELECT,Technical skills training; Leadership training; Management training; Communication skills training; Sales training,I am interested in communication skills training,Gemini,annoyed,short
What version control systems have you used?,MULTI-SELECT,Git; SVN; Mercurial,SVN,Gemini,verbose,short
What version control systems have you used?,MULTI-SELECT,Git; SVN; Mercurial,SVN,Gemini,concise,short
What version control systems have you used?,MULTI-SELECT,Git; SVN; Mercurial,SVN,Gemini,colloquial,short
What version control systems have you used?,MULTI-SELECT,Git; SVN; Mercurial,SVN,Gemini,explanatory,short
What version control systems have you used?,MULTI-SELECT,Git; SVN; Mercurial,SVN,Gemini,annoyed,short
Which marketing channels are you currently using?,MULTI-SELECT,Social Media Marketing; Email Marketing; Search Engine Optimization (SEO); Pay-Per-Click (PPC) Advertising; Content Marketing; Affiliate Marketing,Social Media Marketing,Gemini,verbose,short
Which marketing channels are you currently using?,MULTI-SELECT,Social Media Marketing; Email Marketing; Search Engine Optimization (SEO); Pay-Per-Click (PPC) Advertising; Content Marketing; Affiliate Marketing,Affiliate Marketing,Gemini,concise,short
Which marketing channels are you currently using?,MULTI-SELECT,Social Media Marketing; Email Marketing; Search Engine Optimization (SEO); Pay-Per-Click (PPC) Advertising; Content Marketing; Affiliate Marketing,Social Media Marketing,Gemini,colloquial,short
Which marketing channels are you currently using?,MULTI-SELECT,Social Media Marketing; Email Marketing; Search Engine Optimization (SEO); Pay-Per-Click (PPC) Advertising; Content Marketing; Affiliate Marketing,Affiliate Marketing,Gemini,explanatory,short
Which marketing channels are you currently using?,MULTI-SELECT,Social Media Marketing; Email Marketing; Search Engine Optimization (SEO); Pay-Per-Click (PPC) Advertising; Content Marketing; Affiliate Marketing,Social Media Marketing,Gemini,annoyed,short
Which of these industries do your target customers operate in?,MULTI-SELECT,Healthcare; Finance; Technology; Education; Retail; Manufacturing,Technology,Gemini,verbose,short
Which of these industries do your target customers operate in?,MULTI-SELECT,Healthcare; Finance; Technology; Education; Retail; Manufacturing,Technology,Gemini,concise,short
Which of these industries do your target customers operate in?,MULTI-SELECT,Healthcare; Finance; Technology; Education; Retail; Manufacturing,Technology,Gemini,explanatory,short
Which of these industries do your target customers operate in?,MULTI-SELECT,Healthcare; Finance; Technology; Education; Retail; Manufacturing,Technology,Gemini,annoyed,short
Which operating systems do you use regularly?,MULTI-SELECT,Windows; macOS; Linux; Android; iOS,I use Windows,Gemini,verbose,short
Which operating systems do you use regularly?,MULTI-SELECT,Windows; macOS; Linux; Android; iOS,I use macOS,Gemini,concise,short
Which operating systems do you use regularly?,MULTI-SELECT,Windows; macOS; Linux; Android; iOS,I use macOS,Gemini,colloquial,short
Which operating systems do you use regularly?,MULTI-SELECT,Windows; macOS; Linux; Android; iOS,I use Windows,Gemini,explanatory,short
Which operating systems do you use regularly?,MULTI-SELECT,Windows; macOS; Linux; Android; iOS,I use Windows,Gemini,annoyed,short
What are your key strategies for attracting and retaining skilled workers?,MULTI-SELECT,Competitive compensation and benefits; Training and development opportunities; Opportunities for career advancement; Positive work environment; Employee recognition programs,Competitive compensation and benefits,Gemini,verbose,short
What are your key strategies for attracting and retaining skilled workers?,MULTI-SELECT,Competitive compensation and benefits; Training and development opportunities; Opportunities for career advancement; Positive work environment; Employee recognition programs,Competitive compensation and benefits,Gemini,concise,short
What are your key strategies for attracting and retaining skilled workers?,MULTI-SELECT,Competitive compensation and benefits; Training and development opportunities; Opportunities for career advancement; Positive work environment; Employee recognition programs,Competitive compensation and benefits,Gemini,colloquial,short
What are your key strategies for attracting and retaining skilled workers?,MULTI-SELECT,Competitive compensation and benefits; Training and development opportunities; Opportunities for career advancement; Positive work environment; Employee recognition programs,Competitive compensation and benefits,Gemini,explanatory,short
What are your key strategies for attracting and retaining skilled workers?,MULTI-SELECT,Competitive compensation and benefits; Training and development opportunities; Opportunities for career advancement; Positive work environment; Employee recognition programs,Competitive compensation and benefits,Gemini,annoyed,short
What are your primary business goals for the next quarter?,MULTI-SELECT,Increase revenue by 10%; Expand into new markets; Improve customer retention; Launch a new product or service; Reduce operational costs,Increase revenue by 10,Gemini,verbose,short
What are your primary business goals for the next quarter?,MULTI-SELECT,Increase revenue by 10%; Expand into new markets; Improve customer retention; Launch a new product or service; Reduce operational costs,Increase revenue by 10,Gemini,concise,short
What are your primary business goals for the next quarter?,MULTI-SELECT,Increase revenue by 10%; Expand into new markets; Improve customer retention; Launch a new product or service; Reduce operational costs,Increase revenue by 10,Gemini,colloquial,short
What are your primary business goals for the next quarter?,MULTI-SELECT,Increase revenue by 10%; Expand into new markets; Improve customer retention; Launch a new product or service; Reduce operational costs,Increase revenue by 10,Gemini,explanatory,short
What are your primary business goals for the next quarter?,MULTI-SELECT,Increase revenue by 10%; Expand into new markets; Improve customer retention; Launch a new product or service; Reduce operational costs,Increase revenue by 10,Gemini,annoyed,short
Which heavy industrial processes are you involved in?,MULTI-SELECT,Steel production; Oil refining; Cement manufacturing; Mining; Chemical processing,Chemical processing,Gemini,concise,short
Which social media platforms do you use for marketing?,MULTI-SELECT,Facebook; Instagram; Twitter; LinkedIn; TikTok; YouTube,I use LinkedIn for marketing,Gemini,verbose,short
Which social media platforms do you use for marketing?,MULTI-SELECT,Facebook; Instagram; Twitter; LinkedIn; TikTok; YouTube,I use LinkedIn for marketing,Gemini,concise,short
Which social media platforms do you use for marketing?,MULTI-SELECT,Facebook; Instagram; Twitter; LinkedIn; TikTok; YouTube,I use LinkedIn for marketing,Gemini,colloquial,short
Which social media platforms do you use for marketing?,MULTI-SELECT,Facebook; Instagram; Twitter; LinkedIn; TikTok; YouTube,TikTok is my favorite social media platform,Gemini,explanatory,short
Which social media platforms do you use for marketing?,MULTI-SELECT,Facebook; Instagram; Twitter; LinkedIn; TikTok; YouTube,I use LinkedIn for marketing,Gemini,annoyed,short
On what date did the project officially commence? Provide a date.,DATE,['Date'],The project officially began on October 1 2006,Gemini,verbose,short
On what date did the project officially commence? Provide a date.,DATE,['Date'],The project officially began on October 1 2001,Gemini,concise,short
On what date did the project officially commence? Provide a date.,DATE,['Date'],The project officially began on January 1 2006,Gemini,colloquial,short
On what date did the project officially commence? Provide a date.,DATE,['Date'],The project officially began on January 1 2006,Gemini,explanatory,short
On what date did the project officially commence? Provide a date.,DATE,['Date'],The project officially began on March 1 2019,Gemini,annoyed,short
On what date was the training session conducted? Provide a date.,DATE,['Date'],The training session was held on March 2001,Gemini,verbose,short
On what date was the training session conducted? Provide a date.,DATE,['Date'],The training session was held on October 30 2015,Gemini,concise,short
On what date was the training session conducted? Provide a date.,DATE,['Date'],The training session was held on January 30 2018,Gemini,colloquial,short
On what date was the training session conducted? Provide a date.,DATE,['Date'],The training session was held on October 30 2017,Gemini,explanatory,short
On what date was the training session conducted? Provide a date.,DATE,['Date'],The training session was held on October 10 2001,Gemini,annoyed,short
What date did the equipment malfunction?,DATE,['Date'],The equipment malfunctioned on January 1999,Gemini,verbose,short
What date did the equipment malfunction?,DATE,['Date'],The equipment malfunctioned on December 31 1998,Gemini,concise,short
What date did the equipment malfunction?,DATE,['Date'],The equipment malfunctioned on January 23 2004,Gemini,colloquial,short
What date did the equipment malfunction?,DATE,['Date'],The equipment malfunctioned on January 1 2001,Gemini,explanatory,short
What date did the equipment malfunction?,DATE,['Date'],The equipment malfunctioned on December 7 2009,Gemini,annoyed,short
What date did the initial deployment occur? Provide a date.,DATE,['Date'],The initial deployment began on September 11 2001,Gemini,verbose,short
What date did the initial deployment occur? Provide a date.,DATE,['Date'],The initial deployment began on October 1 2001,Gemini,colloquial,short
What date did the initial deployment occur? Provide a date.,DATE,['Date'],The initial deployment began on November 3 2001,Gemini,explanatory,short
What date did the initial deployment occur? Provide a date.,DATE,['Date'],The initial deployment began on February 1 2001,Gemini,annoyed,short
What date did the issue begin? Provide a date.,DATE,['Date'],The issue began on January 1 2001,Gemini,concise,short
What date did the issue begin? Provide a date.,DATE,['Date'],The issue began on September 29 2001,Gemini,colloquial,short
What date did the issue begin? Provide a date.,DATE,['Date'],The issue began on November 2000,Gemini,explanatory,short
What date did the issue begin? Provide a date.,DATE,['Date'],I dont know,Gemini,annoyed,short
What date did the order ship? Provide a date.,DATE,['Date'],The order was shipped on December 15 2001,Gemini,verbose,short
What date did the order ship? Provide a date.,DATE,['Date'],The order was shipped on May 15 2001,Gemini,concise,short
What date did the order ship? Provide a date.,DATE,['Date'],The order was shipped on October 31 2001,Gemini,colloquial,short
What date did the order ship? Provide a date.,DATE,['Date'],The order was shipped on December 15 2012,Gemini,explanatory,short
What date did the order ship? Provide a date.,DATE,['Date'],The order was shipped on May 29 2001,Gemini,annoyed,short
What date did the permit expire? Provide a date.,DATE,['Date'],The permit expired on July 1 2017,Gemini,verbose,short
What date did the permit expire? Provide a date.,DATE,['Date'],The permit expired on January 1 2001,Gemini,concise,short
What date did the permit expire? Provide a date.,DATE,['Date'],The permit expires on July 1 2018,Gemini,colloquial,short
What date did the permit expire? Provide a date.,DATE,['Date'],The permit expires on December 31 2018,Gemini,explanatory,short
What date did the permit expire? Provide a date.,DATE,['Date'],The permit expires on January 1 2020,Gemini,annoyed,short
What date did the technical issue arise? Provide a date.,DATE,['Date'],The issue was a technical one,Gemini,verbose,short
What date did the technical issue arise? Provide a date.,DATE,['Date'],The issue was a technical one,Gemini,concise,short
What date did the technical issue arise? Provide a date.,DATE,['Date'],The issue was resolved on March 15 2017,Gemini,colloquial,short
What date did the technical issue arise? Provide a date.,DATE,['Date'],The issue was a technical one,Gemini,explanatory,short
What date did the technical issue arise? Provide a date.,DATE,['Date'],The problem was resolved on March 30 2001,Gemini,annoyed,short
What date did the training begin for the new software? Provide a date.,DATE,['Date'],The training began on January 1 2001,Gemini,verbose,short
What date did the training begin for the new software? Provide a date.,DATE,['Date'],The training began on January 1 2001,Gemini,concise,short
What date did the training begin for the new software? Provide a date.,DATE,['Date'],The training began on January 1st,Gemini,colloquial,short
What date did the training begin for the new software? Provide a date.,DATE,['Date'],The training began on January 1 2002,Gemini,explanatory,short
What date did the training begin for the new software? Provide a date.,DATE,['Date'],The training began on April 1 2001,Gemini,annoyed,short
What date did the training session conclude? Provide a date.,DATE,['Date'],The training session concluded on March 18 2019,Gemini,verbose,short
What date did the training session conclude? Provide a date.,DATE,['Date'],The training session ended on March 30 2018,Gemini,concise,short
What date did the training session conclude? Provide a date.,DATE,['Date'],The training session ended on March 23 2018,Gemini,colloquial,short
What date did the training session conclude? Provide a date.,DATE,['Date'],The training session ended on March 2018,Gemini,annoyed,short
What date did you attend the webinar? Provide a date.,DATE,['Date'],I attended the webinar on January 10 2001,Gemini,verbose,short
What date did you attend the webinar? Provide a date.,DATE,['Date'],I attended the webinar on February 18 2001,Gemini,concise,short
What date did you attend the webinar? Provide a date.,DATE,['Date'],I attended the webinar on Thursday,Gemini,explanatory,short
What date did you attend the webinar? Provide a date.,DATE,['Date'],I attended the webinar on March 18 2001,Gemini,annoyed,short
What date did you receive the notification about your test results? Provide a date.,DATE,['Date'],I received the notification on October 1 2001,Gemini,verbose,short
What date did you receive the notification about your test results? Provide a date.,DATE,['Date'],I received my test results on April 15 2017,Gemini,concise,short
What date did you receive the notification about your test results? Provide a date.,DATE,['Date'],I received the notification on March 15 2015,Gemini,colloquial,short
What date did you receive the notification about your test results? Provide a date.,DATE,['Date'],I received the notification on March 6 2015,Gemini,explanatory,short
What date did you receive the notification about your test results? Provide a date.,DATE,['Date'],I received the notification on February 1 2001,Gemini,annoyed,short
What date did you start feeling unwell? Provide a date.,DATE,['Date'],I started feeling unwell on January 1 2001,Gemini,verbose,short
What date did you start feeling unwell? Provide a date.,DATE,['Date'],I started feeling unwell on February 7 2009,Gemini,concise,short
What date did you start feeling unwell? Provide a date.,DATE,['Date'],I started feeling unwell on January 1,Gemini,colloquial,short
What date did you start feeling unwell? Provide a date.,DATE,['Date'],I started feeling unwell on January 1983,Gemini,explanatory,short
What date did you start feeling unwell? Provide a date.,DATE,['Date'],I started feeling unwell on February 15 2013,Gemini,annoyed,short
What date is the company anniversary? Provide a date.,DATE,['Date'],The companys anniversary is on May 31st,Gemini,verbose,short
What date is the company anniversary? Provide a date.,DATE,['Date'],The companys anniversary is on October 31st,Gemini,concise,short
What date is the company anniversary? Provide a date.,DATE,['Date'],The companys anniversary is on June 30th,Gemini,colloquial,short
What date is the company anniversary? Provide a date.,DATE,['Date'],The companys anniversary is on March 30 2019,Gemini,explanatory,short
What date is the company anniversary? Provide a date.,DATE,['Date'],The companys anniversary is in January,Gemini,annoyed,short
What date is the conference taking place? Provide a date.,DATE,['Date'],The conference is taking place on November 20th,Gemini,annoyed,short
What date is the contract renewal due? Provide a date.,DATE,['Date'],The contract renewal is due on December 31 2018,Gemini,verbose,short
What date is the contract renewal due? Provide a date.,DATE,['Date'],The contract renewal is due on March 31 2019,Gemini,concise,short
What date is the contract renewal due? Provide a date.,DATE,['Date'],The contract renewal is due on March 30 2020,Gemini,colloquial,short
What date is the contract renewal due? Provide a date.,DATE,['Date'],The contract renewal is due on December 31 2018,Gemini,explanatory,short
What date is the contract renewal due? Provide a date.,DATE,['Date'],The contract renewal is due on January 1 2019,Gemini,annoyed,short
What date is the deadline for submitting feedback? Provide a date.,DATE,['Date'],The deadline for submitting feedback is May 1,Gemini,annoyed,short
What date is the next board meeting scheduled for? Provide a date.,DATE,['Date'],The next board meeting is on Thursday,Gemini,verbose,short
What date is the next board meeting scheduled for? Provide a date.,DATE,['Date'],The next board meeting is scheduled for Thursday,Gemini,colloquial,short
What date is the next scheduled backup? Provide a date.,DATE,['Date'],The next backup will be on December 31st,Gemini,verbose,short
What date is the next scheduled backup? Provide a date.,DATE,['Date'],The next backup will be on Friday,Gemini,colloquial,short
What date is the next scheduled backup? Provide a date.,DATE,['Date'],The next backup will be on January 1 2020,Gemini,explanatory,short
What date is the next scheduled backup? Provide a date.,DATE,['Date'],The next backup will be on January 1st,Gemini,annoyed,short
What date is the next staff meeting? Provide a date.,DATE,['Date'],The next staff meeting will be held on Friday,Gemini,colloquial,short
What date is your next review scheduled? Provide a date.,DATE,['Date'],Im scheduled to review the next review on Friday,Gemini,concise,short
What date is your next review scheduled? Provide a date.,DATE,['Date'],Im scheduled to review a book on Thursday,Gemini,colloquial,short
What date is your next review scheduled? Provide a date.,DATE,['Date'],The next review will be on Friday,Gemini,explanatory,short
What date is your next review scheduled? Provide a date.,DATE,['Date'],Im scheduled to review my next review on Thursday,Gemini,annoyed,short
What date should we schedule the site visit? Provide a date.,DATE,['Date'],We should schedule the visit on Friday,Gemini,verbose,short
What date should we schedule the site visit? Provide a date.,DATE,['Date'],We should schedule a visit on Friday,Gemini,concise,short
What date should we schedule the site visit? Provide a date.,DATE,['Date'],We should schedule the site visit on Friday,Gemini,colloquial,short
What date should we schedule the site visit? Provide a date.,DATE,['Date'],We should schedule the visit on Friday,Gemini,explanatory,short
What date should we schedule the site visit? Provide a date.,DATE,['Date'],We need to schedule a visit on Friday,Gemini,annoyed,short
What date was the infrastructure upgrade completed? Provide a date.,DATE,['Date'],The upgrade was completed on December 31 2001,Gemini,verbose,short
What date was the infrastructure upgrade completed? Provide a date.,DATE,['Date'],The upgrade was completed on December 30 2017,Gemini,concise,short
What date was the infrastructure upgrade completed? Provide a date.,DATE,['Date'],The upgrade was completed on December 1 2001,Gemini,colloquial,short
What date was the infrastructure upgrade completed? Provide a date.,DATE,['Date'],The upgrade was completed on December 31 2016,Gemini,explanatory,short
What date was the infrastructure upgrade completed? Provide a date.,DATE,['Date'],The upgrade was completed on March 1 2001,Gemini,annoyed,short
What date was the system architecture documented? Provide a date.,DATE,['Date'],The system architecture was documented in 1998,Gemini,verbose,short
What date was the system architecture documented? Provide a date.,DATE,['Date'],The system architecture was documented in 2001,Gemini,explanatory,short
What date was the system architecture documented? Provide a date.,DATE,['Date'],The system architecture was documented in 2001,Gemini,annoyed,short
What date will the system go live? Provide a date.,DATE,['Date'],The system will go live on November 1 2020,Gemini,verbose,short
What date will the system go live? Provide a date.,DATE,['Date'],The system will go live on March 31 2020,Gemini,concise,short
What date will the system go live? Provide a date.,DATE,['Date'],The system will go live on April 1 2020,Gemini,colloquial,short
What date will the system go live? Provide a date.,DATE,['Date'],The system will go live on April 1 2020,Gemini,explanatory,short
What date will the system go live? Provide a date.,DATE,['Date'],The system will go live on January 1 2020,Gemini,annoyed,short
What is the date of the next billing cycle? Provide a date.,DATE,['Date'],The next billing cycle will start on January 1st,Gemini,colloquial,short
What is the date of the next code review? Provide a date.,DATE,['Date'],The next code review will be on January 30 2020,Gemini,annoyed,short
What is the date of the next team meeting? Provide a date.,DATE,['Date'],The next team meeting will be on Friday,Gemini,verbose,short
What is the date of your last prescription refill? Provide a date.,DATE,['Date'],I had my last prescription refill on July 1 2001,Gemini,colloquial,short
What is the date of your last purchase? Provide a date.,DATE,['Date'],I bought a new car on April 1 2002,Gemini,verbose,short
What is the date of your last purchase? Provide a date.,DATE,['Date'],I bought a new car on January 1998,Gemini,concise,short
What is the date of your last purchase? Provide a date.,DATE,['Date'],I bought a new car on March 1 2002,Gemini,colloquial,short
What is the date of your last purchase? Provide a date.,DATE,['Date'],I bought a new car on March 31 2000,Gemini,explanatory,short
What is the date of your last purchase? Provide a date.,DATE,['Date'],I bought a new car on January 1st,Gemini,annoyed,short
What is the date of your next appointment? Provide a date.,DATE,['Date'],Im going to be at the office on Friday,Gemini,verbose,short
What is the date of your next appointment? Provide a date.,DATE,['Date'],Ill be there on Friday,Gemini,concise,short
What is the date of your next appointment? Provide a date.,DATE,['Date'],Ill be at work on Friday,Gemini,colloquial,short
What is the date of your next appointment? Provide a date.,DATE,['Date'],Ill be there on Friday,Gemini,explanatory,short
What is the date of your next appointment? Provide a date.,DATE,['Date'],Ill be there on Friday,Gemini,annoyed,short
What is the date of your next blood test? Provide a date.,DATE,['Date'],I will be able to get a blood test on Friday,Gemini,verbose,short
What is the date of your next blood test? Provide a date.,DATE,['Date'],The next blood test will be on Monday November 15,Gemini,concise,short
What is the date of your next blood test? Provide a date.,DATE,['Date'],The next blood test will be on February 1st,Gemini,explanatory,short
What is the date of your next physician consultation? Provide a date.,DATE,['Date'],Ill be there on Friday,Gemini,verbose,short
What is the date of your next physician consultation? Provide a date.,DATE,['Date'],Ill be there on Friday,Gemini,colloquial,short
What is the date of your next physician consultation? Provide a date.,DATE,['Date'],Ill be in the office on Friday,Gemini,explanatory,short
What is the date of your next scheduled check-up? Provide a date.,DATE,['Date'],I will be in for a checkup on Friday,Gemini,verbose,short
What is the date of your next scheduled check-up? Provide a date.,DATE,['Date'],Ill be in for a checkup on Friday,Gemini,concise,short
What is the date of your next scheduled check-up? Provide a date.,DATE,['Date'],Im scheduled for a checkup on Friday,Gemini,colloquial,short
What is the date of your next scheduled check-up? Provide a date.,DATE,['Date'],Im scheduled for a checkup on Friday,Gemini,explanatory,short
What is the date of your next scheduled check-up? Provide a date.,DATE,['Date'],Ill be in for a checkup on Friday,Gemini,annoyed,short
What is the date of your next scheduled maintenance?,DATE,['Date'],Ill be out of town on Friday,Gemini,verbose,short
What is the date of your next scheduled maintenance?,DATE,['Date'],The next maintenance will be on Friday,Gemini,concise,short
What is the date of your next scheduled maintenance?,DATE,['Date'],Ill be out of town on Friday,Gemini,colloquial,short
What is the date of your next scheduled maintenance?,DATE,['Date'],The next maintenance will be on Monday May 29th,Gemini,explanatory,short
What is the date of your next scheduled maintenance?,DATE,['Date'],Ill be in the office until the end of the month,Gemini,annoyed,short
What is the date of your next scheduled therapy session? Provide a date.,DATE,['Date'],Ill be there on Friday,Gemini,verbose,short
What is the date of your next scheduled therapy session? Provide a date.,DATE,['Date'],Ill be there on Friday,Gemini,concise,short
What is the date of your next scheduled therapy session? Provide a date.,DATE,['Date'],Ill be there on Friday,Gemini,colloquial,short
What is the date of your next scheduled therapy session? Provide a date.,DATE,['Date'],Im scheduled to be there on Friday,Gemini,explanatory,short
What is the date of your next scheduled therapy session? Provide a date.,DATE,['Date'],Ill be in for a therapy session on Friday,Gemini,annoyed,short
What is the date of your next software update? Provide a date.,DATE,['Date'],The software update date is October 30 2018,Gemini,colloquial,short
What is the date of your surgery? Provide a date.,DATE,['Date'],I had my surgery on March 15 2018,Gemini,verbose,short
What is the date of your surgery? Provide a date.,DATE,['Date'],I had my surgery on May 2001,Gemini,concise,short
What is the date of your surgery? Provide a date.,DATE,['Date'],Im going to have my surgery on Friday,Gemini,colloquial,short
What is the date of your surgery? Provide a date.,DATE,['Date'],Ill be back in a few days,Gemini,annoyed,short
What is the delivery date? Provide a date.,DATE,['Date'],The delivery date is November 1 2018,Gemini,verbose,short
What is the delivery date? Provide a date.,DATE,['Date'],The delivery date is October 31st,Gemini,concise,short
What is the delivery date? Provide a date.,DATE,['Date'],The delivery date is January 15 2019,Gemini,colloquial,short
What is the delivery date? Provide a date.,DATE,['Date'],The delivery date is January 1 2020,Gemini,explanatory,short
What is the delivery date? Provide a date.,DATE,['Date'],I dont know I dont know I dont know,Gemini,annoyed,short
What is the due date for payment? Provide a date.,DATE,['Date'],The due date for payment is December 31 2018,Gemini,verbose,short
What is the due date for payment? Provide a date.,DATE,['Date'],The due date for payment is December 31 2018,Gemini,concise,short
What is the due date for payment? Provide a date.,DATE,['Date'],The due date for payment is December 31st,Gemini,colloquial,short
What is the due date for payment? Provide a date.,DATE,['Date'],The due date for payment is December 31 2018,Gemini,explanatory,short
What is the due date for payment? Provide a date.,DATE,['Date'],The due date for payment is March 30 2019,Gemini,annoyed,short
What is the end date of your subscription? Provide a date.,DATE,['Date'],Its December 31st,Gemini,concise,short
What is the expected date of project sign-off? Provide a date.,DATE,['Date'],The project will be signed off on January 1 2020,Gemini,explanatory,short
What is the expected date of your recovery? Provide a date.,DATE,['Date'],I will be able to recover in a few days,Gemini,verbose,short
What is the expected date of your recovery? Provide a date.,DATE,['Date'],I will be able to return to work in a few days,Gemini,concise,short
What is the expected date of your recovery? Provide a date.,DATE,['Date'],I will be able to recover by the end of the month,Gemini,colloquial,short
What is the expected date of your recovery? Provide a date.,DATE,['Date'],I will be able to return to work in a few days,Gemini,explanatory,short
What is the expected date of your recovery? Provide a date.,DATE,['Date'],Ill be back in the hospital in a few days,Gemini,annoyed,short
What is the expiration date of the coupon? Provide a date.,DATE,['Date'],The coupon expires on March 30 2020,Gemini,concise,short
What is the expiration date of the coupon? Provide a date.,DATE,['Date'],The coupon expires on January 30 2020,Gemini,colloquial,short
What is the expiration date of the coupon? Provide a date.,DATE,['Date'],The coupon expires on December 31 2018,Gemini,explanatory,short
What is the expiration date of the coupon? Provide a date.,DATE,['Date'],The coupon expires on March 31 2020,Gemini,annoyed,short
What is the implementation date for the new feature? Provide a date.,DATE,['Date'],The new feature was implemented on January 1 2017,Gemini,verbose,short
What is the invoice date? Provide a date.,DATE,['Date'],The invoice date is March 30 2018,Gemini,verbose,short
What is the invoice date? Provide a date.,DATE,['Date'],The invoice date is January 1 2019,Gemini,concise,short
What is the invoice date? Provide a date.,DATE,['Date'],The date of the invoice is March 31 2019,Gemini,explanatory,short
What is the invoice date? Provide a date.,DATE,['Date'],The invoice date is January 1 2020,Gemini,annoyed,short
What is the invoice due date? Provide a date.,DATE,['Date'],The invoice due date is December 31 2018,Gemini,verbose,short
What is the invoice due date? Provide a date.,DATE,['Date'],The invoice due date is December 31 2018,Gemini,concise,short
What is the invoice due date? Provide a date.,DATE,['Date'],The invoice due date is January 31 2020,Gemini,colloquial,short
What is the invoice due date? Provide a date.,DATE,['Date'],The invoice due date is March 31 2018,Gemini,explanatory,short
What is the invoice due date? Provide a date.,DATE,['Date'],The invoice due date is January 1 2020,Gemini,annoyed,short
What is the planned date for the database migration? Provide a date.,DATE,['Date'],The migration will take place on June 30 2020,Gemini,verbose,short
What is the planned date for the database migration? Provide a date.,DATE,['Date'],The migration will take place on January 1 2020,Gemini,concise,short
What is the planned date for the database migration? Provide a date.,DATE,['Date'],The migration will take place on June 30 2018,Gemini,colloquial,short
What is the planned date for the database migration? Provide a date.,DATE,['Date'],The migration will take place on January 1st 2020,Gemini,explanatory,short
What is the planned date for the database migration? Provide a date.,DATE,['Date'],The migration will take place on January 1 2020,Gemini,annoyed,short
What is the planned date for the next release? Provide a date.,DATE,['Date'],The next release is scheduled for June 18 2019,Gemini,verbose,short
What is the project completion date? Provide a date.,DATE,['Date'],The project completion date is December 31 2020,Gemini,concise,short
What is the project completion date? Provide a date.,DATE,['Date'],The project was completed on December 15 2018,Gemini,colloquial,short
What is the project completion date? Provide a date.,DATE,['Date'],The project completion date is January 1 2020,Gemini,annoyed,short
What is the project's milestone date? Provide a date.,DATE,['Date'],The projects milestone date is January 1 2020,Gemini,verbose,short
What is the project's milestone date? Provide a date.,DATE,['Date'],The projects milestone date is January 1 2020,Gemini,concise,short
What is the project's milestone date? Provide a date.,DATE,['Date'],The projects milestone date is July 1 2020,Gemini,colloquial,short
What is the project's milestone date? Provide a date.,DATE,['Date'],The projects milestone date is January 1 2020,Gemini,explanatory,short
What is the project's milestone date? Provide a date.,DATE,['Date'],The projects milestone date is March 1 2020,Gemini,annoyed,short
What is the return deadline? Provide a date.,DATE,['Date'],The return deadline is January 15 2018,Gemini,verbose,short
What is the return deadline? Provide a date.,DATE,['Date'],The return deadline is January 1 2020,Gemini,concise,short
What is the return deadline? Provide a date.,DATE,['Date'],The return deadline is January 15th,Gemini,colloquial,short
What is the return deadline? Provide a date.,DATE,['Date'],The return deadline is April 30 2018,Gemini,explanatory,short
What is the return deadline? Provide a date.,DATE,['Date'],Ill be back in a few days,Gemini,annoyed,short
What is the warranty expiration date? Provide a date.,DATE,['Date'],The warranty expiration date is January 1 2020,Gemini,verbose,short
What is the warranty expiration date? Provide a date.,DATE,['Date'],The warranty expiration date is December 31 2018,Gemini,concise,short
What is the warranty expiration date? Provide a date.,DATE,['Date'],The warranty expiration date is March 30 2020,Gemini,colloquial,short
What is the warranty expiration date? Provide a date.,DATE,['Date'],The warranty expiration date is December 31 2018,Gemini,explanatory,short
What is the warranty expiration date? Provide a date.,DATE,['Date'],The warranty expiration date is December 31 2018,Gemini,annoyed,short
What is your date of birth? Provide a date.,DATE,['Date'],I was born on March 29 1967,Gemini,verbose,short
What is your date of birth? Provide a date.,DATE,['Date'],I was born on March 29 1967,Gemini,concise,short
What is your date of birth? Provide a date.,DATE,['Date'],I was born on March 15 1989,Gemini,colloquial,short
What is your date of birth? Provide a date.,DATE,['Date'],I was born on March 15 1977,Gemini,explanatory,short
What is your date of birth? Provide a date.,DATE,['Date'],I was born on December 31 1967,Gemini,annoyed,short
What is your preferred date for a service call? Provide a date.,DATE,['Date'],I would like to call on Friday,Gemini,verbose,short
What is your preferred date for a service call? Provide a date.,DATE,['Date'],I would like to have a service call on Friday,Gemini,concise,short
What is your preferred date for a service call? Provide a date.,DATE,['Date'],Id like to call on Friday,Gemini,colloquial,short
What is your preferred date for a service call? Provide a date.,DATE,['Date'],I would like to call on Monday,Gemini,explanatory,short
What is your preferred date for a service call? Provide a date.,DATE,['Date'],I would like to call on Friday,Gemini,annoyed,short
When did the development phase conclude? Provide a date.,DATE,['Date'],The development phase concluded in late April,Gemini,verbose,short
When did the development phase conclude? Provide a date.,DATE,['Date'],The development phase concluded on May 30 2005,Gemini,concise,short
When did the development phase conclude? Provide a date.,DATE,['Date'],The development phase concluded on October 1 2001,Gemini,colloquial,short
When did the development phase conclude? Provide a date.,DATE,['Date'],The development phase concluded on June 30 2018,Gemini,explanatory,short
When did the development phase conclude? Provide a date.,DATE,['Date'],The development phase concluded on January 1 2006,Gemini,annoyed,short
When did the equipment become operational? Provide a date.,DATE,['Date'],The equipment was operational in the mid1980s,Gemini,verbose,short
When did the equipment become operational? Provide a date.,DATE,['Date'],The equipment became operational in the mid1980s,Gemini,colloquial,short
When did the equipment become operational? Provide a date.,DATE,['Date'],The equipment was commissioned in March 2008,Gemini,explanatory,short
When did the event take place? Provide a date.,DATE,['Date'],It took place on October 12 2013,Gemini,verbose,short
When did the event take place? Provide a date.,DATE,['Date'],The event took place on April 30 2019,Gemini,concise,short
When did the event take place? Provide a date.,DATE,['Date'],It took place on April 23 2005,Gemini,colloquial,short
When did the event take place? Provide a date.,DATE,['Date'],The event took place on October 29 2001,Gemini,explanatory,short
When did the event take place? Provide a date.,DATE,['Date'],It took place on March 2017,Gemini,annoyed,short
When did the incident occur? Provide a date.,DATE,['Date'],The incident occurred on October 23 2001,Gemini,concise,short
When did the incident occur? Provide a date.,DATE,['Date'],The incident occurred on February 7 2001,Gemini,colloquial,short
When did the incident occur? Provide a date.,DATE,['Date'],The incident occurred on October 23 2001,Gemini,explanatory,short
When did the incident occur? Provide a date.,DATE,['Date'],I dont know I dont know I dont knowI dont know,Gemini,annoyed,short
When did the payment process begin? Provide a date.,DATE,['Date'],The payment process began in December 2000,Gemini,verbose,short
When did the payment process begin? Provide a date.,DATE,['Date'],The payment process began in the early 1990s,Gemini,concise,short
When did the payment process begin? Provide a date.,DATE,['Date'],When did the payment process begin,Gemini,colloquial,short
When did the payment process begin? Provide a date.,DATE,['Date'],The payment process began in the early 1990s,Gemini,explanatory,short
When did the payment process begin? Provide a date.,DATE,['Date'],When did the payment process begin,Gemini,annoyed,short
When did the performance testing commence? Provide a date.,DATE,['Date'],The performance testing began on October 1 2008,Gemini,verbose,short
When did the performance testing commence? Provide a date.,DATE,['Date'],The performance testing began on January 1999,Gemini,concise,short
When did the performance testing commence? Provide a date.,DATE,['Date'],The performance testing began on January 1 2017,Gemini,colloquial,short
When did the performance testing commence? Provide a date.,DATE,['Date'],The performance testing began on March 1 2001,Gemini,explanatory,short
When did the performance testing commence? Provide a date.,DATE,['Date'],The performance testing began on December 1 2001,Gemini,annoyed,short
When did the refund process start? Provide a date.,DATE,['Date'],The refund process began in September 2017,Gemini,verbose,short
When did the refund process start? Provide a date.,DATE,['Date'],The refund process started in January,Gemini,concise,short
When did the refund process start? Provide a date.,DATE,['Date'],The refund process started in April 2001,Gemini,colloquial,short
When did the refund process start? Provide a date.,DATE,['Date'],The refund process began in September 2001,Gemini,explanatory,short
When did the refund process start? Provide a date.,DATE,['Date'],The refund process started in the late 1990s,Gemini,annoyed,short
When did the server outage begin? Provide a date.,DATE,['Date'],The server outage began on January 1 2003,Gemini,verbose,short
When did the server outage begin? Provide a date.,DATE,['Date'],The server outage began on December 1 2001,Gemini,concise,short
When did the server outage begin? Provide a date.,DATE,['Date'],The server outage began on December 11 2001,Gemini,colloquial,short
When did the server outage begin? Provide a date.,DATE,['Date'],The server outage began on January 1 2001,Gemini,explanatory,short
When did the server outage begin? Provide a date.,DATE,['Date'],The server outage began on December 7 2001,Gemini,annoyed,short
When did the shipment arrive at the warehouse? Provide a date.,DATE,['Date'],The shipment arrived at the warehouse on Friday,Gemini,concise,short
When did the trial period begin? Provide a date.,DATE,['Date'],The trial period began on March 1 2003,Gemini,verbose,short
When did the trial period begin? Provide a date.,DATE,['Date'],The trial period began on January 1 2001,Gemini,concise,short
When did the trial period begin? Provide a date.,DATE,['Date'],The trial period began on April 1 2003,Gemini,colloquial,short
When did the trial period begin? Provide a date.,DATE,['Date'],The trial period began on January 1 2002,Gemini,explanatory,short
When did the trial period begin? Provide a date.,DATE,['Date'],The trial period began on June 1 2001,Gemini,annoyed,short
When did the user acceptance testing begin? Provide a date.,DATE,['Date'],We began user acceptance testing in April 2001,Gemini,concise,short
When did the user acceptance testing begin? Provide a date.,DATE,['Date'],The user acceptance testing began in January 2017,Gemini,explanatory,short
When did the user acceptance testing begin? Provide a date.,DATE,['Date'],The testing began in April 2001,Gemini,annoyed,short
When did the warranty expire on this piece of equipment? Provide a date.,DATE,['Date'],The warranty expires at the end of the year,Gemini,verbose,short
When did the warranty expire on this piece of equipment? Provide a date.,DATE,['Date'],The warranty expires on December 31 2002,Gemini,concise,short
When did the warranty expire on this piece of equipment? Provide a date.,DATE,['Date'],The warranty expires on June 30 2018,Gemini,colloquial,short
When did the warranty expire on this piece of equipment? Provide a date.,DATE,['Date'],The warranty expires on January 31 2020,Gemini,explanatory,short
When did the warranty expire on this piece of equipment? Provide a date.,DATE,['Date'],The warranty expires on March 31 2020,Gemini,annoyed,short
When did you begin taking this new medication? Provide a date.,DATE,['Date'],I began taking this medication in the early 1990s,Gemini,explanatory,short
When did you complete the online form? Provide a date.,DATE,['Date'],I completed the form on May 1 2017,Gemini,verbose,short
When did you complete the online form? Provide a date.,DATE,['Date'],I completed the online form on March 8 2013,Gemini,concise,short
When did you complete the online form? Provide a date.,DATE,['Date'],I completed the form on March 15 2013,Gemini,colloquial,short
When did you complete the online form? Provide a date.,DATE,['Date'],I completed the form on March 15 2018,Gemini,explanatory,short
When did you complete the online form? Provide a date.,DATE,['Date'],I completed the online form on March 18 2013,Gemini,annoyed,short
When did you complete the survey? Provide a date.,DATE,['Date'],I completed the survey on October 1st,Gemini,verbose,short
When did you complete the survey? Provide a date.,DATE,['Date'],I completed the survey on March 1 2012,Gemini,concise,short
When did you complete the survey? Provide a date.,DATE,['Date'],I completed the survey on March 15 2016,Gemini,colloquial,short
When did you complete the survey? Provide a date.,DATE,['Date'],I completed the survey on March 15 2017,Gemini,explanatory,short
When did you complete the survey? Provide a date.,DATE,['Date'],I completed the survey on October 30 2013,Gemini,annoyed,short
When did you complete your prescribed rehabilitation? Provide a date.,DATE,['Date'],I completed my rehabilitation in May of last year,Gemini,verbose,short
When did you complete your prescribed rehabilitation? Provide a date.,DATE,['Date'],I completed my rehabilitation on October 30 2015,Gemini,concise,short
When did you complete your prescribed rehabilitation? Provide a date.,DATE,['Date'],I completed my rehabilitation in March,Gemini,colloquial,short
When did you last consume alcohol? Provide a date.,DATE,['Date'],I drank a lot of alcohol in the past year,Gemini,verbose,short
When did you last consume alcohol? Provide a date.,DATE,['Date'],I last consumed alcohol in August of last year,Gemini,concise,short
When did you last consume alcohol? Provide a date.,DATE,['Date'],Ive been drinking since I was a child,Gemini,colloquial,short
When did you last consume alcohol? Provide a date.,DATE,['Date'],I last consumed alcohol in January of last year,Gemini,explanatory,short
When did you last consume alcohol? Provide a date.,DATE,['Date'],I ate a lot of alcohol in the past few months,Gemini,annoyed,short
When did you last contact customer support? Provide a date.,DATE,['Date'],I spoke to customer support on March 15 2015,Gemini,verbose,short
When did you last contact customer support? Provide a date.,DATE,['Date'],I spoke to customer support on November 30 2017,Gemini,concise,short
When did you last contact customer support? Provide a date.,DATE,['Date'],I last called customer support on May 1 2013,Gemini,colloquial,short
When did you last contact customer support? Provide a date.,DATE,['Date'],I last called customer support on March 15 2018,Gemini,annoyed,short
When did you last have a flu shot? Provide a date.,DATE,['Date'],I had a flu shot in March of last year,Gemini,verbose,short
When did you last have a flu shot? Provide a date.,DATE,['Date'],I last had a flu shot in October,Gemini,concise,short
When did you last have a flu shot? Provide a date.,DATE,['Date'],I had a flu shot in March of last year,Gemini,colloquial,short
When did you last have a flu shot? Provide a date.,DATE,['Date'],I had a flu shot in March of last year,Gemini,explanatory,short
When did you last have a flu shot? Provide a date.,DATE,['Date'],I last had a flu shot in February of last year,Gemini,annoyed,short
When did you last have a significant injury? Provide a date.,DATE,['Date'],I had a serious injury in January of last year,Gemini,verbose,short
When did you last have a significant injury? Provide a date.,DATE,['Date'],I had a serious injury in January of last year,Gemini,colloquial,short
When did you last have a significant injury? Provide a date.,DATE,['Date'],I had a serious injury in January of last year,Gemini,explanatory,short
When did you last have a significant injury? Provide a date.,DATE,['Date'],I had a serious injury in December of last year,Gemini,annoyed,short
When did you last see a mental health professional? Provide a date.,DATE,['Date'],I saw a mental health professional in January,Gemini,annoyed,short
When did you last undergo a medical imaging procedure? Provide a date.,DATE,['Date'],I had a medical imaging procedure on May 1 2001,Gemini,concise,short
When did you last update your health information? Provide a date.,DATE,['Date'],I updated my health information in January 2018,Gemini,verbose,short
When did you last visit the emergency room? Provide a date.,DATE,['Date'],I went to the emergency room on March 12 2013,Gemini,verbose,short
When did you last visit the emergency room? Provide a date.,DATE,['Date'],I went to the emergency room in the morning,Gemini,concise,short
When did you last visit the emergency room? Provide a date.,DATE,['Date'],I went to the emergency room on Friday,Gemini,colloquial,short
When did you last visit the emergency room? Provide a date.,DATE,['Date'],I went to the emergency room on March 5 2013,Gemini,explanatory,short
When did you purchase our product? Provide a date.,DATE,['Date'],I purchased the product in March of this year,Gemini,verbose,short
When did you purchase our product? Provide a date.,DATE,['Date'],We purchased our product in March of last year,Gemini,concise,short
When did you purchase our product? Provide a date.,DATE,['Date'],We bought it in March of last year,Gemini,colloquial,short
When did you purchase our product? Provide a date.,DATE,['Date'],We purchased the product in November of 2000,Gemini,explanatory,short
When did you purchase our product? Provide a date.,DATE,['Date'],I purchased the product in March of this year,Gemini,annoyed,short
When did you receive the confirmation email? Provide a date.,DATE,['Date'],I received the confirmation email on March 1 2001,Gemini,verbose,short
When did you receive the confirmation email? Provide a date.,DATE,['Date'],I received the email on March 28 2013,Gemini,concise,short
When did you receive the confirmation email? Provide a date.,DATE,['Date'],I received the email on Friday,Gemini,colloquial,short
When did you receive the confirmation email? Provide a date.,DATE,['Date'],I received the email on May 1 2001,Gemini,explanatory,short
When did you receive the initial diagnosis? Provide a date.,DATE,['Date'],I received the initial diagnosis on March 15 1994,Gemini,concise,short
When did you receive the initial diagnosis? Provide a date.,DATE,['Date'],I received the diagnosis in January of this year,Gemini,colloquial,short
When did you receive the initial diagnosis? Provide a date.,DATE,['Date'],I received the initial diagnosis on March 15 2001,Gemini,explanatory,short
When did you receive the product? Provide a date.,DATE,['Date'],I received the product on December 15 2017,Gemini,verbose,short
When did you receive the product? Provide a date.,DATE,['Date'],I received the product on December 15 2013,Gemini,concise,short
When did you receive the product? Provide a date.,DATE,['Date'],I received the product on May 2012,Gemini,colloquial,short
When did you receive the product? Provide a date.,DATE,['Date'],I received the product on December 15 2012,Gemini,explanatory,short
When did you receive the product? Provide a date.,DATE,['Date'],I received the product on November 16 2001,Gemini,annoyed,short
When did you receive the results of your latest tests? Provide a date.,DATE,['Date'],I received the results on January 1 2018,Gemini,concise,short
When did you receive the results of your latest tests? Provide a date.,DATE,['Date'],I received the results on March 23 2018,Gemini,annoyed,short
When did you receive your first shipment? Provide a date.,DATE,['Date'],I received my first shipment in May of this year,Gemini,verbose,short
When did you receive your first shipment? Provide a date.,DATE,['Date'],I received my first shipment on January 1 2000,Gemini,concise,short
When did you receive your first shipment? Provide a date.,DATE,['Date'],I received my first shipment in January,Gemini,colloquial,short
When did you receive your first shipment? Provide a date.,DATE,['Date'],I received my first shipment on March 29 1999,Gemini,explanatory,short
When did you register your account? Provide a date.,DATE,['Date'],I registered my account on May 1 2012,Gemini,verbose,short
When did you register your account? Provide a date.,DATE,['Date'],I registered my account on March 18 2001,Gemini,concise,short
When did you register your account? Provide a date.,DATE,['Date'],I registered my account on May 1 2001,Gemini,colloquial,short
When did you register your account? Provide a date.,DATE,['Date'],I registered my account on January 1 2002,Gemini,explanatory,short
When did you register your account? Provide a date.,DATE,['Date'],When did you register your account,Gemini,annoyed,short
When did you sign the contract? Provide a date.,DATE,['Date'],I signed the contract on March 1998,Gemini,verbose,short
When did you sign the contract? Provide a date.,DATE,['Date'],I signed the contract on April 1992,Gemini,concise,short
When did you sign the contract? Provide a date.,DATE,['Date'],I signed the contract on October 1 2001,Gemini,colloquial,short
When did you sign the contract? Provide a date.,DATE,['Date'],I signed the contract on January 2001,Gemini,explanatory,short
When did you sign the contract? Provide a date.,DATE,['Date'],I signed the contract on January 1 2001,Gemini,annoyed,short
When did you start this medication? Provide a date.,DATE,['Date'],I started this medication in January of last year,Gemini,verbose,short
When did you start this medication? Provide a date.,DATE,['Date'],I started this medication in the early 1990s,Gemini,colloquial,short
When did you start this medication? Provide a date.,DATE,['Date'],I started this medication in March of last year,Gemini,explanatory,short
When did you start this medication? Provide a date.,DATE,['Date'],I started this medication in the early 1990s,Gemini,annoyed,short
When did you start this new diet? Provide a date.,DATE,['Date'],I started this diet in the early 1990s,Gemini,verbose,short
When did you start this new diet? Provide a date.,DATE,['Date'],I started this new diet in January of this year,Gemini,concise,short
When did you start this new diet? Provide a date.,DATE,['Date'],I started this diet in the early 1990s,Gemini,colloquial,short
When did you start this new diet? Provide a date.,DATE,['Date'],I started this new diet in January of this year,Gemini,explanatory,short
When did you start this new diet? Provide a date.,DATE,['Date'],I started this new diet in March of this year,Gemini,annoyed,short
When did you start using our service? Provide a date.,DATE,['Date'],I started using our service in June of 2001,Gemini,concise,short
When did you start using our service? Provide a date.,DATE,['Date'],We started using our service in September 2015,Gemini,annoyed,short
When did you stop smoking? Provide a date.,DATE,['Date'],I stopped smoking in the early 1980s,Gemini,verbose,short
When did you stop smoking? Provide a date.,DATE,['Date'],I stopped smoking in the early 1980s,Gemini,concise,short
When did you stop smoking? Provide a date.,DATE,['Date'],I stopped smoking in the early 1980s,Gemini,colloquial,short
When did you stop smoking? Provide a date.,DATE,['Date'],I stopped smoking in the early 1980s,Gemini,explanatory,short
When did you stop smoking? Provide a date.,DATE,['Date'],I stopped smoking in the early 1980s,Gemini,annoyed,short
When did you submit your order? Provide a date.,DATE,['Date'],I submitted my order on May 7 2013,Gemini,verbose,short
When did you submit your order? Provide a date.,DATE,['Date'],I submitted my order on March 30 2013,Gemini,concise,short
When did you submit your order? Provide a date.,DATE,['Date'],I submitted my order on Friday,Gemini,colloquial,short
When did you submit your order? Provide a date.,DATE,['Date'],I submitted my order on March 30 2013,Gemini,explanatory,short
When did you submit your order? Provide a date.,DATE,['Date'],I submitted my order on March 18 2012,Gemini,annoyed,short
When did you subscribe to the service? Provide a date.,DATE,['Date'],I subscribed to the service in April of last year,Gemini,verbose,short
When did you subscribe to the service? Provide a date.,DATE,['Date'],I subscribed to the service on March 1 2013,Gemini,concise,short
When did you subscribe to the service? Provide a date.,DATE,['Date'],I subscribed to the service on March 1 2013,Gemini,colloquial,short
When did you subscribe to the service? Provide a date.,DATE,['Date'],I subscribed to the service in March 2018,Gemini,explanatory,short
When did you subscribe to the service? Provide a date.,DATE,['Date'],I subscribed to the service on October 1 2001,Gemini,annoyed,short
When did your symptoms begin to improve? Provide a date.,DATE,['Date'],When did my symptoms begin to improve,Gemini,verbose,short
When did your symptoms begin to improve? Provide a date.,DATE,['Date'],When did symptoms begin to improve,Gemini,explanatory,short
When is the annual general meeting? Provide a date.,DATE,['Date'],The annual general meeting is on January 1st,Gemini,colloquial,short
When is the annual general meeting? Provide a date.,DATE,['Date'],The annual general meeting is held on January 1st,Gemini,explanatory,short
When is the conference scheduled? Provide a date.,DATE,['Date'],The conference is scheduled to start at 800 am,Gemini,concise,short
When is the conference scheduled? Provide a date.,DATE,['Date'],The conference is scheduled to start on Friday,Gemini,colloquial,short
When is the conference scheduled? Provide a date.,DATE,['Date'],The conference is scheduled to be held on May 29,Gemini,explanatory,short
When is the conference scheduled? Provide a date.,DATE,['Date'],The conference is scheduled for May 20th,Gemini,annoyed,short
When is the deadline for the project bid? Provide a date.,DATE,['Date'],The deadline for the project bid is March 15 2018,Gemini,verbose,short
When is the deadline for the project bid? Provide a date.,DATE,['Date'],The deadline is January 1 2020,Gemini,concise,short
When is the deadline for the project completion? Provide a date.,DATE,['Date'],The deadline is March 31 2020,Gemini,verbose,short
When is the deadline for the project completion? Provide a date.,DATE,['Date'],The deadline is October 31 2020,Gemini,colloquial,short
When is the deadline for the project completion? Provide a date.,DATE,['Date'],The deadline is November 30 2018,Gemini,annoyed,short
When is the next budget review scheduled? Provide a date.,DATE,['Date'],The next budget review is scheduled for June 1st,Gemini,verbose,short
When is the next holiday? Provide a date.,DATE,['Date'],The next holiday is on December 31st,Gemini,verbose,short
When is the next holiday? Provide a date.,DATE,['Date'],The next holiday will be on Friday December 23rd,Gemini,concise,short
When is the next holiday? Provide a date.,DATE,['Date'],The next holiday is on December 23rd,Gemini,colloquial,short
When is the next holiday? Provide a date.,DATE,['Date'],The next holiday is on December 31st,Gemini,explanatory,short
When is the next holiday? Provide a date.,DATE,['Date'],The next holiday will be on Sunday December 31st,Gemini,annoyed,short
When is the next quality control inspection scheduled? Provide a date.,DATE,['Date'],The next inspection is scheduled for October,Gemini,verbose,short
When is the next quality control inspection scheduled? Provide a date.,DATE,['Date'],The next inspection is scheduled for April 1 2020,Gemini,concise,short
When is the next quality control inspection scheduled? Provide a date.,DATE,['Date'],The next inspection is scheduled for June 30 2018,Gemini,colloquial,short
When is the next quality control inspection scheduled? Provide a date.,DATE,['Date'],The next inspection is scheduled for October 20,Gemini,annoyed,short
When is the next safety training scheduled? Provide a date.,DATE,['Date'],The next safety training is scheduled for April 1,Gemini,concise,short
When is the next scheduled audit? Provide a date.,DATE,['Date'],The next audit will be scheduled for January 2020,Gemini,verbose,short
When is the next scheduled audit? Provide a date.,DATE,['Date'],The next audit will be scheduled for October 31st,Gemini,annoyed,short
When is the next scheduled maintenance? Provide a date.,DATE,['Date'],The next maintenance is scheduled for May,Gemini,verbose,short
When is the next scheduled maintenance? Provide a date.,DATE,['Date'],The next maintenance will be on Monday,Gemini,colloquial,short
When is the next scheduled system backup? Provide a date.,DATE,['Date'],The next system backup will be on January 1st,Gemini,annoyed,short
When is the payment due? Provide a date.,DATE,['Date'],The payment is due on October 1st,Gemini,verbose,short
When is the payment due? Provide a date.,DATE,['Date'],The payment is due on March 30 2019,Gemini,concise,short
When is the payment due? Provide a date.,DATE,['Date'],The payment is due on the day of the event,Gemini,colloquial,short
When is the payment due? Provide a date.,DATE,['Date'],The payment is due on March 31st,Gemini,explanatory,short
When is the payment due? Provide a date.,DATE,['Date'],The payment is due on the day of the event,Gemini,annoyed,short
When is your next appointment? Provide a date.,DATE,['Date'],Im scheduled for a meeting on Friday,Gemini,verbose,short
When is your next appointment? Provide a date.,DATE,['Date'],Ill be there on Friday,Gemini,concise,short
When is your next appointment? Provide a date.,DATE,['Date'],Im looking forward to my next appointment,Gemini,colloquial,short
When is your next appointment? Provide a date.,DATE,['Date'],Im going to be at a meeting on Friday,Gemini,explanatory,short
When is your next appointment? Provide a date.,DATE,['Date'],Im not sure,Gemini,annoyed,short
When is your preferred date for delivery? Provide a date.,DATE,['Date'],Id like to have delivery on Friday,Gemini,verbose,short
When is your preferred date for delivery? Provide a date.,DATE,['Date'],I prefer to receive my food on Friday,Gemini,concise,short
When is your preferred date for delivery? Provide a date.,DATE,['Date'],Id like to have it delivered on the same day,Gemini,colloquial,short
When is your preferred date for delivery? Provide a date.,DATE,['Date'],I prefer delivery on a Friday,Gemini,explanatory,short
When is your preferred date for delivery? Provide a date.,DATE,['Date'],Id like to pick up my food on Friday,Gemini,annoyed,short
When is your preferred shipping date? Provide a date.,DATE,['Date'],I would like to ship a new car on the same day,Gemini,verbose,short
When is your preferred shipping date? Provide a date.,DATE,['Date'],I would like to ship on Friday,Gemini,concise,short
When is your preferred shipping date? Provide a date.,DATE,['Date'],I prefer to ship on a Friday,Gemini,colloquial,short
When is your preferred shipping date? Provide a date.,DATE,['Date'],I prefer to ship on Friday,Gemini,annoyed,short
When was the account created? Provide a date.,DATE,['Date'],When was the account created,Gemini,verbose,short
When was the account created? Provide a date.,DATE,['Date'],When was the account created,Gemini,concise,short
When was the account created? Provide a date.,DATE,['Date'],The account was created in January 2012,Gemini,colloquial,short
When was the account created? Provide a date.,DATE,['Date'],The account was created in January 2019,Gemini,explanatory,short
When was the account created? Provide a date.,DATE,['Date'],The account was created on January 1999,Gemini,annoyed,short
When was the bug report submitted? Provide a date.,DATE,['Date'],The bug report was submitted on March 15 2015,Gemini,verbose,short
When was the bug report submitted? Provide a date.,DATE,['Date'],The bug report was submitted on March 7 2018,Gemini,concise,short
When was the bug report submitted? Provide a date.,DATE,['Date'],The bug report was submitted on December 7 2003,Gemini,colloquial,short
When was the bug report submitted? Provide a date.,DATE,['Date'],The bug report was submitted on December 7 2001,Gemini,explanatory,short
When was the bug report submitted? Provide a date.,DATE,['Date'],The bug report was submitted on October 30 2001,Gemini,annoyed,short
When was the building permit issued? Provide a date.,DATE,['Date'],The building permit was issued on January 1990,Gemini,verbose,short
When was the building permit issued? Provide a date.,DATE,['Date'],The building permit was issued on January 1967,Gemini,concise,short
When was the building permit issued? Provide a date.,DATE,['Date'],The building permit was issued on January 1 2001,Gemini,colloquial,short
When was the building permit issued? Provide a date.,DATE,['Date'],The building permit was issued on January 15 1987,Gemini,explanatory,short
When was the building permit issued? Provide a date.,DATE,['Date'],When was the building permit issued,Gemini,annoyed,short
When was the database schema updated? Provide a date.,DATE,['Date'],The database schema was updated on January 1 2001,Gemini,verbose,short
When was the database schema updated? Provide a date.,DATE,['Date'],The database schema was updated on January 1 2000,Gemini,concise,short
When was the database schema updated? Provide a date.,DATE,['Date'],The database schema was updated in January 2000,Gemini,colloquial,short
When was the database schema updated? Provide a date.,DATE,['Date'],The database schema was updated on January 1 2001,Gemini,annoyed,short
When was the incident reported? Provide a date.,DATE,['Date'],The incident was reported on October 26 2017,Gemini,verbose,short
When was the incident reported? Provide a date.,DATE,['Date'],The incident was reported on December 2012,Gemini,concise,short
When was the incident reported? Provide a date.,DATE,['Date'],The incident was reported on November 30 2001,Gemini,colloquial,short
When was the incident reported? Provide a date.,DATE,['Date'],It was reported on October 29 2012,Gemini,explanatory,short
When was the incident reported? Provide a date.,DATE,['Date'],The incident was reported on February 2001,Gemini,annoyed,short
When was the initial contract signed? Provide a date.,DATE,['Date'],The initial contract was signed on March 30 1999,Gemini,verbose,short
When was the initial contract signed? Provide a date.,DATE,['Date'],The initial contract was signed on January 1999,Gemini,concise,short
When was the initial contract signed? Provide a date.,DATE,['Date'],The initial contract was signed on December 1998,Gemini,colloquial,short
When was the initial contract signed? Provide a date.,DATE,['Date'],The initial contract was signed on March 1998,Gemini,explanatory,short
When was the initial contract signed? Provide a date.,DATE,['Date'],The initial contract was signed on October 1998,Gemini,annoyed,short
When was the last system backup performed? Provide a date.,DATE,['Date'],The last system backup was in October 2002,Gemini,verbose,short
When was the last system backup performed? Provide a date.,DATE,['Date'],The last system backup was in January 2000,Gemini,colloquial,short
When was the last system backup performed? Provide a date.,DATE,['Date'],The last system backup was in November 2001,Gemini,explanatory,short
When was the last time the software was updated? Provide a date.,DATE,['Date'],The software was last updated in November 2000,Gemini,verbose,short
When was the last time the software was updated? Provide a date.,DATE,['Date'],The software was updated in the year 2000,Gemini,concise,short
When was the last time the software was updated? Provide a date.,DATE,['Date'],The software was updated in March 2019,Gemini,colloquial,short
When was the last time the software was updated? Provide a date.,DATE,['Date'],The software was updated in March 2015,Gemini,explanatory,short
When was the last time the software was updated? Provide a date.,DATE,['Date'],The software was last updated in March 2018,Gemini,annoyed,short
When was the last time you saw a specialist? Provide a date.,DATE,['Date'],I saw a specialist in January of this year,Gemini,verbose,short
When was the last time you saw a specialist? Provide a date.,DATE,['Date'],I saw a specialist on January 3 2013,Gemini,concise,short
When was the last time you saw a specialist? Provide a date.,DATE,['Date'],I saw a specialist in January of this year,Gemini,colloquial,short
When was the last time you saw a specialist? Provide a date.,DATE,['Date'],I saw a specialist on January 1 2012,Gemini,explanatory,short
When was the last time you saw a specialist? Provide a date.,DATE,['Date'],I saw a specialist in January,Gemini,annoyed,short
When was the last time you updated your profile? Provide a date.,DATE,['Date'],I updated my profile on March 18 2018,Gemini,verbose,short
When was the last time you updated your profile? Provide a date.,DATE,['Date'],I updated my profile on January 30 2019,Gemini,concise,short
When was the last time you updated your profile? Provide a date.,DATE,['Date'],I updated my profile on January 1 2018,Gemini,colloquial,short
When was the last time you updated your profile? Provide a date.,DATE,['Date'],I updated my profile on March 30 2019,Gemini,explanatory,short
When was the last time you updated your profile? Provide a date.,DATE,['Date'],I havent updated my profile in a while,Gemini,annoyed,short
When was the new hardware installed? Provide a date.,DATE,['Date'],The hardware was installed in March 2002,Gemini,verbose,short
When was the new hardware installed? Provide a date.,DATE,['Date'],The hardware was installed in April of this year,Gemini,concise,short
When was the new hardware installed? Provide a date.,DATE,['Date'],The hardware was installed in March 2008,Gemini,colloquial,short
When was the new hardware installed? Provide a date.,DATE,['Date'],It was installed on January 1 2005,Gemini,explanatory,short
When was the product released? Provide a date.,DATE,['Date'],The product was released in May 2006,Gemini,verbose,short
When was the product released? Provide a date.,DATE,['Date'],The product was released in March of that year,Gemini,concise,short
When was the product released? Provide a date.,DATE,['Date'],The product was released on December 9 2012,Gemini,colloquial,short
When was the product released? Provide a date.,DATE,['Date'],The product was released in November 2002,Gemini,explanatory,short
When was the product released? Provide a date.,DATE,['Date'],The product was released in March 2000,Gemini,annoyed,short
When was the prototype developed? Provide a date.,DATE,['Date'],The prototype was developed in the late 1990s,Gemini,verbose,short
When was the prototype developed? Provide a date.,DATE,['Date'],The prototype was developed in the early 1990s,Gemini,concise,short
When was the prototype developed? Provide a date.,DATE,['Date'],The prototype was developed in the early 1990s,Gemini,colloquial,short
When was the prototype developed? Provide a date.,DATE,['Date'],The prototype was developed in the early 1990s,Gemini,explanatory,short
When was the prototype developed? Provide a date.,DATE,['Date'],The prototype was developed in the mid1990s,Gemini,annoyed,short
When was the risk assessment completed? Provide a date.,DATE,['Date'],The risk assessment was completed in April 2017,Gemini,verbose,short
When was the risk assessment completed? Provide a date.,DATE,['Date'],The risk assessment was completed in March 2015,Gemini,colloquial,short
When was the risk assessment completed? Provide a date.,DATE,['Date'],The risk assessment was completed in April 2015,Gemini,explanatory,short
When was the service outage reported? Provide a date.,DATE,['Date'],The service outage was reported on March 30 2018,Gemini,verbose,short
When was the service outage reported? Provide a date.,DATE,['Date'],The service outage was reported on March 2018,Gemini,colloquial,short
When was the service outage reported? Provide a date.,DATE,['Date'],The service outage was reported on November 2017,Gemini,explanatory,short
When was the software license renewed? Provide a date.,DATE,['Date'],The software license was renewed in May 2017,Gemini,verbose,short
When was the software license renewed? Provide a date.,DATE,['Date'],The software license was renewed on March 1 2018,Gemini,concise,short
When was the software license renewed? Provide a date.,DATE,['Date'],The software license was renewed on June 30 2002,Gemini,colloquial,short
When was the system last upgraded? Provide a date.,DATE,['Date'],The system was last upgraded in December 2009,Gemini,verbose,short
When was the system last upgraded? Provide a date.,DATE,['Date'],The system was last upgraded in January 2006,Gemini,concise,short
When was the system last upgraded? Provide a date.,DATE,['Date'],The system was last upgraded in September 2003,Gemini,colloquial,short
When was the system last upgraded? Provide a date.,DATE,['Date'],The system was last upgraded in January 2015,Gemini,explanatory,short
When was the system last upgraded? Provide a date.,DATE,['Date'],The system was last upgraded in December 2000,Gemini,annoyed,short
When was the system's capacity increased? Provide a date.,DATE,['Date'],The systems capacity was increased in the 1980s,Gemini,verbose,short
When was the system's capacity increased? Provide a date.,DATE,['Date'],The systems capacity was increased in the 1980s,Gemini,colloquial,short
When was the system's capacity increased? Provide a date.,DATE,['Date'],The systems capacity was increased in the 1980s,Gemini,explanatory,short
When was the system's capacity increased? Provide a date.,DATE,['Date'],It was upgraded in July 2000,Gemini,annoyed,short
When was the technical support ticket resolved? Provide a date.,DATE,['Date'],The ticket was resolved on January 1 2002,Gemini,verbose,short
When was the technical support ticket resolved? Provide a date.,DATE,['Date'],Today,Gemini,concise,short
When was the technical support ticket resolved? Provide a date.,DATE,['Date'],We resolved the ticket on November 7 2001,Gemini,colloquial,short
When was the technical support ticket resolved? Provide a date.,DATE,['Date'],The ticket was resolved on December 30 2001,Gemini,explanatory,short
When was the user feedback collected? Provide a date.,DATE,['Date'],We collected user feedback in the mid1990s,Gemini,verbose,short
When was the user feedback collected? Provide a date.,DATE,['Date'],It was collected in the mid1990s,Gemini,concise,short
When was the user feedback collected? Provide a date.,DATE,['Date'],We collected user feedback in March of this year,Gemini,colloquial,short
When was the user feedback collected? Provide a date.,DATE,['Date'],It was collected in April 2015,Gemini,explanatory,short
When was the user feedback collected? Provide a date.,DATE,['Date'],It was collected in May,Gemini,annoyed,short
When was the warranty claim submitted? Provide a date.,DATE,['Date'],The warranty claim was filed on December 15 2000,Gemini,verbose,short
When was the warranty claim submitted? Provide a date.,DATE,['Date'],The warranty claim was filed on December 13 1999,Gemini,concise,short
When was the warranty claim submitted? Provide a date.,DATE,['Date'],The warranty claim was filed on April 1999,Gemini,colloquial,short
When was the warranty claim submitted? Provide a date.,DATE,['Date'],We filed the claim on October 30 2001,Gemini,annoyed,short
When was your last blood pressure check? Provide a date.,DATE,['Date'],I had a blood pressure check on November 30 2001,Gemini,verbose,short
When was your last blood pressure check? Provide a date.,DATE,['Date'],I had a blood pressure check on Friday,Gemini,concise,short
When was your last colonoscopy? Provide a date.,DATE,['Date'],I had my last colonoscopy on March 30 2018,Gemini,verbose,short
When was your last colonoscopy? Provide a date.,DATE,['Date'],I havent had a colonoscopy for over a year,Gemini,concise,short
When was your last colonoscopy? Provide a date.,DATE,['Date'],I had my last colonoscopy on May 30 2013,Gemini,colloquial,short
When was your last colonoscopy? Provide a date.,DATE,['Date'],I had my last colonoscopy on January 30 2002,Gemini,explanatory,short
When was your last colonoscopy? Provide a date.,DATE,['Date'],I had my last colonoscopy on October 1 2001,Gemini,annoyed,short
When was your last dental checkup? Provide a date.,DATE,['Date'],I had my last dental checkup in January,Gemini,verbose,short
When was your last dental checkup? Provide a date.,DATE,['Date'],I had my last dental checkup on January 1 2001,Gemini,concise,short
When was your last dental checkup? Provide a date.,DATE,['Date'],I had my last dental checkup on October 1 2001,Gemini,colloquial,short
When was your last dental checkup? Provide a date.,DATE,['Date'],I had my last dental checkup on March 1 2000,Gemini,explanatory,short
When was your last dental checkup? Provide a date.,DATE,['Date'],I had my last dental checkup on October 1 2001,Gemini,annoyed,short
When was your last eye exam? Provide a date.,DATE,['Date'],I had my last eye exam on March 1 2006,Gemini,verbose,short
When was your last eye exam? Provide a date.,DATE,['Date'],I had my last eye exam on October 29 2001,Gemini,concise,short
When was your last eye exam? Provide a date.,DATE,['Date'],I had my last eye exam on March 15 2015,Gemini,colloquial,short
When was your last eye exam? Provide a date.,DATE,['Date'],My last eye exam was on May 30 2015,Gemini,explanatory,short
When was your last eye exam? Provide a date.,DATE,['Date'],I had my last eye exam on March 2002,Gemini,annoyed,short
When was your last hospital visit? Provide a date.,DATE,['Date'],I was in the hospital for my last visit,Gemini,verbose,short
When was your last hospital visit? Provide a date.,DATE,['Date'],I went to the hospital on October 12 2013,Gemini,concise,short
When was your last hospital visit? Provide a date.,DATE,['Date'],I went to the hospital on March 29 2001,Gemini,colloquial,short
When was your last hospital visit? Provide a date.,DATE,['Date'],I had my last hospital visit on May 1 2013,Gemini,annoyed,short
When was your last influenza vaccination? Provide a date.,DATE,['Date'],I was vaccinated on March 31 2001,Gemini,verbose,short
When was your last influenza vaccination? Provide a date.,DATE,['Date'],I was vaccinated in March,Gemini,explanatory,short
When was your last mammogram? Provide a date.,DATE,['Date'],I had my last mammogram on March 30 2018,Gemini,verbose,short
When was your last mammogram? Provide a date.,DATE,['Date'],I had my last mammogram on January 1 2002,Gemini,concise,short
When was your last mammogram? Provide a date.,DATE,['Date'],I had my last mammogram on March 5 2018,Gemini,colloquial,short
When was your last mammogram? Provide a date.,DATE,['Date'],I had my last mammogram on March 1 2018,Gemini,explanatory,short
When was your last mammogram? Provide a date.,DATE,['Date'],I had my last mammogram on March 1 2018,Gemini,annoyed,short
When was your last physical examination? Provide a date.,DATE,['Date'],I had my last physical examination on March 2001,Gemini,verbose,short
When was your last physical therapy appointment? Provide a date.,DATE,['Date'],I had a physical therapy appointment on Friday,Gemini,annoyed,short
When was your last tetanus shot? Provide a date.,DATE,['Date'],I had my last tetanus shot in April of last year,Gemini,concise,short
When was your last tetanus shot? Provide a date.,DATE,['Date'],I had my last tetanus shot in April,Gemini,colloquial,short
When was your last tetanus shot? Provide a date.,DATE,['Date'],I had my last tetanus shot in July of last year,Gemini,explanatory,short
When will the product be ready for pickup? Provide a date.,DATE,['Date'],It will be ready for pickup in about a week,Gemini,concise,short
When will the product be ready for pickup? Provide a date.,DATE,['Date'],The product will be ready for pickup in the fall,Gemini,explanatory,short
When will the product be ready for pickup? Provide a date.,DATE,['Date'],The product will be ready for pickup on April 1st,Gemini,annoyed,short
Describe any areas where cost savings could be achieved.,TEXT,['Text'],I would like to see a reduction in the cost,Gemini,colloquial,short
Describe any areas where cost savings could be achieved.,TEXT,['Text'],I think its a good idea,Gemini,explanatory,short
Describe any areas where cost savings could be achieved.,TEXT,['Text'],Im not sure if its a bad idea or not,Gemini,annoyed,short
Describe any areas where the convention fell short of expectations.,TEXT,['Text'],Im sorry to hear that Im sorry to hear that,Gemini,verbose,short
Describe any areas where the convention fell short of expectations.,TEXT,['Text'],I think the convention was a mistake,Gemini,colloquial,short
Describe any areas where the convention fell short of expectations.,TEXT,['Text'],The convention didnt meet my expectations,Gemini,annoyed,short
Describe any challenges in delivering the message.,TEXT,['Text'],Ive had a difficult time delivering the message,Gemini,concise,short
Describe any challenges in delivering the message.,TEXT,['Text'],Ive had a hard time delivering the message,Gemini,colloquial,short
Describe any challenges in delivering the message.,TEXT,['Text'],Ive had a difficult time delivering the message,Gemini,explanatory,short
Describe any incidents or near misses that occurred.,TEXT,['Text'],Ive had a lot of near misses,Gemini,verbose,short
Describe any incidents or near misses that occurred.,TEXT,['Text'],I had a near miss,Gemini,concise,short
Describe any incidents or near misses that occurred.,TEXT,['Text'],I had a few near misses,Gemini,colloquial,short
Describe any incidents or near misses that occurred.,TEXT,['Text'],I had a near miss,Gemini,explanatory,short
Describe any incidents or near misses that occurred.,TEXT,['Text'],Ive had a lot of near misses,Gemini,annoyed,short
Describe any instances of unfairness you observed during the convention.,TEXT,['Text'],Im not sure if Im being unfair,Gemini,concise,short
Describe any instances of unfairness you observed during the convention.,TEXT,['Text'],Im not sure if its a good thing or a bad thing,Gemini,annoyed,short
Describe the agent's demeanor.,TEXT,['Text'],I think hes a good person,Gemini,verbose,short
Describe the agent's demeanor.,TEXT,['Text'],Im a hardworking person,Gemini,concise,short
Describe the agent's demeanor.,TEXT,['Text'],Im a hardworking person,Gemini,colloquial,short
Describe the agent's demeanor.,TEXT,['Text'],Im a good person Im a good person,Gemini,explanatory,short
Describe the audience for the communication.,TEXT,['Text'],The public,Gemini,verbose,short
Describe the audience for the communication.,TEXT,['Text'],The public,Gemini,concise,short
Describe the audience for the communication.,TEXT,['Text'],The public,Gemini,colloquial,short
Describe the audience for the communication.,TEXT,['Text'],The public,Gemini,explanatory,short
Describe the audience for the communication.,TEXT,['Text'],The public,Gemini,annoyed,short
Describe the challenges associated with maintaining aging equipment.,TEXT,['Text'],aging equipment is a major issue,Gemini,verbose,short
Describe the challenges associated with maintaining aging equipment.,TEXT,['Text'],I dont know what to do about it,Gemini,colloquial,short
Describe the challenges associated with maintaining aging equipment.,TEXT,['Text'],I dont know what to do about it,Gemini,annoyed,short
Describe the challenges associated with managing a diverse workforce.,TEXT,['Text'],I think diversity is a challenge,Gemini,colloquial,short
Describe the communication strategy.,TEXT,['Text'],Im not sure what to say,Gemini,concise,short
Describe the communication strategy.,TEXT,['Text'],Im not sure whats going on,Gemini,annoyed,short
Describe the company's commitment to health and safety.,TEXT,['Text'],The company is committed to health and safety,Gemini,verbose,short
Describe the company's commitment to health and safety.,TEXT,['Text'],The company is committed to health and safety,Gemini,concise,short
Describe the company's commitment to health and safety.,TEXT,['Text'],The company is committed to health and safety,Gemini,colloquial,short
Describe the company's commitment to health and safety.,TEXT,['Text'],The company is committed to health and safety,Gemini,explanatory,short
Describe the company's commitment to health and safety.,TEXT,['Text'],The company is committed to health and safety,Gemini,annoyed,short
Describe the feedback received on the communication.,TEXT,['Text'],Im not sure if its a good thing or not,Gemini,verbose,short
Describe the feedback received on the communication.,TEXT,['Text'],Im not sure if its a good thing or a bad thing,Gemini,explanatory,short
Describe the feedback received on the communication.,TEXT,['Text'],Im dissatisfied and dissatisfied,Gemini,annoyed,short
Describe the impact of automation on the workforce.,TEXT,['Text'],It has a negative impact on the economy,Gemini,concise,short
Describe the overall effectiveness of the communication.,TEXT,['Text'],I think its very effective,Gemini,verbose,short
Describe the overall effectiveness of the communication.,TEXT,['Text'],I think its a good way to communicate,Gemini,concise,short
Describe the overall effectiveness of the communication.,TEXT,['Text'],I think its very effective,Gemini,colloquial,short
Describe the overall effectiveness of the communication.,TEXT,['Text'],I think its very effective,Gemini,explanatory,short
Describe the overall effectiveness of the communication.,TEXT,['Text'],I think its a waste of time,Gemini,annoyed,short
Describe the process.,TEXT,['Text'],Ive been working on a project for a while now,Gemini,concise,short
Describe the process.,TEXT,['Text'],Ive been working on a project for a while now,Gemini,colloquial,short
Describe the process.,TEXT,['Text'],Im not sure what Im doing,Gemini,explanatory,short
Describe the process.,TEXT,['Text'],Im frustrated and dissatisfied,Gemini,annoyed,short
Describe the safety procedures followed during the operation.,TEXT,['Text'],Im not sure whats going to happen,Gemini,concise,short
Describe the safety procedures followed during the operation.,TEXT,['Text'],I would like to know how long the operation took,Gemini,explanatory,short
Describe the safety procedures followed during the operation.,TEXT,['Text'],The operation was a success,Gemini,annoyed,short
Describe your experience with the registration process.,TEXT,['Text'],I had a difficult time registering,Gemini,concise,short
Describe your experience with the registration process.,TEXT,['Text'],I had a hard time registering,Gemini,colloquial,short
Describe your experience with the registration process.,TEXT,['Text'],I was a bit dissatisfied with the process,Gemini,annoyed,short
Describe your experience with the support agent's technical expertise.,TEXT,['Text'],Ive been a support agent for a number of years,Gemini,verbose,short
Describe your experience with the support agent's technical expertise.,TEXT,['Text'],Ive been a support agent for a number of years,Gemini,concise,short
Describe your experience with the support agent's technical expertise.,TEXT,['Text'],Ive worked with a support agent in the past,Gemini,colloquial,short
Describe your experience with the support agent's technical expertise.,TEXT,['Text'],Ive been a support agent for many years,Gemini,explanatory,short
Describe your experience with the technology used during the convention.,TEXT,['Text'],I had a great time,Gemini,verbose,short
Describe your experience with the technology used during the convention.,TEXT,['Text'],Ive had a lot of problems with the technology,Gemini,explanatory,short
Describe your experience.,TEXT,['Text'],Ive had a lot of bad experiences in my life,Gemini,verbose,short
Describe your experience.,TEXT,['Text'],Ive had a lot of great experiences in my life,Gemini,concise,short
Describe your experience.,TEXT,['Text'],Ive had a lot of bad experiences in my life,Gemini,colloquial,short
Describe your experience.,TEXT,['Text'],Ive had a lot of bad experiences in my life,Gemini,explanatory,short
Describe your experience.,TEXT,['Text'],Ive had a lot of bad experiences in my life,Gemini,annoyed,short
Describe your favorite part of the convention.,TEXT,['Text'],Im not a fan of conventions,Gemini,verbose,short
Describe your favorite part of the convention.,TEXT,['Text'],Im a big fan of the convention,Gemini,concise,short
Describe your favorite part of the convention.,TEXT,['Text'],Im a big fan of the convention,Gemini,colloquial,short
Describe your favorite part of the convention.,TEXT,['Text'],Im not a fan of conventions,Gemini,explanatory,short
Describe your favorite part of the convention.,TEXT,['Text'],Im not a fan of conventions,Gemini,annoyed,short
Describe your interaction with the convention staff.,TEXT,['Text'],I was very impressed with the staff,Gemini,verbose,short
Describe your interaction with the convention staff.,TEXT,['Text'],I was greeted by the convention staff,Gemini,concise,short
Describe your interaction with the convention staff.,TEXT,['Text'],I was greeted by the convention staff,Gemini,colloquial,short
Describe your interaction with the convention staff.,TEXT,['Text'],I was greeted by the convention staff,Gemini,explanatory,short
Describe your interaction with the convention staff.,TEXT,['Text'],I was irritated,Gemini,annoyed,short
Describe your overall experience.,TEXT,['Text'],I had a great experience,Gemini,verbose,short
Describe your overall experience.,TEXT,['Text'],Ive had a lot of good experiences,Gemini,concise,short
Describe your overall experience.,TEXT,['Text'],Ive had a lot of great experiences,Gemini,colloquial,short
Describe your overall experience.,TEXT,['Text'],Ive had a lot of great experiences,Gemini,explanatory,short
Describe your overall experience.,TEXT,['Text'],Ive had a lot of bad experiences,Gemini,annoyed,short
Detail your experience with the new welding equipment.,TEXT,['Text'],Im very happy with the new welding equipment,Gemini,annoyed,short
Did the agent follow up as promised?,TEXT,['Text'],Yes she did,Gemini,verbose,short
Did the agent follow up as promised?,TEXT,['Text'],Yes she did,Gemini,concise,short
Did the agent follow up as promised?,TEXT,['Text'],Yes she did,Gemini,colloquial,short
Did the agent follow up as promised?,TEXT,['Text'],Yes he did,Gemini,explanatory,short
Did the agent follow up as promised?,TEXT,['Text'],Yes,Gemini,annoyed,short
Did the agent use appropriate language and terminology?,TEXT,['Text'],Yes the agent used proper terminology,Gemini,verbose,short
Did the agent use appropriate language and terminology?,TEXT,['Text'],Yes the agent used proper terminology,Gemini,concise,short
Did the agent use appropriate language and terminology?,TEXT,['Text'],Yes the agent used proper terminology,Gemini,colloquial,short
Did the agent use appropriate language and terminology?,TEXT,['Text'],Yes the agent used proper terminology,Gemini,explanatory,short
Did the agent use appropriate language and terminology?,TEXT,['Text'],Yes the agent used proper terminology,Gemini,annoyed,short
Did the support agent actively listen to your concerns?,TEXT,['Text'],Yes,Gemini,verbose,short
Did the support agent actively listen to your concerns?,TEXT,['Text'],Yes,Gemini,concise,short
Did the support agent actively listen to your concerns?,TEXT,['Text'],Yes,Gemini,colloquial,short
Did the support agent actively listen to your concerns?,TEXT,['Text'],Yes,Gemini,explanatory,short
Did the support agent actively listen to your concerns?,TEXT,['Text'],Yes,Gemini,annoyed,short
Did you feel the agent understood your problem?,TEXT,['Text'],Yes she understood my problem,Gemini,verbose,short
Did you feel the agent understood your problem?,TEXT,['Text'],Yes she understood my problem,Gemini,concise,short
Did you feel the agent understood your problem?,TEXT,['Text'],Yes,Gemini,colloquial,short
Did you feel the agent understood your problem?,TEXT,['Text'],Yes,Gemini,explanatory,short
Did you feel the agent understood your problem?,TEXT,['Text'],Yes she did,Gemini,annoyed,short
Did you feel the convention was worth the cost?,TEXT,['Text'],I thought it was worth it,Gemini,verbose,short
Did you feel the convention was worth the cost?,TEXT,['Text'],Yes it was worth it,Gemini,concise,short
Did you feel the convention was worth the cost?,TEXT,['Text'],I thought it was worth it,Gemini,colloquial,short
Did you feel the convention was worth the cost?,TEXT,['Text'],I thought it was worth it,Gemini,explanatory,short
Did you feel the convention was worth the cost?,TEXT,['Text'],I didnt think it was worth the cost,Gemini,annoyed,short
Did you feel valued as a customer?,TEXT,['Text'],I felt valued as a customer,Gemini,verbose,short
Did you feel valued as a customer?,TEXT,['Text'],I felt valued as a customer,Gemini,concise,short
Did you feel valued as a customer?,TEXT,['Text'],I felt valued as a customer,Gemini,colloquial,short
Did you feel valued as a customer?,TEXT,['Text'],I felt valued as a customer,Gemini,explanatory,short
Did you feel valued as a customer?,TEXT,['Text'],I felt valued as a customer,Gemini,annoyed,short
Did you feel your issue was resolved efficiently?,TEXT,['Text'],Yes,Gemini,verbose,short
Did you feel your issue was resolved efficiently?,TEXT,['Text'],Yes,Gemini,concise,short
Did you feel your issue was resolved efficiently?,TEXT,['Text'],Yes,Gemini,colloquial,short
Did you feel your issue was resolved efficiently?,TEXT,['Text'],Yes I did,Gemini,explanatory,short
Did you feel your issue was resolved efficiently?,TEXT,['Text'],Yes,Gemini,annoyed,short
Discuss the importance of continuous improvement in heavy industries.,TEXT,['Text'],I think its important,Gemini,verbose,short
Discuss the importance of continuous improvement in heavy industries.,TEXT,['Text'],I think its important,Gemini,concise,short
Discuss the importance of continuous improvement in heavy industries.,TEXT,['Text'],I think its important,Gemini,colloquial,short
Discuss the importance of continuous improvement in heavy industries.,TEXT,['Text'],I think its important,Gemini,explanatory,short
Discuss the importance of continuous improvement in heavy industries.,TEXT,['Text'],I am dissatisfied and dissatisfied,Gemini,annoyed,short
Elaborate on the training provided to the operators.,TEXT,['Text'],Im not sure whats going to happen,Gemini,verbose,short
Elaborate on the training provided to the operators.,TEXT,['Text'],Im not sure if Ill be able to do that,Gemini,concise,short
Elaborate on the training provided to the operators.,TEXT,['Text'],Im not sure if Ill be able to do that,Gemini,explanatory,short
Elaborate on your response.,TEXT,['Text'],Im sorry to hear that Im sorry to hear that,Gemini,verbose,short
Elaborate on your response.,TEXT,['Text'],Im not sure if Ill be able to make it,Gemini,concise,short
Elaborate on your response.,TEXT,['Text'],Im sorry to hear that,Gemini,explanatory,short
Elaborate on your response.,TEXT,['Text'],Im frustrated and dissatisfied,Gemini,annoyed,short
Explain any challenges encountered during the project and how they were overcome.,TEXT,['Text'],I was able to overcome some of the challenges,Gemini,verbose,short
Explain any challenges encountered during the project and how they were overcome.,TEXT,['Text'],I was able to overcome some of the challenges,Gemini,concise,short
Explain any challenges encountered during the project and how they were overcome.,TEXT,['Text'],I was able to overcome some of the challenges,Gemini,colloquial,short
Explain any challenges encountered during the project and how they were overcome.,TEXT,['Text'],I was able to overcome all of the challenges,Gemini,annoyed,short
Explain the process for conducting regular equipment inspections.,TEXT,['Text'],Im not sure how to do it,Gemini,verbose,short
Explain the process for conducting regular equipment inspections.,TEXT,['Text'],Ive been a contractor since I was a kid,Gemini,explanatory,short
Explain the process for conducting regular equipment inspections.,TEXT,['Text'],Im frustrated and dissatisfied,Gemini,annoyed,short
Explain the process for handling customer complaints.,TEXT,['Text'],I dont know how to handle complaints,Gemini,verbose,short
Explain the process for handling customer complaints.,TEXT,['Text'],I dont know how to handle complaints,Gemini,colloquial,short
Explain the process for handling customer complaints.,TEXT,['Text'],I handle complaints in a timely manner,Gemini,explanatory,short
Explain the process for handling customer complaints.,TEXT,['Text'],Im not sure how to handle customer complaints,Gemini,annoyed,short
Explain the process for handling hazardous materials.,TEXT,['Text'],I dont know how to handle hazardous materials,Gemini,verbose,short
Explain the process for handling hazardous materials.,TEXT,['Text'],Im not sure how to handle hazardous materials,Gemini,colloquial,short
Explain the process for handling hazardous materials.,TEXT,['Text'],I dont know how to handle hazardous materials,Gemini,explanatory,short
Explain the process for handling hazardous materials.,TEXT,['Text'],Im not sure what to do,Gemini,annoyed,short
Explain your approach.,TEXT,['Text'],Im a snob Im a snob Im a snobIm a snob,Gemini,verbose,short
Explain your approach.,TEXT,['Text'],Im a snob Im a snob Im a snobIm a snob,Gemini,concise,short
Explain your approach.,TEXT,['Text'],Im a therapist Im a therapist Im a therapist,Gemini,explanatory,short
Explain your approach.,TEXT,['Text'],Im a little frustrated and dissatisfied,Gemini,annoyed,short
Explain your issue in detail.,TEXT,['Text'],I dont know what to do about it,Gemini,concise,short
Explain your issue in detail.,TEXT,['Text'],Im sorry to hear that Im sorry to hear that,Gemini,explanatory,short
Explain your issue in detail.,TEXT,['Text'],Im not sure whats wrong,Gemini,annoyed,short
Explain your reasoning.,TEXT,['Text'],I think its a good idea,Gemini,verbose,short
Explain your reasoning.,TEXT,['Text'],I think it is a good idea to do this,Gemini,concise,short
Explain your reasoning.,TEXT,['Text'],Im a big fan of the idea,Gemini,explanatory,short
Explain your reasoning.,TEXT,['Text'],Im frustrated that Im not being able to get a job,Gemini,annoyed,short
Explain your role in the communication process.,TEXT,['Text'],Im a communications officer,Gemini,verbose,short
Explain your role in the communication process.,TEXT,['Text'],Im a reporter,Gemini,concise,short
Explain your role in the communication process.,TEXT,['Text'],Im a secretary,Gemini,colloquial,short
Explain your role in the communication process.,TEXT,['Text'],Im a communications officer,Gemini,explanatory,short
Explain your role in the communication process.,TEXT,['Text'],Im a part of the communication process,Gemini,annoyed,short
How accessible was the convention for participants?,TEXT,['Text'],The convention was very accessible,Gemini,verbose,short
How accessible was the convention for participants?,TEXT,['Text'],The convention was very accessible,Gemini,concise,short
How accessible was the convention for participants?,TEXT,['Text'],The convention was very accessible,Gemini,colloquial,short
How accessible was the convention for participants?,TEXT,['Text'],The convention was very accessible,Gemini,explanatory,short
How accessible was the convention for participants?,TEXT,['Text'],The convention was very accessible,Gemini,annoyed,short
How can the company better engage with its stakeholders?,TEXT,['Text'],It can help them find solutions to their problems,Gemini,concise,short
How can the company better utilize its resources?,TEXT,['Text'],The company will better able to use its resources,Gemini,explanatory,short
How can the company better utilize its resources?,TEXT,['Text'],It needs to be more efficient,Gemini,annoyed,short
How can the company enhance its reputation and brand image?,TEXT,['Text'],It can improve its reputation and brand image,Gemini,verbose,short
How can the company enhance its reputation and brand image?,TEXT,['Text'],Its a good way to make money,Gemini,concise,short
How can the company enhance its reputation and brand image?,TEXT,['Text'],It has a reputation as a leader in its field,Gemini,colloquial,short
How can the company enhance its reputation and brand image?,TEXT,['Text'],It can improve its reputation and brand image,Gemini,explanatory,short
How can the company enhance its reputation and brand image?,TEXT,['Text'],It has a reputation for being a good company,Gemini,annoyed,short
How can the company improve its response to emergency situations?,TEXT,['Text'],It can improve its response to emergencies,Gemini,explanatory,short
How can the company improve its response to emergency situations?,TEXT,['Text'],It can improve its response to emergencies,Gemini,annoyed,short
How confident are you that your issue is truly resolved?,TEXT,['Text'],I am confident that my issue is resolved,Gemini,verbose,short
How confident are you that your issue is truly resolved?,TEXT,['Text'],I am confident that my issue is resolved,Gemini,concise,short
How confident are you that your issue is truly resolved?,TEXT,['Text'],I am confident that my issue is resolved,Gemini,colloquial,short
How confident are you that your issue is truly resolved?,TEXT,['Text'],I am confident that my issue is resolved,Gemini,explanatory,short
How confident are you that your issue is truly resolved?,TEXT,['Text'],I am confident that my issue is resolved,Gemini,annoyed,short
How could communication be improved?,TEXT,['Text'],It could be improved by using technology,Gemini,explanatory,short
How could the company improve its sustainability initiatives?,TEXT,['Text'],It could improve its sustainability initiatives,Gemini,colloquial,short
How could the company improve its sustainability initiatives?,TEXT,['Text'],It could improve its sustainability initiatives,Gemini,annoyed,short
How could the convention be made more inclusive?,TEXT,['Text'],The convention could be made more inclusive,Gemini,verbose,short
How could the convention be made more inclusive?,TEXT,['Text'],The convention could be made more inclusive,Gemini,concise,short
How could the convention be made more inclusive?,TEXT,['Text'],The convention could be made more inclusive,Gemini,colloquial,short
How could the convention be made more inclusive?,TEXT,['Text'],The convention could be made more inclusive,Gemini,explanatory,short
How could the convention be made more inclusive?,TEXT,['Text'],The convention could be made more inclusive,Gemini,annoyed,short
How could the convention better promote a sense of community among participants?,TEXT,['Text'],I would like to see a more inclusive convention,Gemini,annoyed,short
How could the convention better support participants with diverse needs?,TEXT,['Text'],The convention could be more inclusive,Gemini,explanatory,short
How could this be improved?,TEXT,['Text'],I think it could be improved,Gemini,verbose,short
How could this be improved?,TEXT,['Text'],It could be improved,Gemini,concise,short
How could this be improved?,TEXT,['Text'],Id like to make it easier to understand,Gemini,colloquial,short
How could this be improved?,TEXT,['Text'],Im not sure if its a good idea,Gemini,annoyed,short
How did the communication impact the intended audience?,TEXT,['Text'],It was a resounding success,Gemini,verbose,short
How did the communication impact the intended audience?,TEXT,['Text'],It had a negative impact on the intended audience,Gemini,explanatory,short
How did the communication impact the intended audience?,TEXT,['Text'],I was frustrated and dissatisfied,Gemini,annoyed,short
How did you ensure ethical communication practices were followed?,TEXT,['Text'],I had a lot of conversations with my coworkers,Gemini,verbose,short
How did you ensure ethical communication practices were followed?,TEXT,['Text'],I made sure that I followed the rules of the game,Gemini,colloquial,short
How did you overcome those challenges?,TEXT,['Text'],I was able to overcome them,Gemini,verbose,short
How did you overcome those challenges?,TEXT,['Text'],I had a lot of challenges,Gemini,concise,short
How did you overcome those challenges?,TEXT,['Text'],I was able to overcome them,Gemini,colloquial,short
How did you overcome those challenges?,TEXT,['Text'],I was able to overcome them,Gemini,explanatory,short
How did you overcome those challenges?,TEXT,['Text'],I didnt know how to overcome them,Gemini,annoyed,short
How easy was it to contact support?,TEXT,['Text'],It was very easy,Gemini,verbose,short
How easy was it to contact support?,TEXT,['Text'],It was very easy,Gemini,concise,short
How easy was it to contact support?,TEXT,['Text'],It was very easy,Gemini,colloquial,short
How easy was it to contact support?,TEXT,['Text'],It was very easy,Gemini,explanatory,short
How easy was it to contact support?,TEXT,['Text'],It was easy,Gemini,annoyed,short
How effective was the communication?,TEXT,['Text'],Effective,Gemini,verbose,short
How effective was the communication?,TEXT,['Text'],Effective,Gemini,concise,short
How effective was the communication?,TEXT,['Text'],Effective,Gemini,colloquial,short
How effective was the communication?,TEXT,['Text'],Effective,Gemini,explanatory,short
How effective was the communication?,TEXT,['Text'],I was dissatisfied and dissatisfied,Gemini,annoyed,short
How effectively did the convention meet its stated goals?,TEXT,['Text'],It failed to achieve its stated goals,Gemini,annoyed,short
How fair did you perceive the judging process to be?,TEXT,['Text'],I thought the judging process was fair,Gemini,verbose,short
How fair did you perceive the judging process to be?,TEXT,['Text'],I thought the judging process was fair,Gemini,concise,short
How fair did you perceive the judging process to be?,TEXT,['Text'],I thought the judging process was fair,Gemini,colloquial,short
How fair did you perceive the judging process to be?,TEXT,['Text'],I thought the judging process was fair,Gemini,explanatory,short
How fair did you perceive the judging process to be?,TEXT,['Text'],I was dissatisfied with the judging process,Gemini,annoyed,short
How long did it take to resolve your issue?,TEXT,['Text'],It took me a long time to resolve my issue,Gemini,verbose,short
How long did it take to resolve your issue?,TEXT,['Text'],It took a long time to resolve my issue,Gemini,colloquial,short
How long did it take to resolve your issue?,TEXT,['Text'],I was able to resolve my issue within a few hours,Gemini,explanatory,short
How long did it take to resolve your issue?,TEXT,['Text'],It took me a while to resolve my issue,Gemini,annoyed,short
How satisfied were you with the networking opportunities?,TEXT,['Text'],I was satisfied with the networking opportunities,Gemini,verbose,short
How satisfied were you with the networking opportunities?,TEXT,['Text'],I was satisfied with the networking opportunities,Gemini,concise,short
How satisfied were you with the networking opportunities?,TEXT,['Text'],I was satisfied with the networking opportunities,Gemini,colloquial,short
How satisfied were you with the networking opportunities?,TEXT,['Text'],I was satisfied with the networking opportunities,Gemini,explanatory,short
How satisfied were you with the resolution?,TEXT,['Text'],I was satisfied with the outcome,Gemini,verbose,short
How satisfied were you with the resolution?,TEXT,['Text'],I was satisfied with the outcome,Gemini,concise,short
How satisfied were you with the resolution?,TEXT,['Text'],I was satisfied with the outcome,Gemini,colloquial,short
How satisfied were you with the resolution?,TEXT,['Text'],I was satisfied with the outcome,Gemini,explanatory,short
How satisfied were you with the resolution?,TEXT,['Text'],I was dissatisfied,Gemini,annoyed,short
How was the feedback used to improve future communications?,TEXT,['Text'],It was used to improve future communications,Gemini,explanatory,short
How was the feedback used to improve future communications?,TEXT,['Text'],It was used to improve future communications,Gemini,annoyed,short
How was the message received?,TEXT,['Text'],It was sent to a group of people,Gemini,verbose,short
How was the message received?,TEXT,['Text'],It was received poorly,Gemini,concise,short
How was the message received?,TEXT,['Text'],It was received well,Gemini,colloquial,short
How was the message received?,TEXT,['Text'],It was received poorly,Gemini,explanatory,short
How was the message received?,TEXT,['Text'],Im not sure if its a good message or not,Gemini,annoyed,short
How would you describe the atmosphere of the convention?,TEXT,['Text'],The convention was a lot of fun,Gemini,verbose,short
How would you describe the atmosphere of the convention?,TEXT,['Text'],The convention was a good one,Gemini,concise,short
How would you describe the atmosphere of the convention?,TEXT,['Text'],The convention was a good one,Gemini,colloquial,short
How would you describe the atmosphere of the convention?,TEXT,['Text'],I would describe the atmosphere of the convention,Gemini,explanatory,short
How would you describe the overall tone of the interaction?,TEXT,['Text'],I think its a positive tone,Gemini,verbose,short
How would you describe the overall tone of the interaction?,TEXT,['Text'],I think its a positive tone,Gemini,explanatory,short
How would you describe the overall tone of the interaction?,TEXT,['Text'],Im frustrated and dissatisfied,Gemini,annoyed,short
How would you improve the support agent's training?,TEXT,['Text'],I would improve the support agents training,Gemini,verbose,short
How would you improve the support agent's training?,TEXT,['Text'],I would improve the support agents training,Gemini,concise,short
How would you improve the support agent's training?,TEXT,['Text'],I would improve the support agents training,Gemini,explanatory,short
How would you rate the agent's communication skills?,TEXT,['Text'],I would rate the agents communication skills,Gemini,verbose,short
How would you rate the agent's communication skills?,TEXT,['Text'],I would rate the agents communication skills,Gemini,annoyed,short
How would you rate the agent's patience and understanding?,TEXT,['Text'],I would rate patience and understanding as high,Gemini,verbose,short
How would you rate the agent's patience and understanding?,TEXT,['Text'],I would rate patience and understanding as high,Gemini,concise,short
How would you rate the agent's patience and understanding?,TEXT,['Text'],I would rate patience and understanding as high,Gemini,colloquial,short
How would you rate the agent's patience and understanding?,TEXT,['Text'],I would rate patience and understanding as high,Gemini,explanatory,short
How would you rate the agent's patience and understanding?,TEXT,['Text'],I would rate patience and understanding as high,Gemini,annoyed,short
How would you rate the agent's problem-solving skills?,TEXT,['Text'],I would rate the agents problemsolving skills,Gemini,explanatory,short
How would you rate the overall organization of the event?,TEXT,['Text'],I would rate it as a positive,Gemini,explanatory,short
How would you rate the overall value of the convention?,TEXT,['Text'],I would rate the convention as good,Gemini,verbose,short
How would you rate the overall value of the convention?,TEXT,['Text'],I would rate the convention as good,Gemini,concise,short
How would you rate the overall value of the convention?,TEXT,['Text'],I would rate the convention as good,Gemini,colloquial,short
How would you rate the overall value of the convention?,TEXT,['Text'],I would rate the convention as good,Gemini,explanatory,short
How would you rate the overall value of the convention?,TEXT,['Text'],I would rate the convention as a waste of time,Gemini,annoyed,short
Is there anything else you would like to share about your experience?,TEXT,['Text'],Im not sure,Gemini,verbose,short
Is there anything else you would like to share about your experience?,TEXT,['Text'],I would like to share my experiences with others,Gemini,concise,short
Is there anything else you would like to share about your experience?,TEXT,['Text'],I would like to share my experience with others,Gemini,colloquial,short
Is there anything else you would like to share about your experience?,TEXT,['Text'],I would like to share my experiences with you,Gemini,explanatory,short
Is there anything else you would like to share about your experience?,TEXT,['Text'],I would like to share my experiences with others,Gemini,annoyed,short
"On a scale of 1-10, how likely are you to recommend our support?",TEXT,['Text'],Im not sure if Im recommending it or not,Gemini,verbose,short
"On a scale of 1-10, how likely are you to recommend our support?",TEXT,['Text'],Im not sure,Gemini,concise,short
"On a scale of 1-10, how likely are you to recommend our support?",TEXT,['Text'],Im very likely to recommend our support,Gemini,colloquial,short
"On a scale of 1-10, how likely are you to recommend our support?",TEXT,['Text'],Im very likely to recommend our support,Gemini,explanatory,short
"On a scale of 1-10, how likely are you to recommend our support?",TEXT,['Text'],Im not sure,Gemini,annoyed,short
Please share any additional feedback you have for us.,TEXT,['Text'],Id like to hear your thoughts,Gemini,verbose,short
Please share any additional feedback you have for us.,TEXT,['Text'],Id like to hear your feedback,Gemini,colloquial,short
Please share any additional feedback you have for us.,TEXT,['Text'],Im not sure if Ill be able to help you,Gemini,annoyed,short
Provide feedback on the effectiveness of the communication system.,TEXT,['Text'],I think its a good system,Gemini,verbose,short
Provide feedback on the effectiveness of the communication system.,TEXT,['Text'],I think its a good system,Gemini,colloquial,short
Provide feedback on the effectiveness of the communication system.,TEXT,['Text'],I think the communication system is a good one,Gemini,explanatory,short
Provide further details.,TEXT,['Text'],Im sorry to hear that,Gemini,verbose,short
Provide further details.,TEXT,['Text'],Id like to know more about it,Gemini,concise,short
Provide further details.,TEXT,['Text'],Id like to know more about the project,Gemini,colloquial,short
Provide further details.,TEXT,['Text'],Im sorry to hear that Im sorry to hear that,Gemini,explanatory,short
Rate the overall helpfulness of the support.,TEXT,['Text'],I think its very helpful,Gemini,verbose,short
Rate the overall helpfulness of the support.,TEXT,['Text'],I think its very helpful,Gemini,concise,short
Rate the overall helpfulness of the support.,TEXT,['Text'],I think its very helpful,Gemini,colloquial,short
Rate the overall helpfulness of the support.,TEXT,['Text'],I think its very helpful,Gemini,explanatory,short
Rate the overall helpfulness of the support.,TEXT,['Text'],Im not sure if its a good thing or not,Gemini,annoyed,short
Reflect on your personal contribution to the communication.,TEXT,['Text'],Im proud of what Ive done,Gemini,verbose,short
Reflect on your personal contribution to the communication.,TEXT,['Text'],Im grateful for the work youve done,Gemini,concise,short
Reflect on your personal contribution to the communication.,TEXT,['Text'],Im grateful for your contribution,Gemini,colloquial,short
Reflect on your personal contribution to the communication.,TEXT,['Text'],Im proud of the work youve done,Gemini,explanatory,short
Share any concerns you have about the convention.,TEXT,['Text'],Im worried about the convention,Gemini,verbose,short
Share any concerns you have about the convention.,TEXT,['Text'],Im worried about the convention,Gemini,concise,short
Share any concerns you have about the convention.,TEXT,['Text'],I think its a good idea,Gemini,colloquial,short
Share any concerns you have about the convention.,TEXT,['Text'],Im worried about the convention,Gemini,explanatory,short
Share any concerns you have about the convention.,TEXT,['Text'],Im not sure what the convention is about,Gemini,annoyed,short
Share any unexpected positive experiences you had at the convention.,TEXT,['Text'],I had a great time,Gemini,verbose,short
Share any unexpected positive experiences you had at the convention.,TEXT,['Text'],I had a great time at the convention,Gemini,concise,short
Share any unexpected positive experiences you had at the convention.,TEXT,['Text'],I had a great time at the convention,Gemini,colloquial,short
Share any unexpected positive experiences you had at the convention.,TEXT,['Text'],I had a great time,Gemini,explanatory,short
Share any unexpected positive experiences you had at the convention.,TEXT,['Text'],I had a great time at the convention,Gemini,annoyed,short
Share your feedback.,TEXT,['Text'],Id like to know if you have any questions,Gemini,verbose,short
Share your feedback.,TEXT,['Text'],Id like to know what you think,Gemini,concise,short
Share your feedback.,TEXT,['Text'],Im glad you liked it,Gemini,colloquial,short
Summarize the main points.,TEXT,['Text'],I dont know what to do about it,Gemini,concise,short
Summarize the main points.,TEXT,['Text'],I dont know what to do,Gemini,annoyed,short
Was the solution provided easy to understand and implement?,TEXT,['Text'],Yes,Gemini,verbose,short
Was the solution provided easy to understand and implement?,TEXT,['Text'],Yes,Gemini,concise,short
Was the solution provided easy to understand and implement?,TEXT,['Text'],Yes,Gemini,colloquial,short
Was the solution provided easy to understand and implement?,TEXT,['Text'],Yes,Gemini,explanatory,short
Was the solution provided easy to understand and implement?,TEXT,['Text'],Yes,Gemini,annoyed,short
Were all your questions answered to your satisfaction?,TEXT,['Text'],Yes,Gemini,verbose,short
Were all your questions answered to your satisfaction?,TEXT,['Text'],Yes,Gemini,concise,short
Were all your questions answered to your satisfaction?,TEXT,['Text'],Yes I did,Gemini,colloquial,short
Were all your questions answered to your satisfaction?,TEXT,['Text'],Yes,Gemini,explanatory,short
Were all your questions answered to your satisfaction?,TEXT,['Text'],No I didnt have any questions,Gemini,annoyed,short
Were there any delays in getting your issue resolved?,TEXT,['Text'],Yes there was a delay,Gemini,verbose,short
Were there any logistical issues you encountered?,TEXT,['Text'],I didnt have any logistical issues,Gemini,verbose,short
Were there any logistical issues you encountered?,TEXT,['Text'],I did not have any logistical issues,Gemini,concise,short
Were there any logistical issues you encountered?,TEXT,['Text'],I didnt have any logistical issues,Gemini,colloquial,short
Were there any logistical issues you encountered?,TEXT,['Text'],I did not encounter any logistical issues,Gemini,explanatory,short
Were there any logistical issues you encountered?,TEXT,['Text'],I was frustrated and dissatisfied,Gemini,annoyed,short
Were there any technical difficulties during the support interaction?,TEXT,['Text'],Yes,Gemini,verbose,short
Were there any technical difficulties during the support interaction?,TEXT,['Text'],Yes,Gemini,concise,short
Were there any technical difficulties during the support interaction?,TEXT,['Text'],Yes,Gemini,colloquial,short
Were there any technical difficulties during the support interaction?,TEXT,['Text'],Yes,Gemini,explanatory,short
Were there any technical difficulties during the support interaction?,TEXT,['Text'],Yes,Gemini,annoyed,short
What are your observations regarding employee morale?,TEXT,['Text'],I think its a good thing,Gemini,concise,short
What are your observations regarding employee morale?,TEXT,['Text'],I think its a good thing,Gemini,explanatory,short
What are your observations regarding the company's overall safety culture?,TEXT,['Text'],I think its a good idea to have a safety culture,Gemini,colloquial,short
What are your observations regarding the company's overall safety culture?,TEXT,['Text'],The companys overall safety culture is good,Gemini,explanatory,short
What are your observations regarding the overall productivity levels?,TEXT,['Text'],I think its a good measure of productivity,Gemini,colloquial,short
What are your recommendations for improving workplace safety?,TEXT,['Text'],I think its a good idea,Gemini,concise,short
What are your recommendations for improving workplace safety?,TEXT,['Text'],I think its a good idea,Gemini,colloquial,short
What are your recommendations for improving workplace safety?,TEXT,['Text'],I think its a good idea,Gemini,annoyed,short
What are your suggestions for improving employee training programs?,TEXT,['Text'],I think its a good idea,Gemini,concise,short
What are your suggestions for improving employee training programs?,TEXT,['Text'],I think its a good idea,Gemini,colloquial,short
What are your suggestions for improving employee training programs?,TEXT,['Text'],I think its a good idea,Gemini,explanatory,short
What are your suggestions for improving the communication during the convention?,TEXT,['Text'],Id like to have a discussion about the convention,Gemini,colloquial,short
What are your suggestions for reducing downtime?,TEXT,['Text'],I think its a good idea,Gemini,verbose,short
What are your suggestions for reducing downtime?,TEXT,['Text'],I think its a good idea,Gemini,colloquial,short
What are your suggestions for reducing downtime?,TEXT,['Text'],I think its a good idea,Gemini,explanatory,short
What are your suggestions for reducing downtime?,TEXT,['Text'],I think its a good idea,Gemini,annoyed,short
What are your suggestions?,TEXT,['Text'],Id like to be able to write a story,Gemini,verbose,short
What are your suggestions?,TEXT,['Text'],Id like to get a job at a restaurant,Gemini,colloquial,short
What are your thoughts on the current maintenance schedule?,TEXT,['Text'],I think its a good idea,Gemini,verbose,short
What are your thoughts on the current maintenance schedule?,TEXT,['Text'],I think its a good idea,Gemini,concise,short
What are your thoughts on the current maintenance schedule?,TEXT,['Text'],I think its a good idea,Gemini,explanatory,short
What are your thoughts on the current maintenance schedule?,TEXT,['Text'],I think its a good idea,Gemini,annoyed,short
What are your thoughts on the current supply chain management?,TEXT,['Text'],I think its a waste of time and money,Gemini,concise,short
What are your thoughts on the current supply chain management?,TEXT,['Text'],I think its a good thing,Gemini,colloquial,short
What are your thoughts on the effectiveness of the company's training and development programs?,TEXT,['Text'],I think its a waste of time and money,Gemini,verbose,short
What are your thoughts on the effectiveness of the company's training and development programs?,TEXT,['Text'],I think its a waste of time and money,Gemini,concise,short
What are your thoughts on the effectiveness of the company's training and development programs?,TEXT,['Text'],I think its a waste of time and money,Gemini,annoyed,short
What are your thoughts on the effectiveness of the project management methodologies?,TEXT,['Text'],I think they are a good way to manage a project,Gemini,verbose,short
What are your thoughts on the effectiveness of the project management methodologies?,TEXT,['Text'],I think its a waste of time and money,Gemini,explanatory,short
What are your thoughts on the effectiveness of the project management methodologies?,TEXT,['Text'],I think its a waste of time and money,Gemini,annoyed,short
What are your thoughts?,TEXT,['Text'],I think its a good idea,Gemini,verbose,short
What are your thoughts?,TEXT,['Text'],I dont think its a good idea,Gemini,concise,short
What are your thoughts?,TEXT,['Text'],Im not sure,Gemini,colloquial,short
What are your thoughts?,TEXT,['Text'],I think its a good idea,Gemini,explanatory,short
What aspects of the communication were most successful?,TEXT,['Text'],The communication was a success,Gemini,verbose,short
What aspects of the communication were most successful?,TEXT,['Text'],The communication was a success,Gemini,concise,short
What aspects of the communication were most successful?,TEXT,['Text'],The communication was effective,Gemini,colloquial,short
What aspects of the communication were most successful?,TEXT,['Text'],The communication was clear and professional,Gemini,explanatory,short
What aspects of the communication were most successful?,TEXT,['Text'],The communication was a success,Gemini,annoyed,short
What aspects of the convention could be improved for future participants?,TEXT,['Text'],The convention was a great success,Gemini,explanatory,short
What aspects of the convention did you find most engaging?,TEXT,['Text'],I found the convention to be a lot of fun,Gemini,verbose,short
What aspects of the convention did you find most engaging?,TEXT,['Text'],I found the convention to be a lot of fun,Gemini,concise,short
What aspects of the convention did you find most engaging?,TEXT,['Text'],I found the convention to be a lot of fun,Gemini,colloquial,short
What aspects of the convention did you find most engaging?,TEXT,['Text'],I found the convention to be a lot of fun,Gemini,explanatory,short
What aspects of the convention did you find most engaging?,TEXT,['Text'],I found the convention to be a lot of fun,Gemini,annoyed,short
What aspects of the convention exceeded your expectations?,TEXT,['Text'],The convention was a success,Gemini,verbose,short
What aspects of the convention exceeded your expectations?,TEXT,['Text'],The convention was a success,Gemini,concise,short
What aspects of the convention exceeded your expectations?,TEXT,['Text'],The convention exceeded my expectations,Gemini,colloquial,short
What aspects of the convention exceeded your expectations?,TEXT,['Text'],The convention exceeded my expectations,Gemini,explanatory,short
What aspects of the convention exceeded your expectations?,TEXT,['Text'],The convention was a success,Gemini,annoyed,short
What aspects of the convention fostered a sense of inclusivity and belonging?,TEXT,['Text'],The convention was a social convention,Gemini,colloquial,short
What aspects of the convention were most impactful?,TEXT,['Text'],The convention was a great success,Gemini,verbose,short
What aspects of the convention were most impactful?,TEXT,['Text'],The convention was a success,Gemini,concise,short
What aspects of the convention were most impactful?,TEXT,['Text'],The convention was a waste of time and money,Gemini,annoyed,short
What aspects of the support were particularly negative?,TEXT,['Text'],I dont know,Gemini,colloquial,short
What aspects of the support were particularly negative?,TEXT,['Text'],Im dissatisfied with the lack of support,Gemini,annoyed,short
What aspects of the support were particularly positive?,TEXT,['Text'],The support was very positive,Gemini,verbose,short
What aspects of the support were particularly positive?,TEXT,['Text'],The support was very positive,Gemini,concise,short
What aspects of the support were particularly positive?,TEXT,['Text'],The support was very positive,Gemini,colloquial,short
What aspects of the support were particularly positive?,TEXT,['Text'],I think its a good support,Gemini,explanatory,short
What aspects of the support were particularly positive?,TEXT,['Text'],The support was very positive,Gemini,annoyed,short
What challenges did you encounter?,TEXT,['Text'],I had a lot of problems with my computer,Gemini,verbose,short
What challenges did you encounter?,TEXT,['Text'],I didnt know what to do,Gemini,concise,short
What challenges did you encounter?,TEXT,['Text'],I had a lot of problems with my computer,Gemini,colloquial,short
What challenges did you encounter?,TEXT,['Text'],I did not have a lot of time,Gemini,explanatory,short
What challenges did you encounter?,TEXT,['Text'],I had a lot of problems with my computer,Gemini,annoyed,short
What could we have done better?,TEXT,['Text'],We could have done better,Gemini,verbose,short
What could we have done better?,TEXT,['Text'],We could have done better,Gemini,concise,short
What could we have done better?,TEXT,['Text'],We could have done better,Gemini,colloquial,short
What could we have done better?,TEXT,['Text'],We could have done better,Gemini,explanatory,short
What could we have done better?,TEXT,['Text'],We could have done better,Gemini,annoyed,short
What did you learn from participating in the convention?,TEXT,['Text'],I learned a lot from the convention,Gemini,verbose,short
What did you learn from participating in the convention?,TEXT,['Text'],I learned a lot from the convention,Gemini,colloquial,short
What did you learn from participating in the convention?,TEXT,['Text'],I learned a lot from the convention,Gemini,explanatory,short
What did you learn from participating in the convention?,TEXT,['Text'],I learned a lot from the convention,Gemini,annoyed,short
What did you learn from this communication experience?,TEXT,['Text'],I learned a lot from this experience,Gemini,verbose,short
What did you learn from this communication experience?,TEXT,['Text'],I learned to be a good listener,Gemini,concise,short
What did you learn from this communication experience?,TEXT,['Text'],I learned a lot from this experience,Gemini,colloquial,short
What did you learn from this communication experience?,TEXT,['Text'],I learned that I was a good listener,Gemini,explanatory,short
What did you learn from this communication experience?,TEXT,['Text'],I learned a lot from this experience,Gemini,annoyed,short
What impact did the convention have on your professional development?,TEXT,['Text'],Ive learned a lot from the convention,Gemini,verbose,short
What impact did the convention have on your professional development?,TEXT,['Text'],It has had a positive impact on my career,Gemini,concise,short
What impact did the convention have on your professional development?,TEXT,['Text'],I learned a lot from the convention,Gemini,colloquial,short
What improvements could be made to the convention?,TEXT,['Text'],The convention could be improved,Gemini,verbose,short
What improvements could be made to the convention?,TEXT,['Text'],The convention could be improved,Gemini,concise,short
What improvements could be made to the convention?,TEXT,['Text'],The convention could be improved,Gemini,colloquial,short
What improvements could be made to the convention?,TEXT,['Text'],The convention could be improved,Gemini,explanatory,short
What improvements could be made to the convention?,TEXT,['Text'],The convention could be improved,Gemini,annoyed,short
What improvements could be made to the efficiency of the manufacturing process?,TEXT,['Text'],The manufacturing process could be more efficient,Gemini,verbose,short
What improvements could be made to the efficiency of the manufacturing process?,TEXT,['Text'],The manufacturing process could be more efficient,Gemini,explanatory,short
What improvements could be made to the efficiency of the manufacturing process?,TEXT,['Text'],The manufacturing process could be improved,Gemini,annoyed,short
What improvements would you suggest for our support system?,TEXT,['Text'],We need to improve our support system,Gemini,verbose,short
What improvements would you suggest for our support system?,TEXT,['Text'],We need to improve our support system,Gemini,concise,short
What improvements would you suggest for our support system?,TEXT,['Text'],I would like to see a better support system,Gemini,colloquial,short
What improvements would you suggest for our support system?,TEXT,['Text'],We need to improve our support system,Gemini,explanatory,short
What improvements would you suggest for our support system?,TEXT,['Text'],Id like to see a better support system,Gemini,annoyed,short
What is your feedback on the overall design and layout of the convention?,TEXT,['Text'],I think its a good idea,Gemini,concise,short
What is your feedback on the overall design and layout of the convention?,TEXT,['Text'],Im not sure,Gemini,colloquial,short
What is your feedback on the quality of the presentations?,TEXT,['Text'],Im not sure if its a good thing or not,Gemini,explanatory,short
What is your feedback on the venue?,TEXT,['Text'],Im satisfied with the venue,Gemini,colloquial,short
What is your feedback on the venue?,TEXT,['Text'],Ive been there a few times,Gemini,explanatory,short
What is your feedback on the venue?,TEXT,['Text'],Im disappointed,Gemini,annoyed,short
What is your overall impression of the convention's level of professionalism?,TEXT,['Text'],I think its a good convention,Gemini,verbose,short
What is your overall impression of the convention's level of professionalism?,TEXT,['Text'],I think its a good convention,Gemini,concise,short
What is your overall impression of the convention's level of professionalism?,TEXT,['Text'],I think its a good convention,Gemini,colloquial,short
What is your overall impression of the convention's level of professionalism?,TEXT,['Text'],I think its a good convention,Gemini,explanatory,short
What is your suggestion for improving the support process?,TEXT,['Text'],I think its a good idea,Gemini,verbose,short
What is your suggestion for improving the support process?,TEXT,['Text'],I would like to improve the support process,Gemini,concise,short
What is your suggestion for improving the support process?,TEXT,['Text'],I would like to improve the support process,Gemini,colloquial,short
What is your suggestion for improving the support process?,TEXT,['Text'],I would like to improve the support process,Gemini,explanatory,short
What lessons were learned from the communication?,TEXT,['Text'],I learned to be a good listener,Gemini,verbose,short
What lessons were learned from the communication?,TEXT,['Text'],I learned a lot from the communication,Gemini,concise,short
What lessons were learned from the communication?,TEXT,['Text'],I learned to be a good listener,Gemini,colloquial,short
What lessons were learned from the communication?,TEXT,['Text'],I learned to be a good listener,Gemini,explanatory,short
What lessons were learned from the communication?,TEXT,['Text'],I learned a lot from the communication,Gemini,annoyed,short
What resources or support did you find most helpful?,TEXT,['Text'],I found a lot of resources or support,Gemini,verbose,short
What resources or support did you find most helpful?,TEXT,['Text'],I found it to be helpful,Gemini,concise,short
What resources or support did you find most helpful?,TEXT,['Text'],I found a lot of resources or support,Gemini,colloquial,short
What resources or support did you find most helpful?,TEXT,['Text'],I found a lot of resources or support,Gemini,explanatory,short
What resources or support did you find most helpful?,TEXT,['Text'],I found a lot of resources or support,Gemini,annoyed,short
What specific actions did the agent take that you appreciated?,TEXT,['Text'],I appreciated the agents efforts,Gemini,explanatory,short
What specific actions did the agent take that you did not appreciate?,TEXT,['Text'],I didnt appreciate the agents actions,Gemini,verbose,short
What specific actions did the agent take that you did not appreciate?,TEXT,['Text'],I didnt appreciate the agents actions,Gemini,concise,short
What specific actions did the agent take that you did not appreciate?,TEXT,['Text'],I did not appreciate the agents actions,Gemini,colloquial,short
What specific actions did the agent take that you did not appreciate?,TEXT,['Text'],I didnt appreciate the actions of the agent,Gemini,explanatory,short
What specific actions did the agent take that you did not appreciate?,TEXT,['Text'],I didnt appreciate the actions of the agent,Gemini,annoyed,short
What steps did the agent take to resolve your issue?,TEXT,['Text'],I asked for a refund,Gemini,concise,short
What steps did the agent take to resolve your issue?,TEXT,['Text'],I asked for a refund,Gemini,explanatory,short
What steps did the agent take to resolve your issue?,TEXT,['Text'],I asked for a refund,Gemini,annoyed,short
What suggestions do you have for future conventions?,TEXT,['Text'],Id like to have a convention in the future,Gemini,concise,short
What suggestions do you have for future conventions?,TEXT,['Text'],I think its a good idea,Gemini,colloquial,short
What suggestions do you have for future conventions?,TEXT,['Text'],I think its a good idea,Gemini,explanatory,short
What suggestions do you have for future conventions?,TEXT,['Text'],Id like to see a change in the conventions,Gemini,annoyed,short
What tools or resources could have helped the agent resolve your issue more efficiently?,TEXT,['Text'],I dont know,Gemini,annoyed,short
What was the least helpful aspect of the support?,TEXT,['Text'],I didnt think it was helpful at all,Gemini,concise,short
What was the least helpful aspect of the support?,TEXT,['Text'],I didnt think it was helpful at all,Gemini,colloquial,short
What was the least helpful aspect of the support?,TEXT,['Text'],The support was unhelpful and dissatisfied,Gemini,annoyed,short
What was the message of the communication?,TEXT,['Text'],Im going to be a good friend to you,Gemini,verbose,short
What was the message of the communication?,TEXT,['Text'],I dont know if its a joke or a joke,Gemini,annoyed,short
What was the most helpful aspect of the support?,TEXT,['Text'],The support was very helpful,Gemini,concise,short
What was the most helpful aspect of the support?,TEXT,['Text'],Im grateful for the support,Gemini,colloquial,short
What was the most helpful aspect of the support?,TEXT,['Text'],The support was very helpful,Gemini,annoyed,short
What was the purpose of the communication?,TEXT,['Text'],It was a message to the public,Gemini,colloquial,short
What was the quality of the resources provided?,TEXT,['Text'],The quality of the resources was poor,Gemini,verbose,short
What was the quality of the resources provided?,TEXT,['Text'],The quality of the resources was poor,Gemini,concise,short
What was the quality of the resources provided?,TEXT,['Text'],The quality of the resources was poor,Gemini,colloquial,short
What was your favorite part of the support interaction?,TEXT,['Text'],I liked the support interaction,Gemini,concise,short
What was your favorite part of the support interaction?,TEXT,['Text'],Im not a fan of the support interaction,Gemini,colloquial,short
What was your favorite part of the support interaction?,TEXT,['Text'],Im a fan of the support interaction,Gemini,explanatory,short
What was your initial impression of the support agent?,TEXT,['Text'],I was impressed,Gemini,verbose,short
What was your initial impression of the support agent?,TEXT,['Text'],I was impressed,Gemini,concise,short
What was your initial impression of the support agent?,TEXT,['Text'],I was impressed,Gemini,colloquial,short
What was your initial impression of the support agent?,TEXT,['Text'],I was greeted with a smile,Gemini,explanatory,short
What was your initial impression of the support agent?,TEXT,['Text'],I was dissatisfied,Gemini,annoyed,short
What was your least favorite part of the support interaction?,TEXT,['Text'],I thought it was the best part of the interaction,Gemini,concise,short
What was your least favorite part of the support interaction?,TEXT,['Text'],Im not sure if its a good thing or a bad thing,Gemini,annoyed,short
What were the barriers to communication?,TEXT,['Text'],I had a hard time communicating with people,Gemini,verbose,short
What were the barriers to communication?,TEXT,['Text'],I didnt know what to do,Gemini,colloquial,short
What were the barriers to communication?,TEXT,['Text'],I dont know what to do about it,Gemini,annoyed,short
What were the communication channels used?,TEXT,['Text'],The Internet,Gemini,verbose,short
What were the communication channels used?,TEXT,['Text'],The Internet,Gemini,concise,short
What were the communication channels used?,TEXT,['Text'],I didnt know what I was talking about,Gemini,explanatory,short
What were the communication channels used?,TEXT,['Text'],I dont know,Gemini,annoyed,short
What were the ethical considerations involved in the communication?,TEXT,['Text'],I did not want to offend anyone,Gemini,annoyed,short
What were the intended and unintended consequences of the communication?,TEXT,['Text'],The communication was unintended and unintended,Gemini,verbose,short
What were the intended and unintended consequences of the communication?,TEXT,['Text'],The communication was unintended and unintended,Gemini,concise,short
What were the intended and unintended consequences of the communication?,TEXT,['Text'],The communication was a joke,Gemini,colloquial,short
What were the intended and unintended consequences of the communication?,TEXT,['Text'],The communication was unintended and unintended,Gemini,explanatory,short
What were the key takeaways?,TEXT,['Text'],I think the key takeaways are,Gemini,verbose,short
What were the outcomes of the communication?,TEXT,['Text'],The communication was a good one,Gemini,verbose,short
What were the outcomes of the communication?,TEXT,['Text'],It was a good communication,Gemini,concise,short
What were the outcomes of the communication?,TEXT,['Text'],The communication was a good one,Gemini,colloquial,short
What were the outcomes of the communication?,TEXT,['Text'],The communication was a good one,Gemini,explanatory,short
What were the outcomes of the communication?,TEXT,['Text'],I was very dissatisfied,Gemini,annoyed,short
What were the results?,TEXT,['Text'],Im glad I didnt have to go to the hospital,Gemini,concise,short
What were the results?,TEXT,['Text'],I had a lot of questions,Gemini,colloquial,short
What were the results?,TEXT,['Text'],Im glad I didnt have to do it,Gemini,explanatory,short
What were the results?,TEXT,['Text'],I was frustrated and dissatisfied,Gemini,annoyed,short
What were the strengths and weaknesses of the convention's communication strategy?,TEXT,['Text'],The conventions communication strategy was weak,Gemini,verbose,short
What were the strengths and weaknesses of the convention's communication strategy?,TEXT,['Text'],The conventions communication strategy was weak,Gemini,concise,short
What were the strengths and weaknesses of the convention's communication strategy?,TEXT,['Text'],The conventions communication strategy was weak,Gemini,colloquial,short
What were the strengths and weaknesses of the convention's communication strategy?,TEXT,['Text'],The conventions communication strategy was weak,Gemini,annoyed,short
What were your biggest challenges during the convention?,TEXT,['Text'],I had a lot of questions about the convention,Gemini,verbose,short
What were your biggest challenges during the convention?,TEXT,['Text'],I was unable to find a place to stay,Gemini,colloquial,short
What were your biggest challenges during the convention?,TEXT,['Text'],I had a great time,Gemini,explanatory,short
What were your biggest challenges during the convention?,TEXT,['Text'],I had a hard time figuring out what to do,Gemini,annoyed,short
What were your expectations before attending the convention?,TEXT,['Text'],I was excited about the convention,Gemini,verbose,short
What were your expectations before attending the convention?,TEXT,['Text'],I was excited to attend the convention,Gemini,concise,short
What were your expectations before attending the convention?,TEXT,['Text'],I was excited about the convention,Gemini,colloquial,short
What were your expectations before attending the convention?,TEXT,['Text'],I had a good time,Gemini,explanatory,short
What were your expectations before attending the convention?,TEXT,['Text'],I was excited to be a part of the convention,Gemini,annoyed,short
What were your observations?,TEXT,['Text'],I was surprised at the amount of money I spent,Gemini,concise,short
What were your observations?,TEXT,['Text'],Im not sure if its a bad thing or a bad thing,Gemini,explanatory,short
What would you change about the schedule of events?,TEXT,['Text'],I would change the schedule of events,Gemini,verbose,short
What would you change about the schedule of events?,TEXT,['Text'],I would change the schedule of events,Gemini,concise,short
What would you change about the schedule of events?,TEXT,['Text'],I would change the schedule of events,Gemini,colloquial,short
What would you change about the schedule of events?,TEXT,['Text'],I would change the schedule of events,Gemini,explanatory,short
What would you change about the schedule of events?,TEXT,['Text'],I would change the schedule of events,Gemini,annoyed,short
What would you do differently next time?,TEXT,['Text'],I would do something different next time,Gemini,verbose,short
What would you do differently next time?,TEXT,['Text'],I would do something different next time,Gemini,concise,short
What would you do differently next time?,TEXT,['Text'],I would have asked for a refund,Gemini,colloquial,short
What would you do differently next time?,TEXT,['Text'],I would do something different next time,Gemini,explanatory,short
What would you do differently next time?,TEXT,['Text'],I would do something different next time,Gemini,annoyed,short
Would you recommend our support to others? Why or why not?,TEXT,['Text'],Why not,Gemini,verbose,short
Would you recommend our support to others? Why or why not?,TEXT,['Text'],Why not,Gemini,concise,short
Would you recommend our support to others? Why or why not?,TEXT,['Text'],Why not,Gemini,colloquial,short
Would you recommend our support to others? Why or why not?,TEXT,['Text'],Because Im a supporter,Gemini,explanatory,short
Would you recommend our support to others? Why or why not?,TEXT,['Text'],Why not,Gemini,annoyed,short
How many attendees are expected at the conference?,NUMBER,['attendee count'],There are a lot of people at the conference,Gemini,colloquial,short
How many attendees are expected at the conference?,NUMBER,['attendee count'],There are a lot of people at the conference,Gemini,annoyed,short
How many books did you read last year?,NUMBER,['books read'],I read about ten books last year,Gemini,verbose,short
How many books did you read last year?,NUMBER,['books read'],I read a lot of books last year,Gemini,concise,short
How many books did you read last year?,NUMBER,['books read'],I read about 20 books last year,Gemini,colloquial,short
How many books did you read last year?,NUMBER,['books read'],I read a total of 5 books last year,Gemini,explanatory,short
How many books did you read last year?,NUMBER,['books read'],I read a lot of books last year,Gemini,annoyed,short
How many chapters are in this document?,NUMBER,['chapter count'],There are 12 chapters,Gemini,concise,short
How many chapters are in this document?,NUMBER,['chapter count'],There are five chapters,Gemini,colloquial,short
How many chapters are in this document?,NUMBER,['chapter count'],There are five chapters in this document,Gemini,explanatory,short
How many chapters are in this document?,NUMBER,['chapter count'],There are three chapters in this document,Gemini,annoyed,short
How many children are in your household?,NUMBER,['number of children'],I have two children,Gemini,verbose,short
How many children are in your household?,NUMBER,['number of children'],I have three children,Gemini,concise,short
How many children are in your household?,NUMBER,['number of children'],I have two children,Gemini,colloquial,short
How many children are in your household?,NUMBER,['number of children'],I have two children,Gemini,explanatory,short
How many children are in your household?,NUMBER,['number of children'],I have two children,Gemini,annoyed,short
How many credit cards do you have?,NUMBER,['credit card count'],I have one,Gemini,verbose,short
How many credit cards do you have?,NUMBER,['credit card count'],I have one,Gemini,concise,short
How many credit cards do you have?,NUMBER,['credit card count'],I have one,Gemini,colloquial,short
How many credit cards do you have?,NUMBER,['credit card count'],I have two credit cards,Gemini,explanatory,short
How many credit cards do you have?,NUMBER,['credit card count'],I have a lot of credit cards,Gemini,annoyed,short
How many cups of coffee do you drink daily?,NUMBER,['coffee consumption'],I drink a few cups of coffee a day,Gemini,verbose,short
How many cups of coffee do you drink daily?,NUMBER,['coffee consumption'],I drink about two cups of coffee a day,Gemini,concise,short
How many cups of coffee do you drink daily?,NUMBER,['coffee consumption'],I drink a few cups a day,Gemini,colloquial,short
How many cups of coffee do you drink daily?,NUMBER,['coffee consumption'],I drink about three cups of coffee a day,Gemini,explanatory,short
How many cups of coffee do you drink daily?,NUMBER,['coffee consumption'],I drink a lot of coffee,Gemini,annoyed,short
How many customer complaints were received this quarter?,NUMBER,['customer complaints'],0 complaints,Gemini,verbose,short
How many customer complaints were received this quarter?,NUMBER,['customer complaints'],0 complaints,Gemini,concise,short
How many customer complaints were received this quarter?,NUMBER,['customer complaints'],0 complaints,Gemini,colloquial,short
How many customer complaints were received this quarter?,NUMBER,['customer complaints'],We received a lot of complaints this quarter,Gemini,explanatory,short
How many customer complaints were received this quarter?,NUMBER,['customer complaints'],We received a lot of complaints this quarter,Gemini,annoyed,short
How many days a week do you exercise?,NUMBER,['exercise frequency'],I exercise on three days a week,Gemini,verbose,short
How many days a week do you exercise?,NUMBER,['exercise frequency'],I exercise for 7 days a week,Gemini,concise,short
How many days a week do you exercise?,NUMBER,['exercise frequency'],I exercise 7 days a week,Gemini,colloquial,short
How many days a week do you exercise?,NUMBER,['exercise frequency'],I exercise a total of 7 days a week,Gemini,explanatory,short
How many days a week do you exercise?,NUMBER,['exercise frequency'],I exercise 7 days a week,Gemini,annoyed,short
How many days are left until the deadline?,NUMBER,['days until deadline'],30 days,Gemini,verbose,short
How many days are left until the deadline?,NUMBER,['days until deadline'],0 days,Gemini,concise,short
How many days are left until the deadline?,NUMBER,['days until deadline'],Several days,Gemini,colloquial,short
How many days are left until the deadline?,NUMBER,['days until deadline'],30 days,Gemini,explanatory,short
How many days are left until the deadline?,NUMBER,['days until deadline'],30 days,Gemini,annoyed,short
How many days of vacation did you take last year?,NUMBER,['vacation days'],I took a total of 12 days of vacation last year,Gemini,verbose,short
How many days of vacation did you take last year?,NUMBER,['vacation days'],I took 4 days of vacation last year,Gemini,concise,short
How many days of vacation did you take last year?,NUMBER,['vacation days'],I took 4 days of vacation last year,Gemini,colloquial,short
How many days of vacation did you take last year?,NUMBER,['vacation days'],I took 8 days of vacation last year,Gemini,explanatory,short
How many days of vacation did you take last year?,NUMBER,['vacation days'],I took 4 days of vacation last year,Gemini,annoyed,short
How many different product lines does the company manufacture?,NUMBER,['product line count'],The company manufactures a variety of products,Gemini,verbose,short
How many different product lines does the company manufacture?,NUMBER,['product line count'],The company manufactures a variety of products,Gemini,concise,short
How many employees are in the department?,NUMBER,['employee count'],There are a lot of people in the department,Gemini,verbose,short
How many employees are in the department?,NUMBER,['employee count'],There are about 2000 employees in the department,Gemini,concise,short
How many employees are in the department?,NUMBER,['employee count'],There are a lot of employees in the department,Gemini,colloquial,short
How many employees are in the department?,NUMBER,['employee count'],There are a lot of people in the department,Gemini,explanatory,short
How many employees work here?,NUMBER,['employee count'],We have a lot of employees,Gemini,verbose,short
How many employees work here?,NUMBER,['employee count'],We have a lot of employees,Gemini,concise,short
How many employees work here?,NUMBER,['employee count'],There are about 100 employees,Gemini,colloquial,short
How many employees work here?,NUMBER,['employee count'],There are about 2000 employees,Gemini,explanatory,short
How many employees work here?,NUMBER,['employee count'],There are too many employees,Gemini,annoyed,short
How many hours did you work this week?,NUMBER,['work hours'],I worked a total of 7 hours this week,Gemini,verbose,short
How many hours did you work this week?,NUMBER,['work hours'],I worked a total of 9 hours this week,Gemini,concise,short
How many hours did you work this week?,NUMBER,['work hours'],I worked a total of 8 hours this week,Gemini,colloquial,short
How many hours did you work this week?,NUMBER,['work hours'],I worked 8 hours a week,Gemini,explanatory,short
How many hours did you work this week?,NUMBER,['work hours'],I worked a total of 8 hours this week,Gemini,annoyed,short
How many hours of TV do you watch weekly?,NUMBER,['TV watching time'],I watch about 20 hours of TV a week,Gemini,verbose,short
How many hours of TV do you watch weekly?,NUMBER,['TV watching time'],I watch about 20 hours of TV a week,Gemini,concise,short
How many hours of TV do you watch weekly?,NUMBER,['TV watching time'],I watch about 10 hours of TV a week,Gemini,colloquial,short
How many hours of TV do you watch weekly?,NUMBER,['TV watching time'],I watch about 10 hours of TV a week,Gemini,explanatory,short
How many hours of TV do you watch weekly?,NUMBER,['TV watching time'],I watch about 20 hours of TV a week,Gemini,annoyed,short
How many hours of sleep do you get per night?,NUMBER,['sleep duration'],I get about 20 hours of sleep per night,Gemini,verbose,short
How many hours of sleep do you get per night?,NUMBER,['sleep duration'],I get 8 hours of sleep per night,Gemini,concise,short
How many hours of sleep do you get per night?,NUMBER,['sleep duration'],I get about 8 hours of sleep a night,Gemini,colloquial,short
How many hours of sleep do you get per night?,NUMBER,['sleep duration'],I get about 8 hours of sleep a night,Gemini,explanatory,short
How many hours of sleep do you get per night?,NUMBER,['sleep duration'],I get about 8 hours of sleep per night,Gemini,annoyed,short
How many hours per week do you work?,NUMBER,['work hours'],I work 8 hours a week,Gemini,verbose,short
How many hours per week do you work?,NUMBER,['work hours'],I work ten hours a week,Gemini,concise,short
How many hours per week do you work?,NUMBER,['work hours'],I work 7 hours a week,Gemini,colloquial,short
How many hours per week do you work?,NUMBER,['work hours'],I work 8 hours a week,Gemini,explanatory,short
How many hours per week do you work?,NUMBER,['work hours'],I work a lot of hours a week,Gemini,annoyed,short
How many items are in the cart?,NUMBER,['item count'],The cart has a lot of items,Gemini,verbose,short
How many items are in the cart?,NUMBER,['item count'],There are a lot of items in the cart,Gemini,concise,short
How many items are in the cart?,NUMBER,['item count'],There are a lot of items in the cart,Gemini,colloquial,short
How many items are in the cart?,NUMBER,['item count'],There are about 10 items in the cart,Gemini,explanatory,short
How many items are in the cart?,NUMBER,['item count'],There are only two items in the cart,Gemini,annoyed,short
How many kilograms does this weigh?,NUMBER,['weight'],Im not sure,Gemini,verbose,short
How many kilograms does this weigh?,NUMBER,['weight'],I dont knowhow many kilograms it weighs,Gemini,concise,short
How many kilograms does this weigh?,NUMBER,['weight'],I dont know how many kilograms it weighs,Gemini,colloquial,short
How many kilograms does this weigh?,NUMBER,['weight'],I dont know how many kilograms it weighs,Gemini,explanatory,short
How many kilograms does this weigh?,NUMBER,['weight'],It weighs a lot of pounds,Gemini,annoyed,short
How many kilometers did you drive?,NUMBER,['distance'],I drove a lot of kilometers,Gemini,verbose,short
How many kilometers did you drive?,NUMBER,['distance'],I drove a lot of kilometers,Gemini,concise,short
How many kilometers did you drive?,NUMBER,['distance'],I drove a mile,Gemini,colloquial,short
How many kilometers did you drive?,NUMBER,['distance'],I drove a mile,Gemini,explanatory,short
How many kilometers did you drive?,NUMBER,['distance'],I drove a lot of kilometers,Gemini,annoyed,short
How many languages do you speak?,NUMBER,['languages spoken'],I speak three languages,Gemini,verbose,short
How many languages do you speak?,NUMBER,['languages spoken'],I speak ten languages,Gemini,concise,short
How many languages do you speak?,NUMBER,['languages spoken'],I speak a few languages,Gemini,colloquial,short
How many languages do you speak?,NUMBER,['languages spoken'],I speak two languages,Gemini,explanatory,short
How many languages do you speak?,NUMBER,['languages spoken'],I speak a lot of languages,Gemini,annoyed,short
How many marketing campaigns were run last year?,NUMBER,['marketing campaigns'],0 campaigns were run last year,Gemini,verbose,short
How many marketing campaigns were run last year?,NUMBER,['marketing campaigns'],I think its a lot of marketing,Gemini,concise,short
How many marketing campaigns were run last year?,NUMBER,['marketing campaigns'],There were a total of 3 campaigns,Gemini,colloquial,short
How many marketing campaigns were run last year?,NUMBER,['marketing campaigns'],There were a total of 3 campaigns,Gemini,explanatory,short
How many meetings did you attend this week?,NUMBER,['meeting count'],I attended two meetings this week,Gemini,verbose,short
How many meetings did you attend this week?,NUMBER,['meeting count'],I attended three meetings this week,Gemini,concise,short
How many meetings did you attend this week?,NUMBER,['meeting count'],I attended two meetings this week,Gemini,colloquial,short
How many meetings did you attend this week?,NUMBER,['meeting count'],I attended two meetings this week,Gemini,explanatory,short
How many meetings did you attend this week?,NUMBER,['meeting count'],I attended two meetings this week,Gemini,annoyed,short
How many new projects were initiated this year?,NUMBER,['project count'],There were a total of 10 new projects this year,Gemini,concise,short
How many new projects were initiated this year?,NUMBER,['project count'],There were a total of 5 new projects this year,Gemini,explanatory,short
How many pages are in this book?,NUMBER,['page count'],58,Gemini,verbose,short
How many pages are in this book?,NUMBER,['page count'],The book has a total of 97 pages,Gemini,concise,short
How many pages are in this book?,NUMBER,['page count'],I think its a lot of pages,Gemini,colloquial,short
How many pages are in this book?,NUMBER,['page count'],Its about 2000 pages,Gemini,explanatory,short
How many pages are in this book?,NUMBER,['page count'],The number of pages in this book is too long,Gemini,annoyed,short
How many pairs of shoes do you own?,NUMBER,['number of shoes'],I own ten pairs of shoes,Gemini,verbose,short
How many pairs of shoes do you own?,NUMBER,['number of shoes'],I own two pairs of shoes,Gemini,concise,short
How many pairs of shoes do you own?,NUMBER,['number of shoes'],I own a few pairs of shoes,Gemini,colloquial,short
How many pairs of shoes do you own?,NUMBER,['number of shoes'],I own two pairs of shoes,Gemini,explanatory,short
How many pairs of shoes do you own?,NUMBER,['number of shoes'],I have two pairs of shoes,Gemini,annoyed,short
How many people are in your household?,NUMBER,['household size'],I have a lot of people in my household,Gemini,verbose,short
How many people are in your household?,NUMBER,['household size'],I have ten people in my household,Gemini,concise,short
How many people are in your household?,NUMBER,['household size'],We have a lot of people in our household,Gemini,colloquial,short
How many people are in your household?,NUMBER,['household size'],I have a lot of people in my household,Gemini,explanatory,short
How many people are in your household?,NUMBER,['household size'],Im not sure how many people are in my household,Gemini,annoyed,short
How many pets do you own?,NUMBER,['number of pets'],I have two dogs,Gemini,verbose,short
How many pets do you own?,NUMBER,['number of pets'],I have two dogs,Gemini,concise,short
How many pets do you own?,NUMBER,['number of pets'],I have two dogs,Gemini,colloquial,short
How many pets do you own?,NUMBER,['number of pets'],I have two dogs,Gemini,explanatory,short
How many pets do you own?,NUMBER,['number of pets'],I have two pets,Gemini,annoyed,short
How many points did the team score?,NUMBER,['score'],10 points,Gemini,verbose,short
How many points did the team score?,NUMBER,['score'],0 points,Gemini,concise,short
How many points did the team score?,NUMBER,['score'],0 points,Gemini,colloquial,short
How many points did the team score?,NUMBER,['score'],The team scored a total of 58 points,Gemini,explanatory,short
How many points did the team score?,NUMBER,['score'],The team scored a lot of points,Gemini,annoyed,short
How many products have you purchased from us?,NUMBER,['purchase count'],I have purchased more than 100 products from us,Gemini,verbose,short
How many products have you purchased from us?,NUMBER,['purchase count'],I havent bought anything from us in a while,Gemini,concise,short
How many products have you purchased from us?,NUMBER,['purchase count'],I have bought a lot of products from us,Gemini,colloquial,short
How many products have you purchased from us?,NUMBER,['purchase count'],I have purchased a lot of products from us,Gemini,explanatory,short
How many products have you purchased from us?,NUMBER,['purchase count'],I havent bought anything from us in a while,Gemini,annoyed,short
How many products were sold last month?,NUMBER,['product sales'],We sold a lot of products last month,Gemini,concise,short
How many products were sold last month?,NUMBER,['product sales'],We sold a lot of products last month,Gemini,colloquial,short
How many products were sold last month?,NUMBER,['product sales'],We sold a lot of products last month,Gemini,annoyed,short
How many project milestones were achieved last quarter?,NUMBER,['milestone count'],Two milestones were achieved last quarter,Gemini,verbose,short
How many project milestones were achieved last quarter?,NUMBER,['milestone count'],Two milestones were achieved last quarter,Gemini,concise,short
How many project milestones were achieved last quarter?,NUMBER,['milestone count'],Two,Gemini,explanatory,short
How many proposals were submitted this month?,NUMBER,['proposals submitted'],There were ten proposals submitted this month,Gemini,concise,short
How many proposals were submitted this month?,NUMBER,['proposals submitted'],There were three proposals submitted this month,Gemini,annoyed,short
How many rooms are in your home?,NUMBER,['number of rooms'],I have a lot of rooms,Gemini,verbose,short
How many rooms are in your home?,NUMBER,['number of rooms'],I have a lot of rooms,Gemini,concise,short
How many rooms are in your home?,NUMBER,['number of rooms'],I have a lot of rooms,Gemini,colloquial,short
How many rooms are in your home?,NUMBER,['number of rooms'],I have a lot of rooms,Gemini,explanatory,short
How many rooms are in your home?,NUMBER,['number of rooms'],I have a lot of rooms,Gemini,annoyed,short
How many safety incidents occurred this year?,NUMBER,['safety incidents'],There were a total of 0 incidents this year,Gemini,verbose,short
How many safety incidents occurred this year?,NUMBER,['safety incidents'],0 incidents occurred this year,Gemini,concise,short
How many safety incidents occurred this year?,NUMBER,['safety incidents'],We had a lot of incidents this year,Gemini,colloquial,short
How many safety incidents occurred this year?,NUMBER,['safety incidents'],There were a total of 0 incidents this year,Gemini,explanatory,short
How many safety training sessions were conducted last quarter?,NUMBER,['training sessions'],The last quarter was the fourth quarter,Gemini,concise,short
How many shares of stock do you own?,NUMBER,['stock shares'],I own a lot of stock,Gemini,verbose,short
How many shares of stock do you own?,NUMBER,['stock shares'],I own a lot of stock,Gemini,concise,short
How many shares of stock do you own?,NUMBER,['stock shares'],I own a lot of stock,Gemini,colloquial,short
How many shares of stock do you own?,NUMBER,['stock shares'],I own a lot of stock,Gemini,explanatory,short
How many shares of stock do you own?,NUMBER,['stock shares'],I own a lot of stock,Gemini,annoyed,short
How many siblings do you have?,NUMBER,['sibling count'],I have two,Gemini,verbose,short
How many siblings do you have?,NUMBER,['sibling count'],I have two,Gemini,concise,short
How many siblings do you have?,NUMBER,['sibling count'],I have two,Gemini,colloquial,short
How many siblings do you have?,NUMBER,['sibling count'],I have two,Gemini,explanatory,short
How many siblings do you have?,NUMBER,['sibling count'],I have two siblings,Gemini,annoyed,short
How many skilled laborers are employed in the plant?,NUMBER,['labor count'],We have a large number of skilled laborers,Gemini,verbose,short
How many skilled laborers are employed in the plant?,NUMBER,['labor count'],The plant employs a number of skilled laborers,Gemini,explanatory,short
How many skilled laborers are employed in the plant?,NUMBER,['labor count'],We have a lot of skilled laborers,Gemini,annoyed,short
How many social media accounts do you have?,NUMBER,['social media accounts'],I have a lot of social media accounts,Gemini,verbose,short
How many social media accounts do you have?,NUMBER,['social media accounts'],I have two,Gemini,concise,short
How many social media accounts do you have?,NUMBER,['social media accounts'],I have a lot of social media accounts,Gemini,colloquial,short
How many social media accounts do you have?,NUMBER,['social media accounts'],I have a lot of social media accounts,Gemini,explanatory,short
How many social media accounts do you have?,NUMBER,['social media accounts'],I have a lot of social media accounts,Gemini,annoyed,short
How many social media followers do we have?,NUMBER,['social media followers'],We have a lot of followers on social media,Gemini,verbose,short
How many social media followers do we have?,NUMBER,['social media followers'],We have a lot of followers on social media,Gemini,concise,short
How many social media followers do we have?,NUMBER,['social media followers'],We have a lot of followers on social media,Gemini,colloquial,short
How many social media followers do we have?,NUMBER,['social media followers'],We have a lot of followers on social media,Gemini,explanatory,short
How many social media followers do we have?,NUMBER,['social media followers'],We have a lot of followers on social media,Gemini,annoyed,short
How many suppliers does the company currently have?,NUMBER,['supplier count'],The company currently has a number of suppliers,Gemini,verbose,short
How many suppliers does the company currently have?,NUMBER,['supplier count'],The company currently has 3 suppliers,Gemini,concise,short
How many suppliers does the company currently have?,NUMBER,['supplier count'],The company currently has a number of suppliers,Gemini,colloquial,short
How many suppliers does the company currently have?,NUMBER,['supplier count'],The company currently has three suppliers,Gemini,explanatory,short
How many suppliers does the company currently have?,NUMBER,['supplier count'],The company currently has a number of suppliers,Gemini,annoyed,short
How many times have you traveled internationally?,NUMBER,['international travels'],Ive traveled a lot,Gemini,verbose,short
How many times have you traveled internationally?,NUMBER,['international travels'],Ive traveled a lot,Gemini,concise,short
How many times have you traveled internationally?,NUMBER,['international travels'],Ive traveled a lot,Gemini,colloquial,short
How many times have you traveled internationally?,NUMBER,['international travels'],Ive traveled a lot,Gemini,explanatory,short
How many times have you traveled internationally?,NUMBER,['international travels'],Ive traveled a lot,Gemini,annoyed,short
How many times have you visited our website this month?,NUMBER,['website visits'],Ive visited our website 3 times this month,Gemini,verbose,short
How many times have you visited our website this month?,NUMBER,['website visits'],Ive been here a few times,Gemini,concise,short
How many times have you visited our website this month?,NUMBER,['website visits'],Ive been here a few times,Gemini,colloquial,short
How many times have you visited our website this month?,NUMBER,['website visits'],Ive visited a few times this month,Gemini,explanatory,short
How many times have you visited our website this month?,NUMBER,['website visits'],Ive visited our website a few times this month,Gemini,annoyed,short
How many tons of steel were produced last quarter?,NUMBER,['production output'],13 million tons,Gemini,explanatory,short
How many tons of steel were produced last quarter?,NUMBER,['production output'],We produced a lot of tons of steel last quarter,Gemini,annoyed,short
How many vacation days did you take last year?,NUMBER,['vacation days'],I took 4 days of vacation last year,Gemini,verbose,short
How many vacation days did you take last year?,NUMBER,['vacation days'],I took a total of 8 days of vacation last year,Gemini,concise,short
How many vacation days did you take last year?,NUMBER,['vacation days'],I took ten days of vacation last year,Gemini,colloquial,short
How many vacation days did you take last year?,NUMBER,['vacation days'],I took 5 vacation days last year,Gemini,explanatory,short
How many vacation days did you take last year?,NUMBER,['vacation days'],I took a lot of vacation days last year,Gemini,annoyed,short
How many vehicles do you own?,NUMBER,['vehicle count'],I own a lot of cars,Gemini,verbose,short
How many vehicles do you own?,NUMBER,['vehicle count'],I own a lot of cars,Gemini,concise,short
How many vehicles do you own?,NUMBER,['vehicle count'],I own a lot of cars,Gemini,colloquial,short
How many vehicles do you own?,NUMBER,['vehicle count'],I own a lot of cars,Gemini,explanatory,short
How many vehicles do you own?,NUMBER,['vehicle count'],I own four vehicles,Gemini,annoyed,short
How many votes did the candidate receive?,NUMBER,['vote count'],0 votes,Gemini,verbose,short
How many votes did the candidate receive?,NUMBER,['vote count'],We were able to get a lot of votes,Gemini,concise,short
How many votes did the candidate receive?,NUMBER,['vote count'],The candidate received a lot of votes,Gemini,colloquial,short
How many votes did the candidate receive?,NUMBER,['vote count'],The candidate received a total of 0 votes,Gemini,explanatory,short
How many votes did the candidate receive?,NUMBER,['vote count'],The candidate received a lot of votes,Gemini,annoyed,short
How many years have you been a customer?,NUMBER,['customer tenure'],Ive been a customer for ten years,Gemini,verbose,short
How many years have you been a customer?,NUMBER,['customer tenure'],Ive been a customer for over 10 years,Gemini,concise,short
How many years have you been a customer?,NUMBER,['customer tenure'],Ive been a customer for 20 years,Gemini,colloquial,short
How many years have you been a customer?,NUMBER,['customer tenure'],Ive been a customer for over 20 years,Gemini,explanatory,short
How many years have you been a customer?,NUMBER,['customer tenure'],Ive been a customer for over 20 years,Gemini,annoyed,short
How many years of education do you have?,NUMBER,['years of education'],I have ten years of education,Gemini,verbose,short
How many years of education do you have?,NUMBER,['years of education'],I have ten years of education,Gemini,concise,short
How many years of education do you have?,NUMBER,['years of education'],I have ten years of education,Gemini,colloquial,short
How many years of education do you have?,NUMBER,['years of education'],I have ten years of education,Gemini,explanatory,short
How many years of education do you have?,NUMBER,['years of education'],I have ten years of education,Gemini,annoyed,short
How many years of experience do you have?,NUMBER,['experience years'],I have ten years of experience,Gemini,verbose,short
How many years of experience do you have?,NUMBER,['experience years'],I have ten years of experience,Gemini,concise,short
How many years of experience do you have?,NUMBER,['experience years'],I have ten years of experience,Gemini,colloquial,short
How many years of experience do you have?,NUMBER,['experience years'],I have a lot of experience,Gemini,explanatory,short
How many years of experience do you have?,NUMBER,['experience years'],I have ten years of experience,Gemini,annoyed,short
How much did you spend on our products last month?,NUMBER,['monthly spending'],I spent about 1000 on our products last month,Gemini,verbose,short
How much did you spend on our products last month?,NUMBER,['monthly spending'],I spent about 600 on our products last month,Gemini,concise,short
How much did you spend on our products last month?,NUMBER,['monthly spending'],I spent a lot of money on our products last month,Gemini,colloquial,short
How much did you spend on our products last month?,NUMBER,['monthly spending'],I spent about 1000 on our products last month,Gemini,explanatory,short
How much did you spend on our products last month?,NUMBER,['monthly spending'],I spent a lot of money on our products last month,Gemini,annoyed,short
"On a scale of 1 to 10, how satisfied are you with our service?",NUMBER,['satisfaction rating'],Im satisfied with the service,Gemini,verbose,short
"On a scale of 1 to 10, how satisfied are you with our service?",NUMBER,['satisfaction rating'],Im satisfied with the service,Gemini,concise,short
"On a scale of 1 to 10, how satisfied are you with our service?",NUMBER,['satisfaction rating'],Im satisfied with the service,Gemini,colloquial,short
"On a scale of 1 to 10, how satisfied are you with our service?",NUMBER,['satisfaction rating'],Im satisfied with the service,Gemini,explanatory,short
"On a scale of 1 to 10, how satisfied are you with our service?",NUMBER,['satisfaction rating'],Im satisfied with the service,Gemini,annoyed,short
"On a scale of 1-5, how likely are you to recommend us?",NUMBER,['recommendation likelihood'],Im not sure,Gemini,verbose,short
"On a scale of 1-5, how likely are you to recommend us?",NUMBER,['recommendation likelihood'],Im very likely to recommend you,Gemini,concise,short
"On a scale of 1-5, how likely are you to recommend us?",NUMBER,['recommendation likelihood'],Im not sure if Im going to recommend you or not,Gemini,colloquial,short
"On a scale of 1-5, how likely are you to recommend us?",NUMBER,['recommendation likelihood'],Im very likely to recommend you,Gemini,explanatory,short
"On a scale of 1-5, how likely are you to recommend us?",NUMBER,['recommendation likelihood'],Im not sure,Gemini,annoyed,short
What is the account balance?,NUMBER,['balance'],The balance is the balance of the account,Gemini,concise,short
What is the account balance?,NUMBER,['balance'],I dont know,Gemini,annoyed,short
What is the age of the participant?,NUMBER,['age'],The age of the participant is 35,Gemini,verbose,short
What is the age of the participant?,NUMBER,['age'],Im 18 years old,Gemini,concise,short
What is the age of the participant?,NUMBER,['age'],Im 25 years old,Gemini,colloquial,short
What is the age of the participant?,NUMBER,['age'],The age of the participant is 25 years old,Gemini,explanatory,short
What is the age of the participant?,NUMBER,['age'],The age of the participant is 20 years old,Gemini,annoyed,short
What is the altitude in meters?,NUMBER,['altitude'],The altitude is585 meters above sea level,Gemini,verbose,short
What is the altitude in meters?,NUMBER,['altitude'],The altitude is about 2000 meters above sea level,Gemini,concise,short
What is the altitude in meters?,NUMBER,['altitude'],The altitude in meters,Gemini,colloquial,short
What is the altitude in meters?,NUMBER,['altitude'],The altitude in meters,Gemini,explanatory,short
What is the amount of the loan?,NUMBER,['loan amount'],500000,Gemini,verbose,short
What is the amount of the loan?,NUMBER,['loan amount'],1 million,Gemini,concise,short
What is the amount of the loan?,NUMBER,['loan amount'],500000,Gemini,colloquial,short
What is the amount of the loan?,NUMBER,['loan amount'],500000,Gemini,explanatory,short
What is the amount of the loan?,NUMBER,['loan amount'],The amount of the loan is a lot of money,Gemini,annoyed,short
What is the annual revenue target?,NUMBER,['revenue'],The annual revenue target is 15 billion,Gemini,verbose,short
What is the annual revenue target?,NUMBER,['revenue'],The annual revenue target is 22 billion,Gemini,concise,short
What is the annual revenue target?,NUMBER,['revenue'],Im not sure Im not sure Im not sureIm not sure,Gemini,colloquial,short
What is the annual revenue target?,NUMBER,['revenue'],The annual revenue target is 15 billion,Gemini,annoyed,short
What is the average age of the machinery in years?,NUMBER,['machinery age'],The machinery has been around for a few years now,Gemini,colloquial,short
What is the average age of the machinery in years?,NUMBER,['machinery age'],The machinery is about 50 years old,Gemini,explanatory,short
What is the average age of the machinery in years?,NUMBER,['machinery age'],The machinery is about ten years old,Gemini,annoyed,short
What is the average cost per unit produced?,NUMBER,['production cost'],The average cost per unit produced is 375,Gemini,verbose,short
What is the average cost per unit produced?,NUMBER,['production cost'],Average cost per unit produced,Gemini,annoyed,short
What is the average customer lifetime value?,NUMBER,['customer lifetime value'],Average customer lifetime value is 30 years,Gemini,colloquial,short
What is the average customer lifetime value?,NUMBER,['customer lifetime value'],The average customer lifetime value is 30 years,Gemini,explanatory,short
What is the average customer lifetime value?,NUMBER,['customer lifetime value'],Average customer lifetime value is 3 years,Gemini,annoyed,short
What is the average daily energy consumption in kWh?,NUMBER,['energy consumption'],Average daily energy consumption in kWh,Gemini,concise,short
What is the average daily energy consumption in kWh?,NUMBER,['energy consumption'],Average daily energy consumption in kWh,Gemini,colloquial,short
What is the average daily energy consumption in kWh?,NUMBER,['energy consumption'],Average daily energy consumption in kWh,Gemini,explanatory,short
What is the average deal size in dollars?,NUMBER,['deal size'],600,Gemini,verbose,short
What is the average deal size in dollars?,NUMBER,['deal size'],The average deal size in dollars is 1000,Gemini,concise,short
What is the average deal size in dollars?,NUMBER,['deal size'],The average deal size in dollars,Gemini,colloquial,short
What is the average deal size in dollars?,NUMBER,['deal size'],The average deal size in dollars is 27,Gemini,explanatory,short
What is the average deal size in dollars?,NUMBER,['deal size'],The average deal size in dollars is 1000,Gemini,annoyed,short
What is the average employee satisfaction rating (out of 5)?,NUMBER,['employee satisfaction'],Average satisfaction rating,Gemini,verbose,short
What is the average employee satisfaction rating (out of 5)?,NUMBER,['employee satisfaction'],Average satisfaction rating is 5 out of 5,Gemini,concise,short
What is the average employee tenure in years?,NUMBER,['employee tenure'],Average tenure is 12 years,Gemini,verbose,short
What is the average employee tenure in years?,NUMBER,['employee tenure'],The average tenure in years is 5 years,Gemini,concise,short
What is the average employee tenure in years?,NUMBER,['employee tenure'],The average tenure in years is ten years,Gemini,colloquial,short
What is the average employee tenure in years?,NUMBER,['employee tenure'],The average tenure in years is 3 years,Gemini,annoyed,short
What is the average length of a production run in hours?,NUMBER,['production run length'],Average length of a production run in hours,Gemini,annoyed,short
What is the average machine downtime in hours per week?,NUMBER,['machine downtime'],The average downtime per week is 8 hours per week,Gemini,explanatory,short
What is the average order value?,NUMBER,['average order value'],The average order value for a single item is 125,Gemini,verbose,short
What is the average order value?,NUMBER,['average order value'],The average order value is a dollar,Gemini,concise,short
What is the average order value?,NUMBER,['average order value'],The average order value is 80,Gemini,colloquial,short
What is the average order value?,NUMBER,['average order value'],Average order value,Gemini,explanatory,short
What is the average order value?,NUMBER,['average order value'],The average order value is 1,Gemini,annoyed,short
What is the average production yield percentage?,NUMBER,['production yield'],5,Gemini,verbose,short
What is the average production yield percentage?,NUMBER,['production yield'],Average production yield percentage,Gemini,concise,short
What is the average production yield percentage?,NUMBER,['production yield'],Average production yield percentage,Gemini,colloquial,short
What is the average production yield percentage?,NUMBER,['production yield'],Average production yield percentage,Gemini,explanatory,short
What is the average production yield percentage?,NUMBER,['production yield'],Average production yield percentage,Gemini,annoyed,short
What is the average response time to customer inquiries?,NUMBER,['response time'],Average response time is 5 minutes,Gemini,verbose,short
What is the average response time to customer inquiries?,NUMBER,['response time'],The average response time is a few minutes,Gemini,concise,short
What is the capacitance in farads?,NUMBER,['capacitance'],The capacitance of a farad is a constant,Gemini,verbose,short
What is the capacitance in farads?,NUMBER,['capacitance'],The capacitance of a farad is 05 farads,Gemini,explanatory,short
What is the capacitance in farads?,NUMBER,['capacitance'],The capacitance in farads is very low,Gemini,annoyed,short
What is the client account number?,NUMBER,['account number'],The client account number is 128,Gemini,verbose,short
What is the client account number?,NUMBER,['account number'],The client account number is 1,Gemini,concise,short
What is the client account number?,NUMBER,['account number'],The client account number is 212,Gemini,colloquial,short
What is the client account number?,NUMBER,['account number'],The client account number is 212,Gemini,explanatory,short
What is the client account number?,NUMBER,['account number'],0,Gemini,annoyed,short
What is the code number?,NUMBER,['code'],I dont know,Gemini,verbose,short
What is the code number?,NUMBER,['code'],The code number is 00,Gemini,concise,short
What is the code number?,NUMBER,['code'],0,Gemini,colloquial,short
What is the code number?,NUMBER,['code'],I dont know,Gemini,explanatory,short
What is the code number?,NUMBER,['code'],I didnt know,Gemini,annoyed,short
What is the company's overall safety rating score?,NUMBER,['safety rating'],It has a score of 0 out of 100,Gemini,verbose,short
What is the company's overall safety rating score?,NUMBER,['safety rating'],The companys overall safety rating score is 79,Gemini,concise,short
What is the company's overall safety rating score?,NUMBER,['safety rating'],The companys overall safety rating score is 94,Gemini,explanatory,short
What is the company's tax ID number?,NUMBER,['tax ID'],401,Gemini,verbose,short
What is the company's tax ID number?,NUMBER,['tax ID'],501,Gemini,concise,short
What is the company's tax ID number?,NUMBER,['tax ID'],Im not sure but I dont know,Gemini,colloquial,short
What is the company's tax ID number?,NUMBER,['tax ID'],450,Gemini,explanatory,short
What is the company's tax ID number?,NUMBER,['tax ID'],I dont know,Gemini,annoyed,short
What is the conversion rate percentage?,NUMBER,['conversion rate'],The conversion rate is about a tenth of a percent,Gemini,concise,short
What is the current in amperes?,NUMBER,['current'],The current in amperes is constant,Gemini,verbose,short
What is the current in amperes?,NUMBER,['current'],The current in amperes is constant,Gemini,concise,short
What is the current in amperes?,NUMBER,['current'],The current in amperes is the current in a meter,Gemini,colloquial,short
What is the current in amperes?,NUMBER,['current'],The current in amperes is constant,Gemini,explanatory,short
What is the current interest rate?,NUMBER,['interest rate'],The current interest rate is 025,Gemini,verbose,short
What is the current interest rate?,NUMBER,['interest rate'],The current interest rate is 025,Gemini,concise,short
What is the current interest rate?,NUMBER,['interest rate'],The current interest rate is 015,Gemini,colloquial,short
What is the current interest rate?,NUMBER,['interest rate'],The current interest rate is 015,Gemini,explanatory,short
What is the current interest rate?,NUMBER,['interest rate'],The current interest rate is 025,Gemini,annoyed,short
What is the current market share percentage?,NUMBER,['market share'],The current market share percentage is 80,Gemini,verbose,short
What is the current market share percentage?,NUMBER,['market share'],Its about 80,Gemini,concise,short
What is the current market share percentage?,NUMBER,['market share'],The current market share percentage is 80,Gemini,colloquial,short
What is the current market share percentage?,NUMBER,['market share'],The current market share percentage is 80,Gemini,explanatory,short
What is the current market share percentage?,NUMBER,['market share'],The current market share percentage is 12,Gemini,annoyed,short
What is the current order backlog in units?,NUMBER,['order backlog'],The backlog in units is high,Gemini,verbose,short
What is the current order backlog in units?,NUMBER,['order backlog'],The backlog in units is high,Gemini,annoyed,short
What is the current stock price?,NUMBER,['stock price'],The current stock price is 265,Gemini,verbose,short
What is the current stock price?,NUMBER,['stock price'],The current stock price is 250,Gemini,concise,short
What is the current stock price?,NUMBER,['stock price'],The current stock price is 125,Gemini,explanatory,short
What is the current stock price?,NUMBER,['stock price'],The current stock price is 150,Gemini,annoyed,short
What is the customer churn rate (as a percentage)?,NUMBER,['customer churn'],The customer churn rate is a percentage,Gemini,verbose,short
What is the customer churn rate (as a percentage)?,NUMBER,['customer churn'],The customer churn rate is a percentage,Gemini,concise,short
What is the customer churn rate (as a percentage)?,NUMBER,['customer churn'],The customer churn rate is a percentage,Gemini,colloquial,short
What is the customer churn rate (as a percentage)?,NUMBER,['customer churn'],The customer churn rate is a percentage,Gemini,explanatory,short
What is the customer churn rate (as a percentage)?,NUMBER,['customer churn'],The customer churn rate is about 1,Gemini,annoyed,short
What is the customer satisfaction rating (on a scale of 1-10)?,NUMBER,['satisfaction rating'],110,Gemini,verbose,short
What is the customer satisfaction rating (on a scale of 1-10)?,NUMBER,['satisfaction rating'],110,Gemini,concise,short
What is the customer satisfaction rating (on a scale of 1-10)?,NUMBER,['satisfaction rating'],110,Gemini,colloquial,short
What is the customer satisfaction rating (on a scale of 1-10)?,NUMBER,['satisfaction rating'],110,Gemini,explanatory,short
What is the customer satisfaction rating (on a scale of 1-10)?,NUMBER,['satisfaction rating'],110,Gemini,annoyed,short
What is the discount percentage?,NUMBER,['percentage'],Its a percentage of the price of a product,Gemini,verbose,short
What is the discount percentage?,NUMBER,['percentage'],The discount percentage is a percentage,Gemini,explanatory,short
What is the discount percentage?,NUMBER,['percentage'],The discount percentage is very low,Gemini,annoyed,short
"What is the due date (numerical representation, e.g., MMDDYYYY)?",NUMBER,['date'],YYYYY,Gemini,verbose,short
"What is the due date (numerical representation, e.g., MMDDYYYY)?",NUMBER,['date'],YYYYY,Gemini,concise,short
"What is the due date (numerical representation, e.g., MMDDYYYY)?",NUMBER,['date'],MNDDYYYYY,Gemini,colloquial,short
"What is the due date (numerical representation, e.g., MMDDYYYY)?",NUMBER,['date'],MNDDYYYYY,Gemini,explanatory,short
"What is the due date (numerical representation, e.g., MMDDYYYY)?",NUMBER,['date'],YYYYY,Gemini,annoyed,short
What is the employee turnover rate (as a percentage)?,NUMBER,['employee turnover'],The rate of employee turnover is about 1,Gemini,explanatory,short
What is the energy in joules?,NUMBER,['energy'],joules,Gemini,verbose,short
What is the energy in joules?,NUMBER,['energy'],joules,Gemini,concise,short
What is the energy in joules?,NUMBER,['energy'],joules,Gemini,explanatory,short
What is the frequency in Hertz?,NUMBER,['frequency'],The frequency in Hertz is the frequency in kHz,Gemini,verbose,short
What is the frequency in Hertz?,NUMBER,['frequency'],Hertz is the frequency of light,Gemini,concise,short
What is the frequency in Hertz?,NUMBER,['frequency'],Hertz is the frequency of light,Gemini,colloquial,short
What is the frequency in Hertz?,NUMBER,['frequency'],Hertz is the frequency of light,Gemini,explanatory,short
What is the frequency in Hertz?,NUMBER,['frequency'],Hertz is the frequency of light,Gemini,annoyed,short
What is the height of the building?,NUMBER,['height'],The height of the building is about 5 feet,Gemini,verbose,short
What is the height of the building?,NUMBER,['height'],The height of the building is about 2000 feet,Gemini,concise,short
What is the height of the building?,NUMBER,['height'],The height of the building is about a foot,Gemini,explanatory,short
What is the height of the building?,NUMBER,['height'],The building is about a foot tall,Gemini,annoyed,short
What is the inductance in henries?,NUMBER,['inductance'],He was inducted into the Hall of Fame,Gemini,verbose,short
What is the inductance in henries?,NUMBER,['inductance'],He was inducted into the Hall of Fame,Gemini,concise,short
What is the inductance in henries?,NUMBER,['inductance'],He was inducted into the Hall of Fame,Gemini,colloquial,short
What is the inductance in henries?,NUMBER,['inductance'],He was inducted into the Hall of Fame,Gemini,explanatory,short
What is the inductance in henries?,NUMBER,['inductance'],He is a mediocre player,Gemini,annoyed,short
What is the interest rate on the loan?,NUMBER,['interest rate'],The interest rate is 2,Gemini,verbose,short
What is the interest rate on the loan?,NUMBER,['interest rate'],The interest rate on the loan is 0,Gemini,concise,short
What is the interest rate on the loan?,NUMBER,['interest rate'],The interest rate on the loan is 1 percent,Gemini,colloquial,short
What is the interest rate on the loan?,NUMBER,['interest rate'],The interest rate on the loan is 75 percent,Gemini,explanatory,short
What is the interest rate on the loan?,NUMBER,['interest rate'],The interest rate is a bit high,Gemini,annoyed,short
What is the invoice number?,NUMBER,['invoice number'],5000,Gemini,verbose,short
What is the invoice number?,NUMBER,['invoice number'],Im not sure,Gemini,concise,short
What is the invoice number?,NUMBER,['invoice number'],The invoice number is 1,Gemini,colloquial,short
What is the invoice number?,NUMBER,['invoice number'],I dont know,Gemini,explanatory,short
What is the invoice number?,NUMBER,['invoice number'],The invoice number is 5000,Gemini,annoyed,short
What is the latitude coordinate?,NUMBER,['latitude'],The latitude coordinate is 74N,Gemini,concise,short
What is the latitude coordinate?,NUMBER,['latitude'],The latitude coordinate of the Earths axis is 45N,Gemini,explanatory,short
What is the latitude coordinate?,NUMBER,['latitude'],Im not sure,Gemini,annoyed,short
What is the longitude coordinate?,NUMBER,['longitude'],Im not sure Im not sure,Gemini,concise,short
What is the longitude coordinate?,NUMBER,['longitude'],830,Gemini,colloquial,short
What is the model year of your car?,NUMBER,['year'],The model year of my car is 2000,Gemini,verbose,short
What is the model year of your car?,NUMBER,['year'],2001,Gemini,concise,short
What is the model year of your car?,NUMBER,['year'],The model year of my car is 2002,Gemini,colloquial,short
What is the model year of your car?,NUMBER,['year'],The model year of my car is 2005,Gemini,explanatory,short
What is the model year of your car?,NUMBER,['year'],Its a 2006 model year,Gemini,annoyed,short
What is the number of defective units produced last month?,NUMBER,['defect count'],0 defective units produced last month,Gemini,explanatory,short
What is the number of defects found?,NUMBER,['defect count'],0,Gemini,verbose,short
What is the number of defects found?,NUMBER,['defect count'],The number of defects found is 0 defects,Gemini,concise,short
What is the number of defects found?,NUMBER,['defect count'],The number of defects found,Gemini,colloquial,short
What is the number of defects found?,NUMBER,['defect count'],The number of defects found is one,Gemini,explanatory,short
What is the number of defects found?,NUMBER,['defect count'],0,Gemini,annoyed,short
What is the number of shifts operating per day?,NUMBER,['shift count'],There are two shifts per day,Gemini,verbose,short
What is the number of shifts operating per day?,NUMBER,['shift count'],Each shift has two shifts,Gemini,concise,short
What is the number of shifts operating per day?,NUMBER,['shift count'],The number of shifts operating per day,Gemini,colloquial,short
What is the number of shifts operating per day?,NUMBER,['shift count'],There are three shifts per day,Gemini,explanatory,short
What is the number of shifts operating per day?,NUMBER,['shift count'],The number of shifts operating per day,Gemini,annoyed,short
What is the number of support tickets resolved today?,NUMBER,['support tickets resolved'],The number of support tickets resolved today is 1,Gemini,concise,short
What is the number of support tickets resolved today?,NUMBER,['support tickets resolved'],Im not sure,Gemini,colloquial,short
What is the number of support tickets resolved today?,NUMBER,['support tickets resolved'],Im not sure,Gemini,explanatory,short
What is the number of the building?,NUMBER,['building number'],The number of the building is 50,Gemini,verbose,short
What is the number of the building?,NUMBER,['building number'],123,Gemini,concise,short
What is the number of the building?,NUMBER,['building number'],117,Gemini,explanatory,short
What is the number of the building?,NUMBER,['building number'],The buildings number is 111,Gemini,annoyed,short
What is the number of website visitors per day?,NUMBER,['website visitors'],The number of visitors per day,Gemini,verbose,short
What is the number of website visitors per day?,NUMBER,['website visitors'],The number of visitors per day,Gemini,concise,short
What is the number of website visitors per day?,NUMBER,['website visitors'],I think its about a dozen people per day,Gemini,colloquial,short
What is the number of website visitors per day?,NUMBER,['website visitors'],The number of visitors per day,Gemini,explanatory,short
What is the number of welding machines currently in operation?,NUMBER,['equipment count'],Welding machines are currently in operation,Gemini,explanatory,short
What is the number of welding machines currently in operation?,NUMBER,['equipment count'],Welding machines are currently in operation,Gemini,annoyed,short
What is the on-time delivery rate in percentage?,NUMBER,['delivery rate'],Ontime delivery rate,Gemini,verbose,short
What is the on-time delivery rate in percentage?,NUMBER,['delivery rate'],Ontime delivery rate,Gemini,concise,short
What is the on-time delivery rate in percentage?,NUMBER,['delivery rate'],Ontime delivery rate,Gemini,colloquial,short
What is the on-time delivery rate in percentage?,NUMBER,['delivery rate'],Ontime delivery rate,Gemini,explanatory,short
What is the on-time delivery rate in percentage?,NUMBER,['delivery rate'],Ontime delivery rate,Gemini,annoyed,short
What is the order number?,NUMBER,['order number'],I think the order number is 1,Gemini,verbose,short
What is the order number?,NUMBER,['order number'],I dont know,Gemini,concise,short
What is the order number?,NUMBER,['order number'],I dont know,Gemini,colloquial,short
What is the order number?,NUMBER,['order number'],I dont know,Gemini,explanatory,short
What is the order number?,NUMBER,['order number'],Im not sure,Gemini,annoyed,short
What is the percentage of market share?,NUMBER,['market share'],The percentage of market share is about 1,Gemini,verbose,short
What is the percentage of market share?,NUMBER,['market share'],The percentage of market share is about 1,Gemini,concise,short
What is the percentage of market share?,NUMBER,['market share'],The percentage of market share is about 1,Gemini,colloquial,short
What is the percentage of market share?,NUMBER,['market share'],The percentage of market share is about 1,Gemini,explanatory,short
What is the percentage of market share?,NUMBER,['market share'],I think its about half the market share,Gemini,annoyed,short
What is the plant's total capacity in square meters?,NUMBER,['plant capacity'],The plants total capacity is 50000 square meters,Gemini,concise,short
What is the plant's total capacity in square meters?,NUMBER,['plant capacity'],The plants total capacity is 30000 square meters,Gemini,colloquial,short
What is the plant's total capacity in square meters?,NUMBER,['plant capacity'],The plants total capacity is 250000 square meters,Gemini,explanatory,short
What is the population of this city?,NUMBER,['population'],The population of this city is about 30000,Gemini,verbose,short
What is the population of this city?,NUMBER,['population'],The population of this city is about 250000,Gemini,concise,short
What is the population of this city?,NUMBER,['population'],There are a lot of people living in this city,Gemini,colloquial,short
What is the population of this city?,NUMBER,['population'],The population of this city is about 30000,Gemini,explanatory,short
What is the population of this city?,NUMBER,['population'],The population of this city is about 75000,Gemini,annoyed,short
What is the power in watts?,NUMBER,['power'],240 watts,Gemini,verbose,short
What is the power in watts?,NUMBER,['power'],watts is the power in watts,Gemini,concise,short
What is the power in watts?,NUMBER,['power'],5000 watts,Gemini,colloquial,short
What is the power in watts?,NUMBER,['power'],watts is the power in watts,Gemini,explanatory,short
What is the power in watts?,NUMBER,['power'],watts,Gemini,annoyed,short
What is the pressure in pascals?,NUMBER,['pressure'],None of the above choices,Gemini,annoyed,short
What is the price of this item?,NUMBER,['price'],The price of this item is 125,Gemini,concise,short
What is the price of this item?,NUMBER,['price'],The price of this item is 250,Gemini,colloquial,short
What is the price of this item?,NUMBER,['price'],The price is a lot of money,Gemini,explanatory,short
What is the product ID number?,NUMBER,['product ID'],0,Gemini,verbose,short
What is the product ID number?,NUMBER,['product ID'],The product ID number is 00,Gemini,concise,short
What is the product ID number?,NUMBER,['product ID'],I think the product ID number is 512,Gemini,explanatory,short
What is the product ID number?,NUMBER,['product ID'],I dont know,Gemini,annoyed,short
What is the project budget in dollars?,NUMBER,['budget'],15 million,Gemini,verbose,short
What is the project budget in dollars?,NUMBER,['budget'],The project budget is 600000 per year,Gemini,concise,short
What is the project budget in dollars?,NUMBER,['budget'],500000,Gemini,colloquial,short
What is the project budget in dollars?,NUMBER,['budget'],The project budget in dollars,Gemini,explanatory,short
What is the project budget in dollars?,NUMBER,['budget'],The project budget is about 1 million,Gemini,annoyed,short
What is the quantity in stock?,NUMBER,['quantity'],We have a lot of stock,Gemini,concise,short
What is the quantity in stock?,NUMBER,['quantity'],We have a lot of stock,Gemini,explanatory,short
What is the quantity in stock?,NUMBER,['quantity'],We have a lot of stock,Gemini,annoyed,short
What is the quantity of items ordered?,NUMBER,['order quantity'],I need to order a lot of items,Gemini,verbose,short
What is the quantity of items ordered?,NUMBER,['order quantity'],I ordered a lot of items,Gemini,concise,short
What is the quantity of items ordered?,NUMBER,['order quantity'],Ive ordered a lot of items,Gemini,colloquial,short
What is the quantity of items ordered?,NUMBER,['order quantity'],I ordered a lot of items,Gemini,explanatory,short
What is the quantity of items ordered?,NUMBER,['order quantity'],I ordered a lot of items,Gemini,annoyed,short
What is the quantity per unit?,NUMBER,['quantity'],The quantity per unit is the quantity per unit,Gemini,concise,short
What is the quantity per unit?,NUMBER,['quantity'],Im not sure but Im not sure,Gemini,colloquial,short
What is the quantity per unit?,NUMBER,['quantity'],The quantity per unit is a unit,Gemini,explanatory,short
What is the quantity per unit?,NUMBER,['quantity'],Im not sure,Gemini,annoyed,short
What is the resistance in ohms?,NUMBER,['resistance'],The resistance in ohms is 01 ohms,Gemini,concise,short
What is the resistance in ohms?,NUMBER,['resistance'],ohms,Gemini,colloquial,short
What is the resistance in ohms?,NUMBER,['resistance'],ohms,Gemini,explanatory,short
What is the resistance in ohms?,NUMBER,['resistance'],The resistance in ohms is very low,Gemini,annoyed,short
What is the return on investment (ROI) percentage?,NUMBER,['ROI'],A percentage of a companys revenue,Gemini,verbose,short
What is the return on investment (ROI) percentage?,NUMBER,['ROI'],1,Gemini,concise,short
What is the return on investment (ROI) percentage?,NUMBER,['ROI'],I think the return on investment ROI is about 4,Gemini,colloquial,short
What is the room number for the meeting?,NUMBER,['room number'],The room number for the meeting is 20,Gemini,verbose,short
What is the room number for the meeting?,NUMBER,['room number'],58,Gemini,concise,short
What is the room number for the meeting?,NUMBER,['room number'],The meeting starts at 700,Gemini,colloquial,short
What is the room number for the meeting?,NUMBER,['room number'],The meeting is scheduled to start at 700 pm,Gemini,explanatory,short
What is the room number for the meeting?,NUMBER,['room number'],Im not sure,Gemini,annoyed,short
What is the room number?,NUMBER,['room number'],The number of people in the room,Gemini,verbose,short
What is the room number?,NUMBER,['room number'],Im not sure,Gemini,concise,short
What is the room number?,NUMBER,['room number'],The number of people in the room,Gemini,colloquial,short
What is the room number?,NUMBER,['room number'],The room number is 102,Gemini,explanatory,short
What is the room number?,NUMBER,['room number'],The room number is 2,Gemini,annoyed,short
What is the sales target for this quarter?,NUMBER,['sales target'],We have a target of 3 million new customers,Gemini,verbose,short
What is the sales target for this quarter?,NUMBER,['sales target'],The sales target for this quarter is 27 million,Gemini,colloquial,short
What is the sales target for this quarter?,NUMBER,['sales target'],Im not sure I dont know,Gemini,explanatory,short
What is the size in gigabytes?,NUMBER,['size'],The size of a gigabyte is 256 gigabytes,Gemini,concise,short
What is the size in gigabytes?,NUMBER,['size'],Im not sure,Gemini,explanatory,short
What is the size in gigabytes?,NUMBER,['size'],The size of a terabyte is 512 gigabytes,Gemini,annoyed,short
What is the size of the team in number of people?,NUMBER,['team size'],The team is a team,Gemini,verbose,short
What is the size of the team in number of people?,NUMBER,['team size'],The team is a team,Gemini,concise,short
What is the size of the team in number of people?,NUMBER,['team size'],The team is a team,Gemini,colloquial,short
What is the size of the team in number of people?,NUMBER,['team size'],The team has a total of 8 people,Gemini,explanatory,short
What is the size of the team in number of people?,NUMBER,['team size'],The team is too small,Gemini,annoyed,short
What is the speed limit on this highway?,NUMBER,['speed limit'],The speed limit is 50 mph,Gemini,verbose,short
What is the speed limit on this highway?,NUMBER,['speed limit'],The speed limit is5 miles per hour,Gemini,concise,short
What is the speed limit on this highway?,NUMBER,['speed limit'],The speed limit is 25 miles per hour,Gemini,colloquial,short
What is the speed limit on this highway?,NUMBER,['speed limit'],The speed limit is 155 mph,Gemini,explanatory,short
What is the speed limit on this highway?,NUMBER,['speed limit'],The speed limit is 30mph,Gemini,annoyed,short
What is the temperature in Celsius?,NUMBER,['temperature'],The temperature in Fahrenheit,Gemini,verbose,short
What is the total amount spent on research and development last year?,NUMBER,['R&D expenditure'],70 million,Gemini,verbose,short
What is the total number of active users?,NUMBER,['active users'],The total number of active users is 3000,Gemini,verbose,short
What is the total number of active users?,NUMBER,['active users'],There are a total of 58 active users,Gemini,colloquial,short
What is the total number of active users?,NUMBER,['active users'],There are a total of 3 million active users,Gemini,explanatory,short
What is the total number of active users?,NUMBER,['active users'],The total number of active users is 30000,Gemini,annoyed,short
What is the total number of clients?,NUMBER,['client count'],There are a lot of clients,Gemini,verbose,short
What is the total number of clients?,NUMBER,['client count'],The total number of clients is 30,Gemini,colloquial,short
What is the total number of clients?,NUMBER,['client count'],There are a lot of clients,Gemini,explanatory,short
What is the total number of clients?,NUMBER,['client count'],There are a lot of clients,Gemini,annoyed,short
What is the total number of employees?,NUMBER,['employee count'],There are a total of 0 employees,Gemini,colloquial,short
What is the total number of forklifts used in the warehouse?,NUMBER,['equipment count'],There are about 2000 forklifts in the warehouse,Gemini,colloquial,short
What is the total number of patents held by the company?,NUMBER,['patent count'],The company has a number of patents,Gemini,annoyed,short
What is the total number of quality control checks performed daily?,NUMBER,['quality control checks'],There are a total of 365 checks a day,Gemini,colloquial,short
What is the total number of quality control inspectors?,NUMBER,['inspector count'],The number of inspectors is about 100,Gemini,concise,short
What is the total number of units produced?,NUMBER,['units produced'],The number of units produced,Gemini,verbose,short
What is the total number of units produced?,NUMBER,['units produced'],Id like to know how many units were produced,Gemini,concise,short
What is the total number of units produced?,NUMBER,['units produced'],The number of units produced,Gemini,explanatory,short
What is the total number of units produced?,NUMBER,['units produced'],The total number of units produced is 20,Gemini,annoyed,short
What is the total number of vehicles in the company fleet?,NUMBER,['fleet size'],The fleet consists of about 2000 vehicles,Gemini,concise,short
What is the total number of vehicles in the company fleet?,NUMBER,['fleet size'],The fleet has a fleet of about 2000 vehicles,Gemini,explanatory,short
What is the total number of vehicles in the company fleet?,NUMBER,['fleet size'],The fleet has a total of 66 vehicles,Gemini,annoyed,short
What is the total project cost?,NUMBER,['project cost'],The total cost of the project,Gemini,verbose,short
What is the total project cost?,NUMBER,['project cost'],The total project cost was 1 million,Gemini,concise,short
What is the total project cost?,NUMBER,['project cost'],The project cost was 500000,Gemini,explanatory,short
What is the total project cost?,NUMBER,['project cost'],The total cost of the project is 120 million,Gemini,annoyed,short
What is the total revenue generated last fiscal year?,NUMBER,['revenue'],25 billion,Gemini,verbose,short
What is the total revenue generated last fiscal year?,NUMBER,['revenue'],276 billion,Gemini,concise,short
What is the total square footage of the house?,NUMBER,['square footage'],900 square feet,Gemini,verbose,short
What is the total square footage of the house?,NUMBER,['square footage'],The house has a total area of 750 square feet,Gemini,colloquial,short
What is the total square footage of the house?,NUMBER,['square footage'],The house has a total of 750 sq ft,Gemini,annoyed,short
What is the voltage in volts?,NUMBER,['voltage'],volts are the same as volts in volts,Gemini,annoyed,short
What is the weight in pounds?,NUMBER,['weight'],Im not sure,Gemini,verbose,short
What is the weight in pounds?,NUMBER,['weight'],Im not sure,Gemini,concise,short
What is the weight in pounds?,NUMBER,['weight'],Im not sure,Gemini,colloquial,short
What is the weight in pounds?,NUMBER,['weight'],I think its a lot of pounds,Gemini,explanatory,short
What is the weight in pounds?,NUMBER,['weight'],Im not sure,Gemini,annoyed,short
What is the year the company was founded?,NUMBER,['foundation year'],1994,Gemini,verbose,short
What is the year the company was founded?,NUMBER,['foundation year'],It was founded in the 1980s,Gemini,concise,short
What is the year the company was founded?,NUMBER,['foundation year'],It was founded in 2001,Gemini,colloquial,short
What is the year the company was founded?,NUMBER,['foundation year'],The company was founded in 2000,Gemini,explanatory,short
What is the year the company was founded?,NUMBER,['foundation year'],1990,Gemini,annoyed,short
What is the zip code for this address?,NUMBER,['zip code'],55505,Gemini,verbose,short
What is the zip code for this address?,NUMBER,['zip code'],20705,Gemini,concise,short
What is the zip code for this address?,NUMBER,['zip code'],12345,Gemini,colloquial,short
What is the zip code for this address?,NUMBER,['zip code'],7805,Gemini,explanatory,short
What is the zip code for this address?,NUMBER,['zip code'],20739,Gemini,annoyed,short
What is the zip code of the office location?,NUMBER,['zip code'],76005,Gemini,verbose,short
What is the zip code of the office location?,NUMBER,['zip code'],76080,Gemini,concise,short
What is the zip code of the office location?,NUMBER,['zip code'],20732,Gemini,colloquial,short
What is the zip code of the office location?,NUMBER,['zip code'],84005,Gemini,explanatory,short
What is the zip code of the office location?,NUMBER,['zip code'],11753,Gemini,annoyed,short
What is your BMI?,NUMBER,['BMI'],I have a BMI,Gemini,verbose,short
What is your BMI?,NUMBER,['BMI'],I have a BMI,Gemini,concise,short
What is your BMI?,NUMBER,['BMI'],I am a BMI,Gemini,colloquial,short
What is your BMI?,NUMBER,['BMI'],I have a BMI,Gemini,explanatory,short
What is your BMI?,NUMBER,['BMI'],I have a BMI,Gemini,annoyed,short
What is your account number?,NUMBER,['account number'],My account number is 212,Gemini,verbose,short
What is your account number?,NUMBER,['account number'],I dont know,Gemini,concise,short
What is your account number?,NUMBER,['account number'],My account number is 865,Gemini,colloquial,short
What is your account number?,NUMBER,['account number'],My account number is 555,Gemini,explanatory,short
What is your account number?,NUMBER,['account number'],I dont know,Gemini,annoyed,short
What is your age?,NUMBER,['age'],Im 26 years old,Gemini,verbose,short
What is your age?,NUMBER,['age'],Im 25 years old,Gemini,concise,short
What is your age?,NUMBER,['age'],Im 26 years old,Gemini,colloquial,short
What is your age?,NUMBER,['age'],Im 26 years old,Gemini,explanatory,short
What is your age?,NUMBER,['age'],Im 35,Gemini,annoyed,short
What is your annual household income?,NUMBER,['income'],I make about 30000 a year,Gemini,verbose,short
What is your annual household income?,NUMBER,['income'],I earn about 30000 a year,Gemini,concise,short
What is your annual household income?,NUMBER,['income'],I earn about 60000 a year,Gemini,colloquial,short
What is your annual household income?,NUMBER,['income'],I earn about 3000 a year,Gemini,explanatory,short
What is your blood pressure (systolic reading)?,NUMBER,['blood pressure'],Im 63,Gemini,verbose,short
What is your blood pressure (systolic reading)?,NUMBER,['blood pressure'],I have a high blood pressure,Gemini,concise,short
What is your blood pressure (systolic reading)?,NUMBER,['blood pressure'],I have a high blood pressure,Gemini,colloquial,short
What is your blood pressure (systolic reading)?,NUMBER,['blood pressure'],I have a high blood pressure,Gemini,explanatory,short
What is your blood pressure (systolic reading)?,NUMBER,['blood pressure'],I have a high blood pressure,Gemini,annoyed,short
What is your credit score?,NUMBER,['credit score'],I have a score of 0 on my credit report,Gemini,verbose,short
What is your credit score?,NUMBER,['credit score'],I have a score of 0 on my credit report,Gemini,concise,short
What is your credit score?,NUMBER,['credit score'],I have a credit score of 620,Gemini,explanatory,short
What is your credit score?,NUMBER,['credit score'],Im not sure I dont have a credit score,Gemini,annoyed,short
What is your current weight?,NUMBER,['weight'],Im 185 pounds,Gemini,verbose,short
What is your current weight?,NUMBER,['weight'],Im 185 lbs,Gemini,concise,short
What is your current weight?,NUMBER,['weight'],Im 176 pounds,Gemini,colloquial,short
What is your current weight?,NUMBER,['weight'],Im 185 lbs,Gemini,explanatory,short
What is your current weight?,NUMBER,['weight'],Im a heavy weight,Gemini,annoyed,short
What is your employee ID number?,NUMBER,['employee ID'],Im not sure,Gemini,verbose,short
What is your employee ID number?,NUMBER,['employee ID'],I dont know,Gemini,concise,short
What is your employee ID number?,NUMBER,['employee ID'],I dont know,Gemini,colloquial,short
What is your employee ID number?,NUMBER,['employee ID'],Im not sure,Gemini,explanatory,short
What is your employee ID number?,NUMBER,['employee ID'],I dont know,Gemini,annoyed,short
What is your employee ID?,NUMBER,['employee ID'],I am a manager,Gemini,verbose,short
What is your employee ID?,NUMBER,['employee ID'],I am a fulltime employee of a company,Gemini,concise,short
What is your employee ID?,NUMBER,['employee ID'],I have a job number,Gemini,colloquial,short
What is your employee ID?,NUMBER,['employee ID'],I am a manager,Gemini,explanatory,short
What is your employee ID?,NUMBER,['employee ID'],I am an employee of the company I work for,Gemini,annoyed,short
What is your estimated net worth?,NUMBER,['net worth'],Im not sure,Gemini,verbose,short
What is your estimated net worth?,NUMBER,['net worth'],Im a millionaire,Gemini,concise,short
What is your estimated net worth?,NUMBER,['net worth'],Im a millionaire,Gemini,colloquial,short
What is your estimated net worth?,NUMBER,['net worth'],Im a millionaire,Gemini,explanatory,short
What is your estimated net worth?,NUMBER,['net worth'],Im a millionaire,Gemini,annoyed,short
What is your height in centimeters?,NUMBER,['height'],Im 62 tall,Gemini,verbose,short
What is your height in centimeters?,NUMBER,['height'],Im 5 feet 6 inches,Gemini,concise,short
What is your height in centimeters?,NUMBER,['height'],Im 59 tall,Gemini,colloquial,short
What is your height in centimeters?,NUMBER,['height'],Im 178 cm tall,Gemini,explanatory,short
What is your height in centimeters?,NUMBER,['height'],Im 58 tall,Gemini,annoyed,short
What is your home's square footage?,NUMBER,['home size'],I live in a home that has a lot of square footage,Gemini,verbose,short
What is your home's square footage?,NUMBER,['home size'],Its a lot of square feet,Gemini,concise,short
What is your home's square footage?,NUMBER,['home size'],Its a lot of square feet,Gemini,colloquial,short
What is your home's square footage?,NUMBER,['home size'],My homes square footage is about 100 square feet,Gemini,annoyed,short
What is your house number?,NUMBER,['house number'],Im not sure,Gemini,verbose,short
What is your house number?,NUMBER,['house number'],My house number is 202,Gemini,concise,short
What is your house number?,NUMBER,['house number'],My house number is 111,Gemini,colloquial,short
What is your house number?,NUMBER,['house number'],Im not sure,Gemini,explanatory,short
What is your house number?,NUMBER,['house number'],Im not sure,Gemini,annoyed,short
What is your order number?,NUMBER,['order number'],I have a number,Gemini,verbose,short
What is your order number?,NUMBER,['order number'],I dont know,Gemini,concise,short
What is your order number?,NUMBER,['order number'],Im not sure,Gemini,colloquial,short
What is your order number?,NUMBER,['order number'],Im not sure,Gemini,explanatory,short
What is your order number?,NUMBER,['order number'],I dont know,Gemini,annoyed,short
What is your pant size?,NUMBER,['pant size'],Im a 60 pant,Gemini,verbose,short
What is your pant size?,NUMBER,['pant size'],Im 59 tall,Gemini,concise,short
What is your pant size?,NUMBER,['pant size'],Im a 45 lb pant size,Gemini,colloquial,short
What is your pant size?,NUMBER,['pant size'],Im a size 8 pant,Gemini,explanatory,short
What is your pant size?,NUMBER,['pant size'],Im a 59 pant,Gemini,annoyed,short
"What is your preferred contact method (1 for phone, 2 for email)?",NUMBER,['contact preference'],I prefer phone,Gemini,verbose,short
"What is your preferred contact method (1 for phone, 2 for email)?",NUMBER,['contact preference'],I prefer phone,Gemini,concise,short
"What is your preferred contact method (1 for phone, 2 for email)?",NUMBER,['contact preference'],I prefer phone,Gemini,colloquial,short
"What is your preferred contact method (1 for phone, 2 for email)?",NUMBER,['contact preference'],I prefer phone,Gemini,explanatory,short
"What is your preferred contact method (1 for phone, 2 for email)?",NUMBER,['contact preference'],I prefer phone,Gemini,annoyed,short
What is your shirt size?,NUMBER,['shirt size'],Im a XL,Gemini,verbose,short
What is your shirt size?,NUMBER,['shirt size'],Im a XL,Gemini,concise,short
What is your shirt size?,NUMBER,['shirt size'],Im a size small,Gemini,colloquial,short
What is your shirt size?,NUMBER,['shirt size'],Im a size XXL,Gemini,explanatory,short
What is your shirt size?,NUMBER,['shirt size'],Im a XL,Gemini,annoyed,short
What is your shoe size?,NUMBER,['shoe size'],Im a medium size,Gemini,verbose,short
What is your shoe size?,NUMBER,['shoe size'],Im a medium,Gemini,concise,short
What is your shoe size?,NUMBER,['shoe size'],Im a medium size,Gemini,colloquial,short
What is your shoe size?,NUMBER,['shoe size'],Im a 68 shoe size,Gemini,explanatory,short
What is your shoe size?,NUMBER,['shoe size'],Im not sure,Gemini,annoyed,short
What is your street address number?,NUMBER,['street number'],I have a street address number,Gemini,verbose,short
What is your street address number?,NUMBER,['street number'],I dont have a street address number,Gemini,concise,short
What is your street address number?,NUMBER,['street number'],I have a street address number,Gemini,colloquial,short
What is your street address number?,NUMBER,['street number'],I dont know,Gemini,annoyed,short
What is your total yearly spending on groceries?,NUMBER,['grocery spending'],I spend a total of about 1200 a year on groceries,Gemini,verbose,short
What is your total yearly spending on groceries?,NUMBER,['grocery spending'],I spend about 2000 a year on groceries,Gemini,concise,short
What is your total yearly spending on groceries?,NUMBER,['grocery spending'],I spend about 2000 a year on groceries,Gemini,colloquial,short
What is your total yearly spending on groceries?,NUMBER,['grocery spending'],I spend about 600 a year on groceries,Gemini,explanatory,short
What is your total yearly spending on groceries?,NUMBER,['grocery spending'],I spend about 120 a month on groceries,Gemini,annoyed,short
What is your weight in kilograms?,NUMBER,['weight (kg)'],I weigh a lot of weight in kilograms,Gemini,verbose,short
What is your weight in kilograms?,NUMBER,['weight (kg)'],I weigh a lot of pounds,Gemini,concise,short
What is your weight in kilograms?,NUMBER,['weight (kg)'],I weigh 155 lbs,Gemini,colloquial,short
What is your weight in kilograms?,NUMBER,['weight (kg)'],I weigh 185 lb,Gemini,explanatory,short
What is your weight in kilograms?,NUMBER,['weight (kg)'],I weigh a lot of pounds,Gemini,annoyed,short
What is your zip code?,NUMBER,['zip code'],Im in California,Gemini,verbose,short
What is your zip code?,NUMBER,['zip code'],I dont have a zip code,Gemini,concise,short
What is your zip code?,NUMBER,['zip code'],Im located in the United States,Gemini,colloquial,short
What is your zip code?,NUMBER,['zip code'],Im in New York City,Gemini,explanatory,short
What is your zip code?,NUMBER,['zip code'],I live in a city that has a ZIP code,Gemini,annoyed,short
What year was the company founded?,NUMBER,['year'],In the early 20th century,Gemini,verbose,short
What year was the company founded?,NUMBER,['year'],It was founded in the 1880s,Gemini,concise,short
What year was the company founded?,NUMBER,['year'],The company was founded in the 1880s,Gemini,colloquial,short
What year was the company founded?,NUMBER,['year'],The company was founded in the 1960s,Gemini,explanatory,short
What year was the company founded?,NUMBER,['year'],The year the company was founded,Gemini,annoyed,short
