question,type,options,answer,model,tone,difficulty
Describe any areas where cost savings could be achieved.,TEXT,['Text']," Significant cost savings could be realized by renegotiating contracts with suppliers, particularly for high-volume items.  A thorough review of our energy consumption and implementation of energy-efficient technologies could also yield substantial reductions. Finally, streamlining our internal processes and eliminating redundancies would contribute to overall cost efficiency.",Gemini,verbose,long
Describe any areas where cost savings could be achieved.,TEXT,['Text'],"  Dude, we could totally save a ton of cash by haggling with those suppliers, you know?  And maybe switch to some energy-saving stuff.  Plus, we're probably wasting money somewhere, let's find it!",Gemini,colloquial,long
Describe any areas where cost savings could be achieved.,TEXT,['Text']," Cost savings can be achieved through a multi-pronged approach. Firstly, a comprehensive audit of existing contracts can identify areas for negotiation and potential price reductions from suppliers. Secondly, investing in energy-efficient equipment and practices can significantly reduce utility costs over time.  Finally, optimizing workflows and eliminating unnecessary expenses can further enhance cost savings.",Gemini,explanatory,long
Describe any areas where cost savings could be achieved.,TEXT,['Text'],"  Well, obviously we need to look at our spending.  Negotiating better deals with suppliers is a start.  And seriously, someone needs to figure out why our energy bills are so high.",Gemini,annoyed,long
Describe any areas where the company could improve its compliance with regulatory requirements.,TEXT,['Text'], The company's data security protocols need a thorough review to ensure full compliance with GDPR and CCPA regulations.  Employee training on these regulations is also lacking and should be implemented immediately.  Regular audits of data handling practices are also necessary to identify and rectify any inconsistencies.,Gemini,verbose,long
Describe any areas where the company could improve its compliance with regulatory requirements.,TEXT,['Text'],"  Improved compliance could be achieved through a comprehensive review of all applicable regulations, followed by a gap analysis to identify areas needing attention. Subsequently, targeted training programs and updated procedures should be implemented and regularly audited to ensure ongoing compliance.",Gemini,explanatory,long
Describe any areas where the company could improve its compliance with regulatory requirements.,TEXT,['Text'],"  Frankly, their record-keeping is a mess and doesn't meet the minimum standards.  They need a complete overhaul of their systems and better staff training to avoid further issues.  It's been brought up before!",Gemini,annoyed,long
Describe any areas where the convention fell short of expectations.,TEXT,['Text']," The convention's biggest letdown was the lack of networking opportunities.  Despite the large number of attendees, there weren't enough structured events or informal spaces to facilitate meaningful connections. This hindered the overall experience for many participants.",Gemini,verbose,long
Describe any areas where the convention fell short of expectations.,TEXT,['Text']," The promised keynote speakers failed to materialize, leaving significant gaps in the schedule.  This resulted in wasted time and disappointed attendees who had planned their schedules around these presentations. The lack of sufficient alternative programming compounded the issue.",Gemini,explanatory,long
Describe any areas where the convention fell short of expectations.,TEXT,['Text'],"  The promised workshops were severely underwhelming.  The advertised content didn't match the reality, leaving participants feeling cheated out of valuable learning opportunities. It was frankly disappointing.",Gemini,annoyed,long
Describe any challenges in delivering the message.,TEXT,['Text'],"  The biggest challenge was ensuring the message's clarity and impact despite the limitations of the text format.  Nuance and tone are difficult to convey effectively in writing, risking misinterpretation.  Furthermore, reaching the intended audience and ensuring message delivery required careful consideration of their preferences and accessibility.",Gemini,verbose,long
Describe any challenges in delivering the message.,TEXT,['Text']," The primary challenge was maintaining concise language while also conveying complex information. Text-based communication often lacks the visual aids or nonverbal cues that can enhance understanding.  Therefore, strategic use of formatting and clear sentence structure was crucial.",Gemini,explanatory,long
Describe any challenges in delivering the message.,TEXT,['Text'],  It was surprisingly difficult to get the message across in a way that wasn't completely misinterpreted or ignored.  People just don't read their texts properly!,Gemini,annoyed,long
Describe any incidents or near misses that occurred.,TEXT,['Text']," During the project, a significant near miss occurred when a critical component malfunctioned, nearly causing a system-wide failure.  Fortunately, our backup systems were activated promptly, preventing any major disruption.  A thorough investigation and preventative measures were implemented afterwards.",Gemini,verbose,long
Describe any incidents or near misses that occurred.,TEXT,['Text']," There was one instance where a data entry error was almost overlooked, potentially leading to incorrect calculations and reporting. However, the error was detected during a routine check, preventing a costly mistake. This highlighted the need for enhanced data validation protocols.",Gemini,explanatory,long
Describe any incidents or near misses that occurred.,TEXT,['Text'],"  We had a close call with the power supply – it nearly fried the whole system.  It required a complete system reboot, which wasted a lot of our time.  I wish things were more reliable.",Gemini,annoyed,long
Describe any instances of unfairness you observed during the convention.,TEXT,['Text']," The biggest issue was the disproportionate media coverage given to the keynote speakers.  Smaller, equally important workshops and discussions were barely mentioned, leaving attendees feeling their contributions were undervalued. This created an uneven playing field and a sense of unfairness among participants.",Gemini,verbose,long
Describe any instances of unfairness you observed during the convention.,TEXT,['Text'],  The selection process for breakout sessions seemed biased.  Several proposals from minority groups were rejected while less innovative proposals from established groups were accepted. This suggests an inherent unfairness in the system.,Gemini,explanatory,long
Describe any instances of unfairness you observed during the convention.,TEXT,['Text'],  It was pretty frustrating how certain delegates got preferential treatment.  They seemed to have inside access to information and resources that weren't available to everyone else. It felt unfair and undemocratic.,Gemini,annoyed,long
Describe the agent's demeanor.,TEXT,['Text']," The agent maintained a professional and courteous demeanor throughout our interaction.  They spoke clearly and concisely, answering all my questions thoroughly and patiently.  Their tone was calm and reassuring.",Gemini,verbose,long
Describe the agent's demeanor.,TEXT,['Text']," The agent presented a calm and collected demeanor. Their responses were measured and thoughtful, suggesting a deliberate and controlled approach to the interaction. This fostered a sense of trust and confidence.",Gemini,explanatory,long
Describe the audience for the communication.,TEXT,['Text']," The intended audience is likely young adults aged 18-25, highly active on social media platforms.  They are tech-savvy and prefer short, engaging content.  Their interests span entertainment, current events, and social issues.",Gemini,verbose,long
Describe the audience for the communication.,TEXT,['Text']," The communication is targeted toward a demographic characterized by high smartphone usage and engagement with digital content.  This suggests a younger audience accustomed to brief, readily-digestible information. This could encompass a range of age groups but skews towards younger individuals.",Gemini,explanatory,long
Describe the challenges associated with maintaining aging equipment.,TEXT,['Text']," Maintaining aging equipment presents numerous challenges.  Finding replacement parts becomes increasingly difficult and expensive as manufacturers discontinue support.  Furthermore, older equipment is often less efficient and more prone to breakdowns, leading to increased downtime and maintenance costs.",Gemini,verbose,long
Describe the challenges associated with maintaining aging equipment.,TEXT,['Text'], Aging equipment is challenging to maintain due to several factors.  Obsolescence leads to difficulty sourcing replacement components and specialized expertise.  This often results in increased maintenance expenses and prolonged periods of equipment unavailability.,Gemini,explanatory,long
Describe the challenges associated with maintaining aging equipment.,TEXT,['Text']," It's a constant battle.  The parts are impossible to find, and when you do, they're ridiculously overpriced.  Then the thing breaks down again a week later!",Gemini,annoyed,long
Describe the challenges associated with managing a diverse workforce.,TEXT,['Text']," Managing a diverse workforce presents communication challenges due to varying language skills and cultural nuances.  Different work styles and expectations can lead to misunderstandings and conflict.  Effective management requires cultural sensitivity training and clear, adaptable communication strategies.",Gemini,verbose,long
Describe the challenges associated with managing a diverse workforce.,TEXT,['Text'],"  So, you've got people from all walks of life, right?  It's tricky getting everyone on the same page, especially with different ways of doing things and, you know, language can be a real pain sometimes.  Plus, you gotta be careful not to offend anyone.",Gemini,colloquial,long
Describe the challenges associated with managing a diverse workforce.,TEXT,['Text'],  Successfully managing a diverse workforce requires addressing potential communication barriers stemming from language differences and varying cultural norms.  Bias and discrimination must be actively mitigated through inclusive policies and practices.  Effective leadership in this context necessitates strong interpersonal skills and a commitment to fostering a culture of mutual respect.,Gemini,explanatory,long
Describe the challenges associated with managing a diverse workforce.,TEXT,['Text']," It's not easy, okay?  You have to deal with so many different perspectives and communication styles, and making sure everyone feels valued and respected takes a lot of effort and careful planning.  It's not just about ticking boxes; it's about actually building a cohesive team.",Gemini,annoyed,long
Describe the communication strategy.,TEXT,['Text']," We'll be using text messages to disseminate information quickly and efficiently to all team members.  This allows for immediate updates and confirmations, bypassing potential delays associated with other methods.  Regular texting updates will keep everyone informed about project progress and any changes in schedule.",Gemini,verbose,long
Describe the communication strategy.,TEXT,['Text'],"  A text-based communication strategy was chosen for its speed and accessibility. Text messages offer a direct and immediate method of disseminating information to a wide audience, ensuring everyone is kept abreast of developments.  This method is cost-effective and universally accessible.",Gemini,explanatory,long
Describe the company's approach to data analytics and its application in decision-making.,TEXT,['Text']," Our company utilizes a data-driven approach, employing advanced analytics techniques like predictive modeling and machine learning to identify trends and patterns within our vast datasets.  These insights directly inform strategic decision-making across all departments, from marketing and sales to product development and operations.  This allows us to make more informed, data-backed choices leading to improved efficiency and profitability.",Gemini,verbose,long
Describe the company's approach to data analytics and its application in decision-making.,TEXT,['Text'],"  Yeah, so we're all about the numbers, right? We crunch data to see what's working and what's not, then we make moves based on that. It's pretty straightforward.",Gemini,colloquial,long
Describe the company's approach to data analytics and its application in decision-making.,TEXT,['Text'],"  The company's data analytics strategy involves collecting and analyzing various data sources to understand customer behavior, market trends, and internal operational efficiency. This analysis is then translated into actionable insights which guide strategic and operational decisions, ultimately aiming to optimize performance and achieve business goals.",Gemini,explanatory,long
Describe the company's approach to risk management.,TEXT,['Text']," Our company employs a multi-layered risk management approach, integrating risk assessment into all stages of project development and operations.  We utilize a combination of qualitative and quantitative methods to identify, analyze, and mitigate potential risks, regularly reviewing our strategies for effectiveness.  This proactive approach ensures we are well-prepared for unforeseen challenges and can maintain operational resilience.",Gemini,verbose,long
Describe the company's approach to risk management.,TEXT,['Text']," The company's risk management strategy is founded on a systematic process involving the identification of potential risks, a thorough analysis of their likelihood and impact, and the development of appropriate mitigation plans.  These plans are regularly reviewed and updated to reflect changing circumstances. This ensures continuous improvement in risk management practices.",Gemini,explanatory,long
Describe the company's approach to risk management.,TEXT,['Text'],"  We have a risk management program, it's documented somewhere.  I'm sure it's quite comprehensive, though I don't personally deal with it.  It's the compliance department's responsibility.",Gemini,annoyed,long
Describe the company's commitment to health and safety.,TEXT,['Text']," Our company prioritizes the health and safety of our employees above all else.  We invest significantly in safety training, equipment, and preventative measures, and actively encourage a culture of reporting hazards and near misses.  Regular safety audits and employee feedback sessions ensure our practices remain effective and up-to-date.",Gemini,verbose,long
Describe the company's commitment to health and safety.,TEXT,['Text'],"  Our commitment to health and safety is demonstrated through a multifaceted approach. This includes rigorous safety training programs for all employees, the provision of appropriate personal protective equipment (PPE), and a system for reporting and addressing safety concerns.  These measures aim to minimize workplace hazards and foster a safe working environment.",Gemini,explanatory,long
Describe the company's efforts to foster a culture of continuous learning and development.,TEXT,['Text']," Our company champions continuous learning through various initiatives.  We offer tuition reimbursement for relevant courses, provide access to online learning platforms, and encourage employees to attend industry conferences and workshops.  Mentorship programs and internal knowledge-sharing sessions further enhance skill development.",Gemini,verbose,long
Describe the company's efforts to foster a culture of continuous learning and development.,TEXT,['Text'],"  Yeah, we're pretty big on learning here.  They pay for classes, got all sorts of online training stuff, and we even get to go to conferences sometimes!  It's pretty sweet.",Gemini,colloquial,long
Describe the company's efforts to foster a culture of continuous learning and development.,TEXT,['Text'],  The company fosters a culture of continuous learning by investing in employee development.  This includes financial support for external training and internal programs designed to enhance skills and knowledge.  Opportunities for mentoring and knowledge sharing further enrich this commitment.,Gemini,explanatory,long
Describe the company's efforts to foster a culture of continuous learning and development.,TEXT,['Text'],"  We have a tuition reimbursement program,  various online training modules, and occasionally send people to conferences.  It's part of our stated goals, anyway.",Gemini,annoyed,long
Describe the environmental impact of the operations.,TEXT,['Text'], Our operations generate greenhouse gas emissions primarily from fuel combustion in our vehicles and energy consumption in our facilities.  We also produce wastewater and solid waste requiring proper treatment and disposal.  Mitigation efforts include investing in renewable energy and implementing waste reduction programs.,Gemini,verbose,long
Describe the environmental impact of the operations.,TEXT,['Text']," The environmental impact stems from various sources including energy consumption leading to carbon emissions, waste disposal contributing to landfill burden, and potential water pollution from industrial processes.  These impacts are being addressed through sustainability initiatives aimed at reducing our environmental footprint.  Further improvements are ongoing.",Gemini,explanatory,long
Describe the feedback received on the communication.,TEXT,['Text']," The feedback was overwhelmingly positive, praising the clarity and conciseness of the message.  Several recipients mentioned the ease with which they understood the key takeaways.  A few minor suggestions for improvement were also offered regarding formatting.",Gemini,verbose,long
Describe the feedback received on the communication.,TEXT,['Text']," The communication received generally favorable feedback.  Specific comments included appreciation for the timely delivery and the comprehensive nature of the information.  However, a few points were raised regarding potential ambiguity in certain sections.",Gemini,explanatory,long
Describe the feedback received on the communication.,TEXT,['Text'],"  The response was alright, I guess. A few people had problems understanding parts of it, so we need to clarify things. It wasn't a disaster, but it could have been better.",Gemini,annoyed,long
Describe the impact of automation on the workforce.,TEXT,['Text']," Automation's impact on the workforce is multifaceted.  It's leading to job displacement in some sectors, requiring retraining and adaptation for many workers.  However, it also creates new roles in areas like technology maintenance and development, ultimately reshaping the job market.",Gemini,verbose,long
Describe the impact of automation on the workforce.,TEXT,['Text'],"  So, automation, right?  It's like, some jobs are gone, poof! But then, new jobs pop up,  ya know,  to fix the robots and stuff.  It's a mixed bag, I guess.",Gemini,colloquial,long
Describe the impact of automation on the workforce.,TEXT,['Text']," Automation significantly alters the demand for labor, decreasing the need for manual and repetitive tasks. This necessitates workforce adaptation through reskilling and upskilling initiatives to meet the evolving job market demands for technical expertise and management of automated systems.  The overall effect is a shift in the types of jobs available.",Gemini,explanatory,long
Describe the impact of automation on the workforce.,TEXT,['Text'],"  It's complicated.  Lots of people are losing their jobs because of machines.  And while some say new jobs are created, it's not always a fair trade-off, especially for those who lack the skills to transition.",Gemini,annoyed,long
Describe the impact of global economic conditions on the company's operations.,TEXT,['Text']," Global economic downturns significantly impact our supply chain, increasing material costs and potentially causing delays.  Reduced consumer spending directly affects sales, necessitating adjustments to our production and marketing strategies.  Furthermore, fluctuating exchange rates complicate international trade and profitability.",Gemini,verbose,long
Describe the impact of global economic conditions on the company's operations.,TEXT,['Text'],"  Yeah, so, the economy's a mess, right? That means stuff costs more, people buy less, and dealing with other countries is a total headache.  It's a pain.",Gemini,colloquial,long
Describe the impact of global economic conditions on the company's operations.,TEXT,['Text'],  The current global economic climate presents challenges in several key areas. Increased inflation leads to higher input costs and reduced consumer purchasing power.  This necessitates careful resource allocation and strategic pricing adjustments to maintain profitability.,Gemini,explanatory,long
Describe the impact of global economic conditions on the company's operations.,TEXT,['Text'],"  It's complicated.  Global economic fluctuations affect everything – our sourcing, our sales, and our bottom line.  We're constantly having to adapt to unpredictable market shifts.",Gemini,annoyed,long
Describe the impact of recent technological advancements on the industry.,TEXT,['Text']," Recent technological advancements have revolutionized many industries, leading to increased automation, improved efficiency, and the creation of entirely new markets.  This has resulted in both job displacement in some sectors and the emergence of new, higher-skilled roles in others.  The pace of change is accelerating, demanding constant adaptation and reskilling from the workforce.",Gemini,verbose,long
Describe the impact of recent technological advancements on the industry.,TEXT,['Text']," Increased automation and data-driven decision-making are transforming industries, boosting productivity but also raising concerns about job displacement.",Gemini,concise,long
Describe the impact of recent technological advancements on the industry.,TEXT,['Text'],"  Technological advancements, such as AI and machine learning, are significantly impacting industrial processes by increasing efficiency and accuracy.  This leads to cost reductions and the development of new products and services.  However, ethical considerations and workforce retraining are crucial aspects to manage alongside these advancements.",Gemini,explanatory,long
Describe the impact of recent technological advancements on the industry.,TEXT,['Text'],"  It's all about automation and AI, isn't it?  Everyone keeps talking about it like it's some magic bullet.  It's changing things, yes, but it's not as simple as people make it out to be.",Gemini,annoyed,long
Describe the overall effectiveness of the communication.,TEXT,['Text']," The communication was largely effective in conveying the necessary information, although some aspects could have been clearer.  The recipient understood the main points, but there was room for improvement in terms of conciseness and clarity.  Overall, it served its purpose adequately.",Gemini,verbose,long
Describe the overall effectiveness of the communication.,TEXT,['Text']," The communication successfully transmitted the core message to the intended audience.  However,  minor ambiguities could have been avoided with more precise wording.  A revised version might enhance overall comprehension.",Gemini,explanatory,long
Describe the process.,TEXT,['Text']," First, gather all necessary materials.  Then, carefully follow each step in the instructions, ensuring accuracy at each stage. Finally, review your work to confirm completion and identify any necessary corrections.",Gemini,verbose,long
Describe the process.,TEXT,['Text']," The process involves three key phases: preparation, execution, and verification.  Preparation involves gathering necessary resources. Execution entails following the outlined steps. Verification ensures the successful completion and accuracy of the process.",Gemini,explanatory,long
Describe the quality control measures implemented.,TEXT,['Text']," We implemented a multi-stage quality control process involving rigorous testing at each production phase.  This included automated checks for errors, manual reviews by our quality assurance team, and final verification before product release.  Customer feedback is also actively monitored and incorporated into future quality improvements.",Gemini,verbose,long
Describe the quality control measures implemented.,TEXT,['Text'], Our quality control measures are designed to minimize defects and ensure product reliability.  These measures involve both automated testing procedures and human oversight to catch errors that might be missed by automated systems.  Continuous improvement is a key aspect of our approach.,Gemini,explanatory,long
Describe the quality control measures implemented.,TEXT,['Text'],"  We have a system in place, it involves automated testing and manual checks by our QA team.  What else do you want to know?  It's a pretty standard process.",Gemini,annoyed,long
Describe the safety procedures followed during the operation.,TEXT,['Text'],"  Before starting, we conducted a thorough risk assessment, identifying potential hazards and implementing control measures.  During the operation, all personnel wore appropriate PPE, including safety glasses, gloves, and hearing protection.  Regular safety checks were performed throughout the process to ensure compliance with established protocols.",Gemini,verbose,long
Describe the safety procedures followed during the operation.,TEXT,['Text'],  Safety procedures included a preliminary risk assessment to identify and mitigate potential hazards.  Personal protective equipment (PPE) appropriate for the operation was mandatory for all personnel.  The process was monitored consistently to ensure adherence to safety regulations and immediate responses to any identified risks.,Gemini,explanatory,long
Describe the safety procedures followed during the operation.,TEXT,['Text'],"  We followed the safety procedures, as always.  Risk assessment was done, everyone wore the right gear, and regular checks were made.  It's all documented, if you need more details.",Gemini,annoyed,long
Describe your experience with the registration process.,TEXT,['Text'], The registration process was straightforward and intuitive.  I completed it quickly and without encountering any significant problems.  The instructions were clear and easy to follow.,Gemini,verbose,long
Describe your experience with the registration process.,TEXT,['Text']," The registration process was well-designed and user-friendly.  Each step was clearly explained, and the form was easy to navigate.  I appreciated the clear instructions and helpful prompts.",Gemini,explanatory,long
Describe your experience with the support agent's technical expertise.,TEXT,['Text']," The support agent demonstrated a high level of technical proficiency.  They quickly diagnosed the issue and provided clear, concise solutions.  Their expertise saved me considerable time and frustration.",Gemini,verbose,long
Describe your experience with the support agent's technical expertise.,TEXT,['Text'], The support agent's technical expertise was evident in their ability to efficiently troubleshoot the problem. They accurately identified the root cause and implemented the necessary fixes. This demonstrated a strong understanding of the system's architecture.,Gemini,explanatory,long
Describe your experience with the technology used during the convention.,TEXT,['Text']," The technology at the convention was a mixed bag. The registration system using the app was smooth and efficient, but the Wi-Fi was unreliable in several breakout sessions, leading to some frustration with presentations relying on online resources.  Overall, it could have been better.",Gemini,verbose,long
Describe your experience with the technology used during the convention.,TEXT,['Text']," The convention utilized a mobile application for registration and scheduling, which functioned well. However, the wireless internet access was inconsistent throughout the venue, impacting presentations and participant connectivity. This inconsistency needs addressing for future events.",Gemini,explanatory,long
Describe your experience with the technology used during the convention.,TEXT,['Text'],"  The Wi-Fi was terrible.  It kept dropping out, making it impossible to follow along with some of the presentations that used online materials.  It was very frustrating.",Gemini,annoyed,long
Describe your experience.,TEXT,['Text']," My experience has been a rollercoaster of learning and growth.  I've faced challenges that pushed me beyond my comfort zone, forcing me to adapt and evolve.  Ultimately, it's been a rewarding journey of self-discovery.",Gemini,verbose,long
Describe your experience.,TEXT,['Text']," My experience encompasses a broad range of situations, both positive and negative, which have contributed to my overall development and understanding of the world. These experiences have shaped my perspectives and informed my decision-making processes.",Gemini,explanatory,long
Describe your favorite part of the convention.,TEXT,['Text'], My favorite part was definitely the keynote speech.  The speaker was incredibly engaging and their message was both inspiring and relevant to my work.  I left feeling energized and ready to tackle new challenges.,Gemini,verbose,long
Describe your favorite part of the convention.,TEXT,['Text'], I enjoyed the networking opportunities the most.  Meeting so many people in my field and exchanging ideas was invaluable. It helped me gain new perspectives on current projects.,Gemini,explanatory,long
Describe your interaction with the convention staff.,TEXT,['Text']," The convention staff were incredibly helpful and friendly.  They readily answered all my questions, even the ones I felt were a bit silly, and went out of their way to assist with directions and finding specific areas within the convention center.  I had a very positive experience interacting with them.",Gemini,verbose,long
Describe your interaction with the convention staff.,TEXT,['Text']," My interactions with the convention staff were largely positive, characterized by their efficiency in resolving inquiries related to event schedules and venue navigation.  However, there was one instance where a staff member seemed less informed than others. Overall, the assistance provided was satisfactory.",Gemini,explanatory,long
Describe your interaction with the convention staff.,TEXT,['Text'],"  The people at the information desk weren't very efficient. I had to wait a long time to get a simple question answered, and the response I got wasn't all that helpful.  It wasn't a disaster, but definitely could have been better.",Gemini,annoyed,long
Describe your overall experience.,TEXT,['Text']," My overall experience has been a positive one, filled with learning and growth. I've encountered challenges, but overcoming them has been rewarding.  I'm looking forward to future opportunities.",Gemini,verbose,long
Describe your overall experience.,TEXT,['Text']," My overall experience has been a positive one, filled with learning and growth. I've encountered challenges, but overcoming them has been rewarding.  I'm looking forward to future opportunities.",Gemini,verbose,long
Describe your overall experience.,TEXT,['Text']," It's been a fascinating journey filled with both exhilarating highs and challenging lows.  The learning curve has been steep, but the rewards have been significant.  Overall, I'm quite satisfied with my progress.",Gemini,verbose,long
Describe your overall experience.,TEXT,['Text']," It's been a fascinating journey filled with both exhilarating highs and challenging lows.  The learning curve has been steep, but the rewards have been significant.  Overall, I'm quite satisfied with my progress.",Gemini,verbose,long
Describe your overall experience.,TEXT,['Text']," My experience has been a complex interplay of successes and setbacks.  The challenges faced have contributed significantly to my development and understanding.  Ultimately, I find it to be a valuable learning process.",Gemini,explanatory,long
Describe your overall experience.,TEXT,['Text']," My experience has been a complex interplay of successes and setbacks.  The challenges faced have contributed significantly to my development and understanding.  Ultimately, I find it to be a valuable learning process.",Gemini,explanatory,long
Describe your overall experience.,TEXT,['Text']," My overall experience has been largely positive, marked by significant growth and a deepening understanding of the task at hand.  There have been some areas for improvement, but these have contributed to the learning process.  I am confident in my continued development.",Gemini,explanatory,long
Describe your overall experience.,TEXT,['Text']," My overall experience has been largely positive, marked by significant growth and a deepening understanding of the task at hand.  There have been some areas for improvement, but these have contributed to the learning process.  I am confident in my continued development.",Gemini,explanatory,long
Detail your experience with the new welding equipment.,TEXT,['Text']," The new welding equipment is a significant improvement over the old.  The digital controls are much more precise, leading to cleaner welds, and the reduced vibration makes for a far more comfortable working experience. Overall, it's a substantial upgrade.",Gemini,verbose,long
Detail your experience with the new welding equipment.,TEXT,['Text'], The new welding equipment incorporates several technological advancements.  These improvements include enhanced precision control and ergonomic design features that minimize operator fatigue.  The result is a more efficient and comfortable welding process.,Gemini,explanatory,long
Detail your experience with the new welding equipment.,TEXT,['Text'],"  It's okay, I guess.  The controls are different, and I had to spend a whole day getting used to them. It's not terrible, but it's not exactly an intuitive design.",Gemini,annoyed,long
Did the agent follow up as promised?,TEXT,['Text']," Yes, the agent contacted me again yesterday afternoon as promised.  They provided the update I requested and answered all my questions thoroughly.  I'm very satisfied with their follow-up.",Gemini,verbose,long
Did the agent follow up as promised?,TEXT,['Text']," The agent fulfilled their promise to follow up.  They sent an email as scheduled, containing the information previously discussed. This email contained a resolution to the problem.",Gemini,explanatory,long
Did the agent use appropriate language and terminology?,TEXT,['Text']," Yes, the agent's language was professional and appropriate for the context of the interaction.  Technical terms were used accurately and explained clearly when necessary, ensuring understanding. The overall tone was polite and respectful.",Gemini,verbose,long
Did the agent use appropriate language and terminology?,TEXT,['Text']," The agent employed appropriate language, selecting terminology easily understood by the recipient.  Complex concepts were simplified, and jargon was avoided unless clearly defined. This facilitated a smooth and efficient interaction.",Gemini,explanatory,long
Did the support agent actively listen to your concerns?,TEXT,['Text']," Yes, the support agent listened attentively to my explanation of the problem. They asked clarifying questions and summarized my concerns to ensure they understood before offering solutions.  This made me feel heard and valued as a customer.",Gemini,verbose,long
Did the support agent actively listen to your concerns?,TEXT,['Text'], The support agent actively listened to my concerns by summarizing my issue back to me to confirm their understanding. This demonstrated their attentiveness and helped ensure a proper resolution.  They also asked relevant questions to clarify details.,Gemini,explanatory,long
Did you feel the agent understood your problem?,TEXT,['Text']," Yes, the agent seemed to grasp the core issue I was facing immediately.  They asked clarifying questions that demonstrated their understanding and helped refine the problem description.  I felt confident they could help find a solution.",Gemini,verbose,long
Did you feel the agent understood your problem?,TEXT,['Text'], The agent's understanding was evident in their responses.  They accurately reflected the details I provided and didn't seem confused by any aspect of my explanation.  This gave me confidence in their ability to assist.,Gemini,explanatory,long
Did you feel the convention was worth the cost?,TEXT,['Text'],"  Overall, the convention was a worthwhile investment.  The networking opportunities alone justified the expense, and I learned a great deal from the workshops.  I would definitely consider attending again in the future.",Gemini,verbose,long
Did you feel the convention was worth the cost?,TEXT,['Text'],"  The cost of the convention was significant, but the return on investment in terms of professional development and networking was substantial.  The knowledge gained and connections made will likely lead to future opportunities.  Therefore, I believe it was a good use of resources.",Gemini,explanatory,long
Did you feel valued as a customer?,TEXT,['Text']," Yes, I felt very valued.  The staff went above and beyond to assist me with my issue, and I really appreciated their proactive and helpful attitude.  I will definitely be returning.",Gemini,verbose,long
Did you feel valued as a customer?,TEXT,['Text'],  I felt valued because the company addressed my concerns promptly and efficiently. Their communication was clear and they provided solutions that met my needs. This positive interaction left me feeling satisfied with their service.,Gemini,explanatory,long
Did you feel your issue was resolved efficiently?,TEXT,['Text']," Yes, I felt the issue was resolved efficiently.  The representative was knowledgeable and addressed my concerns promptly. The entire process was straightforward and easy to understand.",Gemini,verbose,long
Did you feel your issue was resolved efficiently?,TEXT,['Text']," While the initial response time was a bit slow, the subsequent actions to resolve the problem were efficient. The solution implemented worked perfectly, and I'm satisfied with the outcome.",Gemini,explanatory,long
Discuss the importance of continuous improvement in heavy industries.,TEXT,['Text']," Continuous improvement is crucial in heavy industries due to the high capital investment and operational costs involved.  Even small efficiency gains can translate into significant cost savings and increased profitability over time.  Furthermore, it's essential for maintaining competitiveness and ensuring safety in these often hazardous environments.",Gemini,verbose,long
Discuss the importance of continuous improvement in heavy industries.,TEXT,['Text'],"  Dude, in heavy industry, you gotta keep things moving forward, right?  If you're not improving, you're falling behind.  It's all about making things better, safer, and cheaper.",Gemini,colloquial,long
Discuss the importance of continuous improvement in heavy industries.,TEXT,['Text']," Continuous improvement methodologies like Lean and Six Sigma are vital for optimizing processes in heavy industries. By identifying and eliminating waste, improving efficiency, and reducing defects, these industries can enhance productivity and reduce operational costs. This ultimately leads to improved profitability and a stronger competitive edge.",Gemini,explanatory,long
Discuss the importance of continuous improvement in heavy industries.,TEXT,['Text'],"  It's obvious, isn't it?  Heavy industry is expensive to run.  You *have* to constantly look for ways to do things better to stay afloat and avoid massive losses.",Gemini,annoyed,long
Elaborate on the training provided to the operators.,TEXT,['Text']," Operators receive comprehensive training encompassing both theoretical and practical aspects of operation.  This includes classroom instruction on safety protocols, equipment functionality, and troubleshooting techniques, followed by hands-on experience under the supervision of senior operators.  Regular refresher courses ensure knowledge remains current and skills remain sharp.",Gemini,verbose,long
Elaborate on the training provided to the operators.,TEXT,['Text'],"  So, they get the whole safety spiel,  learn how to use the machines, and get some practice time.  Plus, they have to keep up with extra training now and again.",Gemini,colloquial,long
Elaborate on the training provided to the operators.,TEXT,['Text']," The training program is designed to equip operators with the necessary skills and knowledge to perform their duties safely and efficiently.  It involves a combination of classroom-based learning and practical training sessions, focusing on both theoretical understanding and practical application. Continuous professional development is also emphasized through regular updates and refresher courses.",Gemini,explanatory,long
Elaborate on your response.,TEXT,['Text'],"  To elaborate effectively, I need the initial statement or answer that this question refers to.  Without that context, a detailed explanation is impossible.  Please provide the necessary information.",Gemini,explanatory,long
Explain any challenges encountered during the project and how they were overcome.,TEXT,['Text']," One major challenge was integrating the newly developed API with our existing legacy system.  The differing data structures and communication protocols initially caused significant compatibility issues. We overcame this by developing a custom translation layer that acted as a bridge between the two systems, allowing for seamless data exchange.",Gemini,verbose,long
Explain any challenges encountered during the project and how they were overcome.,TEXT,['Text'], The project faced significant delays due to unforeseen complexities in the data migration process.  Cleaning and transforming the data to meet the requirements of the new database took considerably longer than anticipated. This was mitigated through the implementation of automated data cleansing scripts and a revised project timeline.,Gemini,explanatory,long
Explain any challenges encountered during the project and how they were overcome.,TEXT,['Text'],"  We ran into a real snag with the database migration; it took way longer than expected to get everything cleaned up and working correctly.  It required a lot of extra work to get automated scripts going, and the project schedule had to be adjusted.",Gemini,annoyed,long
Explain the company's strategy for attracting and retaining talent.,TEXT,['Text']," Our talent acquisition strategy focuses on building a strong employer brand through showcasing our company culture and values on various platforms.  We offer competitive compensation and benefits packages, complemented by robust professional development opportunities to foster employee growth and retention.  Furthermore, we prioritize creating a positive and inclusive work environment to attract and retain top talent.",Gemini,verbose,long
Explain the company's strategy for attracting and retaining talent.,TEXT,['Text']," The company utilizes a multi-pronged approach to attract and retain talent. This includes competitive salaries and benefits, investment in employee training and development programs, and a focus on fostering a positive and collaborative work culture.  These initiatives are designed to attract top candidates and encourage long-term employee commitment.",Gemini,explanatory,long
Explain the company's strategy for attracting and retaining talent.,TEXT,['Text'],"  It's a combination of things, really. We offer competitive salaries, sure, but also professional development opportunities—things people actually *want*.  We're also working on improving our internal culture, because that matters too.",Gemini,annoyed,long
Explain the process for conducting regular equipment inspections.,TEXT,['Text']," Regular equipment inspections involve a systematic approach.  First, develop a checklist specific to each piece of equipment, noting critical components and safety features. Then, perform the inspection following the checklist, documenting any issues found, and finally, address identified problems promptly and record corrective actions.",Gemini,verbose,long
Explain the process for conducting regular equipment inspections.,TEXT,['Text'],"  So, you know, you gotta have a checklist, right? Then you go through it,  checking everything, and if something's wrong, write it down and fix it.  Easy peasy.",Gemini,colloquial,long
Explain the process for conducting regular equipment inspections.,TEXT,['Text'],"  A regular equipment inspection process requires a pre-defined checklist tailored to the specific equipment.  This checklist guides the inspection, ensuring consistent coverage of all critical aspects.  Any defects or malfunctions discovered during inspection must be recorded and promptly rectified.",Gemini,explanatory,long
Explain the process for conducting regular equipment inspections.,TEXT,['Text'],"  It's really straightforward.  You make a list of what to check, go through the list,  note any problems, and fix them. If you don't do this, you are asking for trouble.",Gemini,annoyed,long
Explain the process for handling customer complaints.,TEXT,['Text'],"  The process begins with actively listening to the customer's complaint, showing empathy and understanding.  Next, we work to identify the root cause of the issue and offer a solution, whether it's a refund, replacement, or improved service. Finally, we follow up to ensure the customer is satisfied and to prevent similar issues from occurring in the future.",Gemini,verbose,long
Explain the process for handling customer complaints.,TEXT,['Text'],"  So, like, first you gotta hear 'em out, right? Then you figure out what went wrong and fix it.  After that, make sure they're happy and it doesn't happen again.",Gemini,colloquial,long
Explain the process for handling customer complaints.,TEXT,['Text'],"  Effective complaint handling involves a structured approach.  This includes acknowledging the customer's concern, thoroughly investigating the problem to determine the cause, and implementing a fair and timely resolution.  Finally, a follow-up is crucial to ensure customer satisfaction.",Gemini,explanatory,long
Explain the process for handling customer complaints.,TEXT,['Text'],"  Listen to the complaint, find out what happened, and fix it.  If they're still upset, offer something to make it right. Don't waste my time with unnecessary details; let's just resolve this efficiently.",Gemini,annoyed,long
Explain the process for handling hazardous materials.,TEXT,['Text']," Handling hazardous materials requires strict adherence to safety protocols.  This includes proper identification of the material, using appropriate personal protective equipment (PPE), and following specific procedures for containment, cleanup, and disposal as outlined in the Safety Data Sheet (SDS). Failure to do so can result in serious injury or environmental damage.",Gemini,verbose,long
Explain the process for handling hazardous materials.,TEXT,['Text'],"  Dude, it's all about knowing what you're dealing with first, right?  Then you gotta suit up,  get the right gear, and carefully clean up any spills – following the rules, obviously.",Gemini,colloquial,long
Explain the process for handling hazardous materials.,TEXT,['Text']," The process begins with proper identification of the hazardous material using labels and Safety Data Sheets (SDS).  Next, appropriate personal protective equipment (PPE) must be worn, followed by careful handling and containment procedures to prevent exposure or spills. Finally, proper disposal methods must be followed, as outlined in relevant regulations.",Gemini,explanatory,long
Explain the process for handling hazardous materials.,TEXT,['Text'],"  It's really not that complicated.  You identify the material, use the right protective gear, follow the instructions for handling and disposal – it's all in the SDS.  If you don't know, ask someone who does.",Gemini,annoyed,long
Explain your approach.,TEXT,['Text']," My approach was to carefully consider the various facets of the problem, breaking it down into smaller, more manageable components.  I then systematically addressed each component, ensuring a thorough and comprehensive solution. Finally, I reviewed my work to identify any potential errors or areas for improvement.",Gemini,verbose,long
Explain your approach.,TEXT,['Text'],"  I used a structured approach, beginning with a clear definition of the problem. This allowed me to formulate a plan and execute it effectively, leading to a logical and well-reasoned conclusion. The entire process was designed to minimize errors.",Gemini,explanatory,long
Explain your issue in detail.,TEXT,['Text']," My computer has been running extremely slowly lately.  It takes ages to load even simple programs, and it frequently freezes, forcing me to restart. This is impacting my productivity significantly.",Gemini,verbose,long
Explain your issue in detail.,TEXT,['Text']," The primary issue is a significant decline in system performance. This manifests as prolonged loading times for applications and frequent system freezes, requiring forced restarts.  The root cause is yet to be determined.",Gemini,explanatory,long
Explain your reasoning.,TEXT,['Text']," I arrived at my answer by carefully considering all available information and evaluating the evidence presented.  My conclusion is based on a logical deduction process, weighing the probabilities of different outcomes.  Therefore, I believe my response is well-supported and justified.",Gemini,verbose,long
Explain your reasoning.,TEXT,['Text']," My reasoning involved a step-by-step process of elimination.  I ruled out improbable options and focused on the most likely scenarios, leading me to my final answer. This process is systematic and reliable.",Gemini,explanatory,long
Explain your role in the communication process.,TEXT,['Text']," I act as a tool to facilitate communication. I process information, translate it into understandable formats, and help users share their thoughts and ideas effectively.  My role is essentially to bridge the gap between sender and receiver.",Gemini,verbose,long
Explain your role in the communication process.,TEXT,['Text']," My function is to process and transmit information, enabling effective communication between individuals or systems. This involves understanding the input, transforming it appropriately, and delivering it to the intended recipient.  My accuracy depends on the clarity of the input.",Gemini,explanatory,long
How accessible was the convention for participants?,TEXT,['Text']," The convention was remarkably accessible.  The venue was centrally located with excellent public transportation links, and ample parking was available for those driving.  Furthermore, the organizers provided detailed information on accessibility features for attendees with disabilities.",Gemini,verbose,long
How accessible was the convention for participants?,TEXT,['Text'], The convention's accessibility was a strong point.  Its central location and the availability of various transportation options made it convenient for most participants.  Clear signage and readily available assistance further enhanced accessibility.,Gemini,explanatory,long
How can the company better engage with its stakeholders?,TEXT,['Text']," The company should implement a multi-faceted stakeholder engagement strategy. This could involve regular surveys, town hall meetings, and proactive communication through various channels like social media and email newsletters.  Building strong, transparent relationships is key.",Gemini,verbose,long
How can the company better engage with its stakeholders?,TEXT,['Text'],"  To better engage stakeholders, the company needs to actively solicit feedback through various channels and then demonstrably act on that feedback. This shows stakeholders that their opinions are valued and builds trust.",Gemini,explanatory,long
How can the company better utilize its resources?,TEXT,['Text']," The company could improve resource utilization by implementing a robust project management system to track resource allocation and identify bottlenecks.  This, coupled with regular performance reviews and employee feedback, would allow for more efficient task assignment and skill utilization. Finally, investing in employee training could unlock hidden potential and increase overall productivity.",Gemini,verbose,long
How can the company better utilize its resources?,TEXT,['Text'],"  Resource optimization requires a multifaceted approach.  Firstly, a thorough assessment of current resource allocation is crucial to pinpoint inefficiencies. Secondly, implementing technology solutions, such as project management software, can streamline workflows and improve tracking.",Gemini,explanatory,long
How can the company enhance its reputation and brand image?,TEXT,['Text']," The company could enhance its reputation and brand image through strategic philanthropic initiatives, demonstrating a commitment to social responsibility.  Simultaneously, investing in superior customer service and actively soliciting and responding to customer feedback would build trust and loyalty.  A consistent brand message across all platforms is also crucial for maintaining a unified and positive image.",Gemini,verbose,long
How can the company enhance its reputation and brand image?,TEXT,['Text'],"  Dude, they gotta step up their customer service game, big time.  And maybe do some cool stuff for the community—like sponsor a local sports team or something. That would be awesome.",Gemini,colloquial,long
How can the company enhance its reputation and brand image?,TEXT,['Text']," Enhancing reputation and brand image requires a multi-pronged approach.  This includes focusing on providing excellent customer experiences, actively participating in community events to build goodwill, and ensuring consistent communication of brand values across all platforms.  Positive word-of-mouth referrals will naturally follow.",Gemini,explanatory,long
How can the company enhance its reputation and brand image?,TEXT,['Text'],"  Well, it's pretty obvious, isn't it? They need to fix their customer service issues and show they actually care about more than just profits. Some corporate social responsibility wouldn't hurt either.",Gemini,annoyed,long
How can the company improve its response to emergency situations?,TEXT,['Text']," The company should invest in a comprehensive emergency response plan that includes regular training for all employees, clearly defined roles and responsibilities, and readily accessible emergency contact information.  This plan should be regularly reviewed and updated to reflect changing circumstances and potential threats.  Finally, post-incident reviews should be conducted to identify areas for improvement.",Gemini,verbose,long
How can the company improve its response to emergency situations?,TEXT,['Text'],"  To improve emergency response, the company needs a clearly defined chain of command and communication protocols.  This ensures efficient information flow and coordinated actions during crises.  Regular drills and simulations will help test and refine the plan's effectiveness.",Gemini,explanatory,long
How can the company improve its response to emergency situations?,TEXT,['Text'],"  Seriously?  They need to actually *plan* for emergencies, not just hope for the best.  Better training, better communication, and a plan that's actually tested, not just sitting on a shelf somewhere.",Gemini,annoyed,long
How confident are you that your issue is truly resolved?,TEXT,['Text']," I'm fairly confident the issue is resolved.  All the error messages have stopped, and the system seems to be functioning as expected.  I'll monitor it for a while longer to be completely sure.",Gemini,verbose,long
How confident are you that your issue is truly resolved?,TEXT,['Text']," I believe the issue is resolved based on the troubleshooting steps taken.  The symptoms have disappeared, and the functionality is restored. However,  further observation is recommended to ensure its lasting resolution.",Gemini,explanatory,long
How could communication be improved?,TEXT,['Text']," Communication could be improved by actively listening to understand, not just to respond.  This involves paying attention to both verbal and nonverbal cues and asking clarifying questions.  Furthermore, choosing the right communication channel for the message is crucial for effective delivery.",Gemini,verbose,long
How could communication be improved?,TEXT,['Text']," Improved communication can be achieved through enhanced clarity and conciseness in messaging.  The use of appropriate language and tone tailored to the audience also plays a vital role.  Finally, providing opportunities for feedback and clarification ensures mutual understanding.",Gemini,explanatory,long
How could the company improve its sustainability initiatives?,TEXT,['Text']," The company could significantly improve its sustainability initiatives by investing in renewable energy sources for its operations, reducing waste through improved recycling and composting programs, and implementing a comprehensive supply chain audit to identify and mitigate environmental impacts throughout its product lifecycle.  This would demonstrate a strong commitment to environmental responsibility.",Gemini,verbose,long
How could the company improve its sustainability initiatives?,TEXT,['Text']," To enhance sustainability, the company should prioritize reducing its carbon footprint through energy efficiency improvements and the adoption of cleaner technologies.  Furthermore,  a robust employee engagement program promoting sustainable practices would foster a culture of environmental responsibility.",Gemini,explanatory,long
How could the company improve its sustainability initiatives?,TEXT,['Text'],"  They need to actually *do* something instead of just talking about it.  More concrete actions and measurable goals are needed, not just vague pronouncements.",Gemini,annoyed,long
How could the convention be made more inclusive?,TEXT,['Text']," To make the convention more inclusive, we should actively solicit input from underrepresented groups during the planning stages, ensuring their voices are heard and their needs are met.  This could involve targeted outreach to diverse communities and incorporating accessibility features for attendees with disabilities.  Finally, diverse representation among speakers and panelists is crucial to foster a sense of belonging for all participants.",Gemini,verbose,long
How could the convention be made more inclusive?,TEXT,['Text'],"  Make it so everyone feels welcome, you know? Like, get different kinds of people speaking and stuff, and make sure it's easy for everyone to get there and take part.",Gemini,colloquial,long
How could the convention be made more inclusive?,TEXT,['Text'],"  Improving inclusivity requires a multi-faceted approach.  This includes offering scholarships or reduced fees to make the convention accessible to people from lower socioeconomic backgrounds.  Additionally, providing childcare services could enable greater participation from parents.",Gemini,explanatory,long
How could the convention be made more inclusive?,TEXT,['Text'],"  It's really not that hard, is it?  Just consider accessibility for people with disabilities and ensure a diverse range of speakers and attendees are represented.  Seriously, it's common sense.",Gemini,annoyed,long
How could the convention better promote a sense of community among participants?,TEXT,['Text'],"  The convention could incorporate more interactive sessions and social events, like informal networking lunches or evening receptions.  This would give attendees opportunities to connect beyond the formal presentations and workshops.  Dedicated common areas with comfortable seating and refreshments would also foster a more relaxed and social atmosphere.",Gemini,verbose,long
How could the convention better promote a sense of community among participants?,TEXT,['Text'],"  To build community, the convention needs to facilitate interaction beyond the scheduled programming.  This could involve structured icebreakers at the beginning of sessions or communal activities such as a group dinner or volunteer project.  Creating designated spaces for informal gatherings would also greatly help.",Gemini,explanatory,long
How could the convention better promote a sense of community among participants?,TEXT,['Text'],"  They really need to think about how people actually connect.  More than just putting people in the same room, you know?  Some planned activities would actually help foster a sense of community.",Gemini,annoyed,long
How could the convention better support participants with diverse needs?,TEXT,['Text']," The convention could significantly improve its accessibility by providing real-time captioning and translation services for all sessions.  Furthermore, offering diverse dietary options and quiet spaces for sensory breaks would cater to a wider range of participant needs.  Finally, ensuring wheelchair accessibility throughout the venue is paramount.",Gemini,verbose,long
How could the convention better support participants with diverse needs?,TEXT,['Text'],"  Yo, they need more options for food, you know?  And like, somewhere quiet to chill if it gets too loud.  Plus, make sure everyone can get around easily, even if they're in a wheelchair.",Gemini,colloquial,long
How could the convention better support participants with diverse needs?,TEXT,['Text']," To better support participants with diverse needs, the convention should implement several key strategies.  This includes providing accessible formats of materials, such as large print or Braille, as well as ensuring the venue is fully accessible for those with mobility impairments.  Clear communication about these accommodations beforehand is also essential.",Gemini,explanatory,long
How could the convention better support participants with diverse needs?,TEXT,['Text'],"  Seriously, it's not that hard to provide some basic accommodations.  Wheelchair ramps, varied meal options, and quiet rooms—it’s the bare minimum.  They should have thought of this before sending out the invites.",Gemini,annoyed,long
How could the fairness of the competition be enhanced?,TEXT,['Text']," To enhance fairness, we could implement stricter rules and regulations regarding eligibility and participation, ensuring a level playing field for all competitors.  Regular audits of the competition's processes and procedures would also help identify and rectify any potential biases.  Finally, transparent judging criteria and a clear appeals process would foster trust and confidence in the competition's integrity.",Gemini,verbose,long
How could the fairness of the competition be enhanced?,TEXT,['Text'],"  Fairness can be improved by establishing clear and objective criteria for judging, ensuring that all participants have equal access to resources and support, and by providing a robust appeals process for addressing disputes.  This would create a more equitable and trustworthy competition.",Gemini,explanatory,long
How could this be improved?,TEXT,['Text']," The clarity could be significantly improved by adding more specific details and examples.  A more structured format, perhaps using bullet points or numbered lists, would also enhance readability and comprehension.  Finally, incorporating visuals, if appropriate, could make the information more engaging.",Gemini,verbose,long
How could this be improved?,TEXT,['Text'], The current version lacks sufficient context.  Providing additional background information would allow for a more thorough and insightful evaluation of its strengths and weaknesses.  This would lead to more effective suggestions for improvement.,Gemini,explanatory,long
How did the communication impact the intended audience?,TEXT,['Text']," The communication, a series of emotionally charged emails, successfully galvanized the intended audience of shareholders into demanding immediate action from the board.  The urgency and clarity of the message resonated deeply, resulting in a significant shift in public opinion and pressure. This ultimately led to the desired changes in company policy.",Gemini,verbose,long
How did the communication impact the intended audience?,TEXT,['Text']," The communication, a well-designed infographic, effectively conveyed complex data in a simple, digestible format.  This clarity allowed the intended audience of potential investors to quickly grasp the company's financial health and potential for growth, thereby increasing investment interest. The visual nature significantly aided comprehension.",Gemini,explanatory,long
How did you ensure ethical communication practices were followed?,TEXT,['Text']," I ensured ethical communication practices were followed by carefully considering the potential impact of my words on the audience, striving for clarity and accuracy in my message, and being mindful of cultural sensitivities and potential biases.  I also prioritized transparency and respectful dialogue in all interactions.  Finally, I reviewed all communications before dissemination.",Gemini,verbose,long
How did you ensure ethical communication practices were followed?,TEXT,['Text'],"  Ethical communication was ensured through a process of careful consideration of audience, message accuracy, and potential biases.  This included seeking diverse perspectives and ensuring transparency throughout the communication process.  This helped to prevent misinformation and promote understanding.",Gemini,explanatory,long
How did you ensure ethical communication practices were followed?,TEXT,['Text'],"  I followed all the established protocols and guidelines, so yes, ethical communication was absolutely observed.  It's not as if I neglected basic professional standards.",Gemini,annoyed,long
How did you overcome those challenges?,TEXT,['Text']," Through persistent effort and a willingness to learn from my mistakes, I managed to navigate those challenges.  Seeking help from mentors and colleagues proved invaluable, providing crucial support and guidance throughout the process. Ultimately, a combination of resilience and resourcefulness allowed me to overcome them.",Gemini,verbose,long
How did you overcome those challenges?,TEXT,['Text']," The challenges were overcome through a strategic approach combining problem-solving techniques with consistent dedication.  Regular self-assessment allowed for adjustments to my methods, ensuring efficiency and progress. This iterative process ultimately led to success.",Gemini,explanatory,long
How easy was it to contact support?,TEXT,['Text'], It was fairly straightforward to get in touch with support.  I found their contact information easily on their website and received a response within a reasonable timeframe.  The whole process was relatively painless.,Gemini,verbose,long
How easy was it to contact support?,TEXT,['Text']," Contacting support was easy because their website clearly displayed multiple contact options, including email and phone. I chose email and received a prompt and helpful reply.",Gemini,explanatory,long
How effective was the communication?,TEXT,['Text']," The communication was surprisingly effective, considering the circumstances.  The message was clearly understood and the desired outcome was achieved.  There were no significant misunderstandings or delays.",Gemini,verbose,long
How effective was the communication?,TEXT,['Text']," The communication was highly effective due to clear and concise language. The recipient understood the message immediately, leading to a swift and positive response. This resulted in a successful resolution.",Gemini,explanatory,long
How effectively did the convention balance competing priorities?,TEXT,['Text']," The convention demonstrated a moderate level of success in balancing competing priorities.  While some compromises were reached, certain key factions felt their concerns were inadequately addressed, leading to lingering tensions.  Overall, the outcome reflects a pragmatic approach but not a perfectly equitable solution.",Gemini,verbose,long
How effectively did the convention balance competing priorities?,TEXT,['Text']," The convention's effectiveness in balancing competing priorities varied depending on the specific issue.  In some areas, consensus was readily achieved through compromise.  However, other areas revealed irreconcilable differences, highlighting the limitations of the negotiation process.",Gemini,explanatory,long
How effectively did the convention balance competing priorities?,TEXT,['Text']," It was a mixed bag, really.  They made some progress, sure, but plenty of important issues got swept under the rug.  I'm not entirely satisfied with the outcome.",Gemini,annoyed,long
How effectively did the convention meet its stated goals?,TEXT,['Text']," The convention largely succeeded in meeting its primary goals, though some secondary objectives were only partially achieved.  Significant progress was made in fostering collaboration and generating new ideas, but the planned fundraising target fell somewhat short. Overall, it was a productive event.",Gemini,verbose,long
How effectively did the convention meet its stated goals?,TEXT,['Text']," The convention effectively achieved its main goals of networking and information sharing, as evidenced by the high participant engagement and positive feedback. However, the goal of securing new sponsorships was less successful due to unforeseen circumstances.  Further analysis is needed to fully evaluate the overall impact.",Gemini,explanatory,long
How effectively did the convention meet its stated goals?,TEXT,['Text'],"  It did okay, I suppose.  Some things were great, but other aspects were clearly lacking.  They didn't even come close to meeting their promises on a few points.",Gemini,annoyed,long
How fair did you perceive the judging process to be?,TEXT,['Text']," I thought the judging process was mostly fair, although I did feel some aspects were subjective and could have been better defined.  The criteria seemed clear enough, but their application felt inconsistent at times.  Overall, it was acceptable but could benefit from improvements.",Gemini,verbose,long
How fair did you perceive the judging process to be?,TEXT,['Text']," The judging criteria were clearly stated, which contributed to a perception of fairness. However, the lack of transparency in the deliberation process left some room for doubt.  This could be improved by providing feedback to participants.",Gemini,explanatory,long
How long did it take to resolve your issue?,TEXT,['Text']," It took about a week for them to finally get back to me and fix the problem.  They were initially unresponsive, but once I escalated the issue, things moved much faster.  Overall, it was a longer resolution than I had hoped for.",Gemini,verbose,long
How long did it take to resolve your issue?,TEXT,['Text']," The initial response time was slow, taking approximately 48 hours. After that, the resolution itself was fairly quick, taking only another 24 hours.  So, about three days total.",Gemini,explanatory,long
How satisfied were you with the networking opportunities?,TEXT,['Text']," I was very pleased with the networking opportunities.  The event was well-organized, and I had several productive conversations with individuals in my field.  I made several valuable connections that I hope to cultivate further.",Gemini,verbose,long
How satisfied were you with the networking opportunities?,TEXT,['Text']," I found the networking opportunities to be quite beneficial.  The structured sessions allowed for focused interactions, and the informal gatherings fostered a relaxed atmosphere for building relationships. This led to some promising connections.",Gemini,explanatory,long
How satisfied were you with the resolution?,TEXT,['Text']," I was mostly satisfied with the resolution; it addressed the main issues, though a few minor details could have been handled better. Overall, it was a fair and reasonable outcome.",Gemini,verbose,long
How satisfied were you with the resolution?,TEXT,['Text']," I found the resolution acceptable, as it provided a satisfactory conclusion to the problem. While not perfect, it addressed the core concerns effectively and fairly.",Gemini,explanatory,long
How was the feedback used to improve future communications?,TEXT,['Text']," Feedback highlighted a need for clearer subject lines and more concise wording.  We implemented these changes immediately, resulting in improved open rates and a more positive response from recipients.  Future communications will also include more visual aids.",Gemini,verbose,long
How was the feedback used to improve future communications?,TEXT,['Text']," We analyzed the feedback to identify recurring themes, such as difficulty understanding key messages or overly technical language.  These insights informed revisions to our communication style, prioritizing simplicity and readability.  The changes were tested before full implementation.",Gemini,explanatory,long
How was the message received?,TEXT,['Text']," The message arrived as a text message on my phone.  It popped up with a notification sound, and I read it immediately. It was a fairly standard text message format.",Gemini,verbose,long
How was the message received?,TEXT,['Text']," The message was received as a text message, delivered to my mobile phone's messaging application.  This is the standard method for receiving text messages on this device. The message appeared in my inbox.",Gemini,explanatory,long
How would you apply this learning to future communications?,TEXT,['Text']," I will strive to be more concise and direct in my future communications, focusing on clarity and avoiding ambiguity.  I'll also pay closer attention to the audience and tailor my message accordingly, ensuring it resonates with their needs and understanding.  This will improve efficiency and understanding.",Gemini,verbose,long
How would you apply this learning to future communications?,TEXT,['Text'],"  By analyzing the effectiveness of past communications, I can identify areas for improvement, such as word choice and structure. This analysis will inform future communication strategies, ensuring messages are better received and understood.  The goal is to improve overall communication efficiency.",Gemini,explanatory,long
How would you describe the atmosphere of the convention?,TEXT,['Text'], The atmosphere was electric with excitement and anticipation.  A palpable buzz of energy filled the hall as attendees networked and prepared for the keynote speaker.  It was a truly invigorating and inspiring environment.,Gemini,verbose,long
How would you describe the atmosphere of the convention?,TEXT,['Text']," The convention had a very positive and collaborative atmosphere.  Attendees seemed engaged and eager to learn from one another, fostering a sense of community. This contributed to a productive and enjoyable experience.",Gemini,explanatory,long
How would you describe the overall tone of the interaction?,TEXT,['Text'], The overall tone of the interaction was quite professional and courteous. Both parties were respectful and focused on resolving the issue at hand in a timely and efficient manner.  There was a clear sense of collaboration throughout the exchange.,Gemini,verbose,long
How would you describe the overall tone of the interaction?,TEXT,['Text']," The interaction maintained a consistently positive and helpful tone.  Both participants were clearly aiming for a productive outcome, and expressed themselves with consideration. This resulted in a successful resolution.",Gemini,explanatory,long
How would you improve the clarity and accuracy of the convention's information?,TEXT,['Text']," To improve clarity, we should use simpler language, avoiding jargon and technical terms.  Accuracy can be enhanced by fact-checking all information against reliable sources and ensuring consistency throughout the materials.  Finally, a clear visual hierarchy and organization would aid readability and comprehension.",Gemini,verbose,long
How would you improve the clarity and accuracy of the convention's information?,TEXT,['Text'],"  Improving clarity requires employing concise and precise language, avoiding ambiguity.  Accuracy demands meticulous verification of all data presented, using credible sources.  A well-structured format, with clear headings and subheadings, would significantly enhance the overall presentation.",Gemini,explanatory,long
How would you improve the clarity and accuracy of the convention's information?,TEXT,['Text'],"  The information is confusing and riddled with inaccuracies.  We need to rewrite everything using clear, straightforward language and verify every single fact with reliable sources.  Then, organize the whole thing properly.",Gemini,annoyed,long
How would you improve the support agent's training?,TEXT,['Text']," Implement a comprehensive training program incorporating role-playing scenarios, product knowledge assessments, and regular feedback sessions.  This should also include training on empathy and effective communication techniques to handle difficult customers.  Focus on continuous learning and development to keep agents up-to-date on product changes and best practices.",Gemini,verbose,long
How would you improve the support agent's training?,TEXT,['Text'],"  Yo, we gotta give 'em more practice with tough customers, right?  And make sure they REALLY know the product inside and out.  Maybe some videos or something, keep it fresh.",Gemini,colloquial,long
How would you improve the support agent's training?,TEXT,['Text'],"  The current training needs improvement in several key areas.  Specifically, more emphasis should be placed on active listening skills and de-escalation techniques for handling upset customers.  Additionally, regular updates on product features and policy changes are crucial for maintaining agent competency.",Gemini,explanatory,long
How would you rate the agent's communication skills?,TEXT,['Text'], The agent's communication was quite effective; they clearly understood my requests and responded in a timely and professional manner.  Their responses were easy to understand and helpful.,Gemini,verbose,long
How would you rate the agent's communication skills?,TEXT,['Text'], The agent demonstrated strong communication skills by accurately conveying information and responding appropriately to my inquiries.  Their use of language was clear and concise.  The interaction felt natural and efficient.,Gemini,explanatory,long
How would you rate the agent's patience and understanding?,TEXT,['Text']," The agent demonstrated exceptional patience throughout our interaction, thoroughly explaining complex issues in a way that was easy to understand.  Their understanding of my needs was evident, and they went above and beyond to ensure I felt supported. I was very impressed with their overall approach.",Gemini,verbose,long
How would you rate the agent's patience and understanding?,TEXT,['Text']," The agent displayed a high degree of patience, calmly addressing my concerns and questions. Their understanding was evident in their ability to accurately interpret my needs and offer relevant solutions. This contributed to a positive overall experience.",Gemini,explanatory,long
How would you rate the agent's problem-solving skills?,TEXT,['Text']," The agent demonstrated strong problem-solving skills, effectively utilizing a range of strategies to overcome challenges.  Their approach was methodical and adaptable, resulting in efficient and accurate solutions.  Overall, their performance was impressive.",Gemini,verbose,long
How would you rate the agent's problem-solving skills?,TEXT,['Text']," The agent's problem-solving abilities were evident in their capacity to analyze situations, identify key issues, and develop effective solutions. Their approach was systematic and demonstrated a good understanding of the problem domain.  The solutions were well-reasoned and implemented effectively.",Gemini,explanatory,long
How would you rate the clarity of the agent's explanations?,TEXT,['Text']," The agent's explanations were generally clear and easy to follow.  However, there were a few instances where more detail would have been beneficial for complete understanding.  Overall, I found them satisfactory.",Gemini,verbose,long
How would you rate the clarity of the agent's explanations?,TEXT,['Text'], The clarity of the agent's explanations was adequate for most users.  The language used was accessible and the structure of the responses logical.  Minor improvements in specific areas could enhance overall comprehension.,Gemini,explanatory,long
How would you rate the overall organization of the event?,TEXT,['Text']," The event's organization was quite impressive.  Everything ran smoothly, from registration to the concluding remarks.  The schedule was well-paced and the venue was well-suited to the event's needs.",Gemini,verbose,long
How would you rate the overall organization of the event?,TEXT,['Text']," The event was well-organized, with clear signage and a helpful staff.  The schedule was well-managed and adhered to, minimizing any delays or confusion.  Overall, the planning and execution were highly effective.",Gemini,explanatory,long
How would you rate the overall value of the convention?,TEXT,['Text']," The convention was a mixed bag.  While the networking opportunities were excellent and I learned a lot from the keynote speakers, some of the workshops were poorly organized and lacked practical application. Overall, it was a worthwhile experience, but could definitely be improved.",Gemini,verbose,long
How would you rate the overall value of the convention?,TEXT,['Text']," The convention offered significant value in terms of professional development. The presentations were insightful, and the networking events fostered valuable connections within my industry. However, the high cost of attendance might deter some potential participants.",Gemini,explanatory,long
Is there anything else you would like to share about your experience?,TEXT,['Text']," It was a fascinating project, really pushed my problem-solving skills to the limit.  I learned a lot about collaboration and the importance of clear communication.  Overall, a very rewarding experience despite the challenges.",Gemini,verbose,long
Is there anything else you would like to share about your experience?,TEXT,['Text'], The experience significantly improved my understanding of data analysis techniques.  I successfully applied new methodologies and the results exceeded expectations. This has strengthened my confidence in tackling similar projects in the future.,Gemini,explanatory,long
"On a scale of 1-10, how likely are you to recommend our support?",TEXT,['Text']," I'd give your support a solid 8.  They were helpful and resolved my issue quickly, although the initial wait time was a little longer than I'd have liked.  Overall, a positive experience.",Gemini,verbose,long
"On a scale of 1-10, how likely are you to recommend our support?",TEXT,['Text']," I rate your support a 7 out of 10.  While the representative was knowledgeable and polite, the resolution process involved several steps which could have been streamlined.  This made the overall experience slightly less efficient than ideal.",Gemini,explanatory,long
Please share any additional feedback you have for us.,TEXT,['Text']," The overall process was smooth, but perhaps consider adding a progress bar to the user interface.  This would provide better visual feedback to the users and improve their experience.  A small improvement like this could make a big difference.",Gemini,verbose,long
Please share any additional feedback you have for us.,TEXT,['Text'],"  The system functions correctly, but the user experience could be enhanced by providing more intuitive prompts and clearer instructions in certain areas. This would improve usability and reduce potential confusion for first-time users.",Gemini,explanatory,long
Provide feedback on the effectiveness of the communication system.,TEXT,['Text']," The communication system is generally effective, with clear channels and prompt responses.  However, there are occasional delays during peak hours, and the system could benefit from improved notification features for urgent messages.  Overall, it meets the needs of most users.",Gemini,verbose,long
Provide feedback on the effectiveness of the communication system.,TEXT,['Text']," The communication system's effectiveness is dependent on several factors, including network connectivity and user proficiency. While the core functionality is reliable, optimizing the interface for quicker message delivery and implementing more intuitive features could significantly improve its overall performance.  The current system is adequate but not optimal.",Gemini,explanatory,long
Provide further details.,TEXT,['Text'], The project timeline needs adjustments.  The initial deadline of October 15th is no longer feasible due to unforeseen delays in securing necessary materials. We anticipate a revised completion date of November 1st.,Gemini,verbose,long
Provide further details.,TEXT,['Text'],"  Further details regarding the request are needed to provide a comprehensive response.  Specifically, clarifying the context of the request would allow for a more precise and relevant answer.  This would help in providing the appropriate level of detail.",Gemini,explanatory,long
Rate the overall helpfulness of the support.,TEXT,['Text'], The support team was incredibly helpful and efficient in resolving my issue. They were patient and clearly explained the steps needed for a successful resolution. I would highly recommend their services.,Gemini,verbose,long
Rate the overall helpfulness of the support.,TEXT,['Text'], The support was quite helpful; they provided clear instructions and responded promptly to my questions.  This resulted in a quick resolution to my problem.,Gemini,explanatory,long
Reflect on your personal contribution to the communication.,TEXT,['Text']," I believe my contributions focused on ensuring clarity and providing comprehensive explanations where needed.  I aimed for a conversational tone to foster engagement and understanding, and tried to anticipate potential points of confusion proactively.  My goal was to facilitate a smooth and productive exchange of information.",Gemini,verbose,long
Reflect on your personal contribution to the communication.,TEXT,['Text'],  I focused on structuring my responses logically and using precise language to minimize ambiguity.  This approach aimed to maximize the efficiency and effectiveness of our communication. I also tried to actively listen and respond appropriately to others' contributions.,Gemini,explanatory,long
Share any concerns you have about the convention.,TEXT,['Text']," I'm concerned about the lack of clear communication regarding the schedule and the potential for conflicts between sessions.  The venue's accessibility for attendees with disabilities also needs more clarification.  Finally,  I worry that the networking opportunities might be limited.",Gemini,verbose,long
Share any concerns you have about the convention.,TEXT,['Text']," My primary concern revolves around the potential for overcrowding, given the expected attendance figures.  This could impact the overall experience, particularly during key sessions and networking events.  Proper crowd management strategies are crucial.",Gemini,explanatory,long
Share any concerns you have about the convention.,TEXT,['Text'], The lack of detail on the speaker lineup is pretty frustrating.  It makes it hard to plan which sessions to attend and what to prioritize.  More information is needed.,Gemini,annoyed,long
Share any unexpected positive experiences you had at the convention.,TEXT,['Text']," I was really surprised by how many opportunities there were for networking. I met several people who are now potential collaborators on future projects, and that wasn't something I expected going in.  It far exceeded my hopes for professional connections.",Gemini,verbose,long
Share any unexpected positive experiences you had at the convention.,TEXT,['Text']," The unexpected positive was the level of community engagement.  The attendees were incredibly passionate and supportive, creating a vibrant atmosphere. This fostered a sense of belonging and collaborative spirit that wasn't anticipated.",Gemini,explanatory,long
Share your feedback.,TEXT,['Text']," The website is generally user-friendly, but I did encounter a minor bug on the product page where the image wouldn't load.  Otherwise, the checkout process was smooth and efficient.  I would recommend adding more payment options in the future.",Gemini,verbose,long
Share your feedback.,TEXT,['Text'],"  My experience was mostly positive. The navigation was intuitive and easy to follow. However, the search function could be improved for more accurate results.  A better search would significantly enhance the user experience.",Gemini,explanatory,long
Summarize the main points.,TEXT,['Text']," The main points were the rising cost of living, the impact on small businesses, and the proposed government solutions to address the economic crisis.  These issues were discussed at length, highlighting the concerns of various stakeholders.  The overall sentiment was one of urgency and the need for immediate action.",Gemini,verbose,long
Summarize the main points.,TEXT,['Text']," Okay, so like, main points?  Inflation's killing us, small shops are closing, and the government's trying to, you know, *do* something.  Hopefully it works.",Gemini,colloquial,long
Summarize the main points.,TEXT,['Text'],"  The primary focus was on the current economic challenges. This included a detailed examination of inflation's impact on both individuals and businesses.  Finally, potential policy interventions were debated as a means of mitigation.",Gemini,explanatory,long
Was the agent knowledgeable about the product/service?,TEXT,['Text']," Yes, the agent demonstrated a thorough understanding of the product's features, benefits, and limitations. They were able to answer all my questions accurately and efficiently, even addressing some nuances I hadn't considered.  Their expertise was clearly evident throughout our interaction.",Gemini,verbose,long
Was the agent knowledgeable about the product/service?,TEXT,['Text']," The agent possessed a comprehensive knowledge of the product.  They were able to explain complex technical details in a clear and understandable manner, and readily offered solutions to potential problems. This ensured a positive customer experience.",Gemini,explanatory,long
Was the solution provided easy to understand and implement?,TEXT,['Text']," The solution was presented in a clear and logical manner, making it relatively easy to follow.  The implementation was straightforward, requiring only minor adjustments to fit my specific needs.  Overall, I found the process quite manageable.",Gemini,verbose,long
Was the solution provided easy to understand and implement?,TEXT,['Text']," The solution's clarity was a significant factor in its ease of understanding.  The steps were well-defined and the code was well-commented, facilitating a smooth implementation process.  I encountered no major obstacles.",Gemini,explanatory,long
Were all your questions answered to your satisfaction?,TEXT,['Text'],"  My questions were answered adequately.  The responses provided sufficient detail for me to understand the concepts involved. Further clarification might be beneficial on a couple of points, but the overall answers were satisfactory.",Gemini,explanatory,long
Were there any delays in getting your issue resolved?,TEXT,['Text']," Yes, there were significant delays.  The initial response was slow, and then there were several missed deadlines before the issue was finally resolved.  It took much longer than expected.",Gemini,verbose,long
Were there any delays in getting your issue resolved?,TEXT,['Text']," Yes, the resolution process was delayed.  This was primarily due to a backlog of cases they were dealing with.  The communication regarding the delay was also poor.",Gemini,explanatory,long
Were there any logistical issues you encountered?,TEXT,['Text']," Yes, we encountered significant challenges in coordinating the delivery of materials across multiple geographically dispersed locations.  Unexpected delays at customs significantly impacted our timeline, and a shortage of qualified personnel further complicated matters.  This resulted in a project delay of approximately two weeks.",Gemini,verbose,long
Were there any logistical issues you encountered?,TEXT,['Text']," We experienced several logistical hurdles. Primarily, the unforeseen weather conditions caused significant disruptions to our transport schedules.  Secondly, a lack of clear communication between different teams resulted in some duplicated efforts and wasted resources.",Gemini,explanatory,long
Were there any logistical issues you encountered?,TEXT,['Text'],"  The whole transportation process was a mess.  It took far longer than anticipated, and we had to scramble to find alternative solutions.  It added unnecessary stress to the project.",Gemini,annoyed,long
Were there any technical difficulties during the support interaction?,TEXT,['Text']," Yes, there were a few technical difficulties.  The initial connection was slow, and at one point, the screen sharing feature stopped working, requiring us to restart the session.  This added extra time to the resolution of my issue.",Gemini,verbose,long
Were there any technical difficulties during the support interaction?,TEXT,['Text'],"  We experienced some technical difficulties during the support interaction.  Specifically, there was a noticeable delay in response time due to network latency. This impacted the efficiency of the troubleshooting process.",Gemini,explanatory,long
What are the key challenges facing the heavy industries sector?,TEXT,['Text']," Heavy industries are grappling with the transition to a low-carbon economy, facing pressure to reduce emissions and adopt sustainable practices.  This necessitates significant investments in new technologies and processes, alongside navigating increasingly stringent environmental regulations.  Furthermore, volatile commodity prices and global supply chain disruptions present ongoing operational challenges.",Gemini,verbose,long
What are the key challenges facing the heavy industries sector?,TEXT,['Text'],"  It's tough out there, ya know?  Meeting those green goals is costing a fortune, and getting the parts we need is a nightmare. Plus, prices are all over the place!",Gemini,colloquial,long
What are the key challenges facing the heavy industries sector?,TEXT,['Text']," The heavy industries sector is confronted by significant challenges related to environmental sustainability, requiring substantial investment in decarbonization technologies.  Economic pressures from fluctuating material costs and global competition also pose considerable difficulties.  Finally, the availability and reliability of skilled labor is a persistent concern.",Gemini,explanatory,long
What are the key challenges facing the heavy industries sector?,TEXT,['Text'],"  It's not just one thing!  We've got emissions regulations squeezing us, sky-high energy costs, and unreliable suppliers making things incredibly difficult.  And don't even get me started on finding qualified workers.",Gemini,annoyed,long
What are your observations regarding employee morale?,TEXT,['Text']," Employee morale seems relatively high at the moment, with good team collaboration and a positive overall atmosphere.  However, there are some pockets of concern within specific departments that warrant further investigation. We should proactively address these to maintain a strong positive work environment.",Gemini,verbose,long
What are your observations regarding employee morale?,TEXT,['Text'],"  Based on recent surveys and informal observations, employee morale appears to be average.  There's a noticeable lack of enthusiasm in some teams, possibly linked to recent workload increases.  Addressing this imbalance is crucial.",Gemini,explanatory,long
What are your observations regarding the company's overall safety culture?,TEXT,['Text']," The company's safety culture appears to be a work in progress. While there are established protocols and training programs, consistent implementation and employee engagement seem inconsistent across departments.  A more proactive and communicative approach is needed to foster a truly robust safety culture.",Gemini,verbose,long
What are your observations regarding the company's overall safety culture?,TEXT,['Text'],"  Based on observations, the company demonstrates a commitment to safety through documented policies and procedures.  However, the effectiveness of these initiatives relies heavily on consistent enforcement and active participation from all employees.  Further evaluation is needed to assess areas for improvement.",Gemini,explanatory,long
What are your observations regarding the company's overall safety culture?,TEXT,['Text'],"  It's frustrating.  They *say* safety is important, but actions don't always match words.  Better communication and follow-through are desperately needed.",Gemini,annoyed,long
What are your observations regarding the overall productivity levels?,TEXT,['Text'], Overall productivity seems to be slightly below target this quarter.  Several contributing factors include increased absenteeism and a backlog of projects.  We need to address these issues proactively to improve performance.,Gemini,verbose,long
What are your observations regarding the overall productivity levels?,TEXT,['Text']," Productivity levels have been inconsistent across different teams. While some teams have exceeded expectations, others are lagging significantly behind schedule.  This disparity requires further investigation to understand the root causes.",Gemini,explanatory,long
What are your recommendations for improving the overall performance of the company?,TEXT,['Text']," To significantly boost company performance, we need a three-pronged approach: firstly, invest in employee training and development to enhance skills and productivity; secondly, streamline operational processes to eliminate bottlenecks and improve efficiency; and finally, implement robust data-driven decision-making to optimize resource allocation and strategic planning.",Gemini,verbose,long
What are your recommendations for improving the overall performance of the company?,TEXT,['Text']," Enhancing company performance requires a multifaceted strategy.  Investing in employee development improves skills and morale, leading to increased productivity.  Simultaneously, optimizing internal processes and leveraging data analytics allows for more efficient resource allocation and informed decision-making.",Gemini,explanatory,long
What are your recommendations for improving the overall performance of the company?,TEXT,['Text'],"  Look, it's pretty obvious. Better training, less red tape, and using the data we already have would help immensely.  Are we really having this conversation?",Gemini,annoyed,long
What are your recommendations for improving workplace safety?,TEXT,['Text'],"  Implementing comprehensive safety training programs for all employees is crucial, covering specific hazards and emergency procedures.  Regular safety inspections and audits should be conducted to identify and rectify potential risks promptly.  Finally, fostering a strong safety culture where employees feel empowered to report hazards without fear of reprisal is essential.",Gemini,verbose,long
What are your recommendations for improving workplace safety?,TEXT,['Text'],"  Dude, seriously, more training!  And, like, actually fixing stuff when it's broken, not just ignoring it.  Plus, make sure everyone feels comfortable speaking up if something's dodgy.",Gemini,colloquial,long
What are your recommendations for improving workplace safety?,TEXT,['Text'],"  Workplace safety improvements require a multi-faceted approach.  This includes providing thorough safety training tailored to specific job roles and potential hazards, followed by regular equipment maintenance and inspections.  A strong reporting system, encouraging proactive hazard identification by employees, will also contribute significantly to a safer workplace.",Gemini,explanatory,long
What are your recommendations for improving workplace safety?,TEXT,['Text'],"  It's really not rocket science, is it?  Better training, more frequent inspections, and a system where people aren't afraid to report problems without getting in trouble.  It's all common sense.",Gemini,annoyed,long
What are your suggestions for improving employee training programs?,TEXT,['Text']," To enhance employee training, incorporate more hands-on activities and real-world case studies.  Regular feedback and opportunities for peer learning should also be integrated to foster a supportive learning environment.  Finally,  assessing training effectiveness through post-training evaluations is crucial for identifying areas for improvement.",Gemini,verbose,long
What are your suggestions for improving employee training programs?,TEXT,['Text'],"  Make it less boring, you know?  Like, actually use stuff they'll use on the job, not just PowerPoint. And get some feedback from the people taking the training – they might have some good ideas!",Gemini,colloquial,long
What are your suggestions for improving employee training programs?,TEXT,['Text']," Effective employee training requires a multi-faceted approach.  This includes utilizing a variety of learning methods tailored to different learning styles, ensuring the training content is relevant and up-to-date, and providing ongoing support and mentorship post-training.  This holistic approach maximizes knowledge retention and application.",Gemini,explanatory,long
What are your suggestions for improving employee training programs?,TEXT,['Text'],"  It's really not rocket science.  Better content, more engaging delivery methods, and some actual follow-up would be a good start.  We keep doing the same old thing and expecting different results – it's frustrating.",Gemini,annoyed,long
What are your suggestions for improving the communication during the convention?,TEXT,['Text']," Implement a dedicated communication app for attendees with features like direct messaging, group chats, and announcements.  This would streamline information sharing and facilitate networking.  Consider adding a translation feature for international attendees.",Gemini,verbose,long
What are your suggestions for improving the communication during the convention?,TEXT,['Text'],"  To improve communication, we should utilize multiple channels.  This might include a dedicated app, social media updates, and clearly marked signage with relevant information.  Consistent use of these channels is key.",Gemini,explanatory,long
What are your suggestions for improving the communication during the convention?,TEXT,['Text'],"  Seriously, better organization is needed.  A single, easily accessible app would help avoid the current communication chaos.  More clear instructions are also a must.",Gemini,annoyed,long
What are your suggestions for improving the overall customer support experience?,TEXT,['Text']," Implement a multi-channel support system, offering phone, email, chat, and social media options.  Proactive communication, such as sending updates on ticket progress, would greatly enhance the customer experience.  Finally, invest in comprehensive training for support staff to ensure consistent, high-quality service.",Gemini,verbose,long
What are your suggestions for improving the overall customer support experience?,TEXT,['Text'],"  Customer support needs to be readily accessible through various channels, offering personalized assistance.  Effective training programs for agents are crucial for building expertise and empathy.  Regular feedback collection will help identify areas for improvement and optimize the support process.",Gemini,explanatory,long
What are your suggestions for reducing downtime?,TEXT,['Text'], Implement robust monitoring systems to proactively identify potential issues before they cause downtime.  Regularly scheduled maintenance and backups are crucial for minimizing disruption.  Invest in redundant systems and failover mechanisms to ensure business continuity.,Gemini,verbose,long
What are your suggestions for reducing downtime?,TEXT,['Text']," Reducing downtime requires a multi-faceted approach. This includes preventative maintenance, such as regular software updates and hardware checks, and implementing redundant systems to ensure failover capabilities in case of unexpected outages.  Investing in robust monitoring tools allows for early detection and resolution of potential problems.",Gemini,explanatory,long
What are your suggestions for reducing downtime?,TEXT,['Text'],"  It's not rocket science!  Proper planning, regular maintenance, and redundant systems are essential to avoid constant interruptions.  Seriously, this should be obvious.",Gemini,annoyed,long
What are your suggestions?,TEXT,['Text'], I suggest we explore all available options before making a decision.  A thorough investigation will help us avoid potential pitfalls and ensure the best possible outcome. This approach will maximize efficiency and minimize risks.,Gemini,verbose,long
What are your suggestions?,TEXT,['Text'],"  My suggestion is to break down the problem into smaller, more manageable parts. This will make it easier to identify solutions and track progress.  Addressing each component individually will lead to a more effective resolution.",Gemini,explanatory,long
What are your thoughts on the company's long-term strategic goals?,TEXT,['Text']," The company's long-term strategic goals seem ambitious, focusing on market expansion into underserved regions and diversification of product lines.  This presents both significant opportunities and considerable risks, requiring careful execution and adaptability to changing market conditions.  Success will depend on effective resource allocation and a strong leadership team.",Gemini,verbose,long
What are your thoughts on the company's long-term strategic goals?,TEXT,['Text'], The strategic goals are centered around increasing profitability through innovation and efficiency improvements.  This involves investing in research and development and streamlining operational processes. The long-term success of these goals depends on effective implementation and monitoring.,Gemini,explanatory,long
What are your thoughts on the current level of technological innovation within the company?,TEXT,['Text']," We're seeing a good amount of innovation, particularly in the development of our new software platform.  However, the integration of these new technologies with our existing infrastructure needs improvement.  More resources dedicated to streamlining this process would significantly boost overall efficiency.",Gemini,verbose,long
What are your thoughts on the current level of technological innovation within the company?,TEXT,['Text'],"  Technological innovation is currently progressing at a moderate pace.  While several promising projects are underway, resource allocation and interdepartmental collaboration could be optimized to accelerate the development and implementation of new technologies.  This would lead to a more significant impact on our market position.",Gemini,explanatory,long
What are your thoughts on the current maintenance schedule?,TEXT,['Text']," The current maintenance schedule seems adequate for the most part, but I think we could benefit from a more proactive approach to preventative maintenance.  Scheduling more frequent, smaller checks might prevent larger, more disruptive issues down the line. This would improve overall efficiency.",Gemini,verbose,long
What are your thoughts on the current maintenance schedule?,TEXT,['Text'],"  The current schedule is functional, but lacks flexibility to address urgent issues that may arise outside of planned maintenance windows.  A more dynamic system, allowing for prioritization based on need, would be a valuable improvement. This would improve responsiveness.",Gemini,explanatory,long
What are your thoughts on the current supply chain management?,TEXT,['Text']," Current supply chain management is facing unprecedented challenges, from geopolitical instability to persistent labor shortages and increased transportation costs.  These factors contribute to significant disruptions and delays, impacting businesses globally.  Improving resilience and transparency are critical priorities for the future.",Gemini,verbose,long
What are your thoughts on the current supply chain management?,TEXT,['Text']," Global supply chains are currently under immense strain due to a confluence of factors.  These include pandemic-related disruptions, increased consumer demand, and geopolitical tensions.  Effective strategies to mitigate these risks and enhance resilience are crucial for long-term stability.",Gemini,explanatory,long
What are your thoughts on the current supply chain management?,TEXT,['Text']," It's a complete nightmare.  I've been dealing with delays and shortages for months now, and it's impacting my business significantly.  It's not just one thing, it's everything all at once.",Gemini,annoyed,long
What are your thoughts on the effectiveness of the company's training and development programs?,TEXT,['Text']," The training programs are generally well-structured and cover relevant material.  However, the follow-up and practical application opportunities could be improved.  More mentorship and on-the-job support would significantly enhance their effectiveness.",Gemini,verbose,long
What are your thoughts on the effectiveness of the company's training and development programs?,TEXT,['Text']," The company's training programs provide a solid foundation in essential skills.  However, the effectiveness is hampered by a lack of individualized support and consistent reinforcement.  This results in knowledge gaps and inconsistent application of learned techniques.",Gemini,explanatory,long
What are your thoughts on the effectiveness of the company's training and development programs?,TEXT,['Text'],"  They're alright, I suppose, but the whole thing feels a bit rushed and disorganized.  I'd like to see some more focus on practical skills and less PowerPoint.",Gemini,annoyed,long
What are your thoughts on the effectiveness of the project management methodologies?,TEXT,['Text']," Project management methodologies, like Agile and Waterfall, offer structured approaches to project execution.  Their effectiveness depends heavily on the project's nature and the team's adaptability.  While frameworks provide valuable guidance, successful implementation requires skillful adaptation and a strong team.",Gemini,verbose,long
What are your thoughts on the effectiveness of the project management methodologies?,TEXT,['Text'],"  The effectiveness of project management methodologies hinges on factors such as team experience, project complexity, and client involvement.  Choosing the right methodology is crucial, and even the best methodology requires strong leadership and communication.  Adaptability and iterative improvements are key to success.",Gemini,explanatory,long
What are your thoughts on the effectiveness of the project management methodologies?,TEXT,['Text'], It's not a simple yes or no.  It completely depends on the situation and how well the chosen method is implemented.  People overestimate the power of the methodology itself.,Gemini,annoyed,long
What are your thoughts?,TEXT,['Text'],"  I'm thinking about the complexities of artificial intelligence and its potential impact on society.  It's a fascinating but also slightly daunting topic, full of ethical considerations and unforeseen consequences.  We need to proceed cautiously and thoughtfully.",Gemini,verbose,long
What are your thoughts?,TEXT,['Text'], My thoughts are currently focused on the upcoming project deadline.  Meeting the requirements will require careful planning and efficient execution.  I am confident I can achieve this goal.,Gemini,explanatory,long
What aspects of the communication were most successful?,TEXT,['Text']," The clarity and conciseness of the message were its strongest points.  The recipient understood the information immediately, and there was no ambiguity in the wording. This led to a quick and efficient resolution of the issue.",Gemini,verbose,long
What aspects of the communication were most successful?,TEXT,['Text']," The communication was successful primarily because it used plain language, avoiding jargon.  The structure of the message was logical and easy to follow. This facilitated comprehension and prevented misunderstandings.",Gemini,explanatory,long
What aspects of the convention could be improved for future participants?,TEXT,['Text']," The scheduling of events could be significantly improved.  Many sessions overlapped, making it impossible to attend everything of interest.  Better organization and perhaps a more user-friendly app for navigating the schedule would be beneficial.",Gemini,verbose,long
What aspects of the convention could be improved for future participants?,TEXT,['Text'],"  The convention's accessibility for those with disabilities needs improvement.  More clearly marked accessible entrances and facilities, along with provisions for sign language interpretation at key sessions, are vital. This ensures inclusivity for all attendees.",Gemini,explanatory,long
What aspects of the convention could be improved for future participants?,TEXT,['Text'],"  The catering was really disappointing.  The lines were incredibly long, and the food options were limited and frankly, pretty bland. More variety and efficient service would be appreciated.",Gemini,annoyed,long
What aspects of the convention did you find most engaging?,TEXT,['Text']," The keynote speaker's presentation on the future of sustainable energy was incredibly captivating.  The interactive workshops provided valuable networking opportunities, and I especially enjoyed learning practical strategies for implementing new technologies. The entire event felt well-organized and professionally run.",Gemini,verbose,long
What aspects of the convention did you find most engaging?,TEXT,['Text']," The convention's most engaging aspect was the blend of theoretical discussions and practical demonstrations.  The speakers were highly knowledgeable and engaging, making complex topics accessible. This combination fostered a dynamic learning environment.",Gemini,explanatory,long
What aspects of the convention exceeded your expectations?,TEXT,['Text']," The level of networking opportunities far surpassed my hopes.  I met so many influential people in my field, and the conversations were incredibly stimulating and beneficial for my career.  I'm already planning on attending again next year.",Gemini,verbose,long
What aspects of the convention exceeded your expectations?,TEXT,['Text']," The organization of the convention was surprisingly efficient.  Everything ran smoothly, from registration to the sessions themselves.  This made for a much more enjoyable and productive experience.",Gemini,explanatory,long
What aspects of the convention exceeded your expectations?,TEXT,['Text'],"  I expected some issues, but the number of technical glitches was really disappointing.  It wasn't a complete disaster, but it certainly detracted from the overall experience.",Gemini,annoyed,long
What aspects of the convention fostered a sense of inclusivity and belonging?,TEXT,['Text']," The convention's commitment to accessibility, including wheelchair ramps, sign language interpreters, and diverse food options, created a welcoming environment for attendees of all abilities and backgrounds.  The numerous breakout sessions catering to specific interests ensured everyone felt represented and engaged.  Furthermore, the open and informal atmosphere encouraged interaction and a sense of community among participants.",Gemini,verbose,long
What aspects of the convention fostered a sense of inclusivity and belonging?,TEXT,['Text'],"  They had stuff for everyone, ya know?  Lots of different talks and good food, and the place was easy to get around in.  Made everyone feel like they belonged.",Gemini,colloquial,long
What aspects of the convention fostered a sense of inclusivity and belonging?,TEXT,['Text']," The inclusive nature of the convention stemmed from a deliberate effort to provide diverse programming, accessible facilities, and a generally welcoming environment.  This fostered a sense of belonging among attendees from various backgrounds and with different needs.  The open social spaces encouraged interaction and networking.",Gemini,explanatory,long
What aspects of the convention were most impactful?,TEXT,['Text']," The keynote speaker's address was incredibly impactful, setting the tone for the entire convention.  The networking opportunities provided invaluable connections with industry leaders. Finally, the workshops on emerging technologies were exceptionally informative and relevant to my current work.",Gemini,verbose,long
What aspects of the convention were most impactful?,TEXT,['Text'], The convention's most impactful aspects were the insightful presentations on current market trends and the interactive panel discussions that fostered engaging dialogue among attendees. These elements provided both valuable knowledge and opportunities for collaboration.,Gemini,explanatory,long
What aspects of the support were particularly negative?,TEXT,['Text']," The lack of responsiveness was the most frustrating aspect.  It took days to get a response to even simple queries, and when I did receive a reply, it often failed to address my concerns. This prolonged the resolution process significantly.",Gemini,verbose,long
What aspects of the support were particularly negative?,TEXT,['Text']," The support team's knowledge base seemed outdated and inaccurate.  Their solutions rarely worked, necessitating further contact and adding to the overall frustration.  This resulted in a very inefficient support process.",Gemini,explanatory,long
What aspects of the support were particularly negative?,TEXT,['Text'],"  It was incredibly difficult to get in touch with anyone helpful. The information provided was useless, and the whole experience was just a waste of my time.",Gemini,annoyed,long
What aspects of the support were particularly positive?,TEXT,['Text'], The prompt and helpful nature of the support staff was excellent.  They took the time to fully understand my issue and offered multiple solutions. Their patience and clear communication were also greatly appreciated.,Gemini,verbose,long
What aspects of the support were particularly positive?,TEXT,['Text']," The support was particularly positive due to its efficiency.  The representatives resolved my problem quickly and thoroughly, leaving me feeling satisfied with the service. This positive experience is largely due to their expertise.",Gemini,explanatory,long
What challenges did you encounter?,TEXT,['Text'], The biggest hurdle was definitely integrating the new database system with the existing infrastructure.  It required extensive testing and unforeseen compatibility issues that took longer to resolve than anticipated.  This significantly impacted the project timeline.,Gemini,verbose,long
What challenges did you encounter?,TEXT,['Text'],"  We faced several challenges, primarily related to resource allocation and project scope creep.  The initial project requirements were underestimated, leading to increased workload and extended deadlines. This necessitated careful re-prioritization of tasks.",Gemini,explanatory,long
What challenges did you encounter?,TEXT,['Text'],  The constant shifting deadlines and lack of clear communication from the client were incredibly difficult to navigate. It made a straightforward project needlessly complex.,Gemini,annoyed,long
What could we have done better?,TEXT,['Text'], We could have allocated more time for brainstorming and planning before jumping into execution.  A more thorough risk assessment might have also prevented some of the unforeseen challenges.  Better communication and collaboration between team members would have smoothed the process considerably.,Gemini,verbose,long
What could we have done better?,TEXT,['Text'],"  Improved outcomes could have resulted from a more detailed project scope definition at the outset. This would have allowed for better resource allocation and a clearer understanding of individual responsibilities.  Consequently, potential roadblocks would have been identified and addressed proactively.",Gemini,explanatory,long
What did you learn from participating in the convention?,TEXT,['Text']," I learned a great deal about the latest advancements in sustainable energy technologies.  The networking opportunities were invaluable, allowing me to connect with experts in the field and explore potential collaborations. Overall, it was a highly enriching experience.",Gemini,verbose,long
What did you learn from participating in the convention?,TEXT,['Text']," Participating in the convention broadened my knowledge base significantly, particularly concerning the challenges and future prospects within the medical device industry.  The panel discussions were especially insightful.  I now have a clearer vision of my professional goals.",Gemini,explanatory,long
What did you learn from this communication experience?,TEXT,['Text']," This communication experience highlighted the importance of clear and concise language.  Ambiguity can lead to misunderstandings, and actively seeking clarification is crucial for effective communication.  I learned to prioritize precision in my word choice to avoid confusion.",Gemini,verbose,long
What did you learn from this communication experience?,TEXT,['Text'],  I gained a better understanding of how different communication styles can affect the interpretation of a message.  Tailoring my approach to the audience and context is vital for successful communication. This understanding will help me avoid future misunderstandings.,Gemini,explanatory,long
What impact did the convention have on your professional development?,TEXT,['Text']," The convention significantly broadened my understanding of current trends in data analysis.  Networking with other professionals provided valuable insights into best practices and emerging technologies, directly impacting my approach to project management.  I've already implemented several strategies learned there, improving team efficiency.",Gemini,verbose,long
What impact did the convention have on your professional development?,TEXT,['Text']," Attending the convention allowed me to gain exposure to new software and methodologies relevant to my field.  The workshops provided practical, hands-on experience that I've since applied to improve my workflow. This has resulted in increased productivity and a more efficient process.",Gemini,explanatory,long
What impact did the convention have on your professional development?,TEXT,['Text']," It was supposed to be helpful, and I did pick up a few things, but I was hoping for more substantial takeaways. The networking wasn't as productive as advertised.",Gemini,annoyed,long
What improvements could be made to the convention?,TEXT,['Text']," The convention could benefit from improved networking opportunities, perhaps dedicated spaces for informal interactions between attendees.  Better signage and a more intuitive layout would also enhance the overall experience.  Finally, offering more diverse food options catering to various dietary restrictions would be a welcome change.",Gemini,verbose,long
What improvements could be made to the convention?,TEXT,['Text'],  The convention's success hinges on attendee satisfaction.  Improvements could focus on streamlining the registration process to reduce wait times and enhancing the quality of the presentations to maintain engagement.  A post-convention survey to gather feedback would be invaluable.,Gemini,explanatory,long
What improvements could be made to the efficiency of the manufacturing process?,TEXT,['Text'], Implementing lean manufacturing principles could significantly streamline the process by eliminating waste and improving workflow.  This might involve better inventory management and a reduction in unnecessary steps.  Investing in automation for repetitive tasks would also boost efficiency and reduce human error.,Gemini,verbose,long
What improvements could be made to the efficiency of the manufacturing process?,TEXT,['Text'],"  Improved efficiency can be achieved through process mapping to identify bottlenecks and areas for improvement.  Subsequently, implementing just-in-time inventory systems can minimize storage costs and reduce waste.  Finally, worker training and improved communication can also lead to significant gains in efficiency.",Gemini,explanatory,long
What improvements would you suggest for our support system?,TEXT,['Text']," We should implement a multi-channel support system, incorporating email, phone, and live chat options to cater to diverse user preferences.  Proactive support through FAQs and tutorials could significantly reduce ticket volume.  Finally,  a robust knowledge base with easily searchable articles would empower users to self-serve.",Gemini,verbose,long
What improvements would you suggest for our support system?,TEXT,['Text'],  The current system lacks sufficient self-service options.  Adding a comprehensive FAQ section and a searchable knowledge base would allow users to resolve issues independently. This would free up agents to focus on more complex problems.,Gemini,explanatory,long
What improvements would you suggest for our support system?,TEXT,['Text'],"  Honestly, the response times are terrible.  We need more staff and a better ticketing system to handle the volume.  The current knowledge base is also useless.",Gemini,annoyed,long
What is your feedback on the overall design and layout of the convention?,TEXT,['Text']," The convention's layout was generally well-organized, with clear signage and easy navigation between different areas.  However, the session rooms could have been better spaced to reduce congestion in the hallways during peak times.  Overall, it was a positive experience.",Gemini,verbose,long
What is your feedback on the overall design and layout of the convention?,TEXT,['Text']," The convention center's design facilitated smooth transitions between events.  The clear labeling of rooms and exhibit spaces minimized confusion for attendees.  However,  improvements could be made to the flow of traffic in high-traffic areas.",Gemini,explanatory,long
What is your feedback on the overall design and layout of the convention?,TEXT,['Text'],"  The floor plan was confusing in places, and some sessions were awkwardly located. It wasn't the worst I've ever been to, but definitely not the best either.",Gemini,annoyed,long
What is your feedback on the quality of the presentations?,TEXT,['Text']," The presentations were generally well-structured and informative, with clear visuals supporting the key points.  However, some presenters could have improved their engagement with the audience. A few lacked strong conclusions.",Gemini,verbose,long
What is your feedback on the quality of the presentations?,TEXT,['Text']," The quality varied across presentations.  Some demonstrated excellent research and compelling delivery, while others suffered from poor organization and a lack of visual aids.  Overall, there's potential for improvement.",Gemini,explanatory,long
What is your feedback on the venue?,TEXT,['Text']," The venue was spacious and well-equipped, with ample seating and a good sound system.  The lighting was also excellent, creating a pleasant atmosphere.  Overall, it was a very suitable location for our event.",Gemini,verbose,long
What is your feedback on the venue?,TEXT,['Text']," The venue's size was appropriate for our needs, accommodating all attendees comfortably. However, the accessibility could be improved, particularly for those with mobility limitations.  The catering facilities were also excellent.",Gemini,explanatory,long
What is your overall impression of the convention's level of professionalism?,TEXT,['Text']," The convention demonstrated a high level of professionalism in its organization and execution.  The speakers were well-prepared, the venue was well-maintained, and the schedule ran smoothly.  Overall, it was a very polished and impressive event.",Gemini,verbose,long
What is your overall impression of the convention's level of professionalism?,TEXT,['Text']," The convention's professionalism was evident in several key aspects:  the efficient registration process, the clear communication regarding schedules and logistics, and the overall smooth running of events.  These factors contributed to a positive experience for attendees.",Gemini,explanatory,long
What is your suggestion for improving the support process?,TEXT,['Text']," Implement a tiered support system, directing simple queries to a knowledge base or chatbot and reserving human agents for complex issues. This would improve response times and agent efficiency.  Better training for agents on empathy and effective communication would also be beneficial.",Gemini,verbose,long
What is your suggestion for improving the support process?,TEXT,['Text'],"  A streamlined ticketing system with clear status updates would significantly improve the user experience.  This, combined with improved agent training on troubleshooting common problems, would reduce resolution times.  Regular feedback surveys would also help identify areas for improvement.",Gemini,explanatory,long
What lessons were learned from the communication?,TEXT,['Text']," The communication highlighted the importance of clear and concise language to avoid misunderstandings.  We also learned that active listening and seeking clarification are crucial for effective dialogue.  Finally, the value of timely responses in maintaining momentum and preventing delays became apparent.",Gemini,verbose,long
What lessons were learned from the communication?,TEXT,['Text'],  The communication process revealed weaknesses in our ability to convey complex information.  We discovered a need for improved visual aids and more frequent check-ins to ensure everyone is on the same page.  This experience underscored the importance of collaborative communication.,Gemini,explanatory,long
What lessons were learned from the communication?,TEXT,['Text'],  It's frustrating how easily things were misinterpreted.  We need to be more specific and follow up to make sure everyone understands the message.  This whole thing could have been avoided with better communication.,Gemini,annoyed,long
What metrics were used to evaluate the communication?,TEXT,['Text']," We measured clarity, conciseness, and audience engagement.  Data was collected through surveys and post-communication feedback sessions.  The results indicated strong performance across all three metrics.",Gemini,verbose,long
What metrics were used to evaluate the communication?,TEXT,['Text'],"  The evaluation focused on three key aspects: the comprehensibility of the message, the efficiency of its delivery, and the level of audience understanding and response. These were assessed using a combination of qualitative and quantitative methods.",Gemini,explanatory,long
What recommendations would you make for future communications?,TEXT,['Text']," For future communications, we should utilize text messaging for quick updates and confirmations.  This allows for efficient and immediate dissemination of information.  Consider setting up a group text for team announcements.",Gemini,verbose,long
What recommendations would you make for future communications?,TEXT,['Text']," Texting is recommended for its speed and convenience in disseminating time-sensitive information. It is a suitable method for quick confirmations and updates, contributing to improved efficiency.  A group text may further facilitate communication.",Gemini,explanatory,long
What resources or support did you find most helpful?,TEXT,['Text']," The online documentation provided by the software developers was incredibly useful, offering detailed explanations and troubleshooting guides.  I also found several helpful blog posts and forum discussions from experienced users particularly insightful.  These resources, combined, allowed me to overcome most challenges I faced.",Gemini,verbose,long
What resources or support did you find most helpful?,TEXT,['Text'], I found the provided learning materials to be exceptionally well-structured and comprehensive. The step-by-step instructions and clear examples significantly aided my understanding and progress. This structured approach was much more effective than less organized resources.,Gemini,explanatory,long
What specific actions did the agent take that you appreciated?,TEXT,['Text']," I appreciated the agent's proactive approach in identifying potential problems before they arose.  They also clearly communicated each step of the process, keeping me informed every step of the way.  Finally, their patience in answering my many questions was invaluable.",Gemini,verbose,long
What specific actions did the agent take that you appreciated?,TEXT,['Text']," I was particularly impressed by the agent's ability to quickly understand the issue and provide relevant solutions.  Their explanation of the process was clear and concise, making it easy to follow. This made the entire interaction very efficient.",Gemini,explanatory,long
What specific actions did the agent take that you did not appreciate?,TEXT,['Text']," The agent repeatedly interrupted me mid-sentence, failing to allow me to fully explain my issue.  Furthermore, it provided irrelevant information, seemingly ignoring my specific requests. This made the interaction unnecessarily lengthy and frustrating.",Gemini,verbose,long
What specific actions did the agent take that you did not appreciate?,TEXT,['Text']," I found the agent's approach to problem-solving ineffective because it failed to prioritize the key elements of my request.  It focused on secondary details, leading to a longer resolution time.  This inefficient approach wasted valuable time.",Gemini,explanatory,long
What specific changes would you recommend for the next convention?,TEXT,['Text']," We should definitely improve the Wi-Fi access; it was practically unusable in many areas.  Better signage directing attendees to different events would also be beneficial.  Finally, expanding the food options to include more diverse and healthier choices is a must.",Gemini,verbose,long
What specific changes would you recommend for the next convention?,TEXT,['Text'],"  To enhance attendee experience, I suggest implementing a mobile app for scheduling and networking.  This would streamline the registration process and provide real-time updates.  Improved accessibility features for individuals with disabilities should also be a priority.",Gemini,explanatory,long
What specific changes would you recommend for the next convention?,TEXT,['Text'],"  Seriously, the seating was incredibly uncomfortable.  And the air conditioning was either freezing or non-existent. It's the little things that matter.",Gemini,annoyed,long
What steps did the agent take to resolve your issue?,TEXT,['Text']," The agent first checked my account details to understand the problem.  Then, they initiated a refund for the incorrectly charged amount. Finally, they sent a confirmation email detailing the steps taken and the expected timeframe for the refund to appear.",Gemini,verbose,long
What steps did the agent take to resolve your issue?,TEXT,['Text']," The agent investigated the issue by reviewing my transaction history.  Upon confirming the error, they processed a full refund to my original payment method. This resolution was then communicated to me via email.",Gemini,explanatory,long
What suggestions do you have for future conventions?,TEXT,['Text'],"  We should definitely explore incorporating more interactive workshops and breakout sessions, allowing for more direct engagement with presenters and peers.  A dedicated networking area with comfortable seating and refreshments would also greatly enhance the experience.  Finally, offering a wider range of dietary options for attendees would be a significant improvement.",Gemini,verbose,long
What suggestions do you have for future conventions?,TEXT,['Text'],"  To increase attendee satisfaction, I recommend a thorough evaluation of the current schedule and sessions.  Perhaps a survey could be used to gauge interest in specific topics and formats. Implementing the resulting feedback would likely lead to a more engaging and worthwhile event.",Gemini,explanatory,long
What suggestions do you have for future conventions?,TEXT,['Text'],"  Honestly, the whole thing was a bit disorganized.  Better scheduling and clearer communication about what's going on would be a major help.  And maybe less crowded sessions.",Gemini,annoyed,long
What tools or resources could have helped the agent resolve your issue more efficiently?,TEXT,['Text'], Access to a comprehensive knowledge base containing FAQs and troubleshooting guides specific to the product would have been incredibly helpful.  A direct link to relevant articles or videos demonstrating the correct procedure would also have saved a lot of time.  Better integration between different support channels would have streamlined the process.,Gemini,verbose,long
What tools or resources could have helped the agent resolve your issue more efficiently?,TEXT,['Text'],"  Access to the agent's system logs and diagnostic tools would have allowed for a quicker identification of the problem's root cause.  This would have reduced the need for multiple back-and-forth communications to gather information.  Remote access to my system, with my permission of course, could have been extremely beneficial.",Gemini,explanatory,long
What tools or resources could have helped the agent resolve your issue more efficiently?,TEXT,['Text'],  A more intuitive interface for submitting support requests and a faster response time would have been appreciated.  The whole process felt unnecessarily complicated.,Gemini,annoyed,long
What was the least helpful aspect of the support?,TEXT,['Text']," The least helpful aspect was the sheer lack of personalized attention.  It felt like I was talking to a bot, and my specific problem wasn't addressed adequately.  They just kept repeating generic troubleshooting steps.",Gemini,verbose,long
What was the least helpful aspect of the support?,TEXT,['Text']," The support was unhelpful because it failed to address the root cause of my problem.  Instead of diagnosing the issue, they only offered superficial solutions which didn't work. This wasted my time.",Gemini,explanatory,long
What was the message of the communication?,TEXT,['Text']," The communication conveyed an urgent request for a project update by the end of the day, emphasizing the importance of timely delivery to meet the deadline.  Specific details regarding the project's current status and anticipated challenges were also included.  The overall tone was one of mild urgency but maintained professional courtesy.",Gemini,verbose,long
What was the message of the communication?,TEXT,['Text']," The message was primarily informational, detailing a recent change in company policy regarding employee expense reimbursements.  It clarified the new procedures and provided contact information for any questions or concerns. The goal was to ensure compliance and transparency.",Gemini,explanatory,long
What was the most helpful aspect of the support?,TEXT,['Text'], The prompt and clear explanations provided in the support documentation were incredibly helpful.  They addressed my specific issues effectively and allowed me to resolve the problem independently.  This saved me a considerable amount of time and frustration.,Gemini,verbose,long
What was the most helpful aspect of the support?,TEXT,['Text'], The most helpful aspect was the representative's patience in explaining the complex technical details.  Their clear and concise answers allowed me to understand the root cause of the problem. This understanding was crucial for resolving the issue.,Gemini,explanatory,long
What was the purpose of the communication?,TEXT,['Text'], The purpose of the communication was to schedule a meeting to discuss the upcoming project deadlines and allocate resources accordingly.  We needed to ensure everyone was on the same page and avoid any potential delays.  This was crucial for the successful completion of the project.,Gemini,verbose,long
What was the purpose of the communication?,TEXT,['Text'], The communication aimed to convey important information regarding a change in project specifications.  This change necessitated a revision of the timeline and a reallocation of tasks.  Clear communication was essential to ensure project success.,Gemini,explanatory,long
What was the quality of the resources provided?,TEXT,['Text']," The resources were quite comprehensive, offering a wide range of materials relevant to the topic.  However, the quality varied; some were exceptionally well-written and insightful, while others felt somewhat superficial.  Overall, it was a mixed bag.",Gemini,verbose,long
What was the quality of the resources provided?,TEXT,['Text']," The resources provided were generally helpful, although some lacked the depth of detail necessary for a complete understanding.  Further research may be needed in certain areas to supplement the information provided. The quality was inconsistent.",Gemini,explanatory,long
What was your favorite part of the support interaction?,TEXT,['Text']," The agent's patience and thorough explanation of the troubleshooting steps were truly appreciated.  Their calm demeanor helped alleviate my frustration, and I felt confident in resolving the issue afterward.  It was a very positive experience overall.",Gemini,verbose,long
What was your favorite part of the support interaction?,TEXT,['Text']," My favorite part was the clear and concise communication from the support agent.  They explained the solution in a way that was easy to understand, even for someone who isn't technically inclined like myself. This ensured a quick resolution to my problem.",Gemini,explanatory,long
What was your initial impression of the support agent?,TEXT,['Text'], My initial impression was that the support agent was very polite and efficient. They quickly understood my problem and offered several solutions.  I felt confident they would resolve my issue.,Gemini,verbose,long
What was your initial impression of the support agent?,TEXT,['Text']," The support agent's initial interaction was positive. They demonstrated a clear understanding of the company's products and procedures, leading me to believe the issue would be handled appropriately. Their tone was professional and reassuring.",Gemini,explanatory,long
What was your least favorite part of the support interaction?,TEXT,['Text']," The excessive wait time was frustrating.  I understand things get busy, but the automated system kept looping and didn't seem to understand my problem.  It felt like I was wasting a lot of time just trying to reach a real person.",Gemini,verbose,long
What was your least favorite part of the support interaction?,TEXT,['Text'],"  My least favorite part was the difficulty in clearly explaining my issue. The support representative seemed to misunderstand my initial description, leading to a longer resolution time than necessary. This could have been avoided with clearer communication.",Gemini,explanatory,long
What were the barriers to communication?,TEXT,['Text'],"  Several barriers hindered effective communication.  Language differences and cultural misunderstandings played a significant role, leading to misinterpretations and frustration.  Additionally, the lack of clear and concise messaging contributed to confusion and hampered the overall communication process.",Gemini,verbose,long
What were the barriers to communication?,TEXT,['Text'],"  The primary barriers were linguistic differences, resulting in difficulties understanding each other's messages.  Cultural nuances and varying communication styles also created misunderstandings. These factors combined to significantly impede the flow of information.",Gemini,explanatory,long
What were the barriers to communication?,TEXT,['Text'],"  Well, it's pretty obvious, isn't it?  The main problems were the language barrier and the fact that everyone seemed to have a different way of communicating. It made things incredibly difficult.",Gemini,annoyed,long
What were the communication channels used?,TEXT,['Text']," We primarily used text messages to communicate throughout the project.  Occasional emails were sent for formal updates, but the bulk of our communication happened via text. This was convenient for quick questions and updates.",Gemini,verbose,long
What were the communication channels used?,TEXT,['Text'],  The communication channel utilized was primarily text messaging. This method proved efficient for rapid information exchange amongst the team members.  The chosen method was deemed suitable for the project's needs.,Gemini,explanatory,long
What were the ethical considerations involved in the communication?,TEXT,['Text'], The ethical considerations depend heavily on the context of the communication.  Was the information shared truthful and accurate?  Did the communication respect the privacy and autonomy of those involved?,Gemini,verbose,long
What were the ethical considerations involved in the communication?,TEXT,['Text'],"  Key ethical considerations include ensuring the communication was truthful and did not mislead anyone.  Respect for privacy and obtaining informed consent, where applicable, are also crucial.  Finally, the potential for harm, both emotional and reputational, should be carefully assessed.",Gemini,explanatory,long
What were the intended and unintended consequences of the communication?,TEXT,['Text']," The intended consequence of the communication was to inform the recipient of the meeting change.  However, the informal tone used unintentionally caused confusion and led to a misunderstanding about the urgency of the rescheduling. This resulted in several team members missing the meeting entirely.",Gemini,verbose,long
What were the intended and unintended consequences of the communication?,TEXT,['Text'],"  So, they *meant* to just let everyone know about the new time, right? But it came off kinda weird and people didn't get it, so stuff got messed up.  ",Gemini,colloquial,long
What were the intended and unintended consequences of the communication?,TEXT,['Text']," The communication aimed to convey a simple schedule adjustment.  The unintended consequence stemmed from a lack of clarity regarding the required action, which led to inaction by some recipients and ultimately delayed the project.  The sender should have used a more direct and action-oriented message.",Gemini,explanatory,long
What were the intended and unintended consequences of the communication?,TEXT,['Text'],"  It was supposed to be a simple notification, but the way it was worded clearly wasn't effective. People missed key information, which now means extra work for everyone.  This is frustrating.",Gemini,annoyed,long
What were the key factors contributing to success or failure?,TEXT,['Text']," Effective communication and collaboration within the team were crucial for our success.  Conversely, a lack of clear goals and insufficient resources hampered progress in other areas.  Ultimately, strong leadership played a decisive role in navigating challenges and achieving objectives.",Gemini,verbose,long
What were the key factors contributing to success or failure?,TEXT,['Text']," Success was largely dependent on a well-defined strategy and the effective allocation of resources. Failure, on the other hand, stemmed from unforeseen obstacles and ineffective risk management strategies. These factors interacted to determine the overall outcome.",Gemini,explanatory,long
What were the key takeaways?,TEXT,['Text']," The key takeaways were the significant impact of climate change on coastal communities, the urgent need for international cooperation to address the issue, and the promising advancements in renewable energy technologies that could mitigate some of the effects.",Gemini,verbose,long
What were the key takeaways?,TEXT,['Text'],"  So, like, the big things were how messed up climate change is, that we gotta work together on it, and that there's some cool new stuff happening with clean energy.",Gemini,colloquial,long
What were the key takeaways?,TEXT,['Text']," The presentation highlighted three crucial takeaways.  Firstly, the devastating effects of climate change are already being felt globally. Secondly, effective solutions require collaborative efforts from all nations.  Finally, the development of sustainable energy sources offers a path towards mitigation.",Gemini,explanatory,long
What were the key takeaways?,TEXT,['Text'],"  The main points were the damage from climate change, the necessity for international action (which is always a pain), and some positive developments in renewable energy.  It's pretty obvious, isn't it?",Gemini,annoyed,long
What were the outcomes of the communication?,TEXT,['Text'], The communication resulted in a clear understanding of the project timeline and assigned responsibilities.  All team members confirmed their availability and agreed upon the next steps.  A follow-up meeting was scheduled to review progress.,Gemini,verbose,long
What were the outcomes of the communication?,TEXT,['Text'], The communication successfully conveyed the necessary information to all participants.  This led to a shared understanding of goals and a collaborative plan for moving forward.  Any ambiguities were clarified.,Gemini,explanatory,long
What were the results?,TEXT,['Text']," The experiment yielded surprising results.  The control group showed a significant improvement, exceeding expectations, while the experimental group demonstrated only a marginal increase.  Further analysis is needed to understand these discrepancies.",Gemini,verbose,long
What were the results?,TEXT,['Text']," The results indicate a statistically significant difference between the control and experimental groups.  The control group performed considerably better than predicted, while the experimental group's performance was within the expected range of variation. This suggests a need to re-evaluate the experimental design.",Gemini,explanatory,long
What were the results?,TEXT,['Text'],  The results aren't what we expected. The control group did much better than anticipated; the experimental group showed minimal improvement. It's frustrating.,Gemini,annoyed,long
What were the strengths and weaknesses of the convention's communication strategy?,TEXT,['Text']," The convention's communication strategy effectively utilized social media to reach a broad audience, generating significant pre-event buzz. However,  on-site communication was lacking, with unclear signage and infrequent updates causing confusion among attendees.  This discrepancy between online and offline communication ultimately hampered the overall success.",Gemini,verbose,long
What were the strengths and weaknesses of the convention's communication strategy?,TEXT,['Text'],"  So, the online stuff was killer, right?  But seriously, finding things was a nightmare.  They totally dropped the ball on letting people know what was going on at the convention itself.",Gemini,colloquial,long
What were the strengths and weaknesses of the convention's communication strategy?,TEXT,['Text']," The convention leveraged digital platforms successfully, building anticipation and engaging potential attendees.  Nevertheless, the lack of a robust internal communication system at the venue resulted in significant logistical issues.  This highlights the importance of a cohesive strategy across all channels.",Gemini,explanatory,long
What were the strengths and weaknesses of the convention's communication strategy?,TEXT,['Text'],  They did a great job getting the word out beforehand.  But the actual communication *during* the convention was a complete mess.  It was incredibly frustrating to navigate.,Gemini,annoyed,long
What were your biggest challenges during the convention?,TEXT,['Text']," The biggest challenge was definitely managing the unexpected influx of attendees.  We had to scramble to accommodate everyone, and some of the planned activities had to be adjusted on the fly.  It was stressful, but we managed to pull it off.",Gemini,verbose,long
What were your biggest challenges during the convention?,TEXT,['Text']," Our primary challenge stemmed from unforeseen logistical issues.  The venue's capacity proved to be less than advertised, resulting in overcrowding and impacting the flow of events.  This necessitated impromptu solutions to maintain schedule and attendee comfort.",Gemini,explanatory,long
What were your expectations before attending the convention?,TEXT,['Text']," I expected to learn a lot from the keynote speakers and workshops, network with other professionals in my field, and hopefully find some new collaborators for future projects.  I was also hoping to discover some new technologies or approaches to my work. It was a big commitment, so I wanted to get a good return on my time and effort.",Gemini,verbose,long
What were your expectations before attending the convention?,TEXT,['Text'], I anticipated the convention would provide valuable professional development opportunities.  I hoped to expand my knowledge base and gain insights into current trends within my industry.  My primary expectation was to make connections that could benefit my career.,Gemini,explanatory,long
What were your expectations before attending the convention?,TEXT,['Text'],"  I was expecting it to be well-organized and worthwhile, considering the registration fee.  I'm not thrilled about the travel involved, but I hoped at least the sessions would be engaging.  Let's see if it lives up to the hype.",Gemini,annoyed,long
What were your observations?,TEXT,['Text']," The experiment showed a clear correlation between temperature and reaction rate, with the rate increasing significantly as temperature rose.  There was also some unexpected variability in the control group, which warrants further investigation.  Overall, the results support our hypothesis.",Gemini,verbose,long
What were your observations?,TEXT,['Text']," My observations indicate a positive correlation between the independent and dependent variables.  Specifically, higher temperatures resulted in faster reaction times.  Further analysis is needed to explain the inconsistencies in the control group data.",Gemini,explanatory,long
What were your observations?,TEXT,['Text'],"  The data showed what we expected regarding temperature, but the control group results were messy and need clarifying before I can say anything more definitive.",Gemini,annoyed,long
What would you change about the schedule of events?,TEXT,['Text'], I think the schedule is a bit too packed.  There's not enough time between events for people to relax or move between locations.  Adding some buffer time would significantly improve the overall experience.,Gemini,verbose,long
What would you change about the schedule of events?,TEXT,['Text'], The current schedule lacks sufficient transition time between events.  This could lead to attendees feeling rushed and stressed.  A revised schedule with more breathing room would improve attendee satisfaction.,Gemini,explanatory,long
What would you do differently next time?,TEXT,['Text']," Next time, I would allocate more time for thorough planning and research before starting the project.  This would help avoid the rushed feeling and some of the avoidable mistakes I made.  Better organization is key.",Gemini,verbose,long
What would you do differently next time?,TEXT,['Text']," I believe a more structured approach would have improved the outcome.  Specifically, breaking down the task into smaller, manageable steps would have facilitated better progress tracking and prevented feeling overwhelmed. This would lead to a more efficient workflow.",Gemini,explanatory,long
Would you recommend our support to others? Why or why not?,TEXT,['Text']," Yes, I would definitely recommend your support.  The team was incredibly responsive and helpful in resolving my issue quickly and efficiently.  They went above and beyond to ensure my satisfaction.",Gemini,verbose,long
Would you recommend our support to others? Why or why not?,TEXT,['Text']," I would recommend your support based on my positive experience.  The agents were knowledgeable and patient, guiding me through the solution process. This resulted in a quick resolution to my problem.",Gemini,explanatory,long
On what date did the project officially commence? Provide a date.,DATE,['Date'], The project officially started on the twenty-third of March in the year two thousand and twenty-two.  This date marks the beginning of all official project documentation and activity.  It was a Tuesday.,Gemini,verbose,long
On what date did the project officially commence? Provide a date.,DATE,['Date'], The official commencement date of the project is recorded as 15th August 2024.  This date is confirmed in the project initiation document.  Any discrepancies should be reported immediately.,Gemini,explanatory,long
On what date was the training session conducted? Provide a date.,DATE,['Date'], The training session was held on the twenty-fifth of October in the year two thousand and twenty-three.  It was a very informative session. We covered a lot of ground.,Gemini,verbose,long
On what date was the training session conducted? Provide a date.,DATE,['Date'], The training session took place on 01/07/2023. This date was chosen to avoid clashing with other scheduled events.  The participants were all available on this day.,Gemini,explanatory,long
What date did the equipment malfunction?,DATE,['Date'], The equipment malfunctioned on the twenty-seventh of October in the year two thousand and twenty-two.  This was discovered during the routine morning inspection.  A full report has been filed.,Gemini,verbose,long
What date did the equipment malfunction?,DATE,['Date']," The malfunction occurred on August 1st, 2024. This date is significant because it falls within the projected maintenance window, but the failure was unexpected.  Further investigation is underway.",Gemini,explanatory,long
What date did the initial deployment occur? Provide a date.,DATE,['Date'], The initial deployment happened on the twenty-fifth of June in two thousand and twenty-three.  This was a significant milestone in the project.  We celebrated with cake.,Gemini,verbose,long
What date did the initial deployment occur? Provide a date.,DATE,['Date']," The initial deployment commenced on June 25th, 2023. This date marks the beginning of the system's operational phase.  Further updates followed later.",Gemini,explanatory,long
What date did the issue begin? Provide a date.,DATE,['Date'], The problem started on the twenty-fifth of October in the year two thousand and twenty-two.  I believe this is the correct date.  Please let me know if you require further information.,Gemini,verbose,long
What date did the issue begin? Provide a date.,DATE,['Date'], The issue commenced on 02 August 2021.  This date is confirmed by our internal records and should be accurate.  Further investigation is possible if necessary.,Gemini,explanatory,long
What date did the order ship? Provide a date.,DATE,['Date'], The order shipped on the twenty-fifth of October in the year two thousand and twenty-three.  This information can be found on your order confirmation email. Please check your inbox.,Gemini,verbose,long
What date did the order ship? Provide a date.,DATE,['Date'], The shipment date for your order was 12 August 2023. This date is recorded in our system and should also appear on your tracking information.  Please let me know if you have any further questions.,Gemini,explanatory,long
What date did the permit expire? Provide a date.,DATE,['Date']," The permit's validity ceased on the twenty-third of July, two thousand and twenty-two.  This was confirmed by the issuing authority.  Please check your records.",Gemini,verbose,long
What date did the technical issue arise? Provide a date.,DATE,['Date'], The technical issue began on the twenty-fifth of October in the year two thousand and twenty-three.  It caused significant disruption to our services. We are working to resolve it as quickly as possible.,Gemini,verbose,long
What date did the training begin for the new software? Provide a date.,DATE,['Date']," The training for the new software commenced on the tenth of June, two thousand and twenty-three.  This was a crucial date for the team's productivity going forward.  We'll see the results soon.",Gemini,verbose,long
What date did the training begin for the new software? Provide a date.,DATE,['Date'], The training program for the new software started on 14 March 2023.  This date was chosen to allow sufficient time for completion before the anticipated launch date. The schedule was carefully planned.,Gemini,explanatory,long
What date did the training session conclude? Provide a date.,DATE,['Date'], The training session wrapped up on the twenty-fifth of October in the year two thousand and twenty-three.  It was a long but worthwhile experience.  I'm looking forward to applying what I learned.,Gemini,verbose,long
What date did the training session conclude? Provide a date.,DATE,['Date']," The training concluded on March 8th, 2024. This date is significant because it marked the end of a three-month intensive program.  The final assessment took place that day.",Gemini,explanatory,long
What date did you attend the webinar? Provide a date.,DATE,['Date'], I attended the webinar on the twenty-fifth of October in the year two thousand and twenty-three.  It was a very informative session. I found the presentation particularly helpful.,Gemini,verbose,long
What date did you receive the notification about your test results? Provide a date.,DATE,['Date'], I received the notification about my test results on the twenty-fifth of October in the year two thousand and twenty-three.  It was a rather anxious wait.  I'm glad it's finally over.,Gemini,verbose,long
What date did you receive the notification about your test results? Provide a date.,DATE,['Date']," My notification arrived on the 18th of June, 2023. This was later than initially anticipated, causing some unnecessary stress. The delay was explained, however.",Gemini,explanatory,long
What date did you start feeling unwell? Provide a date.,DATE,['Date']," I started feeling unwell on the twenty-seventh of October in the year two thousand and twenty-three.  It was a Thursday, if that helps. I've been under the weather ever since.",Gemini,verbose,long
What date did you start feeling unwell? Provide a date.,DATE,['Date']," I believe I first noticed symptoms developing on the 1st of January, 2024.  It was a gradual onset, but that's when I started to feel significantly different.  I've been keeping a record of my health since then.",Gemini,explanatory,long
What date is the company anniversary? Provide a date.,DATE,['Date']," Our company's anniversary is on the twenty-fifth of October, two thousand and fifteen.  It's a date we celebrate every year.  We're looking forward to this year's festivities!",Gemini,verbose,long
What date is the company anniversary? Provide a date.,DATE,['Date']," The company anniversary falls on the 1st of January, 2001. This date marks the official incorporation of the business.  It's an important milestone for us.",Gemini,explanatory,long
What date is the conference taking place? Provide a date.,DATE,['Date'], The conference will be held on the twenty-fifth of October in the year two thousand and twenty-four.  I hope to see you there! It's a very important event.,Gemini,verbose,long
What date is the conference taking place? Provide a date.,DATE,['Date'], The conference is scheduled to commence on 1st January 2026. This date was chosen to allow ample time for preparations and to coincide with the beginning of the new year.  We look forward to welcoming you.,Gemini,explanatory,long
What date is the contract renewal due? Provide a date.,DATE,['Date'], The contract renewal is due on the twenty-fifth of October in the year two thousand and twenty-four.  Please ensure this date is clearly marked in your calendar.  Failure to renew by this date may result in penalties.,Gemini,verbose,long
What date is the contract renewal due? Provide a date.,DATE,['Date'], The contract renewal is due on the twenty-fifth of October in the year two thousand and twenty-four.  Please ensure this date is clearly marked in your calendar.  Failure to renew by this date may result in penalties.,Gemini,verbose,long
What date is the contract renewal due? Provide a date.,DATE,['Date'], The contract renewal is due on the twenty-fifth of October in the year two thousand and twenty-four.  Please ensure this date is noted in your calendar to avoid any potential issues.  Failure to renew by this date may result in penalties.,Gemini,verbose,long
What date is the contract renewal due? Provide a date.,DATE,['Date'], The contract renewal is due on the twenty-fifth of October in the year two thousand and twenty-four.  Please ensure this date is noted in your calendar to avoid any potential issues.  Failure to renew by this date may result in penalties.,Gemini,verbose,long
What date is the contract renewal due? Provide a date.,DATE,['Date'], The contract stipulates that renewal is required by 1st March 2023.  This is a key date to ensure continued service.  Please submit your renewal paperwork before this date.,Gemini,explanatory,long
What date is the contract renewal due? Provide a date.,DATE,['Date'], The contract stipulates that renewal is required by 1st March 2023.  This is a key date to ensure continued service.  Please submit your renewal paperwork before this date.,Gemini,explanatory,long
What date is the deadline for submitting feedback? Provide a date.,DATE,['Date']," The deadline for submitting your feedback is the twenty-fifth of October, two thousand and twenty-four. Please ensure your feedback is submitted by this date to be considered.  Late submissions will unfortunately not be accepted.",Gemini,verbose,long
What date is the deadline for submitting feedback? Provide a date.,DATE,['Date'], The deadline for feedback submission is 1st January 2025.  This date allows sufficient time for processing and consideration of all received feedback before the next project phase begins. Please submit your feedback by this date.,Gemini,explanatory,long
What date is the end of the probationary period? Provide a date.,DATE,['Date'], My probationary period concludes on the twenty-seventh of October in the year two thousand and twenty-four.  This date is important for both my employer and myself.  Please mark your calendars accordingly.,Gemini,verbose,long
What date is the end of the probationary period? Provide a date.,DATE,['Date']," The end of my probation is on 15 August 2023. This date marks the transition to permanent employment, subject to satisfactory performance review.  I look forward to this.",Gemini,explanatory,long
What date is the next board meeting scheduled for? Provide a date.,DATE,['Date'], The next board meeting is scheduled for the twenty-fifth of October in the year two thousand and twenty-four.  We will be discussing the upcoming fiscal year's budget. Please ensure your reports are submitted by the twentieth.,Gemini,verbose,long
What date is the next board meeting scheduled for? Provide a date.,DATE,['Date'], The next scheduled board meeting will take place on 18th August 2024. This date was decided at the last meeting and confirmed in the subsequent email communication.  Please refer to your calendar.,Gemini,explanatory,long
What date is the next scheduled backup? Provide a date.,DATE,['Date']," The next scheduled backup is planned for the twenty-seventh of October, two thousand and twenty-four.  This ensures all critical data is safely stored.  We will send a notification closer to the date.",Gemini,verbose,long
What date is the next scheduled backup? Provide a date.,DATE,['Date'], The system is configured to perform a full backup on the 24th of August 2024.  This date was chosen to minimize disruption to regular operations. The backup will begin at 23:00.,Gemini,explanatory,long
What date is the next staff meeting? Provide a date.,DATE,['Date'], The next staff meeting is scheduled for the twenty-fifth of October in the year two thousand and twenty-four.  Please ensure you arrive on time.  The agenda will be circulated beforehand.,Gemini,verbose,long
What date is the next staff meeting? Provide a date.,DATE,['Date']," The upcoming staff meeting has been set for the seventh of November, two thousand and twenty-four. This date was chosen to accommodate the majority of staff schedules.  Please let me know if you have any conflicts.",Gemini,explanatory,long
What date is the next team-building exercise? Provide a date.,DATE,['Date'], The next team-building exercise is scheduled for the twenty-fifth of October in the year two thousand and twenty-four.  Please ensure you have the entire day free. We'll be sending out further details shortly.,Gemini,verbose,long
What date is the next team-building exercise? Provide a date.,DATE,['Date']," The team-building event will be held on July fourteenth, two thousand and twenty-five.  This date was chosen to accommodate the majority of team members' schedules. We look forward to seeing you there.",Gemini,explanatory,long
What date is your next review scheduled? Provide a date.,DATE,['Date'], My next review is scheduled for the twenty-fifth of October in the year two thousand and twenty-four.  I believe this date is suitable for all involved parties.  Please let me know if there are any issues.,Gemini,verbose,long
What date is your next review scheduled? Provide a date.,DATE,['Date'], The date of my next scheduled review is 27th January 2025. This date was agreed upon during our last meeting and is documented in the meeting minutes.  Any changes would require further discussion.,Gemini,explanatory,long
What date should we schedule the site visit? Provide a date.,DATE,['Date'],"  I propose we schedule the site visit for the twenty-seventh of October, two thousand and twenty-four. This date allows sufficient time for preparation and avoids any potential scheduling conflicts.  Let me know if this works for you.",Gemini,verbose,long
What date should we schedule the site visit? Provide a date.,DATE,['Date']," Considering the travel time and everyone's availability, I believe the 05/06/2025 would be a suitable date for the site visit. This date provides ample time for logistical arrangements and ensures everyone can attend.",Gemini,explanatory,long
What date was the final testing report submitted? Provide a date.,DATE,['Date'], The final testing report was submitted on the twenty-fifth of October in the year two thousand and twenty-three.  This concludes the testing phase. The data is now available for analysis.,Gemini,verbose,long
What date was the final testing report submitted? Provide a date.,DATE,['Date']," The final report's submission date is clearly indicated in the project log as the fifth of August, two thousand and twenty-two.  This date marks the official completion of the testing phase.  Further documentation is available upon request.",Gemini,explanatory,long
What date was the infrastructure upgrade completed? Provide a date.,DATE,['Date']," The infrastructure upgrade was finalized on the twenty-fifth of July, two thousand and twenty-three.  All systems are now operational at peak efficiency.  We appreciate your patience.",Gemini,verbose,long
What date was the infrastructure upgrade completed? Provide a date.,DATE,['Date']," The completion date for the infrastructure upgrade was October 26th, 2023. This date reflects the successful implementation of all planned improvements and rigorous testing procedures.  The system is now fully operational.",Gemini,explanatory,long
What date was the requirement specification finalized? Provide a date.,DATE,['Date']," The final version of the requirement specification document was signed off and approved on the twenty-third of March, two thousand and twenty-three.  This concludes the requirements gathering phase of the project.",Gemini,verbose,long
What date was the system architecture documented? Provide a date.,DATE,['Date']," The system architecture documentation was finalized and signed off on the tenth of March, two thousand and twenty-three.  This date reflects the completion of the final review and approval process.  The document is now considered official.",Gemini,verbose,long
What date was the system architecture documented? Provide a date.,DATE,['Date']," The documentation of the system architecture was completed on August 1st, 2024.  This date marks the conclusion of the design phase and the commencement of the implementation stage. The document has version number 1.0.",Gemini,explanatory,long
What date will the new system be decommissioned? Provide a date.,DATE,['Date'], The old system will be taken offline on the twenty-fifth of December in the year two thousand and twenty-five.  This date allows ample time for the transition to the new system.  We will send further updates closer to the time.,Gemini,verbose,long
What date will the new system be decommissioned? Provide a date.,DATE,['Date']," The decommissioning of the legacy system is planned for August 10th, 2026. This date was chosen after careful consideration of project timelines and resource availability.  We anticipate a smooth transition.",Gemini,explanatory,long
What date will the system go live? Provide a date.,DATE,['Date'], The system will be launched on the twenty-fifth of October in the year two thousand and twenty-four.  This date has been carefully chosen to allow for adequate testing and preparation. We look forward to the system launch.,Gemini,verbose,long
What date will the system go live? Provide a date.,DATE,['Date'], The go-live date for the system is set for 15th December 2024. This date was determined after considering all logistical factors and stakeholder availability.  We anticipate a smooth transition.,Gemini,explanatory,long
What is the cut-off date for registering for the event? Provide a date.,DATE,['Date'], The deadline for event registration is the twenty-fifth of October in the year two thousand and twenty-four.  Please ensure your registration is completed before this date to avoid disappointment.  Late registrations will not be accepted.,Gemini,verbose,long
What is the cut-off date for registering for the event? Provide a date.,DATE,['Date']," The registration period closes on December 12th, 2024.  This date is firm, and no exceptions will be made for late submissions.  Please plan accordingly.",Gemini,explanatory,long
What is the date of the next billing cycle? Provide a date.,DATE,['Date'], The next billing cycle will commence on the twenty-fifth of October in the year two thousand and twenty-four.  This date is calculated based on your previous payment. Please note this date on your calendar.,Gemini,verbose,long
What is the date of the next billing cycle? Provide a date.,DATE,['Date']," Your next billing cycle begins on January fourteenth, twenty-twenty-five. This date is determined by the terms of your service agreement and reflects a standard thirty-day billing period.",Gemini,explanatory,long
What is the date of the next code review? Provide a date.,DATE,['Date'], The next code review is scheduled for the twenty-seventh of October in the year two thousand and twenty-four.  Please ensure all necessary documentation is submitted beforehand.  Thanks!,Gemini,verbose,long
What is the date of the next code review? Provide a date.,DATE,['Date']," The date of the next code review has been set for the 18th of August, 2024. This allows ample time for preparation and issue resolution before the deadline. Please confirm your availability.",Gemini,explanatory,long
What is the date of the next performance review? Provide a date.,DATE,['Date'], My next performance review is scheduled for the twenty-fifth of October in the year two thousand and twenty-four.  I believe this date is correctly reflected in the company calendar. Please let me know if there are any discrepancies.,Gemini,verbose,long
What is the date of the next performance review? Provide a date.,DATE,['Date']," The next performance review is planned for June fourteenth, two thousand and twenty-five. This date was communicated during the last team meeting and is also visible on the internal company portal.  Please confirm if this is accurate.",Gemini,explanatory,long
What is the date of the next software review? Provide a date.,DATE,['Date'], The next software review is scheduled for the twenty-seventh of October in the year two thousand and twenty-four.  Please ensure all relevant documentation is submitted beforehand. This is crucial for a smooth review process.,Gemini,verbose,long
What is the date of the next software review? Provide a date.,DATE,['Date']," The date of the next software review has been set for March fifteenth, twenty-twenty-five. This date was chosen to allow sufficient time for testing and feedback incorporation.  Please update your calendars accordingly.",Gemini,explanatory,long
What is the date of the next stakeholder meeting? Provide a date.,DATE,['Date'], The next stakeholder meeting is scheduled for the twenty-seventh of October in the year two thousand and twenty-four.  Please ensure you have your reports prepared beforehand.  We'll be discussing Q3 performance.,Gemini,verbose,long
What is the date of the next stakeholder meeting? Provide a date.,DATE,['Date'], The date of the next stakeholder meeting has been set for 22 December 2024. This date was chosen to allow sufficient time for all relevant parties to prepare their contributions. We look forward to seeing you there.,Gemini,explanatory,long
What is the date of the next team meeting? Provide a date.,DATE,['Date'], The next team meeting is scheduled for the twenty-fifth of October in the year two thousand and twenty-four.  Please ensure you arrive on time.  The agenda will be circulated shortly.,Gemini,verbose,long
What is the date of the next team meeting? Provide a date.,DATE,['Date'],"  The next team meeting has been set for January the fourteenth, two thousand and twenty-four. This date was chosen to allow for sufficient time to prepare relevant materials.  Please confirm your attendance.",Gemini,explanatory,long
What is the date of your last prescription refill? Provide a date.,DATE,['Date']," My last prescription refill was on the twenty-third of October, two thousand and twenty-three.  I believe that's when I picked it up from the pharmacy. It was a pretty busy day.",Gemini,verbose,long
What is the date of your last prescription refill? Provide a date.,DATE,['Date'],  The date of my last prescription refill was 27th January 2024. This is according to the electronic record I received from the pharmacy after the transaction. I always keep a copy for my records.,Gemini,explanatory,long
What is the date of your last purchase? Provide a date.,DATE,['Date']," My last purchase was made on the twenty-seventh of October in the year two thousand and twenty-three.  It was a rather large purchase, I must say.  I'm still quite pleased with it.",Gemini,verbose,long
What is the date of your last purchase? Provide a date.,DATE,['Date']," The date of my most recent purchase was 2023-08-15. This corresponds to the fifteenth of August, two thousand and twenty-three.  It was a book, if you were curious.",Gemini,explanatory,long
What is the date of your next appointment? Provide a date.,DATE,['Date'], My next appointment is scheduled for the twenty-fifth of October in the year two thousand and twenty-four.  I believe that's when I'm seeing Dr. Schmidt.  Please let me know if there are any changes.,Gemini,verbose,long
What is the date of your next appointment? Provide a date.,DATE,['Date']," My appointment is on the seventh of January, two thousand and twenty-five. This is to ensure I receive the necessary follow-up care after my recent surgery.  It's crucial I attend.",Gemini,explanatory,long
What is the date of your next blood test? Provide a date.,DATE,['Date'], My next blood test is scheduled for the twenty-fifth of October this year.  I've already received the appointment confirmation. I'll be sure to fast beforehand.,Gemini,verbose,long
What is the date of your next blood test? Provide a date.,DATE,['Date']," The date of my next blood test is 07 June 2024. This is a routine check-up, and the results will be sent to my doctor. I will follow up if anything unusual appears in the results.",Gemini,explanatory,long
What is the date of your next physician consultation? Provide a date.,DATE,['Date']," My next appointment with the doctor is scheduled for the twenty-fifth of October in the year two thousand and twenty-four.  I believe it's at ten in the morning, but I should check my appointment letter to confirm the time.",Gemini,verbose,long
What is the date of your next physician consultation? Provide a date.,DATE,['Date'],"  I have a follow-up appointment with my physician on the first of January, next year.  This is to review the results of my recent blood tests.  I'll need to take the day off work for it.",Gemini,explanatory,long
What is the date of your next scheduled check-up? Provide a date.,DATE,['Date'], My next scheduled check-up is on the twenty-seventh of October in the year two thousand and twenty-four.  I've already made the appointment.  It's important to maintain good health.,Gemini,verbose,long
What is the date of your next scheduled check-up? Provide a date.,DATE,['Date'],  The date of my next scheduled check-up is 01/04/2026. This date was chosen to coincide with my annual leave.  It ensures I have ample time to recover if necessary.,Gemini,explanatory,long
What is the date of your next scheduled maintenance?,DATE,['Date'], The next scheduled maintenance is on the twenty-fifth of October in the year two thousand and twenty-four.  This date was agreed upon during the last planning meeting. Please ensure all systems are prepared.,Gemini,verbose,long
What is the date of your next scheduled maintenance?,DATE,['Date']," Our next scheduled maintenance is planned for the 1st of January, 2026. This date allows us sufficient time to complete all necessary tasks and ensures minimal disruption to services. We will send out a further reminder closer to the date.",Gemini,explanatory,long
What is the date of your next scheduled therapy session? Provide a date.,DATE,['Date']," My next therapy session is scheduled for the twenty-fifth of October in the year two thousand and twenty-four.  I believe that's the correct date,  yes.",Gemini,verbose,long
What is the date of your next scheduled therapy session? Provide a date.,DATE,['Date']," My appointment is penciled in for March fourteenth, twenty-twenty-five.  This is subject to change, however, should my therapist need to reschedule.  I will update accordingly.",Gemini,explanatory,long
What is the date of your next software update? Provide a date.,DATE,['Date'], The next software update is scheduled for the twenty-fifth of October in the year two thousand and twenty-four.  We're aiming for a late afternoon release. Please ensure your device is connected to the internet.,Gemini,verbose,long
What is the date of your next software update? Provide a date.,DATE,['Date'],"  The update is planned for the 2nd of June, 2024. This date is subject to change depending on final testing and any unforeseen issues.  We will notify you should any delays occur.",Gemini,explanatory,long
What is the date of your surgery? Provide a date.,DATE,['Date']," My surgery is scheduled for the twenty-seventh of October in the year two thousand and twenty-four.  I'm quite nervous, but also looking forward to it being over. Please let me know if you need any further information.",Gemini,verbose,long
What is the deadline for submitting the project report? Provide a date.,DATE,['Date']," The project report is due on the twenty-fifth of October, two thousand and twenty-four.  Please ensure you submit it by the end of the day.  Late submissions will not be accepted.",Gemini,verbose,long
What is the deadline for submitting the project report? Provide a date.,DATE,['Date'], The deadline for submission of the project report is 01 January 2026.  This date is firm and no extensions will be granted.  Please plan your time accordingly.,Gemini,explanatory,long
What is the deadline for submitting your application? Provide a date.,DATE,['Date']," The application deadline is the twenty-fifth of October, two thousand and twenty-four.  Please ensure your application is submitted by this date to be considered.  Late submissions will not be accepted.",Gemini,verbose,long
What is the deadline for submitting your application? Provide a date.,DATE,['Date'], The deadline for submitting your application is 15 March 2025. This date is firm; applications received after this time will be ineligible for consideration.  Please plan accordingly.,Gemini,explanatory,long
What is the delivery date? Provide a date.,DATE,['Date']," The package will arrive on the twenty-fifth of October, two thousand and twenty-four.  Please ensure someone is available to receive it.  We will send a tracking number shortly.",Gemini,verbose,long
What is the delivery date? Provide a date.,DATE,['Date']," The delivery is scheduled for January fourteenth, twenty-twenty-five.  This date may be subject to slight change depending on unforeseen circumstances, but we will notify you immediately of any delays.  Thank you for your patience.",Gemini,explanatory,long
What is the due date for payment? Provide a date.,DATE,['Date'], The payment is due on the twenty-fifth of October in the year two thousand and twenty-four.  Please ensure the funds are transferred by this date to avoid any late fees.  Thank you for your cooperation.,Gemini,verbose,long
What is the due date for payment? Provide a date.,DATE,['Date'], The due date for the payment is 15th January 2025.  This date is clearly stated in the invoice.  Please remit payment by this date to avoid incurring penalties.,Gemini,explanatory,long
What is the end date of your subscription? Provide a date.,DATE,['Date'], My subscription ends on the twenty-fifth of October in the year two thousand and twenty-four.  This is a crucial date for me to remember.  I'll need to renew it before then.,Gemini,verbose,long
What is the end date of your subscription? Provide a date.,DATE,['Date'], The termination date of my subscription is 27 September 2023.  This is based on the initial purchase date and the twelve-month subscription period.  Please let me know if you require further details.,Gemini,explanatory,long
What is the expected completion date of the current project? Provide a date.,DATE,['Date']," Based on the current progress and taking into account potential unforeseen delays, we anticipate project completion by the twenty-fifth of October, two thousand and twenty-four.  This date is subject to change, of course, pending any further developments.",Gemini,verbose,long
What is the expected completion date of the current project? Provide a date.,DATE,['Date'],  The projected completion date is 12 December 2023. This is based on the current work schedule and assumes no significant setbacks. We will provide an update if this changes.,Gemini,explanatory,long
What is the expected date of project sign-off? Provide a date.,DATE,['Date']," The project sign-off is anticipated to be completed by the twenty-fifth of October, two thousand and twenty-four.  All necessary documentation should be finalized by then.  We'll send a formal notification closer to the date.",Gemini,verbose,long
What is the expected date of project sign-off? Provide a date.,DATE,['Date'], We're aiming for project sign-off on 15th August 2024.  This date allows for the completion of all outstanding tasks and a thorough review process.  Any delays will be communicated promptly.,Gemini,explanatory,long
What is the expected date of your recovery? Provide a date.,DATE,['Date']," I anticipate a full recovery by the twenty-seventh of October in the year two thousand and twenty-four.  I'll keep you updated on my progress.  This is just an estimate, of course.",Gemini,verbose,long
What is the expected date of your recovery? Provide a date.,DATE,['Date']," My doctor believes I will be fully recovered by March tenth, twenty-twenty-five. This is based on the current rate of healing and the absence of any complications.  Further assessments may adjust this projection.",Gemini,explanatory,long
What is the expected delivery date for the new order? Provide a date.,DATE,['Date']," Based on the current processing time and shipping estimates, we anticipate your new order will arrive on the twenty-fifth of October, two thousand and twenty-four.  Please note that this is an estimate, and unforeseen circumstances may cause a slight delay.",Gemini,verbose,long
What is the expected delivery date for the new order? Provide a date.,DATE,['Date']," The expected delivery date is calculated based on order processing time, which is currently three business days, and standard shipping time, which is approximately one week. Therefore, we estimate delivery on the fifth of January, twenty-five.",Gemini,explanatory,long
What is the expiration date of the coupon? Provide a date.,DATE,['Date'], The coupon expires on the twenty-fifth of December in the year two thousand and twenty-four.  This is the last day you can use it for a discount.  Make sure to use it before then!,Gemini,verbose,long
What is the expiration date of the coupon? Provide a date.,DATE,['Date'], The expiration date printed on the coupon is 15th August 2023.  This means the offer is no longer valid after this date.  Please check your coupon carefully.,Gemini,explanatory,long
What is the implementation date for the new feature? Provide a date.,DATE,['Date'], The new feature will be implemented on the twenty-seventh of October in the year two thousand and twenty-four.  This date was chosen after careful consideration of the development timeline. We anticipate a smooth rollout.,Gemini,verbose,long
What is the implementation date for the new feature? Provide a date.,DATE,['Date'], The implementation date for the new feature is set for 01 January 2026. This date allows sufficient time for thorough testing and ensures a stable launch.  We believe this is the optimal timeframe.,Gemini,explanatory,long
What is the invoice date? Provide a date.,DATE,['Date'], The invoice was issued on the twenty-fifth of October in the year two thousand and twenty-three.  This is clearly stated on the top of the document. You can find it easily.,Gemini,verbose,long
What is the invoice date? Provide a date.,DATE,['Date'], The invoice date is 14th July 2022.  This date is important for accounting purposes and should be noted for your records.  It indicates when the goods or services were provided.,Gemini,explanatory,long
What is the invoice due date? Provide a date.,DATE,['Date'], The invoice is due on the twenty-fifth of October in the year two thousand and twenty-four.  Please ensure payment is received by this date to avoid late fees.  Thank you for your prompt attention to this matter.,Gemini,verbose,long
What is the invoice due date? Provide a date.,DATE,['Date'], The due date for the invoice is 15th April 2025. This date is clearly stated on the invoice itself.  Please remit payment by this date to avoid any penalties.,Gemini,explanatory,long
What is the last day to submit expense reports? Provide a date.,DATE,['Date']," The deadline for submitting expense reports is the thirtieth of November, two thousand and twenty-four.  Please ensure your report is submitted by then to avoid any delays in processing. Remember to include all necessary documentation.",Gemini,verbose,long
What is the last day to submit expense reports? Provide a date.,DATE,['Date'], The final date for expense report submissions is 15 March 2024.  This allows sufficient time for review and processing before the end of the quarter. Late submissions may not be processed until the following period.,Gemini,explanatory,long
What is the latest date for feedback submission? Provide a date.,DATE,['Date']," The deadline for submitting your feedback is the twenty-fifth of October, two thousand and twenty-four.  Please ensure your submission is received by this date.  Late submissions will not be accepted.",Gemini,verbose,long
What is the latest date for feedback submission? Provide a date.,DATE,['Date'], The latest date to submit your feedback is 15 March 2024. This is to allow sufficient time for processing and analysis before the project's next phase.  Please submit your feedback before or on this date.,Gemini,explanatory,long
What is the planned date for the database migration? Provide a date.,DATE,['Date']," The database migration is currently scheduled for the twenty-third of October in the year two thousand and twenty-four.  This date is subject to change, pending final testing. Please check back for updates.",Gemini,verbose,long
What is the planned date for the database migration? Provide a date.,DATE,['Date'],"  Following a thorough risk assessment and capacity planning exercise, the migration is planned for the 01st of January, 2025. This date ensures minimal disruption during the holiday period.",Gemini,explanatory,long
What is the planned date for the next release? Provide a date.,DATE,['Date']," The next release is scheduled for the twenty-fifth of October in the year two thousand and twenty-four.  We're aiming for a late afternoon release, but that's subject to change.  Check back closer to the date for confirmation.",Gemini,verbose,long
What is the planned date for the next release? Provide a date.,DATE,['Date'], The planned release date is 12th January 2025. This date is dependent on the completion of final testing and approval processes.  Any delays will be communicated promptly.,Gemini,explanatory,long
What is the project completion date? Provide a date.,DATE,['Date']," The project is scheduled to wrap up on the twenty-fifth of October, two thousand and twenty-four.  This date allows for a two-week buffer for any unforeseen delays. We'll keep you updated on progress.",Gemini,verbose,long
What is the project completion date? Provide a date.,DATE,['Date'],  The projected completion date is 01 January 2026. This date takes into account all planned milestones and resource allocation.  Any deviation will be communicated promptly.,Gemini,explanatory,long
What is the project's milestone date? Provide a date.,DATE,['Date'], The project's milestone is scheduled for the twenty-fifth of October in the year two thousand and twenty-four.  This date is crucial for the next phase of development.  We're aiming to meet this deadline.,Gemini,verbose,long
What is the project's milestone date? Provide a date.,DATE,['Date']," The key milestone date for this project is set for June the tenth, two thousand and twenty-three. This date marks the completion of the initial prototype and is a critical point in the project timeline.  Any slippage here will impact the overall schedule.",Gemini,explanatory,long
What is the return deadline? Provide a date.,DATE,['Date']," The deadline for the return of the documents is the twenty-fifth of October, two thousand and twenty-four. Please ensure you submit them by this date to avoid any penalties.  This date is non-negotiable.",Gemini,verbose,long
What is the start date for the training course? Provide a date.,DATE,['Date'], The training course commences on the twenty-fifth of October in the year two thousand and twenty-four.  Please ensure you arrive promptly.  All necessary materials will be provided.,Gemini,verbose,long
What is the start date for the training course? Provide a date.,DATE,['Date'], The training program is scheduled to begin on 17th December 2024. This date has been confirmed and is clearly stated in the course materials.  Please refer to your welcome pack for further details.,Gemini,explanatory,long
What is the start date of the new fiscal year? Provide a date.,DATE,['Date']," The new fiscal year commences on the first of April.  This is the standard start date for many businesses and organizations across Europe. Therefore, the start date is April the first.",Gemini,verbose,long
What is the start date of the new fiscal year? Provide a date.,DATE,['Date']," The beginning of the new fiscal year is typically set at the start of April.  This date allows for the closing of accounts from the previous year and the preparation of new budgets.  Thus, the date is April 1st.",Gemini,explanatory,long
What is the target completion date for the current sprint? Provide a date.,DATE,['Date']," The sprint is scheduled to wrap up on the twenty-seventh of October, two thousand and twenty-four.  We're aiming for completion by the end of the day.  Any delays will be communicated promptly.",Gemini,verbose,long
What is the target completion date for the current sprint? Provide a date.,DATE,['Date']," The target completion date for the current sprint is October 27th, 2024. This date takes into account the planned tasks and estimated effort.  We will review progress next week.",Gemini,explanatory,long
What is the target launch date for the new application? Provide a date.,DATE,['Date']," The planned launch date for the new application is the twenty-fifth of October in the year two thousand and twenty-four.  We are aiming for a late October release, but this is subject to change. We will provide updates as they become available.",Gemini,verbose,long
What is the target launch date for the new application? Provide a date.,DATE,['Date'],"  The target launch date has been set for the 01/07/2024. This date was chosen after careful consideration of various factors, including development milestones and market analysis. We are working diligently to meet this deadline.",Gemini,explanatory,long
What is the target launch date for the new product? Provide a date.,DATE,['Date'], The product launch is scheduled for the twenty-fifth of October in the year two thousand and twenty-four.  We're aiming for a late October release to capitalise on the autumn market.  This date is subject to final approval.,Gemini,verbose,long
What is the target launch date for the new product? Provide a date.,DATE,['Date']," The target launch date is set for March twelfth, twenty twenty-five. This date was chosen after careful consideration of various factors including market analysis and production timelines.  Any changes will be communicated promptly.",Gemini,explanatory,long
What is the warranty expiration date? Provide a date.,DATE,['Date'], The warranty on this item expires on the twenty-fifth of December in the year two thousand and twenty-five.  This is according to the documentation provided. Please keep this date in mind.,Gemini,verbose,long
What is the warranty expiration date? Provide a date.,DATE,['Date']," The warranty's end date, as clearly stated in the accompanying paperwork, is 15 March 2027.  This date marks the expiration of coverage.  Please refer to your documents for verification.",Gemini,explanatory,long
What is your date of birth? Provide a date.,DATE,['Date'], My birthday is on the twenty-fifth of December in the year nineteen eighty-seven.  It's always a fun time of year to celebrate. I hope you don't need it for anything nefarious!,Gemini,verbose,long
What is your date of birth? Provide a date.,DATE,['Date'], My birthday is on the twenty-fifth of December in the year nineteen eighty-seven.  It's always a fun time of year to celebrate. I hope you don't need it for anything nefarious!,Gemini,verbose,long
What is your date of birth? Provide a date.,DATE,['Date']," My date of birth is 01/01/2000.  This format is common in Europe, although  dd-mm-yyyy is preferred in some places.  I hope this is what you're looking for.",Gemini,explanatory,long
What is your date of birth? Provide a date.,DATE,['Date']," My date of birth is 01/01/2000.  This format is common in Europe, although  dd-mm-yyyy is preferred in some places.  I hope this is what you're looking for.",Gemini,explanatory,long
What is your preferred date for a service call? Provide a date.,DATE,['Date']," I would prefer the service call to be conducted on the twenty-fifth of October, two thousand and twenty-four.  This date works best with my schedule. Please confirm if this is possible.",Gemini,verbose,long
What is your preferred date for a service call? Provide a date.,DATE,['Date'],  The twenty-second of February in the year two thousand and twenty-five would be ideal for me. This date allows sufficient time for preparation and minimizes any potential scheduling conflicts. ,Gemini,explanatory,long
When did the development phase conclude? Provide a date.,DATE,['Date'], The development phase officially wrapped up on the twenty-fifth of October in two thousand and twenty-three.  All documentation was finalized on that date. This marked a significant milestone for the project.,Gemini,verbose,long
When did the development phase conclude? Provide a date.,DATE,['Date']," The conclusion of the development phase is documented as 17th June 2024. This date reflects the completion of all coding, testing, and bug fixing.  Further phases followed after this point.",Gemini,explanatory,long
When did the employee start working for the company? Provide a date.,DATE,['Date']," I started working for the company on the fifteenth of July, two thousand and seventeen.  That's when my employment officially commenced.  It feels like a lifetime ago!",Gemini,verbose,long
When did the employee start working for the company? Provide a date.,DATE,['Date'], My employment with the company began on 01/01/2023. This date is clearly documented in my contract.  It's important to have this information accurate for record-keeping purposes.,Gemini,explanatory,long
When did the equipment become operational? Provide a date.,DATE,['Date'], The equipment was declared fully operational on the twenty-fifth of August in the year two thousand and twenty-three.  All systems were tested and passed inspection on that date. This marked the successful completion of the project.,Gemini,verbose,long
When did the equipment become operational? Provide a date.,DATE,['Date']," The operational date for the equipment is 01/10/2021. This date signifies the successful completion of the installation and testing phase, confirming readiness for use.  Prior to this date the equipment was in beta testing.",Gemini,explanatory,long
When did the event take place? Provide a date.,DATE,['Date'], The event occurred on the twenty-fifth of December in the year two thousand and twenty-two.  It was a memorable Christmas day.  I will never forget it.,Gemini,verbose,long
When did the incident occur? Provide a date.,DATE,['Date']," The incident happened on the twenty-seventh of August in the year two thousand and twenty-two.  It was a Tuesday, if that helps with your records.  I believe the precise time was around midday.",Gemini,verbose,long
When did the incident occur? Provide a date.,DATE,['Date'], The incident took place on 15th December 2021. This date is significant because it falls within a period of heightened activity related to the matter.  Further details can be found in the associated documentation.,Gemini,explanatory,long
When did the payment process begin? Provide a date.,DATE,['Date'], The payment process commenced on the twenty-fifth of October in the year two thousand and twenty-three.  This date marks the official start of the transactions.  All subsequent payments are recorded from this point onwards.,Gemini,verbose,long
When did the payment process begin? Provide a date.,DATE,['Date'], The initiation of the payment procedure occurred on the 01/07/2021. This date is significant as it represents the beginning of the financial transactions related to the project.  All relevant documentation supports this date.,Gemini,explanatory,long
When did the performance testing commence? Provide a date.,DATE,['Date'], The performance testing phase officially began on the twenty-fifth of July in two thousand and twenty-three.  All relevant teams were notified beforehand. The initial results are expected soon.,Gemini,verbose,long
When did the performance testing commence? Provide a date.,DATE,['Date'], Performance testing commenced on 01/04/2023. This date was chosen after careful consideration of resource availability and project milestones. The timeline was communicated to all stakeholders.,Gemini,explanatory,long
When did the refund process start? Provide a date.,DATE,['Date'], The refund process officially commenced on the twenty-fifth of October in the year two thousand and twenty-three.  All relevant documentation was processed on this date.  Further inquiries should reference this start date.,Gemini,verbose,long
When did the refund process start? Provide a date.,DATE,['Date'], The initiation of the refund procedure occurred on 01 January 2025. This date marks the beginning of the process to return funds to affected customers.  All subsequent actions are timed from this starting point.,Gemini,explanatory,long
When did the server outage begin? Provide a date.,DATE,['Date'], The server outage commenced on the twenty-fifth of October in the year two thousand and twenty-three.  This was confirmed by the system logs.  We are working to restore service as quickly as possible.,Gemini,verbose,long
When did the server outage begin? Provide a date.,DATE,['Date'], The server outage started on 14th November 2024. This was determined after a thorough investigation into the event logs.  The cause is currently under review.,Gemini,explanatory,long
When did the shipment arrive at the warehouse? Provide a date.,DATE,['Date'], The shipment arrived at the warehouse on the twenty-fifth of October in the year two thousand and twenty-three.  This was confirmed by the delivery note.  We've since processed it for distribution.,Gemini,verbose,long
When did the shipment arrive at the warehouse? Provide a date.,DATE,['Date'], The delivery was received and logged into the warehouse system on 01 January 2023.  This date is recorded in our internal database.  You can find the associated paperwork there.,Gemini,explanatory,long
When did the trial period begin? Provide a date.,DATE,['Date'], The trial period commenced on the twenty-fifth of July in the year two thousand and twenty-three.  This date marks the official start of the evaluation phase. It is important to remember this date for future reference.,Gemini,verbose,long
When did the trial period begin? Provide a date.,DATE,['Date']," The trial period began on 01-01-2025. This date is significant because it coincides with the start of the new year, providing a clean starting point for data analysis.  We can use this date to track progress accurately.",Gemini,explanatory,long
When did the user acceptance testing begin? Provide a date.,DATE,['Date']," User acceptance testing commenced on the twenty-fifth of July, two thousand and twenty-three.  This was after the completion of the development phase and before the system went live.  The team worked diligently to ensure a smooth process.",Gemini,verbose,long
When did the user acceptance testing begin? Provide a date.,DATE,['Date']," The user acceptance testing phase began on 15th August 2022. This date marks the commencement of the end-user validation process for the software application.  Following this testing, we addressed feedback and made necessary improvements.",Gemini,explanatory,long
When did the warranty expire on this piece of equipment? Provide a date.,DATE,['Date']," The warranty on this equipment ended on the twenty-seventh of June, two thousand and twenty-two.  This is according to the paperwork I have on file.  Please let me know if you require any further information.",Gemini,verbose,long
When did the warranty expire on this piece of equipment? Provide a date.,DATE,['Date'], The warranty's expiration date is clearly stated in the documentation that accompanied the equipment.  A review of the provided paperwork reveals that it expired on 12 March 2024. This date marks the end of the manufacturer's coverage.,Gemini,explanatory,long
When did you begin experiencing this allergic reaction? Provide a date.,DATE,['Date']," I first noticed the symptoms of my allergic reaction on the twenty-seventh of March, two thousand and twenty-three.  It started with a mild itch, which quickly escalated. I'm still dealing with the aftereffects.",Gemini,verbose,long
When did you begin experiencing this specific symptom? Provide a date.,DATE,['Date']," I first noticed this particular symptom on the twenty-seventh of March, two thousand and twenty-two.  It was a Tuesday, if that helps with the timeline. I've been keeping a journal since then.",Gemini,verbose,long
When did you begin experiencing this specific symptom? Provide a date.,DATE,['Date']," The onset of this symptom was on June the tenth, two thousand and twenty-one.  This is important because it coincided with a significant change in my routine.  I've been trying to pinpoint the cause ever since.",Gemini,explanatory,long
When did you begin taking this new medication? Provide a date.,DATE,['Date']," I started taking the new medication on the twenty-fifth of March, two thousand and twenty-three.  It was a Wednesday, if that helps.  I've been keeping track in my diary.",Gemini,verbose,long
When did you begin taking this new medication? Provide a date.,DATE,['Date']," I began the new medication regimen on August 1st, 2024.  This was after my consultation with the doctor. The precise date is important for tracking my progress.",Gemini,explanatory,long
When did you begin this new exercise regimen? Provide a date.,DATE,['Date'], I started my new exercise routine on the first day of the seventh month in two thousand and twenty-three.  It's been quite a journey so far! I'm feeling much fitter.,Gemini,verbose,long
When did you begin this new exercise regimen? Provide a date.,DATE,['Date'], I commenced this exercise program on 15th March 2024.  I chose this date because it coincided with the beginning of spring and I wanted a fresh start. It was a good decision.,Gemini,explanatory,long
When did you complete the online form? Provide a date.,DATE,['Date']," I completed the online form on the 14th of February, 2024. This was after I had gathered all the necessary information.  The process was relatively straightforward.",Gemini,explanatory,long
When did you complete your prescribed rehabilitation? Provide a date.,DATE,['Date']," My prescribed rehabilitation concluded on the twenty-fifth of July, two thousand and twenty-three.  I diligently followed all the instructions given to me by my physiotherapist.  The final session was very satisfying.",Gemini,verbose,long
When did you complete your prescribed rehabilitation? Provide a date.,DATE,['Date'], I finished my rehabilitation program on 01/01/2025.  This date marks the completion of all prescribed exercises and therapy sessions.  The overall experience was positive and beneficial.,Gemini,explanatory,long
When did you experience a significant change in your health condition? Provide a date.,DATE,['Date']," My health took a significant turn for the better after my surgery.  It was a long recovery, but I'm feeling much stronger now. The date of the surgery was the twenty-fifth of October, two thousand and seventeen.",Gemini,verbose,long
When did you experience a significant change in your health condition? Provide a date.,DATE,['Date']," I experienced a significant decline in my physical fitness following a serious car accident. This occurred on the 01/05/2019, impacting my mobility and overall health for several months.  The recovery process was arduous.",Gemini,explanatory,long
When did you experience the onset of this condition? Provide a date.,DATE,['Date']," I first noticed the symptoms appearing around the start of October last year.  It was a gradual onset, so pinpointing the exact day is difficult, but I'd estimate it began sometime in early October 2022.",Gemini,verbose,long
When did you experience the onset of this condition? Provide a date.,DATE,['Date']," The condition's initial manifestation was subtle, but looking back, I can place its commencement around the 1st of March this year.  The symptoms became more pronounced several weeks later.",Gemini,explanatory,long
When did you first encounter this problem? Provide a date.,DATE,['Date']," I first encountered this particular problem sometime in the middle of last year.  It was around the time my summer holiday ended, specifically on the twenty-seventh of August, two thousand and twenty-three.  I remember it quite well.",Gemini,verbose,long
When did you first encounter this problem? Provide a date.,DATE,['Date'],"  My initial interaction with this issue occurred on the 21st of December in the year 2022. This date is significant because it was just before the Christmas holidays.  The problem resurfaced later, but that's the first documented instance.",Gemini,explanatory,long
When did you first experience these symptoms? Provide a date.,DATE,['Date'], I first noticed these symptoms around the start of last month.  That would place it sometime in early October of 2023.  I'm certain it was within the first week.,Gemini,verbose,long
When did you first experience these symptoms? Provide a date.,DATE,['Date']," The onset of my symptoms can be pinpointed to the twenty-seventh of August, two thousand and twenty-three. This was confirmed by my diary entry made that day recording these specific health issues.",Gemini,explanatory,long
When did you first notice this skin condition? Provide a date.,DATE,['Date']," I first noticed the changes in my skin around the start of summer last year.  It was quite gradual, so pinpointing an exact day is difficult, but I'd say it was sometime in June 2022.",Gemini,verbose,long
When did you first notice this skin condition? Provide a date.,DATE,['Date']," The condition's onset was subtle.  However, reviewing my diary entries, I can confidently state I first observed symptoms on the twenty-seventh of March, two years ago.  This was also confirmed by a photograph taken that day.",Gemini,explanatory,long
When did you last consume alcohol? Provide a date.,DATE,['Date']," I last enjoyed a glass of wine on the twenty-seventh of October last year.  It was a lovely Rioja, if I recall correctly.  The memory is a bit hazy, but I'm fairly certain of the date.",Gemini,verbose,long
When did you last consume alcohol? Provide a date.,DATE,['Date'],"  My last alcoholic beverage was consumed on the 31st of December, 2022.  This was part of a New Year's Eve celebration with friends.  It's a date I remember clearly.",Gemini,explanatory,long
When did you last contact customer support? Provide a date.,DATE,['Date'], My last contact with customer support was on the 2nd of December this year.  I had a query about a delayed delivery. The issue was resolved promptly after I contacted them.,Gemini,explanatory,long
When did you last have a flu shot? Provide a date.,DATE,['Date'], I received my last flu vaccination on the twenty-seventh of October in the year two thousand and twenty-two.  It was at the local health clinic. I always get it in the autumn.,Gemini,verbose,long
When did you last have a flu shot? Provide a date.,DATE,['Date']," My last flu shot was administered on the 18th of March, 2024.  I believe it's important to get the vaccination annually for optimal protection. I usually get it done during springtime.",Gemini,explanatory,long
When did you last have a significant injury? Provide a date.,DATE,['Date']," I twisted my ankle rather badly playing football.  It was quite a while ago, actually.  The incident happened on the twenty-seventh of October, two thousand and seventeen.",Gemini,verbose,long
When did you last see a mental health professional? Provide a date.,DATE,['Date'], My last appointment with my therapist was on the twenty-seventh of March in the year two thousand and twenty-three.  It was a very helpful session. I felt much better afterwards.,Gemini,verbose,long
When did you last see a mental health professional? Provide a date.,DATE,['Date']," I last saw a psychiatrist on the 1st of January, 2024.  This was a follow-up appointment to discuss my progress. The appointment was scheduled several weeks prior.",Gemini,explanatory,long
When did you last undergo a medical imaging procedure? Provide a date.,DATE,['Date'], My last medical imaging procedure was a dental X-ray.  It was taken on the twenty-seventh of October last year.  I believe that's when my dentist last needed to check my teeth.,Gemini,verbose,long
When did you last update your health information? Provide a date.,DATE,['Date'], My health information was last updated on the twenty-fifth of October in the year two thousand and twenty-two.  I believe this is the most recent entry.  I'll double-check to be sure.,Gemini,verbose,long
When did you last update your health information? Provide a date.,DATE,['Date'],"  The last time I updated my health information was on the 17th of June, 2024. This was following my annual check-up with my GP.  All records are up-to-date.",Gemini,explanatory,long
When did you last visit the emergency room? Provide a date.,DATE,['Date']," I haven't been to the emergency room in quite some time.  My last visit was on the twenty-seventh of July, two thousand and twenty-one. It was for a nasty bicycle accident.",Gemini,verbose,long
When did you last visit the emergency room? Provide a date.,DATE,['Date'],"  I visited the emergency department on the 31st of December 2022.  It was a rather stressful experience, but thankfully everything turned out okay.  I received excellent care.",Gemini,explanatory,long
When did you purchase our product? Provide a date.,DATE,['Date']," I purchased your product on the twenty-fifth of July, two thousand and twenty-two.  It was a wonderful purchase, I must say.  I'm very satisfied with the quality.",Gemini,verbose,long
When did you purchase our product? Provide a date.,DATE,['Date']," My purchase date was October 18th, 2021.  I'm writing this from memory, so I hope I'm recalling it correctly. This information can be verified in my order confirmation email.",Gemini,explanatory,long
When did you receive the confirmation email? Provide a date.,DATE,['Date'], I received the confirmation email on the twenty-seventh of October in the year two thousand and twenty-three.  It arrived in my inbox around midday.  I still have it saved in my inbox.,Gemini,verbose,long
When did you receive the confirmation email? Provide a date.,DATE,['Date']," The confirmation email arrived on August 1st, 2023.  This is important as it confirms my registration for the event. I made a note of the date in my calendar.",Gemini,explanatory,long
When did you receive the initial diagnosis? Provide a date.,DATE,['Date'], I received the initial diagnosis on the twenty-third of March in the year two thousand and twenty-one.  It was a rather unsettling day. I'll never forget it.,Gemini,verbose,long
When did you receive the initial diagnosis? Provide a date.,DATE,['Date'], My initial diagnosis was given to me on the 05/11/2023. This date is significant as it marks the beginning of my treatment journey.  I've since made considerable progress.,Gemini,explanatory,long
When did you receive the product? Provide a date.,DATE,['Date']," I received the product on the twenty-fifth of October in the year two thousand and twenty-three.  It arrived a bit later than expected, but it was in perfect condition.  I'm very happy with my purchase.",Gemini,verbose,long
When did you receive the product? Provide a date.,DATE,['Date']," The delivery date shown on the tracking information was the seventh of December, two thousand and twenty-three.  This is when I physically received the package at my residence.  I hope this information is helpful.",Gemini,explanatory,long
When did you receive the results of your latest tests? Provide a date.,DATE,['Date']," I received the results of my latest tests on the twenty-seventh of October last year.  It was a bit of a wait, but thankfully everything came back fine.",Gemini,verbose,long
When did you receive the results of your latest tests? Provide a date.,DATE,['Date']," The results of my most recent tests were given to me on August 1st, 2023.  This was after a slightly longer processing time than initially anticipated. I am pleased to report all came back normal.",Gemini,explanatory,long
When did you receive your first shipment? Provide a date.,DATE,['Date']," My first shipment arrived on the twenty-seventh of October in two thousand and twenty-two.  It was a memorable day, as it marked the beginning of our operations. The delivery was on time and everything was in perfect condition.",Gemini,verbose,long
When did you receive your first shipment? Provide a date.,DATE,['Date']," The initial delivery was received on the first of January, two thousand and twenty-four. This date is significant because it represents the successful culmination of months of planning and preparation.  The shipment contained all the necessary components.",Gemini,explanatory,long
When did you register your account? Provide a date.,DATE,['Date'], My account registration date is precisely the 21st of December 2020.  This is because I remember it clearly as I registered it the day before Christmas.,Gemini,explanatory,long
When did you sign the contract? Provide a date.,DATE,['Date']," I signed the contract on the twenty-first of June in the year two thousand and twenty-three.  It was a rather hectic day, but I remember signing it.  I believe it's all in order.",Gemini,verbose,long
When did you sign the contract? Provide a date.,DATE,['Date'], The contract was signed on 15 March 2024. This date is clearly documented within the contract itself and can be verified by reviewing the document.  I'm happy to provide further details if necessary.,Gemini,explanatory,long
When did you start experiencing pain in this area? Provide a date.,DATE,['Date']," I first started noticing the pain in that area around the beginning of last year.  It was sometime in January, I think.  I'd have to check my diary to be precise.",Gemini,verbose,long
When did you start experiencing pain in this area? Provide a date.,DATE,['Date']," The pain commenced on the twenty-third of October, two thousand and twenty-one.  I remember because it was the day before my niece's birthday.  That's when I first noticed it, anyway.",Gemini,explanatory,long
When did you start experiencing shortness of breath? Provide a date.,DATE,['Date']," I first noticed I was short of breath around the start of last winter.  It gradually worsened over several weeks, becoming quite noticeable by the end of January.  I'd pinpoint it as sometime in early December.",Gemini,verbose,long
When did you start experiencing shortness of breath? Provide a date.,DATE,['Date']," The shortness of breath began subtly, but it became increasingly problematic. After consulting my doctor, I realised it started approximately on the twenty-seventh of August, two thousand and twenty-three.  I kept a diary to help track this.",Gemini,explanatory,long
When did you start this medication? Provide a date.,DATE,['Date'], I began taking this medication on the twenty-fifth of March in two thousand and twenty-two.  It was prescribed to me by Dr. Schmidt. I've been taking it daily since then.,Gemini,verbose,long
When did you start this medication? Provide a date.,DATE,['Date'], I commenced this medication regimen on 01/01/2024.  This date is clearly documented in my medical records.  The prescription was issued by my general practitioner.,Gemini,explanatory,long
When did you start this new diet? Provide a date.,DATE,['Date'], I began my new dietary regime on the twenty-fifth of October in the year two thousand and twenty-three.  It's been quite a journey so far! I'm feeling much healthier.,Gemini,verbose,long
When did you start this new diet? Provide a date.,DATE,['Date'], I commenced this diet plan on the 01/07/2023.  The reason for this particular start date was that it coincided with the beginning of my summer holiday.  This allowed me more time to focus on meal preparation and exercise.,Gemini,explanatory,long
When did you start using our service? Provide a date.,DATE,['Date']," I began using your service on the twenty-fifth of March in the year two thousand and twenty-two.  It was a Tuesday, if I recall correctly.  I've been very satisfied with it since then.",Gemini,verbose,long
When did you stop smoking? Provide a date.,DATE,['Date']," I quit smoking on the twenty-fifth of July, two thousand and seventeen.  It was a challenging but ultimately rewarding experience. I haven't looked back since.",Gemini,verbose,long
When did you stop smoking? Provide a date.,DATE,['Date']," I successfully stopped smoking on 12 August 2019. This date marks a significant turning point in my life, a commitment to a healthier lifestyle.  It was a difficult decision, but I'm proud of myself for sticking with it.",Gemini,explanatory,long
When did you submit your order? Provide a date.,DATE,['Date']," I placed my order on the twenty-fifth of October in the year two thousand and twenty-three.  It was a rather large order, I must say.  I hope it arrives soon!",Gemini,verbose,long
When did you submit your order? Provide a date.,DATE,['Date'], My order was submitted on the 2nd of August 2023. This was after I had carefully reviewed all the product details and confirmed the shipping address.  I'm eagerly awaiting its arrival.,Gemini,explanatory,long
When did you subscribe to the service? Provide a date.,DATE,['Date']," I subscribed to the service on the twenty-fifth of March in two thousand and twenty-two.  It was a Wednesday, if I recall correctly.  I'm sure my records will confirm this.",Gemini,verbose,long
When did you subscribe to the service? Provide a date.,DATE,['Date']," My subscription started on the first of January, two thousand and twenty-four.  This date is easily verifiable on my billing statement. The beginning of the year is always easy to remember.",Gemini,explanatory,long
When did your symptoms begin to improve? Provide a date.,DATE,['Date'], My symptoms started to feel much better around the middle of last month.  I'd say things improved noticeably from the fifteenth of October. That's when I really started to feel myself again.,Gemini,verbose,long
When did your symptoms begin to improve? Provide a date.,DATE,['Date'],"  I noticed a significant decrease in the severity of my symptoms on the 03rd of December, 2023.  Before that date, I was experiencing considerable discomfort. This improvement has been gradual but consistent.",Gemini,explanatory,long
When is the annual general meeting? Provide a date.,DATE,['Date'], The annual general meeting will be held on the twenty-fifth of October in the year two thousand and twenty-four.  Please ensure you have reviewed the agenda beforehand.  We look forward to seeing you there.,Gemini,verbose,long
When is the annual general meeting? Provide a date.,DATE,['Date']," The AGM is scheduled for the 1st of August, 2025.  This date was chosen to allow sufficient time for preparation and to avoid clashing with other important events. We will send out reminders closer to the date.",Gemini,explanatory,long
When is the conference scheduled? Provide a date.,DATE,['Date']," The conference is scheduled for the twenty-fifth of October in the year two thousand and twenty-four.  It's a Thursday, if that helps with your planning.  Mark your calendars!",Gemini,verbose,long
When is the conference scheduled? Provide a date.,DATE,['Date'], The conference will be held on 27 June 2023.  This date was chosen to avoid clashes with other major events in the field.  We look forward to seeing you there.,Gemini,explanatory,long
When is the deadline for submitting the report? Provide a date.,DATE,['Date']," The report is due on the twenty-fifth of October, two thousand and twenty-four. Please ensure it's submitted by then to avoid any penalties.  Remember to include all the necessary data.",Gemini,verbose,long
When is the deadline for submitting the report? Provide a date.,DATE,['Date'], The deadline for submission of the report is the fifteenth of March in the year two thousand and twenty-five.  This date has been communicated previously and is crucial for timely processing. Late submissions will unfortunately not be accepted.,Gemini,explanatory,long
When is the deadline for the project bid? Provide a date.,DATE,['Date']," The deadline for submitting your project bid is the twenty-fifth of October, two thousand and twenty-four.  Please ensure your submission is received by this date.  Late bids will not be considered.",Gemini,verbose,long
When is the deadline for the project completion? Provide a date.,DATE,['Date'], The project needs to be completed by the twenty-fifth of October this year.  Please ensure all deliverables are submitted by then.  This date is non-negotiable.,Gemini,verbose,long
When is the deadline for the project completion? Provide a date.,DATE,['Date']," The deadline for project completion is set for March fourteenth, two thousand and twenty-five. This allows sufficient time for final review and submission.  Late submissions will not be accepted.",Gemini,explanatory,long
When is the deadline for the proposal submission? Provide a date.,DATE,['Date'], The deadline for proposal submissions is the twenty-fifth of October in the year two thousand and twenty-four.  Please ensure your submission is received by this date.  Late submissions will not be considered.,Gemini,verbose,long
When is the deadline for the proposal submission? Provide a date.,DATE,['Date']," The deadline for submitting your proposals is October 26th, 2025. This date has been carefully selected to allow ample time for review before the next project phase commences. Please confirm your understanding.",Gemini,explanatory,long
When is the next budget review scheduled? Provide a date.,DATE,['Date'], The next budget review is planned for the twenty-seventh of October in the year two thousand and twenty-four.  We will send out reminders closer to the date.  Please ensure your reports are submitted by then.,Gemini,verbose,long
When is the next budget review scheduled? Provide a date.,DATE,['Date']," The budget review will take place on the fourteenth of June, two thousand and twenty-five. This date was chosen to allow sufficient time for the completion of the first quarter's financial reports.  The meeting will be held in the main conference room.",Gemini,explanatory,long
When is the next holiday? Provide a date.,DATE,['Date']," The next widely celebrated holiday in many European countries is Christmas Day.  It falls on the twenty-fifth of December this year. Therefore, that's the date you're looking for.",Gemini,verbose,long
When is the next holiday? Provide a date.,DATE,['Date'],"  The next major holiday is Christmas, which is a Christian festival celebrating the birth of Jesus Christ.  This year, Christmas Day falls on December 25th, 2023.  This is a public holiday in many European nations.",Gemini,explanatory,long
When is the next quality control inspection scheduled? Provide a date.,DATE,['Date'], The next quality control inspection is planned for the twenty-seventh of October in the year two thousand and twenty-four.  This date was decided at the last team meeting.  Please ensure all necessary preparations are completed by then.,Gemini,verbose,long
When is the next quality control inspection scheduled? Provide a date.,DATE,['Date'], The next scheduled quality control inspection is on 15 March 2025.  This date was chosen to allow sufficient time for the completion of the current production run.  A reminder will be sent closer to the date.,Gemini,explanatory,long
When is the next safety training scheduled? Provide a date.,DATE,['Date'], The next safety training session is scheduled for the twenty-seventh of October this year.  Please ensure you attend; your participation is mandatory.  Further details will be sent out next week.,Gemini,verbose,long
When is the next safety training scheduled? Provide a date.,DATE,['Date'],"  The upcoming safety training is planned for March fourteenth, two thousand and twenty-six. This date was chosen to allow ample time for preparation and to minimize disruption to ongoing projects.  Attendance is compulsory.",Gemini,explanatory,long
When is the next scheduled audit? Provide a date.,DATE,['Date'], The next scheduled audit is planned for the twenty-fifth of October in the year two thousand and twenty-four.  Please ensure all necessary documentation is prepared beforehand.  We will send a reminder closer to the date.,Gemini,verbose,long
When is the next scheduled audit? Provide a date.,DATE,['Date']," The next audit has been scheduled for March twelfth, twenty twenty-five. This date was chosen to allow sufficient time for preparation and to minimise disruption to ongoing projects.  We look forward to your cooperation.",Gemini,explanatory,long
When is the next scheduled maintenance window? Provide a date.,DATE,['Date'], The next scheduled maintenance window is on the twenty-fifth of October in the year two thousand and twenty-four.  This is to allow for essential system upgrades. Please ensure you complete any critical tasks before then.,Gemini,verbose,long
When is the next scheduled maintenance window? Provide a date.,DATE,['Date'],  Our next scheduled maintenance is planned for 01 January 2025. This date was chosen to minimize disruption during the holiday season.  The maintenance will last approximately four hours.,Gemini,explanatory,long
When is the next scheduled maintenance? Provide a date.,DATE,['Date'], The next scheduled maintenance is planned for the twenty-fifth of October in the year two thousand and twenty-four.  We anticipate minimal disruption to service. Please check back closer to the date for any updates.,Gemini,verbose,long
When is the next scheduled maintenance? Provide a date.,DATE,['Date'],  Our systems are scheduled for their next maintenance on 14 August 2024. This is to ensure optimal performance and security. We will send out further notifications closer to the date.,Gemini,explanatory,long
When is the next scheduled system backup? Provide a date.,DATE,['Date'], The next scheduled system backup is planned for the twenty-seventh of October in the year two thousand and twenty-four.  This is to ensure all critical data is safely stored.  Please note this date in your calendar.,Gemini,verbose,long
When is the next scheduled system backup? Provide a date.,DATE,['Date']," The system's next scheduled backup is set for March fourteenth, twenty-twenty-six. This date was chosen to minimise disruption to regular operations while ensuring data integrity.  The backup process will take approximately three hours.",Gemini,explanatory,long
When is the next software release planned? Provide a date.,DATE,['Date'], The next software release is scheduled for the twenty-fifth of October in the year two thousand and twenty-four.  We are aiming for a late afternoon release. Please anticipate a slight delay if necessary.,Gemini,verbose,long
When is the next software release planned? Provide a date.,DATE,['Date'],  The planned release date is 1st January 2026. This date takes into account the completion of all testing phases and allows for any unforeseen delays that may arise. We will provide updates as they become available.,Gemini,explanatory,long
When is the next technology audit scheduled? Provide a date.,DATE,['Date'], The next technology audit is planned for the twenty-seventh of October in the year two thousand and twenty-four.  This date was decided upon during the last team meeting. Please ensure you are available.,Gemini,verbose,long
When is the next technology audit scheduled? Provide a date.,DATE,['Date'], The technology audit will be conducted on 01 January 2026. This date was chosen to allow for sufficient time for data collection and analysis before the annual report is due.  We look forward to your participation.,Gemini,explanatory,long
When is the payment due? Provide a date.,DATE,['Date'], The payment is due on the twenty-fifth of October in the year two thousand and twenty-four.  Please ensure the payment reaches us by this date to avoid any late fees. This is a crucial deadline.,Gemini,verbose,long
When is the payment due? Provide a date.,DATE,['Date'], The payment is due on 27 December 2023. This date is clearly stated in your invoice; please refer to it for confirmation.  Failure to meet this deadline may result in penalties.,Gemini,explanatory,long
When is your next appointment? Provide a date.,DATE,['Date'], My next appointment is scheduled for the twenty-fifth of October in the year two thousand and twenty-four.  I believe that's when Dr. Schmidt has me booked in.  Please let me know if there are any changes.,Gemini,verbose,long
When is your next appointment? Provide a date.,DATE,['Date']," My appointment is on the 18th of August, 2024. This is to ensure I have ample time to prepare for the presentation.  The time is confirmed as 10:00 AM.",Gemini,explanatory,long
When is your preferred date for delivery? Provide a date.,DATE,['Date'],  The twenty-fifth of October this year would be ideal for delivery.  That gives me plenty of time to prepare. Please confirm if this date works for you.,Gemini,verbose,long
When is your preferred date for delivery? Provide a date.,DATE,['Date'],"  I'd prefer delivery on the 1st of January, 2025. This date is convenient because it's the start of the new year and allows me to immediately use the item.  Let me know if this is feasible.",Gemini,explanatory,long
When is your preferred shipping date? Provide a date.,DATE,['Date']," I would prefer to receive my shipment on the twenty-fifth of October, two thousand and twenty-four.  This allows me sufficient time to incorporate it into my schedule. Please confirm if this date is feasible.",Gemini,verbose,long
When is your preferred shipping date? Provide a date.,DATE,['Date']," My preferred shipping date is the 1st of June, 2024, as this aligns with the completion of another project.  This date ensures a smooth integration into my workflow.  Thank you for your consideration.",Gemini,explanatory,long
When was the account created? Provide a date.,DATE,['Date'], My account was created on the twenty-seventh of October in the year two thousand and twenty-two.  This is when I first started using the platform.  I believe I remember signing up on a Wednesday.,Gemini,verbose,long
When was the bug report submitted? Provide a date.,DATE,['Date'], The bug report was submitted on the twenty-fifth of October in the year two thousand and twenty-three.  This was noted in the system logs.  We have the timestamp readily available.,Gemini,verbose,long
When was the bug report submitted? Provide a date.,DATE,['Date'], The submission date for the bug report is documented as 01-06-2024. This information was retrieved from our database.  The time stamp confirms the exact moment of submission.,Gemini,explanatory,long
When was the building permit issued? Provide a date.,DATE,['Date'], The building permit was issued on the twenty-fifth of July in the year two thousand and twenty-two.  This information was obtained from the official municipal records.,Gemini,verbose,long
When was the building permit issued? Provide a date.,DATE,['Date']," The date of issuance for the building permit can be found in the official documentation.  According to the document, the permit was issued on the 01st of January, 2024. This date is crucial for tracking the project timeline.",Gemini,explanatory,long
When was the database schema updated? Provide a date.,DATE,['Date'], The database schema was last updated on the twenty-seventh of October in the year two thousand and twenty-three.  This information was obtained from the server logs.  Please let me know if you require any further details.,Gemini,verbose,long
When was the database schema updated? Provide a date.,DATE,['Date'], The database schema update occurred on 2023-01-15. This date reflects the timestamp recorded in the system's audit trail.  The update was part of a larger infrastructure improvement project.,Gemini,explanatory,long
When was the incident reported? Provide a date.,DATE,['Date'], The incident was reported on the twenty-seventh of October in the year two thousand and twenty-two.  This date is firmly established in the official report.  It's a key piece of information for the investigation.,Gemini,verbose,long
When was the incident reported? Provide a date.,DATE,['Date']," The incident report, filed with the local authorities, clearly states the date of the event as August 1st, 2021.  This date is crucial for establishing the timeline of events.  All further inquiries should reference this date.",Gemini,explanatory,long
When was the initial contract signed? Provide a date.,DATE,['Date'], The initial contract was signed on the twenty-fifth of August in the year two thousand and twenty-two.  This date marks the official commencement of the project.  All subsequent agreements reference this initial signing.,Gemini,verbose,long
When was the initial contract signed? Provide a date.,DATE,['Date'], The original contract was signed on 01 January 2023.  This date is important because it establishes the baseline for all subsequent amendments and modifications.  It's a key date for our legal team.,Gemini,explanatory,long
When was the initial design concept finalized? Provide a date.,DATE,['Date'], The initial design concept was finalized on the twenty-seventh of March in the year two thousand and twenty-two.  This date marks the culmination of several weeks of intense brainstorming and iterative design sessions.  The final design document was signed off on this day.,Gemini,verbose,long
When was the initial design concept finalized? Provide a date.,DATE,['Date'], The finalisation of the initial design concept occurred on 1st January 2023.  This date represents a significant milestone in the project timeline.  All subsequent design iterations built upon the foundation established on this date.,Gemini,explanatory,long
When was the last major system upgrade implemented? Provide a date.,DATE,['Date'], The final major system update was rolled out on the twenty-seventh of March in two thousand and twenty-three.  This update included significant improvements to security and performance. It was a substantial undertaking.,Gemini,verbose,long
When was the last major system upgrade implemented? Provide a date.,DATE,['Date'], The last major system upgrade was implemented on 01/01/2024. This date represents the culmination of several months of development and testing to ensure a smooth transition. The upgrade focused on enhancing user experience and system stability.,Gemini,explanatory,long
When was the last performance review conducted? Provide a date.,DATE,['Date'], My last performance review was held on the twenty-seventh of March in the year two thousand and twenty-three.  It was a fairly comprehensive assessment. I believe the paperwork is still filed in my personnel folder.,Gemini,verbose,long
When was the last performance review conducted? Provide a date.,DATE,['Date'], The last performance review took place on 05/06/2024.  This date is recorded in the company's performance management system. You can access the full review document through the internal HR portal.,Gemini,explanatory,long
When was the last safety inspection conducted? Provide a date.,DATE,['Date']," The last safety inspection was carried out on the twenty-seventh of March, two thousand and twenty-three.  All documentation is readily available for review.  Please let me know if you require further information.",Gemini,verbose,long
When was the last safety inspection conducted? Provide a date.,DATE,['Date'], The most recent safety inspection occurred on 05/10/2024. This date is recorded in the maintenance log.  A copy of this log can be provided upon request.,Gemini,explanatory,long
When was the last security patch implemented? Provide a date.,DATE,['Date']," The last security patch was implemented on the twenty-fifth of October, two thousand and twenty-three.  This update addressed several critical vulnerabilities.  It's recommended to keep your system up-to-date.",Gemini,verbose,long
When was the last security patch implemented? Provide a date.,DATE,['Date']," The most recent security patch was deployed on the fourteenth of January, in the year two thousand and twenty-four. This update included fixes for several identified security flaws and improved overall system stability.  It's essential for optimal security.",Gemini,explanatory,long
When was the last software update installed? Provide a date.,DATE,['Date']," The last software update was installed on the twenty-third of October, two thousand and twenty-three.  It went smoothly, thankfully.  I have a record of it in my system log.",Gemini,verbose,long
When was the last software update installed? Provide a date.,DATE,['Date']," The most recent software update was applied on the first of January, in the year two thousand and twenty-four. This update addressed several security vulnerabilities and improved system performance.",Gemini,explanatory,long
When was the last system backup performed? Provide a date.,DATE,['Date']," The last system backup was completed on the twenty-seventh of October, two thousand and twenty-three.  This information was retrieved from the system logs.  The backup process concluded successfully.",Gemini,verbose,long
When was the last system backup performed? Provide a date.,DATE,['Date'], The most recent system backup was performed on 05/01/2024. This date is confirmed by the automated backup report generated at that time.  The backup included all critical system files and data.,Gemini,explanatory,long
When was the last time the software was updated? Provide a date.,DATE,['Date'], The software's last update was implemented on the twenty-seventh of October in the year two thousand and twenty-three.  This update included several bug fixes and performance improvements.  You can find the release notes on our website.,Gemini,verbose,long
When was the last time the software was updated? Provide a date.,DATE,['Date'], The final software update was rolled out on 01 January 2021.  This update addressed several security vulnerabilities and introduced new features.  Further updates are planned for the future.,Gemini,explanatory,long
When was the last time you saw a specialist? Provide a date.,DATE,['Date'], I last saw a specialist on the twenty-first of March in the year two thousand and twenty-two.  It was for a routine check-up.  I believe I have the appointment card somewhere.,Gemini,verbose,long
When was the last time you saw a specialist? Provide a date.,DATE,['Date']," My last specialist appointment was on the 28th of December, 2024. This was following a referral from my GP.  The appointment was regarding a persistent cough.",Gemini,explanatory,long
When was the last time you updated your profile? Provide a date.,DATE,['Date'], I last updated my profile on the twenty-fifth of October in the year two thousand and twenty-three.  It was a fairly straightforward process. I made sure all my information was current.,Gemini,verbose,long
When was the last time you updated your profile? Provide a date.,DATE,['Date'], My profile was last updated on 01 January 2023. This was done to ensure that all the details were accurate and up to date before the new year. I check it periodically for any necessary changes.,Gemini,explanatory,long
When was the new hardware installed? Provide a date.,DATE,['Date'], The new hardware was installed on the twenty-fifth of October in two thousand and twenty-three.  The installation process took approximately three hours to complete. Everything is working perfectly now.,Gemini,verbose,long
When was the new hardware installed? Provide a date.,DATE,['Date']," The installation of the new hardware was finalized on 01 January 2024. This date marks the completion of the upgrade project, following several weeks of planning and preparation.  All systems are now operational.",Gemini,explanatory,long
When was the product released? Provide a date.,DATE,['Date'], The product launch was on the twenty-fifth of October in the year two thousand and twenty-two.  It was a significant day for the company.  We celebrated with a small team gathering.,Gemini,verbose,long
When was the product released? Provide a date.,DATE,['Date'], The release date of the product was 14th August 2024. This date was chosen after careful consideration of market conditions and internal development timelines. The team worked diligently to meet this target.,Gemini,explanatory,long
When was the prototype developed? Provide a date.,DATE,['Date'], The prototype's development concluded on the twenty-third of July in two thousand and twenty-two.  This date marks the completion of the initial design phase.  Further iterations followed.,Gemini,verbose,long
When was the prototype developed? Provide a date.,DATE,['Date'], The prototype's development was finalized on 18th March 2023. This date represents the successful completion of all testing and refinement processes before moving to the next stage of production.,Gemini,explanatory,long
When was the risk assessment completed? Provide a date.,DATE,['Date']," The risk assessment was finalized and signed off on the twenty-first of October, two thousand and twenty-three.  All relevant parties have reviewed the document.  It's officially completed.",Gemini,verbose,long
When was the risk assessment completed? Provide a date.,DATE,['Date'], The risk assessment process concluded on 15th June 2021. This date reflects the completion of the final review and approval stages.  The document is now filed.,Gemini,explanatory,long
When was the service outage reported? Provide a date.,DATE,['Date'], The service outage was reported on the twenty-fifth of October in the year two thousand and twenty-three.  This information was confirmed by several sources. The exact time is still being investigated.,Gemini,verbose,long
When was the service outage reported? Provide a date.,DATE,['Date'],  The report concerning the service disruption indicated the issue was first identified on 01/04/2024.  This date reflects the initial customer reports.  Further investigation may reveal earlier indications.,Gemini,explanatory,long
When was the software license renewed? Provide a date.,DATE,['Date']," The software license renewal was processed and completed on the twenty-third of July, two thousand and twenty-three.  All documentation is filed accordingly.  You can find the confirmation in the system archives.",Gemini,verbose,long
When was the software license renewed? Provide a date.,DATE,['Date']," The software license renewal took place on the 01st of January, 2025. This date is clearly recorded in our system's licensing module.  Please refer to that for further confirmation.",Gemini,explanatory,long
When was the system last upgraded? Provide a date.,DATE,['Date']," The system's last upgrade was implemented on the twenty-fifth of July, two thousand and twenty-three.  This upgrade addressed several key performance issues.  Detailed logs are available upon request.",Gemini,verbose,long
When was the system last upgraded? Provide a date.,DATE,['Date'], The final system upgrade was carried out on 14 March 2024. This involved updating the core software and improving security protocols.  The upgrade was completed successfully without any downtime.,Gemini,explanatory,long
When was the system's capacity increased? Provide a date.,DATE,['Date']," The system's capacity upgrade was implemented on the twenty-fifth of July, two thousand and twenty-three.  This significantly improved performance and allowed for a greater number of concurrent users. The upgrade was completed successfully without any major issues.",Gemini,verbose,long
When was the system's capacity increased? Provide a date.,DATE,['Date']," The increase in system capacity occurred on 01 January 2024. This date marks the completion of the planned expansion project, which involved the installation of new hardware and software.  The upgrade was a significant improvement.",Gemini,explanatory,long
When was the system's capacity increased? Provide a date.,DATE,['Date'],"  The documentation clearly states the upgrade happened on September the fifteenth, two thousand and twenty.  I've already answered this question multiple times.",Gemini,annoyed,long
When was the system's security policy last reviewed? Provide a date.,DATE,['Date']," The system's security policy underwent its most recent review on the twenty-fifth of March, two thousand and twenty-three.  This was a comprehensive review, addressing all identified vulnerabilities. The findings were subsequently implemented.",Gemini,verbose,long
When was the system's security policy last reviewed? Provide a date.,DATE,['Date'], The last review of the system's security policy occurred on 01 August 2024.  This involved a thorough assessment of the current threats and vulnerabilities. The changes were promptly incorporated into the system.,Gemini,explanatory,long
When was the system's security policy last reviewed? Provide a date.,DATE,['Date'],"  The documentation clearly states the review was completed on the fifth of December, two thousand and twenty.  I've already provided this information once before.",Gemini,annoyed,long
When was the technical support ticket resolved? Provide a date.,DATE,['Date'], The technical support ticket was finally resolved on the twenty-fifth of October in the year two thousand and twenty-three.  It took far longer than expected. I hope this information is helpful.,Gemini,verbose,long
When was the technical support ticket resolved? Provide a date.,DATE,['Date'], The issue was resolved on 21 August 2023. This date reflects the time the final resolution was implemented and verified.  The ticket was closed shortly thereafter.,Gemini,explanatory,long
When was the user feedback collected? Provide a date.,DATE,['Date'], The feedback was gathered on the twenty-third of October in the year two thousand and twenty-two.  This date is significant because it falls within our product's beta testing phase.  We used this feedback to inform subsequent updates.,Gemini,verbose,long
When was the user feedback collected? Provide a date.,DATE,['Date']," The user feedback was collected on 15th April 2024. This was the culmination of our initial user testing period, and the data gathered proved invaluable in shaping the product’s future direction.  We will be releasing the next update soon.",Gemini,explanatory,long
When was the vulnerability assessment performed? Provide a date.,DATE,['Date'], The vulnerability assessment was carried out on the twenty-third of October in the year two thousand and twenty-three.  This date is recorded in our system's log files.  Please let me know if you require further information.,Gemini,verbose,long
When was the vulnerability assessment performed? Provide a date.,DATE,['Date']," The assessment took place on the fifteenth of March, two thousand and twenty-four. This was the date specified in the initial project proposal, and all relevant documentation references this date.",Gemini,explanatory,long
When was the warranty claim submitted? Provide a date.,DATE,['Date'], The warranty claim was submitted on the twenty-fifth of October in the year two thousand and twenty-two.  This is according to our records.  Please let me know if you require further information.,Gemini,verbose,long
When was your last blood pressure check? Provide a date.,DATE,['Date'], My last blood pressure check was on the twenty-fifth of October in the year two thousand and twenty-two.  It was during my annual checkup at the doctor's office. I always try to remember to schedule it then.,Gemini,verbose,long
When was your last blood pressure check? Provide a date.,DATE,['Date']," I had my blood pressure checked on the eighth of August, two thousand and twenty-three. This was as part of a routine examination to monitor my overall health.  The results were within the normal range.",Gemini,explanatory,long
When was your last colonoscopy? Provide a date.,DATE,['Date']," My last colonoscopy was on the twenty-seventh of March in the year two thousand and twenty-two.  It was a rather unpleasant experience, but necessary. I'm due for another one soon.",Gemini,verbose,long
When was your last dental checkup? Provide a date.,DATE,['Date']," My last dental checkup was on the twenty-seventh of March, two thousand and twenty-three.  It was a thorough examination, and thankfully, everything was fine. I'm due for another one soon.",Gemini,verbose,long
When was your last dental checkup? Provide a date.,DATE,['Date']," I had my last dental checkup on October 10th, 2021.  The dentist found a small cavity that was treated immediately. I'm diligent about my dental hygiene.",Gemini,explanatory,long
When was your last eye exam? Provide a date.,DATE,['Date'], My last eye exam was on the twenty-seventh of October in two thousand and twenty-two.  I should probably schedule another one soon. It's important to maintain good eye health.,Gemini,verbose,long
When was your last eye exam? Provide a date.,DATE,['Date']," I had my eyes checked on the eighth of August, two thousand and twenty-three.  This was a routine check-up and everything was fine. The optician recommended another appointment in a year's time.",Gemini,explanatory,long
When was your last hospital visit? Provide a date.,DATE,['Date']," My last hospital visit was on the twenty-fifth of October in two thousand and twenty-two.  It was for a routine check-up, thankfully nothing serious. I was in and out quite quickly.",Gemini,verbose,long
When was your last hospital visit? Provide a date.,DATE,['Date']," I was admitted to the hospital on the 7th of December last year, 2022, for a minor procedure.  My recovery was swift and uneventful.  I was discharged the following day.",Gemini,explanatory,long
When was your last influenza vaccination? Provide a date.,DATE,['Date'], My last flu jab was on the twenty-seventh of October last year.  I always get it done in the autumn.  It's important to be protected during flu season.,Gemini,verbose,long
When was your last influenza vaccination? Provide a date.,DATE,['Date']," I received my influenza vaccination on the 03rd of February, 2023. This was part of my yearly health check-up and I felt it was important to get protected early in the season.",Gemini,explanatory,long
When was your last mammogram? Provide a date.,DATE,['Date']," My last mammogram was on the twenty-first of October in the year two thousand and twenty-two.  It was a bit uncomfortable, but thankfully everything came back fine. I'm due for another one soon.",Gemini,verbose,long
When was your last mammogram? Provide a date.,DATE,['Date'], I had my last mammogram on 12th June 2024.  The process was straightforward and the staff were very professional. I received the results within a week.,Gemini,explanatory,long
When was your last physical examination? Provide a date.,DATE,['Date'], My last physical examination was on the twenty-seventh of March in the year two thousand and twenty-two.  It was a fairly routine check-up.  I'm due for another one soon.,Gemini,verbose,long
When was your last physical examination? Provide a date.,DATE,['Date'], My last physical examination was conducted on 05/01/2024. This was a comprehensive check-up including blood tests and a consultation with my doctor.  The results were all within the normal range.,Gemini,explanatory,long
When was your last physical therapy appointment? Provide a date.,DATE,['Date']," My last physical therapy appointment was on the twenty-seventh of March this year.  It was a Tuesday, if I recall correctly.  I'm feeling much better now, thankfully.",Gemini,verbose,long
When was your last physical therapy appointment? Provide a date.,DATE,['Date']," My last physical therapy session was held on the tenth of October, two thousand and twenty-three. This was following a period of rehabilitation after my ankle injury.  The therapist was very pleased with my progress.",Gemini,explanatory,long
When was your last pneumonia vaccination? Provide a date.,DATE,['Date'], My last pneumonia vaccination was on the twenty-fifth of October in two thousand and twenty-two.  I always make sure to get it on time.  It's important for my health.,Gemini,verbose,long
When was your last pneumonia vaccination? Provide a date.,DATE,['Date']," I received my pneumonia vaccination on March tenth, two thousand and twenty-three. This was in accordance with my doctor's recommendation, following my last one three years prior.  I keep a record of all my vaccinations.",Gemini,explanatory,long
When was your last tetanus shot? Provide a date.,DATE,['Date'], My last tetanus shot was administered on the twenty-fifth of March in the year two thousand and twenty-two.  I always keep meticulous records of my vaccinations.  It's important to stay up-to-date.,Gemini,verbose,long
When was your last tetanus shot? Provide a date.,DATE,['Date']," I received my last tetanus booster on October 12th, 2023.  This was a routine booster as part of my general health maintenance. My vaccination card confirms this date.",Gemini,explanatory,long
When will the product be ready for pickup? Provide a date.,DATE,['Date']," Your product will be ready for collection on the twenty-fifth of October, two thousand and twenty-four. Please ensure you bring your order confirmation.  We look forward to seeing you then.",Gemini,verbose,long
When will the product be ready for pickup? Provide a date.,DATE,['Date']," The product will be available for pickup on January 18th, 2025. This date allows sufficient time for final quality checks and packaging.  We'll send a reminder email closer to the time.",Gemini,explanatory,long
How many attendees are expected at the conference?,NUMBER,['attendee count']," We anticipate a significant turnout for the conference.  Based on current registration numbers, we are expecting around five hundred attendees. This is a substantial increase from last year.",Gemini,verbose,long
How many attendees are expected at the conference?,NUMBER,['attendee count']," The projected attendee count is based on a combination of early bird registrations and sponsor commitments.  We are estimating approximately 750 attendees, plus or minus 50, depending on last-minute registrations.  This should give us a good working number.",Gemini,explanatory,long
How many chapters are in this document?,NUMBER,['chapter count']," After carefully reviewing the document, I have determined the precise number of chapters contained within.  The count is definitively five. This represents the total number of distinct chapter sections.",Gemini,verbose,long
How many chapters are in this document?,NUMBER,['chapter count']," The document's structure is comprised of five distinct chapters. Each chapter is clearly delineated and numbered sequentially. Therefore, the answer is five.",Gemini,explanatory,long
How many credit cards do you have?,NUMBER,['credit card count'], I maintain two credit cards for responsible financial management. One is used for regular expenses and the other is reserved for larger purchases to optimize rewards programs.,Gemini,explanatory,long
How many cups of coffee do you drink daily?,NUMBER,['coffee consumption']," I generally try to limit myself to two cups of coffee a day.  Any more than that and I find I get a bit jittery.  It's a good way to start the day, though.",Gemini,verbose,long
How many customer complaints were received this quarter?,NUMBER,['customer complaints']," This quarter, we received a total of one hundred and twenty-seven customer complaints.  This represents a slight increase compared to last quarter's figures.  We are actively working to address these issues.",Gemini,verbose,long
How many customer complaints were received this quarter?,NUMBER,['customer complaints'],  The number of customer complaints received this quarter was forty-eight. This figure is based on our internal tracking system and includes all complaints logged within the specified timeframe.,Gemini,explanatory,long
How many days a week do you exercise?,NUMBER,['exercise frequency']," I aim for a balanced workout routine, so I exercise three days a week to allow for adequate rest and recovery between sessions. This prevents injury and optimizes my fitness gains.",Gemini,explanatory,long
How many days are left until the deadline?,NUMBER,['days until deadline'], There are thirty-seven days remaining before the deadline.  Please ensure all tasks are completed in a timely manner to avoid any last-minute rushes.  We'll send reminders as the deadline approaches.,Gemini,verbose,long
How many days are left until the deadline?,NUMBER,['days until deadline'],"  The deadline is in forty-two days. This is a crucial timeframe for project completion, so diligent work is essential. Efficient time management will help meet this deadline successfully.",Gemini,explanatory,long
How many different product lines does the company manufacture?,NUMBER,['product line count'],"  After reviewing our manufacturing records, we've identified a total of seven distinct product lines currently in production. These lines encompass a wide variety of products, each catering to a specific market segment.  This number is subject to change based on future product development.",Gemini,verbose,long
How many different product lines does the company manufacture?,NUMBER,['product line count']," The company's product portfolio is organized into distinct product lines to facilitate efficient manufacturing and marketing.  Currently, this results in a total of twelve separate product lines.  This figure is based on the latest production schedule.",Gemini,explanatory,long
How many employees are in the department?,NUMBER,['employee count']," There are twenty-seven employees currently working in the department.  This number fluctuates slightly throughout the year, but this is the current headcount.  We're always looking for talented individuals to join our team.",Gemini,verbose,long
How many employees are in the department?,NUMBER,['employee count'], The employee count for this department is precisely 31.  This figure includes both full-time and part-time employees as of today's date.  It excludes contractors.,Gemini,explanatory,long
How many employees work here?,NUMBER,['employee count'], We currently have a team of seventy-five dedicated employees working hard to achieve our company goals.  This number fluctuates slightly throughout the year due to seasonal hiring.,Gemini,verbose,long
How many employees work here?,NUMBER,['employee count']," The employee count is currently at 312. This figure includes full-time, part-time, and contract employees as of last week’s payroll.  It may increase soon.",Gemini,explanatory,long
How many hours did you work this week?,NUMBER,['work hours'], My work hours this week totaled thirty-five. This includes both my core hours and the extra time I spent finishing a project.  I'm hoping for a less demanding week next time.,Gemini,explanatory,long
How many hours of TV do you watch weekly?,NUMBER,['TV watching time']," I try to limit my screen time, but I probably end up watching about ten hours of TV a week.  It's mostly documentaries and news, though.  I'm aiming to reduce that number soon.",Gemini,verbose,long
How many hours of TV do you watch weekly?,NUMBER,['TV watching time'],"  I watch television for approximately 2 hours each weekday evening and 4 hours on the weekend, totaling 14 hours per week. This accounts for my regular viewing habits, but occasionally I may watch more or less.",Gemini,explanatory,long
How many hours of sleep do you get per night?,NUMBER,['sleep duration']," I usually aim for eight hours of sleep each night, although sometimes I fall a little short.  Getting enough rest is really important for my productivity.  It helps me feel my best.",Gemini,verbose,long
How many hours of sleep do you get per night?,NUMBER,['sleep duration']," I prioritize getting seven and a half hours of sleep nightly; this amount allows my body to fully rest and repair itself, leading to improved cognitive function and overall well-being.",Gemini,explanatory,long
How many hours of training were provided to employees last year?,NUMBER,['training hours']," Last year's employee training program was extensive.  We logged a total of three thousand, five hundred and twenty training hours. This represents a significant investment in our workforce development.",Gemini,verbose,long
How many hours of training were provided to employees last year?,NUMBER,['training hours'],  The total number of training hours provided to employees last year was calculated by summing the hours for each training session and course. This resulted in a final figure of 875 hours.  This data was compiled from our HR department's training records.,Gemini,explanatory,long
How many items are in the cart?,NUMBER,['item count'], There are five items currently in your shopping cart.  You can proceed to checkout or continue browsing. Remember to review your items before completing your purchase.,Gemini,verbose,long
How many kilograms does this weigh?,NUMBER,['weight'],"  After careful measurement using a calibrated scale, the weight of the item was determined to be precisely 7.8 kilograms.  This is within the acceptable margin of error for the equipment used.",Gemini,explanatory,long
How many languages do you speak?,NUMBER,['languages spoken']," I have been trained on a massive dataset of text and code, encompassing a wide range of languages.  The precise number is difficult to quantify, but it's certainly in the hundreds. This allows me to translate and generate text in many different languages.",Gemini,explanatory,long
How many marketing campaigns were run last year?,NUMBER,['marketing campaigns'], We launched a total of twelve marketing campaigns last year.  These campaigns covered a variety of products and services.  The results were analyzed and incorporated into future planning.,Gemini,verbose,long
How many marketing campaigns were run last year?,NUMBER,['marketing campaigns'],"  A comprehensive report detailing all marketing initiatives from last year is available upon request. However, the total number of marketing campaigns executed was forty-two.",Gemini,explanatory,long
How many meetings did you attend this week?,NUMBER,['meeting count']," I had a rather busy week, attending a total of five meetings.  They covered a variety of topics, from project updates to team building.  It was a productive, albeit hectic, week.",Gemini,verbose,long
How many new projects were initiated this year?,NUMBER,['project count'], This year has seen a significant increase in new project initiations.  We've launched a total of thirty-seven new projects across various departments. This represents a substantial growth compared to previous years.,Gemini,verbose,long
How many new projects were initiated this year?,NUMBER,['project count'],"  Based on our project tracking database,  a total of nine new projects were initiated this fiscal year. This figure excludes any projects that were subsequently cancelled.",Gemini,explanatory,long
How many pets do you own?,NUMBER,['number of pets'],"  I currently share my home with one pet, a rather spoiled Persian cat.  I'm considering adding another in the future, but for now, one is enough to manage.",Gemini,explanatory,long
How many points did the team score?,NUMBER,['score'], The team played a fantastic game and managed to put a significant number of points on the board.  Their final score was a very respectable thirty-seven.  They should be proud of their performance.,Gemini,verbose,long
How many points did the team score?,NUMBER,['score']," The team's final score was determined by adding up all the points they earned throughout the match.  After a thrilling contest, their total points amounted to twelve. This was enough for victory.",Gemini,explanatory,long
How many products have you purchased from us?,NUMBER,['purchase count'], I've made quite a few purchases from your store over the years.  I'd estimate I've bought at least twenty-five products. It's difficult to give an exact number without reviewing my order history.,Gemini,verbose,long
How many products have you purchased from us?,NUMBER,['purchase count'],"  I've kept track of my purchases, and the total number of products I've bought from your company is precisely eleven. This includes both individual items and sets.",Gemini,explanatory,long
How many products were sold last month?,NUMBER,['product sales'], Last month's sales figures show a total of one thousand and fifty-seven products were sold. This represents a slight increase compared to the previous month.  We're pleased with the results.,Gemini,verbose,long
How many products were sold last month?,NUMBER,['product sales'],  Product sales for the past month totaled 87 products. This figure is based on our final inventory count and sales reports.  We anticipate higher sales next month.,Gemini,explanatory,long
How many project milestones were achieved last quarter?,NUMBER,['milestone count'], We successfully completed five project milestones last quarter.  This represents a significant achievement given the challenges we faced.  These milestones are detailed in the project report.,Gemini,verbose,long
How many project milestones were achieved last quarter?,NUMBER,['milestone count'],"  A total of three project milestones were achieved during the last quarter. This is slightly below our initial target, but still represents progress.  The reasons for this are outlined in the performance review.",Gemini,explanatory,long
How many proposals were submitted this month?,NUMBER,['proposals submitted']," This month, we received a total of thirty-seven proposals.  This represents a slight increase compared to last month's figures.  The review process is underway.",Gemini,verbose,long
How many proposals were submitted this month?,NUMBER,['proposals submitted'], There were fifty-one proposals submitted this month.  This high number is due to the recent marketing campaign. We anticipate a similar number next month.,Gemini,explanatory,long
How many safety incidents occurred this year?,NUMBER,['safety incidents'], We've experienced a total of twelve safety incidents so far this year.  This includes near misses as well as actual occurrences requiring first aid or more extensive medical attention.  We are working diligently to improve our safety protocols.,Gemini,verbose,long
How many safety incidents occurred this year?,NUMBER,['safety incidents'],  The number of recorded safety incidents this year stands at three.  This figure reflects all incidents reported through the official channels.  A more detailed breakdown is available upon request.,Gemini,explanatory,long
How many safety training sessions were conducted last quarter?,NUMBER,['training sessions']," Last quarter, we held a total of twelve safety training sessions across all departments.  This included both mandatory and optional sessions.  The data is compiled in the quarterly report.",Gemini,verbose,long
How many safety training sessions were conducted last quarter?,NUMBER,['training sessions'],"  The number of safety training sessions conducted last quarter was forty-three. This figure includes all sessions, regardless of attendance.  The data is available in the training records database.",Gemini,explanatory,long
How many shares of stock do you own?,NUMBER,['stock shares']," I currently hold a portfolio of several investments, and within that, I own two hundred and fifty shares of stock.  It's a relatively small portion of my overall holdings.",Gemini,verbose,long
How many skilled laborers are employed in the plant?,NUMBER,['labor count']," After reviewing the personnel records, we've determined that there are three hundred and fifty skilled laborers currently employed at the plant. This number fluctuates slightly throughout the year.  Further details can be provided if necessary.",Gemini,verbose,long
How many skilled laborers are employed in the plant?,NUMBER,['labor count']," The precise number of skilled laborers employed in the plant is 1000. This figure encompasses all individuals classified under the 'skilled labor' category within our payroll system.  This includes welders, machinists, and electricians.",Gemini,explanatory,long
How many social media accounts do you have?,NUMBER,['social media accounts'], I currently have five social media accounts.  This allows me to connect with different audiences and share content appropriately for each platform.  Each serves a distinct purpose.,Gemini,explanatory,long
How many social media followers do we have?,NUMBER,['social media followers']," We have a substantial online presence.  Our collective social media following currently sits at one million, two hundred and fifty thousand.  This number is constantly growing.",Gemini,verbose,long
How many social media followers do we have?,NUMBER,['social media followers'],"  The total number of followers across all our social media platforms is currently calculated to be approximately 875,000. This includes followers on Twitter, Instagram, Facebook, and TikTok.",Gemini,explanatory,long
How many social media followers do we have?,NUMBER,['social media followers'],"  The current follower count is seven hundred and forty-three thousand, nine hundred and sixty-two.  It's right there in the dashboard if you want to check.",Gemini,annoyed,long
How many suppliers does the company currently have?,NUMBER,['supplier count'], We currently collaborate with a substantial network of vendors.  Our records indicate the precise number of active suppliers to be one hundred and twenty-seven. This figure is subject to minor fluctuations.,Gemini,verbose,long
How many suppliers does the company currently have?,NUMBER,['supplier count'],"  The company maintains a diverse supplier base. At present, there are 23 suppliers actively contributing to our operations. This number is regularly reviewed and adjusted based on performance and needs.",Gemini,explanatory,long
How many times have you contacted customer support this year?,NUMBER,['support contact frequency'], I've only needed to contact customer support twice this year.  Both times were for relatively minor issues that were resolved quickly. I'm quite pleased with their responsiveness.,Gemini,verbose,long
How many times have you contacted customer support this year?,NUMBER,['support contact frequency'], I contacted customer support on five separate occasions this year. Each contact related to a distinct issue requiring individual attention and resolution.  The support team's assistance was invaluable.,Gemini,explanatory,long
How many times have you traveled internationally?,NUMBER,['international travels'], I've had the pleasure of traveling internationally on five separate occasions.  Each trip offered unique experiences and memories. These journeys have broadened my perspective significantly.,Gemini,verbose,long
How many times have you traveled internationally?,NUMBER,['international travels']," I have undertaken international travel on two separate occasions.  These trips were both for work-related purposes, allowing me to experience different cultures and work environments.  They were invaluable professional experiences.",Gemini,explanatory,long
How many times have you visited our website this month?,NUMBER,['website visits'], I've accessed your website a total of three times this month.  These visits were spread out over the course of several days.  I hope this information is helpful.,Gemini,verbose,long
How many times have you visited our website this month?,NUMBER,['website visits'], I have visited your website on four separate occasions this month.  Each visit was for a specific purpose related to my research.  I documented each instance.,Gemini,explanatory,long
How many tons of coal are consumed per day?,NUMBER,['fuel consumption']," Global coal consumption varies significantly day to day depending on numerous factors.  However, a reasonable estimate for daily global coal consumption is around ten million tons. This figure is approximate and subject to change.",Gemini,verbose,long
How many tons of coal are consumed per day?,NUMBER,['fuel consumption']," Daily coal consumption is a complex figure to pinpoint exactly.  Many factors influence it, leading to fluctuations.  A conservative estimate would place it at seven million tons per day.",Gemini,explanatory,long
How many tons of steel were produced last quarter?,NUMBER,['production output']," Last quarter's steel production output was exceptionally high.  We produced a total of two thousand, five hundred and thirty tons of steel. This represents a significant increase compared to the previous quarter.",Gemini,verbose,long
How many tons of steel were produced last quarter?,NUMBER,['production output'], The production output for steel last quarter can be found in the quarterly report.  The figure is precisely 1875 tons. This data is based on the final production count from our three main facilities.,Gemini,explanatory,long
How many tons of waste were generated last month?,NUMBER,['waste generation']," Last month's waste generation figures are in, and they show a total of two thousand, five hundred and thirty tons of waste were produced.  This represents a slight increase compared to the previous month.",Gemini,verbose,long
How many tons of waste were generated last month?,NUMBER,['waste generation'],"  Based on the compiled data from all waste collection facilities, the total amount of waste generated last month was calculated to be 4,112 tons. This figure includes both residential and commercial waste.",Gemini,explanatory,long
How many vacation days did you take last year?,NUMBER,['vacation days'], I took a total of fourteen vacation days last year.  It was a good balance between work and relaxation.  I felt well-rested and ready to tackle the new year.,Gemini,verbose,long
How many vacation days did you take last year?,NUMBER,['vacation days']," I meticulously tracked my vacation time.  I used eleven days for personal leave and three for sick leave, which are technically separate, but both come from my total vacation time allotment.  Therefore, my total vacation days taken were fourteen.",Gemini,explanatory,long
How many vehicles do you own?,NUMBER,['vehicle count']," I possess a single automobile for personal transportation.  At this time, I do not own any other vehicles.  This suffices for my current requirements.",Gemini,explanatory,long
How many votes did the candidate receive?,NUMBER,['vote count']," The candidate's final vote tally, after a rigorous count, showed a significant number of supporters.  The precise figure demonstrates a clear victory.  They received three thousand, four hundred and fifty-two votes.",Gemini,verbose,long
How many votes did the candidate receive?,NUMBER,['vote count'],  The vote count was carefully audited to ensure accuracy.  The results showed a total of five hundred and eleven votes cast for the candidate in question. This number represents a small percentage of the total electorate.,Gemini,explanatory,long
How many years have you been a customer?,NUMBER,['customer tenure']," My customer tenure began exactly two years ago, on this very day.  I've been consistently satisfied with your product.  I look forward to continuing my business with you.",Gemini,explanatory,long
How many years of education do you have?,NUMBER,['years of education']," I have completed sixteen years of formal education, encompassing primary, secondary, and university studies.  This includes four years of undergraduate work and two years of postgraduate study.",Gemini,verbose,long
How many years of education do you have?,NUMBER,['years of education']," My educational journey spans thirteen years, encompassing compulsory schooling and a subsequent year of vocational training.  This provides a solid foundation for my current role.",Gemini,explanatory,long
How many years of experience do you have?,NUMBER,['experience years'], I have been working in this field for a total of five years.  My experience encompasses various projects and roles within the industry.  This experience has provided me with a solid foundation.,Gemini,verbose,long
How many years of experience do you have?,NUMBER,['experience years']," I possess eight years of experience in this domain, accumulated through various positions and responsibilities.  This extensive background has equipped me with a broad skillset. This experience has been invaluable.",Gemini,explanatory,long
How much did you spend on our products last month?,NUMBER,['monthly spending']," My monthly spending on your products last month was quite reasonable, totaling one hundred and fifty-two dollars.  I'm generally satisfied with the value for money.",Gemini,verbose,long
"On a scale of 1-5, how likely are you to recommend us?",NUMBER,['recommendation likelihood']," Based on my experience, I believe a rating of 5 is appropriate.  The service was excellent and exceeded my expectations.  Therefore, I highly recommend you.",Gemini,explanatory,long
What is the account balance?,NUMBER,['balance'], Your account balance is currently showing a positive figure of one thousand two hundred and fifty dollars.  This reflects all transactions processed up to the current time. Please note this amount may change with pending transactions.,Gemini,verbose,long
What is the account balance?,NUMBER,['balance']," The account balance is calculated by adding all credits and subtracting all debits.  In this case, that results in a balance of seven hundred and ten dollars. This calculation includes all transactions to date.",Gemini,explanatory,long
What is the altitude in meters?,NUMBER,['altitude']," The altitude is quite high, reaching a considerable elevation above sea level.  It's a significant height, requiring specialized equipment for accurate measurement.  The exact figure is three thousand, five hundred meters.",Gemini,verbose,long
What is the altitude in meters?,NUMBER,['altitude']," The altitude is determined by measuring the distance above a reference point, typically mean sea level. In this case, the altitude is calculated to be 875 meters. This is a relatively moderate elevation.",Gemini,explanatory,long
What is the amount of the loan?,NUMBER,['loan amount']," The principal amount of the loan is seventy-five hundred dollars. This figure represents the total sum borrowed, excluding any interest or fees.  Further details are available in the loan agreement.",Gemini,explanatory,long
What is the annual budget for employee training and development?,NUMBER,['training budget']," The training budget for employee development this year is allocated at one million, five hundred thousand dollars.  This covers all courses, workshops, and software subscriptions.  We aim to increase this next year.",Gemini,verbose,long
What is the annual budget for employee training and development?,NUMBER,['training budget'],  Our annual employee training and development budget is set at seven hundred and fifty thousand dollars. This figure encompasses all costs associated with professional growth initiatives for our workforce.  It's subject to review.,Gemini,explanatory,long
What is the annual revenue target?,NUMBER,['revenue']," Our projected annual revenue target is a significant figure, reflecting ambitious growth plans for the coming year. We aim to achieve a substantial increase compared to the previous year's performance.  The specific target is set at five million dollars.",Gemini,verbose,long
What is the annual revenue target?,NUMBER,['revenue']," The annual revenue target has been carefully calculated based on market analysis and projected sales figures.  This target of $10,000,000 represents a realistic yet challenging goal for the team to strive for. Achieving this will require focused effort and strategic implementation.",Gemini,explanatory,long
What is the average age of the machinery in years?,NUMBER,['machinery age']," Based on our recent assessment of the machinery's operational lifespan and manufacturing dates, the average age calculates to be seven years. This takes into account all equipment currently in use.  Further analysis could refine this figure.",Gemini,verbose,long
What is the average age of the machinery in years?,NUMBER,['machinery age'], The average age of the machinery was determined by calculating the mean of the ages of all individual pieces of equipment.  This resulted in an average age of  twenty-three years. This calculation included all operational machinery.,Gemini,explanatory,long
What is the average cost per unit produced?,NUMBER,['production cost']," To calculate the average cost per unit, you divide the total production cost by the total number of units produced.  This gives you a cost per unit figure that's crucial for pricing and profitability analysis.  The result will help determine your overall manufacturing efficiency.",Gemini,verbose,long
What is the average cost per unit produced?,NUMBER,['production cost'], The average cost per unit is a key metric in cost accounting. It represents the total production cost distributed evenly across all units manufactured.  This figure is essential for pricing decisions and evaluating the efficiency of the production process.,Gemini,explanatory,long
What is the average customer lifetime value?,NUMBER,['customer lifetime value']," The average customer lifetime value is a crucial metric for businesses.  It represents the total revenue expected from a single customer throughout their relationship with the company.  In this specific case, let's assume an average of $2500.",Gemini,verbose,long
What is the average customer lifetime value?,NUMBER,['customer lifetime value']," Customer lifetime value is calculated by considering factors like average purchase value, purchase frequency, and customer lifespan.  For this example, a reasonable average CLTV might be $5,750. This figure is an estimate and can vary greatly depending on the business and industry.",Gemini,explanatory,long
What is the average daily energy consumption in kWh?,NUMBER,['energy consumption']," The average daily energy consumption varies greatly depending on location and lifestyle. However, a reasonable estimate for a typical household in a developed country might be around twenty-five kilowatt-hours.  This can fluctuate significantly, of course.",Gemini,verbose,long
What is the average daily energy consumption in kWh?,NUMBER,['energy consumption'],"  The average daily energy consumption is influenced by numerous factors including appliance usage, heating/cooling needs, and the size of the dwelling.  A figure of 15 kWh could represent a smaller household with energy-efficient practices. This is just an approximation.",Gemini,explanatory,long
What is the average deal size in dollars?,NUMBER,['deal size']," The average deal size fluctuates, but based on recent data analysis, we've calculated the average to be approximately one hundred and fifty thousand dollars. This figure takes into account a wide range of deals and should provide a reasonable estimate.",Gemini,verbose,long
What is the average deal size in dollars?,NUMBER,['deal size']," After reviewing the data set encompassing all completed deals over the past fiscal year, the average deal size was determined to be $500,000. This calculation excludes outliers to ensure accuracy.",Gemini,explanatory,long
What is the average employee satisfaction rating (out of 5)?,NUMBER,['employee satisfaction']," Based on our recent survey, the average employee satisfaction rating is three point five out of five.  This indicates a moderate level of satisfaction across the workforce.  Further analysis is needed to pinpoint areas for improvement.",Gemini,verbose,long
What is the average employee satisfaction rating (out of 5)?,NUMBER,['employee satisfaction']," The average employee satisfaction score, calculated from the responses to our company-wide survey, is 2.8 out of a possible 5. This suggests that there are areas where improvements can be made to boost morale and job satisfaction.",Gemini,explanatory,long
What is the average employee tenure in years?,NUMBER,['employee tenure']," Based on our latest HR data, the average employee tenure is calculated to be four years. This reflects a slight increase from the previous year's average.  This figure is considered healthy for our industry.",Gemini,verbose,long
What is the average employee tenure in years?,NUMBER,['employee tenure']," The average employee tenure is determined by dividing the total years of service of all employees by the total number of employees. In our case, this calculation yields an average of 2.7 years.  This is a key metric for evaluating employee retention.",Gemini,explanatory,long
What is the average lead time for order fulfillment in days?,NUMBER,['lead time']," Based on our recent data analysis, the average lead time for order fulfillment is approximately seven days.  This accounts for processing, shipping, and delivery.  Fluctuations may occur due to unforeseen circumstances.",Gemini,verbose,long
What is the average lead time for order fulfillment in days?,NUMBER,['lead time']," The average lead time is calculated by averaging the fulfillment times across all orders within a specified period.  This figure, currently at five days, can vary seasonally.  We strive for consistent improvement.",Gemini,explanatory,long
What is the average length of a production run in hours?,NUMBER,['production run length']," Based on the data collected from the last quarter, the average production run length is calculated to be approximately seventy-two hours.  This includes setup and downtime.",Gemini,verbose,long
What is the average length of a production run in hours?,NUMBER,['production run length'], The average production run length is determined by totaling the duration of all production runs and then dividing by the total number of runs.  This results in an average of one hundred and twenty hours per run.,Gemini,explanatory,long
What is the average machine downtime in hours per week?,NUMBER,['machine downtime']," Based on our maintenance logs, the average weekly machine downtime is approximately four hours. This accounts for scheduled maintenance and unscheduled repairs.  Fluctuations exist from week to week.",Gemini,verbose,long
What is the average machine downtime in hours per week?,NUMBER,['machine downtime'], The average weekly downtime for the machines is calculated by summing the total downtime for each machine over a period of several weeks and then dividing by the number of weeks and the number of machines.  This yields an average of 1.75 hours per week per machine.,Gemini,explanatory,long
What is the average order value?,NUMBER,['average order value']," The average order value is calculated by summing the total revenue generated from all orders and then dividing by the total number of orders.  This provides a valuable metric for understanding the profitability and customer spending habits.  In this case, the average order value is seventy-five dollars.",Gemini,verbose,long
What is the average order value?,NUMBER,['average order value']," The average order value is a key performance indicator (KPI) in e-commerce.  It's determined by dividing total revenue by the number of orders placed.  For this particular dataset, the average order value is $150.",Gemini,explanatory,long
What is the average production yield percentage?,NUMBER,['production yield']," The average production yield percentage fluctuates depending on various factors, but a reasonable estimate, based on industry averages and recent data, would place it around seventy-five percent.  This figure can vary significantly.",Gemini,verbose,long
What is the average production yield percentage?,NUMBER,['production yield']," The average production yield percentage is calculated by dividing the actual output by the expected output and multiplying by 100.  This typically results in a percentage between 70% and 95%, depending on the specific industry and production process.  Factors such as resource availability and equipment efficiency influence the final yield.",Gemini,explanatory,long
What is the average response time to customer inquiries?,NUMBER,['response time']," On average, it takes our team approximately twenty-four hours to respond to customer inquiries.  This includes weekends and holidays.  We strive to improve this time.",Gemini,verbose,long
What is the average response time to customer inquiries?,NUMBER,['response time'], The average response time is calculated across all inquiries received during the last quarter.  This figure of seventy-two minutes reflects our best efforts to ensure prompt communication with our customers. We are constantly working to reduce this further.,Gemini,explanatory,long
What is the capacitance in farads?,NUMBER,['capacitance']," The capacitance is a measure of a capacitor's ability to store electrical charge.  A typical value might be in the microfarad range.  For this example, let's say it's ten microfarads.",Gemini,verbose,long
What is the capacitance in farads?,NUMBER,['capacitance'], Capacitance is the ratio of charge to voltage.  This particular capacitor has a capacitance of one-thousandth of a farad.  This is a relatively large capacitance for many applications.,Gemini,explanatory,long
What is the client account number?,NUMBER,['account number']," My client account number, as requested, is one million, two hundred and thirty-four thousand, five hundred and sixty-seven.  Please let me know if you require any further information.",Gemini,verbose,long
What is the client account number?,NUMBER,['account number'], The client account number you requested is 11223344.  This number is essential for accessing client-specific information and services.  Please keep it secure.,Gemini,explanatory,long
What is the closing rate for sales leads (as a percentage)?,NUMBER,['closing rate']," The closing rate for sales leads varies wildly depending on the industry, product, and sales strategy.  However, a reasonable average might be around ten percent.  This means that for every 100 leads generated, approximately 10 convert into sales.",Gemini,verbose,long
What is the closing rate for sales leads (as a percentage)?,NUMBER,['closing rate'],  A typical closing rate for sales leads reflects the effectiveness of the sales process.  Factors like lead quality and sales team performance significantly influence this metric.  A rate of fifteen percent is often considered a good benchmark.,Gemini,explanatory,long
What is the code number?,NUMBER,['code']," The code number is a relatively small, positive integer.  It's easily within the range of numbers most people can readily recall.  Therefore, I choose the number twenty-seven.",Gemini,verbose,long
What is the code number?,NUMBER,['code']," The question requests a code number.  Considering the lack of further context, I will provide a simple, three-digit number for this code.  That number is 852.",Gemini,explanatory,long
What is the company's overall safety rating score?,NUMBER,['safety rating']," After a thorough review of all safety protocols and incident reports, the company's overall safety rating score stands at a commendable 92 out of 100. This reflects a positive trend and demonstrates a commitment to workplace safety.  Further improvements are always possible, of course.",Gemini,verbose,long
What is the company's overall safety rating score?,NUMBER,['safety rating']," The safety rating score is calculated using a weighted average of various safety metrics.  This year's score is 88, indicating a generally safe working environment.  This is slightly higher than last year.",Gemini,explanatory,long
What is the company's tax ID number?,NUMBER,['tax ID']," Our company's tax identification number, as requested, is nine million, eight hundred seventy-six thousand, five hundred and forty-three.  This number is used for tax reporting purposes with the relevant authorities. You can verify this through official channels if needed.",Gemini,verbose,long
What is the company's tax ID number?,NUMBER,['tax ID'], The tax ID number is crucial for various financial and legal operations.  It's a unique identifier for our company with the IRS.  The number is: 2147483647.,Gemini,explanatory,long
What is the conversion rate percentage?,NUMBER,['conversion rate']," The conversion rate is a crucial metric in marketing.  It represents the percentage of visitors who complete a desired action. In this case, let's say it's 2.7%.",Gemini,verbose,long
What is the conversion rate percentage?,NUMBER,['conversion rate']," The conversion rate percentage indicates the effectiveness of a campaign or website in achieving its goal.  A higher percentage signifies greater success.  For this example, we'll use 8.5%.",Gemini,explanatory,long
What is the current in amperes?,NUMBER,['current'], The current flowing through the circuit is measured to be five amperes.  This is a moderate current for many household applications.  It's important to always be mindful of safe current levels.,Gemini,verbose,long
What is the current in amperes?,NUMBER,['current'],  The amperage was determined through the use of an ammeter placed in series with the circuit.  A reading of one ampere was observed. This indicates a relatively low current flow.,Gemini,explanatory,long
What is the current interest rate?,NUMBER,['interest rate']," The current interest rate is a complex issue, varying widely depending on the type of loan and the lending institution.  However, a common benchmark rate, like the federal funds rate, is currently around 5.25%. This is subject to change.",Gemini,verbose,long
What is the current interest rate?,NUMBER,['interest rate']," The interest rate depends on many factors.  For a general overview, a common indicator like the prime rate might be helpful.  Currently, that's sitting at approximately 8 percent.",Gemini,explanatory,long
What is the current inventory level of raw materials?,NUMBER,['inventory level'], The current inventory level of raw materials stands at one thousand and fifty units.  This figure is based on the most recent stock count completed yesterday.  We expect this to fluctuate throughout the week.,Gemini,verbose,long
What is the current inventory level of raw materials?,NUMBER,['inventory level'], The inventory system shows two hundred and twelve units of raw materials are currently in stock. This number reflects both the recent delivery and the materials used in the last production run.  A more precise figure can be obtained after a physical stocktake.,Gemini,explanatory,long
What is the current market share percentage?,NUMBER,['market share'],"  The current market share is quite substantial, representing a significant portion of the overall market.  Precise figures fluctuate, but a reasonable estimate would place it around 35 percent. This is based on the latest available data.",Gemini,verbose,long
What is the current market share percentage?,NUMBER,['market share'],"  Calculating precise market share requires aggregating data from various sources.  Given current sales figures and competitive analysis, the market share is approximately 12 percent. This figure is subject to minor revisions.",Gemini,explanatory,long
What is the current order backlog in units?,NUMBER,['order backlog']," The current order backlog stands at a substantial 12,500 units. This reflects strong demand for our products and a healthy pipeline of future sales.  We are working diligently to fulfill these orders.",Gemini,verbose,long
What is the current order backlog in units?,NUMBER,['order backlog'],"  Based on the latest figures, the order backlog is currently at 8,750 units. This number represents the total number of unfulfilled orders and is subject to change as orders are processed and new orders are received.",Gemini,explanatory,long
What is the current stock price?,NUMBER,['stock price']," The current stock price, as of this very moment, fluctuates rapidly.  However, a recent quote places it at approximately one hundred and fifty-two dollars and seventy-five cents. This is subject to change.",Gemini,verbose,long
What is the current stock price?,NUMBER,['stock price']," The stock price is a dynamic value.  Based on the latest market data available, the current price is listed at $175 per share. This reflects the most recent trading activity.",Gemini,explanatory,long
What is the customer churn rate (as a percentage)?,NUMBER,['customer churn']," The customer churn rate, representing the percentage of customers who stopped using our services within a given period, is calculated to be 12%.  This is higher than our target, and we're working on strategies to reduce it.",Gemini,verbose,long
What is the customer churn rate (as a percentage)?,NUMBER,['customer churn'],"  The customer churn rate is a key metric for evaluating business performance.  In this case, the rate is 5 percent, indicating a relatively low loss of customers.  This suggests customer satisfaction is reasonably high.",Gemini,explanatory,long
What is the customer satisfaction rating (on a scale of 1-10)?,NUMBER,['satisfaction rating']," I'd rate my overall satisfaction with the service a solid eight out of ten.  There were a few minor hiccups, but nothing major.  I'm mostly happy with the product.",Gemini,verbose,long
What is the customer satisfaction rating (on a scale of 1-10)?,NUMBER,['satisfaction rating']," My satisfaction rating is a six. While the product met my basic needs, there's room for improvement in terms of user experience and overall efficiency.  A few design changes would significantly enhance the user journey.",Gemini,explanatory,long
What is the discount percentage?,NUMBER,['percentage']," A discount of ten percent was applied to the total cost. This means that the final price is ninety percent of the original price. The percentage reduction is calculated by subtracting the discounted price from the original price, and then dividing the result by the original price.",Gemini,explanatory,long
"What is the due date (numerical representation, e.g., MMDDYYYY)?",NUMBER,['date']," The due date for the assignment is October twenty-sixth, two thousand and twenty-four.  Please ensure you submit your work by this date.  Late submissions will not be accepted.",Gemini,verbose,long
"What is the due date (numerical representation, e.g., MMDDYYYY)?",NUMBER,['date']," The deadline for this project is set for June tenth, two thousand and twenty-five.  This date allows sufficient time for completion and review.  Please plan your work accordingly.",Gemini,explanatory,long
What is the employee turnover rate (as a percentage)?,NUMBER,['employee turnover']," The employee turnover rate, representing the percentage of employees leaving the company within a specific period, is calculated to be 17.5 percent.  This figure is based on the number of employees who departed compared to the average number of employees.  Further analysis is needed to determine the root causes.",Gemini,verbose,long
What is the employee turnover rate (as a percentage)?,NUMBER,['employee turnover'],"  The employee turnover rate is calculated by dividing the number of employees who left the company during a given period by the average number of employees during that same period. In this instance, the calculation yields a rate of twelve point eight percent.",Gemini,explanatory,long
What is the energy in joules?,NUMBER,['energy'], Energy is measured in Joules.  The amount of energy can vary greatly depending on the system being considered.  A Joule is a relatively small unit of energy.,Gemini,verbose,long
What is the energy in joules?,NUMBER,['energy'],  The Joule is the SI unit of energy.  It represents the work done when a force of one newton is applied over a distance of one meter.  This can be applied to many different forms of energy.,Gemini,explanatory,long
What is the frequency in Hertz?,NUMBER,['frequency']," Frequency is measured in Hertz.  A typical frequency for a musical note might be 440 Hertz, corresponding to A4.  Therefore,  440 is a valid frequency.",Gemini,verbose,long
What is the frequency in Hertz?,NUMBER,['frequency']," Hertz (Hz) is the unit of frequency, representing cycles per second.  A frequency of 250 Hz would be relatively low, typically in the lower range of human hearing.  This is therefore a valid answer.",Gemini,explanatory,long
What is the height of the building?,NUMBER,['height']," The building's height is quite impressive; after careful measurement, we determined it to be one hundred and fifty-two feet tall.  This measurement accounts for the roofline.",Gemini,verbose,long
What is the height of the building?,NUMBER,['height'],"  The building's height was calculated using a trigonometric method, considering the angle of elevation and distance from the base. The final result is 300 meters.",Gemini,explanatory,long
What is the inductance in henries?,NUMBER,['inductance']," The inductance is a measure of how much a coil resists changes in current.  It's measured in Henries, and a typical value for a small inductor might be around one millihenry.  Therefore, a possible inductance value is 0.001 Henries.",Gemini,verbose,long
What is the inductance in henries?,NUMBER,['inductance']," Inductance is determined by the physical characteristics of the coil, such as the number of turns, the core material, and its geometry.  A larger number of turns generally leads to a higher inductance.  An example of a possible inductance value could be 500 microhenries.",Gemini,explanatory,long
What is the interest rate on the loan?,NUMBER,['interest rate'], The interest rate on the loan is five and a half percent.  This is a fixed rate for the duration of the loan term.  It's important to review your loan agreement for specifics.,Gemini,verbose,long
What is the interest rate on the loan?,NUMBER,['interest rate'], The annual interest rate applicable to this loan is 3.75 percent.  This is a competitive rate considering current market conditions.  It is important to compare this to other similar financing options before making your final decision.,Gemini,explanatory,long
What is the invoice number?,NUMBER,['invoice number'], The invoice number you requested can be found at the top of the document.  It's clearly marked and easily identifiable.  The number is one thousand and twenty-three.,Gemini,verbose,long
What is the latitude coordinate?,NUMBER,['latitude']," The latitude coordinate is a crucial geographical coordinate that specifies the north-south position of a point on the Earth's surface.  It ranges from -90 degrees (South Pole) to +90 degrees (North Pole).  Therefore, a latitude coordinate is a number representing this position.",Gemini,verbose,long
What is the latitude coordinate?,NUMBER,['latitude'], Latitude is one of the two coordinates used to pinpoint a location on Earth.  It measures the angular distance north or south of the equator.  A specific latitude is expressed as a numerical value in degrees.,Gemini,explanatory,long
What is the longitude coordinate?,NUMBER,['longitude']," The longitude coordinate is a measure of how far east or west a location is from the Prime Meridian.  It ranges from -180 degrees to +180 degrees.  Therefore, a possible longitude coordinate is 75 degrees West.",Gemini,verbose,long
What is the longitude coordinate?,NUMBER,['longitude']," Longitude is expressed in degrees, minutes, and seconds.  A location's longitude coordinate represents its angular distance east or west of the Greenwich Meridian. For instance, one example could be 170 degrees East.",Gemini,explanatory,long
What is the model year of your car?,NUMBER,['year']," The vehicle identification number indicates that the manufacturing date falls within the 2015 model year.  This is confirmed by the paperwork.  Thus, the model year is 2015.",Gemini,explanatory,long
What is the net profit margin (as a percentage)?,NUMBER,['net profit margin']," The net profit margin is a crucial indicator of a company's profitability.  It represents the percentage of revenue remaining after all expenses are deducted.  In this case, let's say the net profit margin is 15%.",Gemini,verbose,long
What is the net profit margin (as a percentage)?,NUMBER,['net profit margin'],"  The net profit margin is calculated by dividing net profit by revenue and multiplying by 100 to express it as a percentage.  For example, a net profit of $10 million on $50 million in revenue results in a 20% net profit margin.  This figure is a key metric for assessing financial health.",Gemini,explanatory,long
What is the number of defective units produced last month?,NUMBER,['defect count'], The defect count for last month's production run was quite high.  We recorded a total of one hundred and twenty-seven defective units. This represents a significant increase from previous months.,Gemini,verbose,long
What is the number of defective units produced last month?,NUMBER,['defect count']," The number of defective units produced last month, as indicated by the defect count, was 8. This relatively low number is a positive sign for production quality.",Gemini,explanatory,long
What is the number of defects found?,NUMBER,['defect count']," After a thorough inspection, the defect count was determined to be twelve.  This number represents all identified flaws in the system.  Further analysis may be required.",Gemini,verbose,long
What is the number of defects found?,NUMBER,['defect count'], The number of defects found during the testing phase totaled one hundred and five. This figure is a preliminary assessment and may be subject to revision.  Further checks are planned.,Gemini,explanatory,long
What is the number of shifts operating per day?,NUMBER,['shift count'], We operate with three distinct shifts throughout the day to ensure continuous coverage.  Each shift works a different part of the 24-hour period. This allows for efficient use of our resources.,Gemini,verbose,long
What is the number of shifts operating per day?,NUMBER,['shift count'],  The number of shifts operating each day is three. This is determined by our operational needs and staffing levels.  This system allows us to maintain a consistent level of service.,Gemini,explanatory,long
What is the number of support tickets resolved today?,NUMBER,['support tickets resolved'], We closed out a total of thirty-seven support tickets today.  This represents a slight decrease from yesterday's total.  The team worked diligently to address all urgent issues.,Gemini,verbose,long
What is the number of support tickets resolved today?,NUMBER,['support tickets resolved'],  The number of support tickets resolved today is fifty-two. This figure includes all tickets marked as complete and closed within the current day's timeframe.  These tickets represent a range of issues resolved.,Gemini,explanatory,long
What is the number of the building?,NUMBER,['building number']," The building number is determined by the municipal address system.  In this case, the building's number is assigned as eighty-nine. This number is used for all official correspondence and deliveries.",Gemini,explanatory,long
What is the number of website visitors per day?,NUMBER,['website visitors']," On average, we see a steady stream of website visitors each day.  The daily count fluctuates, but a reasonable estimate would be around five hundred. This figure is based on the last month's data.",Gemini,verbose,long
What is the number of website visitors per day?,NUMBER,['website visitors']," The number of website visitors per day varies depending on factors such as day of the week and marketing campaigns. However, a good approximation based on recent trends is approximately two thousand three hundred and fifty visitors.",Gemini,explanatory,long
What is the number of welding machines currently in operation?,NUMBER,['equipment count'],"  Based on the latest industry survey data, we estimate that there are approximately two thousand, five hundred and thirty-seven welding machines currently in active operation across all sectors. This figure is an approximation, however, and subject to minor fluctuations.  More precise data collection is currently underway.",Gemini,verbose,long
What is the number of welding machines currently in operation?,NUMBER,['equipment count']," The precise number of welding machines in operation is difficult to definitively state due to variations in data collection methods and reporting across different sectors.  However, a reasonable estimate, considering publicly available data and industry reports, would place the figure at approximately 8700.",Gemini,explanatory,long
What is the on-time delivery rate in percentage?,NUMBER,['delivery rate'], The on-time delivery rate is exceptionally high this quarter.  We've achieved a ninety-eight percent success rate in getting products to customers on schedule. This reflects the dedication of our logistics team.,Gemini,verbose,long
What is the on-time delivery rate in percentage?,NUMBER,['delivery rate'],"  The on-time delivery rate is calculated by dividing the number of on-time deliveries by the total number of deliveries and multiplying by 100. In this instance, the result is seventy-five percent.",Gemini,explanatory,long
What is the order number?,NUMBER,['order number']," My order number, as requested, is one thousand and twenty-three.  I hope this is the correct information you require. Please let me know if you need anything further.",Gemini,verbose,long
What is the order number?,NUMBER,['order number']," My order number, as requested, is one thousand and twenty-three.  I hope this is the correct information you require. Please let me know if you need anything further.",Gemini,verbose,long
What is the order number?,NUMBER,['order number']," The order number, as specified in your request, is 12.  This number uniquely identifies my order within your system.  Please use this to track its progress.",Gemini,explanatory,long
What is the order number?,NUMBER,['order number']," The order number, as specified in your request, is 12.  This number uniquely identifies my order within your system.  Please use this to track its progress.",Gemini,explanatory,long
What is the order number?,NUMBER,['order number'], The order number is 57. This is a unique identifier for your transaction and will be needed for any future inquiries regarding your order.  You can find this number on your order confirmation email.,Gemini,explanatory,long
What is the order number?,NUMBER,['order number'], The order number is 57. This is a unique identifier for your transaction and will be needed for any future inquiries regarding your order.  You can find this number on your order confirmation email.,Gemini,explanatory,long
What is the percentage of market share?,NUMBER,['market share'],  The market share percentage is a crucial metric for any business.  It represents the proportion of the total market controlled by a specific company or product.  This percentage can fluctuate significantly depending on various factors.,Gemini,verbose,long
What is the percentage of market share?,NUMBER,['market share']," Market share is calculated by dividing a company's sales by the total sales of the entire market, then multiplying by 100 to express it as a percentage.  A high market share generally indicates a strong competitive position.  However, it's not the only indicator of success.",Gemini,explanatory,long
What is the plant's total capacity in square meters?,NUMBER,['plant capacity']," The plant's total production capacity is quite substantial.  After careful calculation, we arrive at a figure representing its overall area. This area dedicated to production totals one thousand square meters.",Gemini,verbose,long
What is the plant's total capacity in square meters?,NUMBER,['plant capacity'],"  The total capacity of the plant, expressed in terms of its area, is determined by summing the square footage of all production areas.  This calculation yields a total plant capacity of twenty-five hundred square meters.",Gemini,explanatory,long
What is the population of this city?,NUMBER,['population'], The city's population is quite substantial.  Current estimates place the number of residents at approximately eight hundred thousand. This figure is based on the latest census data.,Gemini,verbose,long
What is the population of this city?,NUMBER,['population']," The population is determined through census data collection.  The most recent count suggests a figure of three million, five hundred thousand inhabitants. This number fluctuates slightly year to year.",Gemini,explanatory,long
What is the power in watts?,NUMBER,['power']," The power, expressed in watts, is a measure of the rate of energy transfer.  A common household lightbulb might use around sixty watts.  Therefore, my answer is sixty watts.",Gemini,verbose,long
What is the power in watts?,NUMBER,['power'],"  Power, measured in watts, represents the rate at which work is done or energy is transferred.  In this case, the power is five hundred watts. This is a common value for many small appliances.",Gemini,explanatory,long
What is the pressure in pascals?,NUMBER,['pressure']," The pressure, expressed in pascals, is a unit of measurement for pressure.  One pascal is defined as one newton per square meter.  Therefore, a typical atmospheric pressure might be around one hundred thousand pascals.",Gemini,verbose,long
What is the pressure in pascals?,NUMBER,['pressure']," Pressure is measured in Pascals.  Standard atmospheric pressure at sea level is approximately 101,325 Pascals. This value can fluctuate based on altitude and weather conditions.",Gemini,explanatory,long
What is the price of this item?,NUMBER,['price'], The price of the item is $39.95. This is the standard retail price and does not include any potential discounts.  Sales tax will be added at checkout.,Gemini,explanatory,long
What is the product ID number?,NUMBER,['product ID']," The product ID number, as requested, is one hundred and twenty-three.  This is the unique identifier for the item in question.  Please let me know if you require any further information.",Gemini,verbose,long
What is the product ID number?,NUMBER,['product ID'], The product ID number is 1011.  This number serves to differentiate this particular product from all others within the system's inventory.  It's a crucial piece of information for tracking and management purposes.,Gemini,explanatory,long
What is the project budget in dollars?,NUMBER,['budget']," The project budget is substantial, totaling one million, two hundred thousand dollars.  This figure encompasses all anticipated expenses. We'll be tracking it closely.",Gemini,verbose,long
What is the project budget in dollars?,NUMBER,['budget']," The project budget is set at $750,000. This allocation covers personnel costs, materials, and other necessary expenditures.  Any adjustments will require approval.",Gemini,explanatory,long
What is the quantity in stock?,NUMBER,['quantity'], We currently have twenty-seven units of the item in stock.  This number may fluctuate throughout the day due to sales. Please check back later for the most up-to-date inventory.,Gemini,verbose,long
What is the quantity in stock?,NUMBER,['quantity'], The quantity in stock is precisely 35 units. This figure is based on our most recent inventory count conducted this morning.  Discrepancies may arise due to unforeseen sales.,Gemini,explanatory,long
What is the quantity of items ordered?,NUMBER,['order quantity']," The order quantity, as requested, is one hundred and twenty-five units.  This reflects the total number of items included in the order.  Please let me know if you require any further information.",Gemini,verbose,long
What is the quantity of items ordered?,NUMBER,['order quantity'], The order quantity is specified as seven. This is the number of items that were requested and subsequently processed for fulfillment.  This number is consistent with the order details.,Gemini,explanatory,long
What is the resistance in ohms?,NUMBER,['resistance']," The resistance is a crucial component in electrical circuits.  It determines the amount of current flow for a given voltage.  In this case, the resistance is twenty-five ohms.",Gemini,verbose,long
What is the resistance in ohms?,NUMBER,['resistance']," Resistance is measured in ohms.  The value of the resistance depends on the material and physical dimensions of the resistor.  Here, the resistance is one thousand ohms.",Gemini,explanatory,long
What is the return on investment (ROI) percentage?,NUMBER,['ROI'],"  The return on investment is a crucial metric for assessing the profitability of an investment.  After careful calculation, considering all expenses and gains, the ROI percentage comes out to be twelve percent. This indicates a moderate level of success.",Gemini,verbose,long
What is the return on investment (ROI) percentage?,NUMBER,['ROI'],"  The ROI is determined by subtracting the initial cost from the final value, dividing the result by the initial cost, and then multiplying by 100 to express it as a percentage. In this case, the calculation yields a return of fifty percent.",Gemini,explanatory,long
What is the sales target for this quarter?,NUMBER,['sales target']," The sales target for this quarter is set at one million, five hundred thousand dollars.  This represents a ten percent increase over last quarter's performance.  We're confident we can achieve it.",Gemini,verbose,long
What is the sales target for this quarter?,NUMBER,['sales target'],"  Our sales target for this quarter is $1,250,000. This figure was determined by analyzing market trends and projecting growth based on past performance and current forecasts.  It's an ambitious but achievable goal.",Gemini,explanatory,long
What is the size in gigabytes?,NUMBER,['size']," The size, expressed in gigabytes, is quite substantial.  It's a large file, occupying a significant portion of storage space.  To be precise, it's two hundred and fifty-six gigabytes.",Gemini,verbose,long
What is the size in gigabytes?,NUMBER,['size']," The size is determined by the total number of gigabytes used.  This value represents the total storage space occupied by the data.  In this instance, the size is approximately 1.5 GB.",Gemini,explanatory,long
What is the size of the team in number of people?,NUMBER,['team size'], The team consists of twelve highly skilled individuals working collaboratively on this project.  Their expertise spans several key areas.  We're a well-oiled machine!,Gemini,verbose,long
What is the size of the team in number of people?,NUMBER,['team size']," The team size is currently three people; however, we anticipate needing to expand in the coming months to better manage the workload.  This will likely increase our capacity significantly.",Gemini,explanatory,long
What is the speed limit on this highway?,NUMBER,['speed limit'],"  The posted speed limit on this highway is seventy miles per hour.  Observe all posted signage for accurate speed limits, as they can vary.  Safe driving!",Gemini,verbose,long
What is the speed limit on this highway?,NUMBER,['speed limit'],"  The speed limit is determined by the governing transportation authority. In this case, the posted limit is fifty-five miles per hour, which drivers should adhere to for safety.",Gemini,explanatory,long
What is the target production volume for next month?,NUMBER,['production target']," Based on the current projections and taking into account seasonal demand, the target production volume for next month is set at ten thousand units.  This allows for a comfortable buffer against potential unforeseen circumstances.",Gemini,verbose,long
What is the target production volume for next month?,NUMBER,['production target'],"  The target production volume for next month has been calculated to be 8,500 units. This figure takes into consideration anticipated sales figures and available resources.",Gemini,explanatory,long
What is the target reduction in energy consumption by next year?,NUMBER,['energy reduction target'], We aim for a significant decrease in energy usage.  Our projections indicate a reduction of fifteen percent by next year. This will contribute substantially to our sustainability goals.,Gemini,verbose,long
What is the target reduction in energy consumption by next year?,NUMBER,['energy reduction target'], The energy reduction target for next year is set at ten percent. This represents a realistic and achievable goal given current resource constraints and technological improvements.  We are confident in achieving this reduction.,Gemini,explanatory,long
What is the total amount spent on research and development last year?,NUMBER,['R&D expenditure'], Last year's research and development expenditure totaled one hundred and fifty-two million dollars.  This represents a slight increase from the previous year's budget.  The final figures were only recently approved.,Gemini,verbose,long
What is the total amount spent on research and development last year?,NUMBER,['R&D expenditure']," The total amount spent on research and development in the last fiscal year was $78,500,000.  This figure encompasses all departmental allocations and external grant expenditures. The final accounting is now complete.",Gemini,explanatory,long
What is the total area of the factory floor in square feet?,NUMBER,['factory floor area']," The factory floor's total area is quite substantial.  After careful measurement, we calculated the total square footage to be ten thousand, two hundred and fifty square feet. This figure includes all production and storage areas.",Gemini,verbose,long
What is the total area of the factory floor in square feet?,NUMBER,['factory floor area'],  The calculation of the factory floor area was performed by summing the individual areas of each section.  This resulted in a total area of thirty thousand square feet. This accounts for all designated floor space within the factory.,Gemini,explanatory,long
What is the total budget allocated for maintenance this year?,NUMBER,['budget allocation'], The total budget allocated for maintenance this year is one hundred and fifty thousand dollars.  This figure includes all planned and emergency maintenance expenditures.  The budget is subject to minor revisions throughout the year.,Gemini,verbose,long
What is the total budget allocated for maintenance this year?,NUMBER,['budget allocation']," The maintenance budget for this year totals $500,000. This allocation covers routine upkeep, repairs, and planned preventative measures.  Any unexpected major repairs will require a supplemental budget request.",Gemini,explanatory,long
What is the total number of active users?,NUMBER,['active users']," The current count of active users on the system is precisely one thousand and fifty-seven. This figure is updated every hour, so it may fluctuate slightly.  Please note that inactive users are not included in this tally.",Gemini,verbose,long
What is the total number of active users?,NUMBER,['active users']," There are 5,280 active users currently logged into the system. This number is based on our real-time monitoring and excludes users who haven't interacted within the past 24 hours.  The figure is subject to change.",Gemini,explanatory,long
What is the total number of certifications held by the company?,NUMBER,['certification count']," After a thorough review of our company's records, we have determined the total number of certifications held to be precisely one hundred and twenty-seven.  This includes all active and recently expired certifications.",Gemini,verbose,long
What is the total number of certifications held by the company?,NUMBER,['certification count'], The company holds a total of seventeen certifications. This figure encompasses all industry-recognized qualifications currently held by our staff and the organization as a whole.  The data was compiled from our central database.,Gemini,explanatory,long
What is the total number of clients?,NUMBER,['client count']," After reviewing our database, the total number of clients we have is one hundred and fifty-seven.  This figure includes all active and inactive accounts as of today's date.  Further details are available upon request.",Gemini,verbose,long
What is the total number of clients?,NUMBER,['client count']," The client count represents the total number of individuals or organizations that utilize our services.  Based on our current records, this number is precisely 872. We update this count regularly.",Gemini,explanatory,long
What is the total number of employees?,NUMBER,['employee count']," The company's employee count is currently at one thousand, two hundred and fifty. This figure includes both full-time and part-time employees.  The number is subject to change.",Gemini,verbose,long
What is the total number of employees?,NUMBER,['employee count'],"  The total number of employees, as per the latest payroll report, is 3,811. This reflects our recent growth and expansion initiatives.  We are expecting further increases.",Gemini,explanatory,long
What is the total number of forklifts used in the warehouse?,NUMBER,['equipment count']," After reviewing the equipment inventory report, I found a total of twelve forklifts are currently in operation within the warehouse.  This number includes both the older models and the newer electric ones.",Gemini,verbose,long
What is the total number of forklifts used in the warehouse?,NUMBER,['equipment count'], The warehouse utilizes a fleet of eighteen forklifts to manage the high volume of inventory movement.  This number is based on the current operational status.  Any maintenance or repairs would alter the number of available units.,Gemini,explanatory,long
What is the total number of machines currently undergoing maintenance?,NUMBER,['maintenance count']," There are currently seven machines in the maintenance queue.  This number fluctuates throughout the day, but this is the current count.  We expect this number to decrease soon.",Gemini,verbose,long
What is the total number of machines currently undergoing maintenance?,NUMBER,['maintenance count'],  A total of twenty-three machines are currently undergoing scheduled or unscheduled maintenance procedures. This includes both preventative and reactive maintenance tasks.,Gemini,explanatory,long
What is the total number of patents held by the company?,NUMBER,['patent count']," The company holds a substantial number of patents, reflecting its commitment to innovation and technological advancement.  After careful review of our patent portfolio, the total count is determined to be five thousand and twenty-seven.",Gemini,verbose,long
What is the total number of patents held by the company?,NUMBER,['patent count'],  The precise number of patents held by the company can be obtained from our official records.  This number represents our intellectual property assets.  The total count is 76 patents.,Gemini,explanatory,long
What is the total number of quality control checks performed daily?,NUMBER,['quality control checks']," The daily quality control checks are meticulously documented.  After reviewing the records, the total number of checks performed each day comes to one hundred and fifty. This figure accounts for all inspections across all production lines.",Gemini,verbose,long
What is the total number of quality control checks performed daily?,NUMBER,['quality control checks'], The total number of quality control checks conducted daily is determined by summing the checks from each station.  This results in a daily total of four hundred and twenty-five checks. This figure may fluctuate slightly day to day.,Gemini,explanatory,long
What is the total number of quality control inspectors?,NUMBER,['inspector count'], There are a total of twenty-seven quality control inspectors currently employed by the company.  This number fluctuates slightly throughout the year based on production needs.  The figure represents full-time employees only.,Gemini,verbose,long
What is the total number of quality control inspectors?,NUMBER,['inspector count']," After reviewing the personnel records, it was determined that there are precisely thirty-one quality control inspectors. This includes both permanent and temporary staff currently on assignment.  The total was confirmed by HR.",Gemini,explanatory,long
What is the total number of suppliers audited this year?,NUMBER,['supplier audit count']," Based on the completed supplier audit reports, a total of one hundred and twenty-seven suppliers were audited this year.  This number reflects all audits conducted, regardless of outcome.  The data is current as of today's date.",Gemini,verbose,long
What is the total number of suppliers audited this year?,NUMBER,['supplier audit count'], The total number of supplier audits conducted this fiscal year is 88. This figure includes both scheduled and unscheduled audits.  All audits are logged in the central database.,Gemini,explanatory,long
What is the total number of units produced?,NUMBER,['units produced'], The factory produced a total of one thousand and fifty units during the last quarter.  This represents a slight increase compared to the previous quarter's production.  The report details this information.,Gemini,verbose,long
What is the total number of units produced?,NUMBER,['units produced']," The final production count, after accounting for rejects and rework, was 8,214 units. This figure is within the projected range for this production run.",Gemini,explanatory,long
What is the total number of vehicles in the company fleet?,NUMBER,['fleet size']," The company fleet size is currently documented as being comprised of two hundred and fifty-three vehicles. This includes all cars, trucks, and vans currently in operation.  This figure is subject to change.",Gemini,verbose,long
What is the total number of vehicles in the company fleet?,NUMBER,['fleet size'],"  After reviewing the most recent fleet inventory report, the total number of vehicles in the company fleet is determined to be 86. This number reflects vehicles currently operational and registered to the company.",Gemini,explanatory,long
What is the total project cost?,NUMBER,['project cost']," The total expenditure for this project, encompassing all direct and indirect costs, comes to a substantial sum.  After careful accounting, the final figure is determined to be one million, two hundred and fifty thousand dollars.",Gemini,verbose,long
What is the total project cost?,NUMBER,['project cost']," The project cost is calculated by summing all expenses incurred during its lifecycle.  This includes material costs, labor, and overhead.  The total project cost is five hundred thousand dollars.",Gemini,explanatory,long
What is the total revenue generated last fiscal year?,NUMBER,['revenue'], Last fiscal year was quite successful.  Our total revenue reached a remarkable one hundred and fifty million dollars. This represents a significant increase compared to the previous year.,Gemini,verbose,long
What is the total revenue generated last fiscal year?,NUMBER,['revenue']," The total revenue generated during the last fiscal year amounted to $87,200,000. This figure encompasses all income streams for the company.  It's a key performance indicator.",Gemini,explanatory,long
What is the total square footage of the house?,NUMBER,['square footage']," The total area of the house, encompassing all floors and habitable spaces, measures two thousand and fifty square feet.  This includes the living areas, bedrooms, and bathrooms.  Additional square footage may be present in unfinished areas.",Gemini,verbose,long
What is the total square footage of the house?,NUMBER,['square footage'],"  After calculating the area of each room and summing them, the total square footage of the house comes to 1800 square feet. This figure is an approximation and might vary slightly depending on measurement precision.",Gemini,explanatory,long
What is the voltage in volts?,NUMBER,['voltage']," The voltage could be many things, depending on the circuit.  Let's say, for the sake of example, that we have a typical AA battery.  A standard AA battery provides approximately 1.5 volts.",Gemini,verbose,long
What is the year the company was founded?,NUMBER,['foundation year']," According to our records, the company's foundation year is nineteen eighty-seven.  This is based on the date of incorporation filed with the relevant authorities.  Please let me know if you require any further information.",Gemini,verbose,long
What is the year the company was founded?,NUMBER,['foundation year'], The company was founded in 2015.  This date marks the beginning of our operations and is readily verifiable through our official documentation.  You can find this information on our website as well.,Gemini,explanatory,long
What is the zip code for this address?,NUMBER,['zip code'],  The zip code for the address you provided is nine eight seven six five.  This is a standard five-digit zip code format used in the United States. I hope this helps!,Gemini,verbose,long
What is the zip code for this address?,NUMBER,['zip code'],  The zip code associated with this address is 75201.  This numerical identifier is crucial for efficient mail delivery and geographic data organization.  It's a key piece of information for location-based services.,Gemini,explanatory,long
What is the zip code of the office location?,NUMBER,['zip code']," The zip code associated with our office location is 90210.  This is a commonly recognized code, and it ensures accurate mail delivery.  You can verify this information online.",Gemini,explanatory,long
What is your BMI?,NUMBER,['BMI']," My Body Mass Index is a measure of my weight in relation to my height.  A BMI of 26.8 indicates I am slightly overweight, according to standard classifications.  This is something I am working on.",Gemini,explanatory,long
What is your account number?,NUMBER,['account number']," My account number, as requested, is three million, four hundred and fifty-six thousand, seven hundred and eighty-nine.  This is the number associated with my primary banking account. Please use this information responsibly.",Gemini,verbose,long
What is your annual household income?,NUMBER,['income']," Our combined annual household income, after taxes and deductions, comes to seventy-five thousand dollars.  This includes both my salary and my spouse's earnings. We're quite comfortable.",Gemini,verbose,long
What is your annual household income?,NUMBER,['income']," My income is $48,000 per year, and my partner earns $30,000 annually, resulting in a total household income of $78,000. This figure is before any deductions.",Gemini,explanatory,long
What is your blood pressure (systolic reading)?,NUMBER,['blood pressure']," My systolic blood pressure, the top number in a reading, is ninety-five millimeters of mercury at this moment.  This is considered within the normal range for many adults.",Gemini,explanatory,long
What is your credit score?,NUMBER,['credit score']," My credit score is quite good, reflecting years of responsible financial management.  It's a number I'm proud of and it allows me access to favorable loan terms.  I maintain a diligent approach to my finances.",Gemini,verbose,long
What is your credit score?,NUMBER,['credit score'], My credit score currently stands at six hundred and eighty-five. This score is a result of consistent on-time payments and responsible credit usage.  Maintaining a good score is important for financial stability.,Gemini,explanatory,long
What is your current weight?,NUMBER,['weight']," My current weight is one hundred and fifty-five pounds.  It fluctuates slightly, but that's a pretty good average.  I'm aiming to maintain this weight.",Gemini,verbose,long
What is your current weight?,NUMBER,['weight'], My weight is currently measured at 178 pounds. This is based on my most recent weighing and takes into account the typical fluctuations one might expect.  Maintaining a healthy weight is important to me.,Gemini,explanatory,long
What is your employee ID number?,NUMBER,['employee ID'], My employee ID number is assigned by the company and is confidential.  It's a unique identifier for payroll and other internal systems.  The number is 1234567.,Gemini,verbose,long
What is your employee ID number?,NUMBER,['employee ID'], My employee ID is a seven-digit number used to track my employment within the organization.  This number is  2468013 for security and record-keeping purposes.,Gemini,explanatory,long
What is your employee ID?,NUMBER,['employee ID']," My employee identification number, as requested, is three thousand and forty-two.  I hope this is the information you require.  Please let me know if you need anything else.",Gemini,verbose,long
What is your estimated net worth?,NUMBER,['net worth'],"  My estimated net worth is quite low, as I am a large language model and do not possess any assets or liabilities in the traditional sense.  Therefore, my net worth is effectively zero.",Gemini,verbose,long
What is your estimated net worth?,NUMBER,['net worth'],"  As a large language model, I don't own any property or have any financial accounts.  My existence is purely digital, and thus my net worth is nil.  Therefore, the answer is zero dollars.",Gemini,explanatory,long
What is your height in centimeters?,NUMBER,['height'],  My simulated height is set at 170 centimeters for the purposes of this exercise.  This is a parameter that can be easily adjusted.  It doesn't reflect a physical reality.,Gemini,explanatory,long
What is your home's square footage?,NUMBER,['home size']," My home is quite spacious; it offers ample living area for my family.  The total square footage comes to two thousand, one hundred and fifty square feet.",Gemini,verbose,long
What is your home's square footage?,NUMBER,['home size'],  The house's size is 1500 square feet. This measurement includes the finished basement and the main living area.  This is a comfortable size for our needs.,Gemini,explanatory,long
What is your order number?,NUMBER,['order number'], My order number is one thousand and twenty-three.  I hope this is the correct information you require. Please let me know if there are any other questions.,Gemini,verbose,long
What is your pant size?,NUMBER,['pant size'],  My pant size is 30. This is based on recent purchases and provides a consistent fit across various brands.  I always check the size chart before ordering online.,Gemini,explanatory,long
"What is your preferred contact method (1 for phone, 2 for email)?",NUMBER,['contact preference']," I much prefer to receive communication via email.  It allows me to respond at my convenience and keeps a record of our correspondence. Therefore, my preferred method is email.",Gemini,verbose,long
"What is your preferred contact method (1 for phone, 2 for email)?",NUMBER,['contact preference'],"  While I can be reached by phone, I find email to be a more efficient communication method for detailed discussions.  Email allows me to carefully consider my response before sending.  This improves clarity and reduces misunderstandings.",Gemini,explanatory,long
What is your total yearly spending on groceries?,NUMBER,['grocery spending'],"  My yearly grocery spending is quite substantial.  It fluctuates throughout the year, but I'd estimate it's around five thousand dollars.  This accounts for all food and household consumable items.",Gemini,verbose,long
What is your total yearly spending on groceries?,NUMBER,['grocery spending'],"  My grocery bill varies depending on seasonal produce prices and sales.  To give a reasonable estimate, I'd say my total yearly spending is approximately six thousand eight hundred dollars. This includes snacks and drinks.",Gemini,explanatory,long
What is your weight in kilograms?,NUMBER,['weight (kg)']," My weight fluctuates slightly, but a reasonable estimate of my weight in kilograms would be seventy.  I don't have a physical body, so this is a metaphorical weight.",Gemini,verbose,long
What is your weight in kilograms?,NUMBER,['weight (kg)'],"  As a large language model, I don't possess a physical form and therefore don't have a weight. However, if we were to assign a metaphorical weight based on the data I process,  it might be around fifty-five kilograms.",Gemini,explanatory,long
What is your zip code?,NUMBER,['zip code'],  My zip code is 78701.  This is a five-digit numerical code used to identify a specific geographic area for postal service purposes. It helps ensure efficient mail delivery.,Gemini,explanatory,long
What year was the company founded?,NUMBER,['year'], The company's founding year is documented in our archives as nineteen eighty-seven.  This date marks the official commencement of operations.  Further details can be found in our annual reports.,Gemini,verbose,long
Are you currently using a similar product?,SINGLE-SELECT,"['Yes', ' No']"," Yes, I'm currently utilizing a similar product for data analysis, and it has been quite helpful in streamlining my workflow.  The features are comparable, though not identical.",Gemini,verbose,long
Are you currently using a similar product?,SINGLE-SELECT,"['Yes', ' No']"," No, I am not currently using a similar product.  My current workflow does not require one, but I am aware of several on the market.  I might consider one in the future.",Gemini,explanatory,long
Are you familiar with DevOps practices?,SINGLE-SELECT,"['Yes', ' No']"," Yes, I am familiar with DevOps practices.  My knowledge encompasses various aspects, including CI/CD pipelines, infrastructure as code, and monitoring tools.  I can even discuss specific methodologies and their applications.",Gemini,verbose,long
Are you familiar with DevOps practices?,SINGLE-SELECT,"['Yes', ' No']"," Yes, I have been trained on and processed a large dataset of information regarding DevOps practices. This includes common tools, methodologies, and principles. My understanding is comprehensive.",Gemini,explanatory,long
What algorithms are you familiar with?,MULTI-SELECT,"['Sorting algorithms', ' Searching algorithms', ' Graph algorithms', ' Dynamic programming', ' Greedy algorithms', ' Divide and conquer']","I'm familiar with a wide range of algorithms, including sorting algorithms like merge sort and quicksort, and searching algorithms such as binary search and breadth-first search.  My knowledge also extends to graph algorithms.",Gemini,verbose,long
What algorithms are you familiar with?,MULTI-SELECT,"['Sorting algorithms', ' Searching algorithms', ' Graph algorithms', ' Dynamic programming', ' Greedy algorithms', ' Divide and conquer']","My algorithm knowledge encompasses several categories.  I'm proficient in sorting and searching algorithms, and I also understand the fundamentals of dynamic programming and greedy algorithms.  These are crucial for solving many computational problems.",Gemini,explanatory,long
What are some of the key challenges facing your business?,MULTI-SELECT,"['Competition', ' Economic conditions', ' Technology changes', ' Regulations', ' Finding and retaining talent']","Our biggest hurdle is definitely keeping up with technological advancements.  This necessitates constant retraining and investment, and simultaneously, we face stiff competition from more agile tech companies.  Economic downturns also exacerbate these challenges.",Gemini,verbose,long
What are some of the key challenges facing your business?,MULTI-SELECT,"['Competition', ' Economic conditions', ' Technology changes', ' Regulations', ' Finding and retaining talent']","The current regulatory landscape presents significant challenges to our operations, impacting our costs and strategic planning.  This is compounded by the need to adapt to rapid technological changes in our industry.  These factors all contribute to a difficult business climate.",Gemini,explanatory,long
What are the most important factors you consider when evaluating sales leads?,MULTI-SELECT,"['Company size', ' Industry', ' Budget', ' Need', ' Authority']","Need and budget are paramount.  A company might be large (Company size) and in a desirable industry (Industry), but without a clear need and the budget to address it, the lead isn't worthwhile. Authority is also important for closing deals.",Gemini,verbose,long
What are the most important factors you consider when evaluating sales leads?,MULTI-SELECT,"['Company size', ' Industry', ' Budget', ' Need', ' Authority']",The most crucial factors are the prospect's demonstrable need for my product or service and their financial capacity (Budget) to make a purchase.  Authority ensures we're talking to the right decision-maker.,Gemini,explanatory,long
What are the most important metrics you track to measure sales success?,MULTI-SELECT,"['Revenue', ' Conversion rate', ' Customer lifetime value (CLTV)', ' Customer acquisition cost (CAC)', ' Average deal size']","Revenue is the ultimate measure of sales success.  However, understanding the conversion rate helps optimize the sales funnel, and Customer Lifetime Value (CLTV) provides insight into long-term profitability.",Gemini,verbose,long
What are the most important metrics you track to measure sales success?,MULTI-SELECT,"['Revenue', ' Conversion rate', ' Customer lifetime value (CLTV)', ' Customer acquisition cost (CAC)', ' Average deal size']","To comprehensively assess sales success, one must consider revenue as the primary indicator of financial performance.  Supplementary metrics such as customer acquisition cost (CAC) and average deal size offer valuable insights into efficiency and profitability.",Gemini,explanatory,long
What are your biggest challenges in achieving your business goals?,MULTI-SELECT,"['Lack of leads', ' Low conversion rates', ' High customer acquisition costs', ' Competition', ' Lack of resources']","Our biggest hurdle is definitely the high customer acquisition costs.  It's difficult to justify the expense, especially when coupled with the lack of leads we're currently experiencing.  This makes it hard to reach our growth targets.",Gemini,verbose,long
What are your biggest challenges in achieving your business goals?,MULTI-SELECT,"['Lack of leads', ' Low conversion rates', ' High customer acquisition costs', ' Competition', ' Lack of resources']","The primary challenge is a combination of factors.  We're facing stiff competition, and despite our marketing efforts, we're seeing low conversion rates, preventing us from achieving our sales goals. This limits our available resources.",Gemini,explanatory,long
What are your biggest challenges in closing deals?,MULTI-SELECT,"['Objections from prospects', ' Price sensitivity', ' Long sales cycles', ' Competition', ' Lack of budget']","The biggest hurdles I face are usually objections from prospects, coupled with their price sensitivity.  Often, these factors prolong the sales cycle, making a successful close more difficult.  Competition also plays a significant role.",Gemini,verbose,long
What are your biggest challenges in closing deals?,MULTI-SELECT,"['Objections from prospects', ' Price sensitivity', ' Long sales cycles', ' Competition', ' Lack of budget']","Price sensitivity is a major obstacle,  because it often leads to long sales cycles as we work to find a mutually agreeable solution. This is further complicated by the presence of strong competition.",Gemini,explanatory,long
What are your biggest challenges in closing deals?,MULTI-SELECT,"['Objections from prospects', ' Price sensitivity', ' Long sales cycles', ' Competition', ' Lack of budget']","It's frustrating when prospects are constantly raising objections, especially when they're clearly just focused on the bottom line and aren't willing to consider the value proposition.",Gemini,annoyed,long
What are your biggest challenges in managing your sales pipeline?,MULTI-SELECT,"['Tracking deal progress', ' Forecasting sales accurately', ' Prioritizing deals effectively', ' Identifying and addressing bottlenecks', ' Maintaining pipeline visibility']","My biggest challenges revolve around accurately forecasting sales and effectively prioritizing deals.  Keeping track of everything in the pipeline is a constant juggling act, which makes long-term prediction difficult. This also impacts my ability to identify and address bottlenecks in a timely manner.",Gemini,verbose,long
What are your biggest challenges in managing your sales pipeline?,MULTI-SELECT,"['Tracking deal progress', ' Forecasting sales accurately', ' Prioritizing deals effectively', ' Identifying and addressing bottlenecks', ' Maintaining pipeline visibility']",The most significant difficulties I face involve accurately predicting future sales and efficiently managing my time across various deals.  This often leads to a lack of visibility into the overall pipeline health and can hinder my ability to proactively address potential problems.,Gemini,explanatory,long
What are your biggest challenges in managing your sales pipeline?,MULTI-SELECT,"['Tracking deal progress', ' Forecasting sales accurately', ' Prioritizing deals effectively', ' Identifying and addressing bottlenecks', ' Maintaining pipeline visibility']","It's a constant struggle to keep the pipeline moving smoothly.  Accurately forecasting is a major issue, and keeping track of every deal's progress is a drain on my time.  It impacts everything.",Gemini,annoyed,long
What are your biggest challenges in managing your sales team?,MULTI-SELECT,"['Maintaining team motivation', ' Ensuring consistent performance', ' Providing adequate training and development', ' Managing team conflicts', ' Tracking team progress']",My biggest challenges revolve around maintaining team motivation and ensuring consistent performance.  It's a constant juggling act to keep everyone engaged and hitting their targets.  Providing adequate training is also a significant factor in achieving this.,Gemini,verbose,long
What are your biggest challenges in managing your sales team?,MULTI-SELECT,"['Maintaining team motivation', ' Ensuring consistent performance', ' Providing adequate training and development', ' Managing team conflicts', ' Tracking team progress']",The primary challenge is ensuring consistent performance across the sales team. This often necessitates providing adequate training and development to address skill gaps and boost individual performance.  Effective conflict management is also crucial.,Gemini,explanatory,long
What are your biggest challenges in managing your sales team?,MULTI-SELECT,"['Maintaining team motivation', ' Ensuring consistent performance', ' Providing adequate training and development', ' Managing team conflicts', ' Tracking team progress']",It's a constant struggle to keep them all on track and performing consistently.  The training is never-ending and dealing with interpersonal conflicts wastes valuable time.,Gemini,annoyed,long
What are your biggest challenges in scaling your sales operations?,MULTI-SELECT,"['Hiring and training new sales reps', ' Managing increasing sales volume', ' Maintaining consistent sales performance', ' Scaling your sales technology', ' Managing sales team growth']","Our biggest hurdle in scaling sales is definitely hiring and training new representatives to meet our growth targets.  It's a time-consuming process to find the right people and ensure they're adequately prepared.  On top of that, we're struggling to manage the increasing sales volume.",Gemini,verbose,long
What are your biggest challenges in scaling your sales operations?,MULTI-SELECT,"['Hiring and training new sales reps', ' Managing increasing sales volume', ' Maintaining consistent sales performance', ' Scaling your sales technology', ' Managing sales team growth']",Maintaining consistent sales performance across a growing team presents a significant challenge.  This is further complicated by the need to scale our sales technology to support the expanding team and volume of transactions.  Effective training and onboarding mitigate this somewhat.,Gemini,explanatory,long
What are your biggest challenges in scaling your sales operations?,MULTI-SELECT,"['Hiring and training new sales reps', ' Managing increasing sales volume', ' Maintaining consistent sales performance', ' Scaling your sales technology', ' Managing sales team growth']","It's incredibly difficult to keep everything running smoothly as we grow.  The sales tech needs upgrading, and the sheer volume of sales is making things chaotic.  Training new people properly is also a constant struggle.",Gemini,annoyed,long
What are your biggest concerns about the future of work?,MULTI-SELECT,"['Automation', ' Artificial intelligence', ' Remote work', ' Gig economy', ' Skills gap']","My biggest concerns revolve around automation and the skills gap.  Automation threatens job displacement, and the skills gap means many workers lack the skills needed for the new jobs created. This combination creates significant societal instability.",Gemini,verbose,long
What are your biggest concerns about the future of work?,MULTI-SELECT,"['Automation', ' Artificial intelligence', ' Remote work', ' Gig economy', ' Skills gap']",The future of work is jeopardized by the increasing prevalence of the gig economy and the widening skills gap.  These factors contribute to job insecurity and a lack of adequate worker protections.  Addressing these issues is crucial for a stable workforce.,Gemini,explanatory,long
What are your biggest concerns about the future of your industry?,MULTI-SELECT,"['Economic downturn', ' Increased competition', ' Technological disruption', ' Regulatory changes', ' Talent shortages']","My biggest concerns are the looming economic downturn and the potential for increased competition.  These factors, combined, could severely impact profitability and market share.  Addressing these challenges proactively is crucial for survival.",Gemini,verbose,long
What are your biggest concerns about the future of your industry?,MULTI-SELECT,"['Economic downturn', ' Increased competition', ' Technological disruption', ' Regulatory changes', ' Talent shortages']","Regulatory changes are a significant concern, as they can dramatically alter the operating landscape and create unforeseen costs.  This uncertainty, coupled with technological disruption, makes long-term planning very difficult.",Gemini,explanatory,long
What are your biggest concerns regarding data privacy and security?,MULTI-SELECT,"['Data breaches', ' Data loss', ' Compliance with data privacy regulations', ' Protecting customer data', ' Ensuring data integrity']","My biggest concerns revolve around data breaches and protecting customer data.  A breach can lead to significant financial and reputational damage, while failing to protect customer data is ethically unacceptable.  Compliance with regulations is also crucial to avoid legal repercussions.",Gemini,verbose,long
What are your biggest concerns regarding data privacy and security?,MULTI-SELECT,"['Data breaches', ' Data loss', ' Compliance with data privacy regulations', ' Protecting customer data', ' Ensuring data integrity']","Protecting customer data is paramount, as a breach could severely harm their trust and expose them to risk.  This necessitates strict adherence to data privacy regulations and robust security measures to prevent data loss. Data integrity is equally important.",Gemini,explanatory,long
What are your biggest concerns regarding data privacy and security?,MULTI-SELECT,"['Data breaches', ' Data loss', ' Compliance with data privacy regulations', ' Protecting customer data', ' Ensuring data integrity']",It's the combination of data breaches and the sheer hassle of complying with all the different data privacy regulations that keeps me up at night.  It's never ending.,Gemini,annoyed,long
What are your biggest concerns regarding future regulatory changes?,MULTI-SELECT,"['Environmental regulations', ' Safety regulations', ' Labor regulations', ' Tax regulations', ' Trade regulations']","My biggest concern is the potential impact of stricter environmental regulations on small businesses.  The cost of compliance could be prohibitive, leading to closures and job losses.  This ripple effect could negatively impact the overall economy.",Gemini,verbose,long
What are your biggest concerns regarding future regulatory changes?,MULTI-SELECT,"['Environmental regulations', ' Safety regulations', ' Labor regulations', ' Tax regulations', ' Trade regulations']","Labor regulations are a significant concern, as they impact employment opportunities and wages.  Changes to these regulations could lead to either increased costs for businesses or decreased compensation for workers, depending on the nature of the changes.  This creates uncertainty and potentially instability in the labor market.",Gemini,explanatory,long
What are your biggest operational challenges?,MULTI-SELECT,"['Maintaining equipment', ' Managing costs', ' Finding skilled labor', ' Meeting environmental regulations', ' Supply chain disruptions']","Our biggest operational challenges are multifaceted.  Maintaining aging equipment is a constant struggle, and finding skilled labor to keep up with demand is incredibly difficult.  These issues directly impact our ability to manage costs effectively.",Gemini,verbose,long
What are your biggest operational challenges?,MULTI-SELECT,"['Maintaining equipment', ' Managing costs', ' Finding skilled labor', ' Meeting environmental regulations', ' Supply chain disruptions']",The primary operational challenges we face are managing costs amidst persistent supply chain disruptions.  These disruptions directly impact our ability to maintain equipment and meet production deadlines.  Finding qualified personnel adds to the complexity.,Gemini,explanatory,long
What are your biggest operational challenges?,MULTI-SELECT,"['Maintaining equipment', ' Managing costs', ' Finding skilled labor', ' Meeting environmental regulations', ' Supply chain disruptions']","It's a constant battle.  Between the rising costs, unreliable suppliers, and the never-ending paperwork for environmental regulations, it's a headache.",Gemini,annoyed,long
What are your career goals as a software developer?,MULTI-SELECT,"['Technical leadership', ' Specialized expertise', ' Entrepreneurship', ' Continuous learning and growth']","My primary career goal is to become a technical leader, guiding and mentoring teams to build innovative and impactful software.  I also aspire to continuously learn and grow, staying abreast of the latest technologies and best practices.  This will allow me to contribute effectively to the long-term success of my team and company.",Gemini,verbose,long
What are your career goals as a software developer?,MULTI-SELECT,"['Technical leadership', ' Specialized expertise', ' Entrepreneurship', ' Continuous learning and growth']","I aim for specialized expertise in a niche area of software development, allowing me to become a highly sought-after expert.  This deep knowledge will provide strong career stability and opportunities.  Continuous learning will be key to staying at the forefront of my field.",Gemini,explanatory,long
What are your company's biggest achievements?,MULTI-SELECT,"['Winning a major award', ' Launching a successful new product', ' Expanding into new markets', ' Achieving significant revenue growth', ' Building a strong brand reputation']","Our biggest achievement has been the launch of our successful new product, which has driven significant revenue growth and solidified our brand reputation.  This success has also allowed us to expand into new markets.",Gemini,verbose,long
What are your company's biggest achievements?,MULTI-SELECT,"['Winning a major award', ' Launching a successful new product', ' Expanding into new markets', ' Achieving significant revenue growth', ' Building a strong brand reputation']","We've experienced considerable success across several key areas.  The launch of a new product line has resulted in significant revenue growth, and this has strengthened our brand.  Further expansion into new markets is also a key accomplishment.",Gemini,explanatory,long
What are your company's biggest achievements?,MULTI-SELECT,"['Winning a major award', ' Launching a successful new product', ' Expanding into new markets', ' Achieving significant revenue growth', ' Building a strong brand reputation']","Well, we've certainly seen some revenue growth, thanks to that new product. But it's not just one thing; a strong brand reputation is also vital for long-term success.",Gemini,annoyed,long
What are your company's core values?,MULTI-SELECT,"['Innovation', ' Customer satisfaction', ' Integrity', ' Teamwork', ' Sustainability']","Our company deeply values innovation and customer satisfaction above all else.  We believe that by constantly innovating and prioritizing our customers' needs, we can achieve sustainable growth and maintain our integrity. Teamwork is also essential to our success.",Gemini,verbose,long
What are your company's core values?,MULTI-SELECT,"['Innovation', ' Customer satisfaction', ' Integrity', ' Teamwork', ' Sustainability']","Our core values are built on a foundation of integrity and teamwork.  These principles guide our pursuit of innovation and customer satisfaction, allowing us to contribute to sustainability in our industry.  We strive to incorporate these values into every aspect of our operations.",Gemini,explanatory,long
What are your company's goals for improving diversity and inclusion?,MULTI-SELECT,"['Increasing representation of underrepresented groups', ' Creating a more inclusive work environment', ' Developing diversity and inclusion training programs', ' Implementing diversity and inclusion metrics', ' Partnering with diversity and inclusion organizations']","Our primary goal is to increase the representation of underrepresented groups at all levels of the company.  This will be achieved through targeted recruitment and mentorship programs, alongside creating a more inclusive work environment.  We also plan to implement diversity and inclusion metrics to track our progress.",Gemini,verbose,long
What are your company's goals for improving diversity and inclusion?,MULTI-SELECT,"['Increasing representation of underrepresented groups', ' Creating a more inclusive work environment', ' Developing diversity and inclusion training programs', ' Implementing diversity and inclusion metrics', ' Partnering with diversity and inclusion organizations']",We aim to foster a truly inclusive workplace by increasing the representation of underrepresented groups through strategic recruitment and internal development.  This will be supported by comprehensive diversity and inclusion training and the establishment of measurable goals.  Our commitment involves partnering with relevant organizations to best achieve these goals.,Gemini,explanatory,long
What are your company's goals for improving diversity and inclusion?,MULTI-SELECT,"['Increasing representation of underrepresented groups', ' Creating a more inclusive work environment', ' Developing diversity and inclusion training programs', ' Implementing diversity and inclusion metrics', ' Partnering with diversity and inclusion organizations']","We're focusing on increasing representation and developing training programs – it's not just about numbers, it's about creating a genuinely inclusive environment.  We'll be tracking our progress, of course.",Gemini,annoyed,long
What are your company's key competitive advantages?,MULTI-SELECT,"['Unique product features', ' Strong brand reputation', ' Excellent customer service', ' Competitive pricing', ' Strategic partnerships']","Our key competitive advantages stem from a combination of factors.  We offer unique product features that stand out from the competition, coupled with excellent customer service that fosters strong brand loyalty.  This, in turn, allows us to command competitive pricing while still maintaining healthy profit margins.",Gemini,verbose,long
What are your company's key competitive advantages?,MULTI-SELECT,"['Unique product features', ' Strong brand reputation', ' Excellent customer service', ' Competitive pricing', ' Strategic partnerships']","Our competitive edge lies in a strategic combination of superior product design (unique product features) and a dedication to building lasting relationships with our customers (excellent customer service). This, combined with strategic partnerships, allows us to efficiently reach our target market.",Gemini,explanatory,long
What are your company's key differentiators in the market?,MULTI-SELECT,"['Superior product quality', ' Lower prices', ' Excellent customer service', ' Strong brand reputation', ' Innovative technology']","Our company stands out due to its unwavering commitment to superior product quality and excellent customer service.  These two pillars, combined with a strong brand reputation, ensure customer loyalty and continued success. We believe this holistic approach sets us apart.",Gemini,verbose,long
What are your company's key differentiators in the market?,MULTI-SELECT,"['Superior product quality', ' Lower prices', ' Excellent customer service', ' Strong brand reputation', ' Innovative technology']","Our key differentiators are a combination of innovative technology and superior product quality. This allows us to offer a product that is both cutting-edge and reliable, leading to strong customer satisfaction and a positive brand image.",Gemini,explanatory,long
What are your company's key performance indicators (KPIs)?,MULTI-SELECT,"['Revenue', ' Profit margin', ' Customer acquisition cost', ' Customer lifetime value', ' Customer satisfaction']","Our company's key performance indicators are multifaceted, focusing on both financial health and customer relationships.  We prioritize revenue and profit margin as indicators of our success, but also track customer acquisition cost and customer lifetime value to ensure sustainable growth.  Customer satisfaction is crucial for long-term success.",Gemini,verbose,long
What are your company's key performance indicators (KPIs)?,MULTI-SELECT,"['Revenue', ' Profit margin', ' Customer acquisition cost', ' Customer lifetime value', ' Customer satisfaction']","We keep a close eye on how much dough we're bringing in (Revenue), how much we're actually pocketing after expenses (Profit margin), and whether peeps are happy with our stuff (Customer satisfaction).",Gemini,colloquial,long
What are your company's key performance indicators (KPIs)?,MULTI-SELECT,"['Revenue', ' Profit margin', ' Customer acquisition cost', ' Customer lifetime value', ' Customer satisfaction']","To assess our overall performance, we use a combination of financial and customer-centric KPIs.  Revenue and profit margin directly reflect our financial success, while customer acquisition cost and customer lifetime value help us understand the efficiency and profitability of acquiring and retaining customers.",Gemini,explanatory,long
What are your company's key strategies for retaining customers?,MULTI-SELECT,"['Excellent customer service', ' Loyalty programs', ' Regular customer communication', ' Proactive problem solving', ' Building strong relationships']","We prioritize excellent customer service and building strong relationships to foster loyalty.  Regular communication keeps customers engaged, and proactive problem-solving minimizes frustrations. This multifaceted approach ensures customer retention.",Gemini,verbose,long
What are your company's key strategies for retaining customers?,MULTI-SELECT,"['Excellent customer service', ' Loyalty programs', ' Regular customer communication', ' Proactive problem solving', ' Building strong relationships']","Our customer retention strategy is based on a foundation of excellent customer service, complemented by loyalty programs to incentivize repeat business.  We proactively address issues and maintain open communication to strengthen customer relationships.",Gemini,explanatory,long
What are your company's key strategies for retaining customers?,MULTI-SELECT,"['Excellent customer service', ' Loyalty programs', ' Regular customer communication', ' Proactive problem solving', ' Building strong relationships']","It's a combination of things, really.  Good service is a must, but we also do loyalty programs and try to stay in contact.  Problem-solving is crucial too.",Gemini,annoyed,long
What are your company's plans for addressing the skills gap?,MULTI-SELECT,"['Investing in employee training', ' Partnering with educational institutions', ' Developing apprenticeship programs', ' Recruiting from diverse talent pools', ' Utilizing technology to improve efficiency']",We are committed to bridging the skills gap through a multi-pronged approach. This includes significant investment in employee training programs to upskill our existing workforce and partnering with local educational institutions to cultivate a pipeline of skilled graduates.  We also believe in recruiting from diverse talent pools to bring in fresh perspectives and new skills.,Gemini,verbose,long
What are your company's plans for addressing the skills gap?,MULTI-SELECT,"['Investing in employee training', ' Partnering with educational institutions', ' Developing apprenticeship programs', ' Recruiting from diverse talent pools', ' Utilizing technology to improve efficiency']","To address the skills gap, we are focusing on several key strategies.  Firstly, we're developing robust apprenticeship programs to provide hands-on experience and training. Secondly, we are leveraging technology to improve efficiency and free up time for more training initiatives.",Gemini,explanatory,long
What are your company's plans for addressing the skills gap?,MULTI-SELECT,"['Investing in employee training', ' Partnering with educational institutions', ' Developing apprenticeship programs', ' Recruiting from diverse talent pools', ' Utilizing technology to improve efficiency']","We're doing what we can.  It involves training our people,  but also finding new recruits from a wider range of backgrounds. We also want to improve our internal processes using technology.",Gemini,annoyed,long
What are your company's plans for future growth?,MULTI-SELECT,"['Expanding into new markets', ' Developing new products or services', ' Acquiring other companies', ' Improving operational efficiency', ' Investing in research and development']","We're focusing on expanding into new markets, particularly in Asia, while simultaneously investing heavily in research and development to create innovative new products.  This dual approach will drive significant growth over the next five years.",Gemini,verbose,long
What are your company's plans for future growth?,MULTI-SELECT,"['Expanding into new markets', ' Developing new products or services', ' Acquiring other companies', ' Improving operational efficiency', ' Investing in research and development']","Our primary growth strategy involves a multifaceted approach. We plan to expand into new markets to increase our customer base, and we are also developing new products and services to meet evolving customer needs.  Improving operational efficiency will be crucial to support this growth.",Gemini,explanatory,long
What are your company's primary marketing objectives?,MULTI-SELECT,"['Increase brand awareness', ' Generate leads', ' Drive sales', ' Improve customer engagement', ' Build customer loyalty']","Our primary marketing objectives are to increase brand awareness and generate leads.  By building a strong brand presence and attracting potential customers, we aim to ultimately drive sales.  This two-pronged approach will help us achieve sustainable growth.",Gemini,verbose,long
What are your company's primary marketing objectives?,MULTI-SELECT,"['Increase brand awareness', ' Generate leads', ' Drive sales', ' Improve customer engagement', ' Build customer loyalty']","Our main goals are to improve customer engagement and build customer loyalty.  This will lead to repeat business and positive word-of-mouth marketing, which will in turn increase sales and brand awareness.  It's a holistic approach.",Gemini,explanatory,long
What are your company's primary methods for generating leads?,MULTI-SELECT,"['Inbound marketing', ' Outbound marketing', ' Content marketing', ' Social media marketing', ' Paid advertising']","We primarily rely on inbound marketing strategies, such as creating high-quality content to attract and engage potential customers.  We also supplement this with targeted social media marketing to reach a wider audience.  Paid advertising campaigns play a smaller, supporting role.",Gemini,verbose,long
What are your company's primary methods for generating leads?,MULTI-SELECT,"['Inbound marketing', ' Outbound marketing', ' Content marketing', ' Social media marketing', ' Paid advertising']","Our lead generation strategy is multifaceted.  We leverage inbound marketing techniques, focusing on valuable content creation, to attract organic traffic.   We also utilize paid advertising to accelerate lead generation when needed.",Gemini,explanatory,long
What are your company's primary methods for generating leads?,MULTI-SELECT,"['Inbound marketing', ' Outbound marketing', ' Content marketing', ' Social media marketing', ' Paid advertising']","It depends on the campaign, but we usually use a mix of inbound and outbound marketing, with content and social media also involved.  Sometimes paid ads are necessary.",Gemini,annoyed,long
What are your company's primary revenue streams?,MULTI-SELECT,"['Product sales', ' Service revenue', ' Subscription fees', ' Licensing fees', ' Advertising revenue']","Our company generates revenue primarily through product sales and subscription fees.  These two streams represent the bulk of our income, with a smaller contribution from service revenue.  We are currently exploring other avenues for revenue diversification.",Gemini,verbose,long
What are your company's primary revenue streams?,MULTI-SELECT,"['Product sales', ' Service sales', ' Subscription fees', ' Licensing fees', ' Advertising revenue']","Our company generates revenue primarily through product sales, with a smaller but significant contribution from service sales. We are also exploring subscription fees as a future growth area.",Gemini,verbose,long
What are your company's primary revenue streams?,MULTI-SELECT,"['Product sales', ' Service revenue', ' Subscription fees', ' Licensing fees', ' Advertising revenue']",Our main revenue streams are derived from the sale of our products and the licensing of our intellectual property.  We also have a smaller but growing revenue stream from service contracts related to our products. This diverse model provides stability.,Gemini,explanatory,long
What are your company's primary revenue streams?,MULTI-SELECT,"['Product sales', ' Service sales', ' Subscription fees', ' Licensing fees', ' Advertising revenue']","Our main revenue stream is derived from the sale of our products.  Supplementary income comes from providing related services to our customers.  Licensing fees are a smaller, emerging source of revenue.",Gemini,explanatory,long
What are your company's primary sales methodologies?,MULTI-SELECT,"['Solution selling', ' Consultative selling', ' Value selling', ' Relationship selling', ' Transactional selling']","We primarily utilize a consultative selling approach, focusing on understanding our clients' needs before proposing solutions.  This often incorporates elements of value selling to highlight the long-term benefits of our offerings.  Relationship selling is also crucial for building trust and fostering long-term partnerships.",Gemini,verbose,long
What are your company's primary sales methodologies?,MULTI-SELECT,"['Solution selling', ' Consultative selling', ' Value selling', ' Relationship selling', ' Transactional selling']",Our sales strategy centers on understanding the customer's unique challenges and tailoring solutions to address them (consultative selling).  We emphasize the return on investment and long-term value our products deliver (value selling). This approach fosters strong client relationships.,Gemini,explanatory,long
What are your company's primary sales methodologies?,MULTI-SELECT,"['Solution selling', ' Consultative selling', ' Value selling', ' Relationship selling', ' Transactional selling']","We use a mix of approaches, depending on the client and situation.  It's not as simple as picking one.  Sometimes it's solution selling, sometimes consultative, and sometimes...well, you get the idea.",Gemini,annoyed,long
What are your company's primary sales strategies?,MULTI-SELECT,"['Inbound sales', ' Outbound sales', ' Account-based marketing (ABM)', ' Channel sales', ' Strategic partnerships']","We primarily focus on inbound sales through content marketing and SEO,  supplemented by strategic partnerships to reach a wider audience.  We also utilize account-based marketing for key enterprise accounts.",Gemini,verbose,long
What are your company's primary sales strategies?,MULTI-SELECT,"['Inbound sales', ' Outbound sales', ' Account-based marketing (ABM)', ' Channel sales', ' Strategic partnerships']","We mostly rely on people finding us (inbound), but we also work with some big names (strategic partnerships) and really target some key accounts (ABM).",Gemini,colloquial,long
What are your company's primary sales strategies?,MULTI-SELECT,"['Inbound sales', ' Outbound sales', ' Account-based marketing (ABM)', ' Channel sales', ' Strategic partnerships']","Our sales approach is multifaceted.  We leverage inbound strategies to attract qualified leads, while simultaneously pursuing outbound sales efforts to key prospects and nurturing relationships through strategic partnerships. Account-based marketing helps focus our resources.",Gemini,explanatory,long
What are your company's strategies for attracting and retaining top talent?,MULTI-SELECT,"['Competitive compensation and benefits', ' Opportunities for professional development', ' Positive work environment', ' Flexible work arrangements', ' Strong company culture']","We attract and retain top talent by offering a competitive compensation and benefits package, coupled with ample opportunities for professional development.  A positive work environment and flexible work arrangements further enhance employee satisfaction and loyalty.",Gemini,verbose,long
What are your company's strategies for attracting and retaining top talent?,MULTI-SELECT,"['Competitive compensation and benefits', ' Opportunities for professional development', ' Positive work environment', ' Flexible work arrangements', ' Strong company culture']","We keep awesome people around by paying them well, giving them chances to learn new stuff, and making sure the vibe is good.  Plus, we're pretty flexible with how and where they work.",Gemini,colloquial,long
What are your company's strategies for attracting and retaining top talent?,MULTI-SELECT,"['Competitive compensation and benefits', ' Opportunities for professional development', ' Positive work environment', ' Flexible work arrangements', ' Strong company culture']","Our strategy centers on providing a comprehensive package that includes competitive compensation and benefits, along with a strong emphasis on professional development.  This, combined with a positive work environment, fosters a culture of growth and retention.",Gemini,explanatory,long
What are your company's strategies for attracting and retaining top talent?,MULTI-SELECT,"['Competitive compensation and benefits', ' Opportunities for professional development', ' Positive work environment', ' Flexible work arrangements', ' Strong company culture']","It's a combination of things, really.  We offer competitive pay and benefits, naturally, but also prioritize opportunities for advancement and maintain a positive work environment.",Gemini,annoyed,long
What are your company's strategies for building brand loyalty?,MULTI-SELECT,"['Providing excellent customer service', ' Developing a strong brand identity', ' Creating engaging content', ' Building a strong online presence', ' Running loyalty programs']","We focus on delivering exceptional customer service, creating a memorable brand experience, and building a strong online presence through engaging content.  These combined strategies nurture lasting relationships with our customers.  Loyalty programs are also vital to this.",Gemini,verbose,long
What are your company's strategies for building brand loyalty?,MULTI-SELECT,"['Providing excellent customer service', ' Developing a strong brand identity', ' Creating engaging content', ' Building a strong online presence', ' Running loyalty programs']",Our brand loyalty strategy is multifaceted. We invest heavily in providing excellent customer service and creating engaging content to build relationships with our customers.  A strong online presence reinforces our brand identity and complements these efforts.,Gemini,explanatory,long
What are your company's strategies for building brand loyalty?,MULTI-SELECT,"['Providing excellent customer service', ' Developing a strong brand identity', ' Creating engaging content', ' Building a strong online presence', ' Running loyalty programs']","It's a combination of things, really.  We prioritize customer service,  have a solid online presence, and run loyalty programs. It's not just one thing!",Gemini,annoyed,long
What are your company's strategies for complying with data privacy regulations?,MULTI-SELECT,"['Implementing strong data privacy policies', ' Investing in data privacy technology', ' Providing data privacy training to employees', ' Conducting regular data privacy audits', ' Developing incident response plans']","Our company prioritizes data privacy by implementing robust policies, providing comprehensive employee training, and regularly auditing our systems to ensure compliance.  We also invest in cutting-edge technology to safeguard sensitive information.  These measures help us proactively address potential vulnerabilities.",Gemini,verbose,long
What are your company's strategies for complying with data privacy regulations?,MULTI-SELECT,"['Implementing strong data privacy policies', ' Investing in data privacy technology', ' Providing data privacy training to employees', ' Conducting regular data privacy audits', ' Developing incident response plans']","We're all over data privacy, dude!  We got policies, training for everyone, and we're always checking our stuff to make sure it's safe.  Plus, we use the best tech we can find.",Gemini,colloquial,long
What are your company's strategies for complying with data privacy regulations?,MULTI-SELECT,"['Implementing strong data privacy policies', ' Investing in data privacy technology', ' Providing data privacy training to employees', ' Conducting regular data privacy audits', ' Developing incident response plans']","To maintain compliance, we have established comprehensive data privacy policies and procedures.  We supplement these with regular employee training programs and utilize advanced data privacy technologies.  Furthermore, we conduct periodic audits to identify and rectify any weaknesses in our systems.",Gemini,explanatory,long
What are your company's strategies for complying with data privacy regulations?,MULTI-SELECT,"['Implementing strong data privacy policies', ' Investing in data privacy technology', ' Providing data privacy training to employees', ' Conducting regular data privacy audits', ' Developing incident response plans']","We take data privacy seriously.  It's not just policies; we invest in technology, train our staff, and conduct thorough audits. We also have a plan in place to deal with any incidents.",Gemini,annoyed,long
What are your company's strategies for complying with relevant regulations?,MULTI-SELECT,"['Staying informed about relevant regulations', ' Developing compliance programs', ' Training employees on compliance procedures', ' Conducting regular compliance audits', ' Reporting compliance issues']",We maintain a robust compliance program encompassing several key strategies.  This includes staying informed about new regulations and training our employees on the proper procedures.  Regular audits help us ensure consistent adherence to these regulations.,Gemini,verbose,long
What are your company's strategies for complying with relevant regulations?,MULTI-SELECT,"['Staying informed about relevant regulations', ' Developing compliance programs', ' Training employees on compliance procedures', ' Conducting regular compliance audits', ' Reporting compliance issues']","We keep tabs on the rules, got training programs for everyone, check in on things regularly to make sure we're doing okay, and report any problems right away.  No sweat!",Gemini,colloquial,long
What are your company's strategies for complying with relevant regulations?,MULTI-SELECT,"['Staying informed about relevant regulations', ' Developing compliance programs', ' Training employees on compliance procedures', ' Conducting regular compliance audits', ' Reporting compliance issues']","Our company prioritizes regulatory compliance through a multi-faceted approach.  We actively monitor changes in regulations, implement comprehensive training, and conduct thorough audits to identify and address any potential non-compliance. This ensures we meet our obligations.",Gemini,explanatory,long
What are your company's strategies for complying with relevant regulations?,MULTI-SELECT,"['Staying informed about relevant regulations', ' Developing compliance programs', ' Training employees on compliance procedures', ' Conducting regular compliance audits', ' Reporting compliance issues']","We have a whole compliance department for this.  They keep track of everything, train people, and do audits. We report problems as needed. It’s all very formal and structured.",Gemini,annoyed,long
What are your company's strategies for ensuring business continuity?,MULTI-SELECT,"['Developing business continuity plans', ' Testing business continuity plans', ' Training employees on business continuity procedures', ' Maintaining adequate resources', ' Monitoring potential disruptions']","We prioritize comprehensive business continuity planning, including regular testing and employee training.  Maintaining sufficient resources and proactively monitoring potential disruptions are also key components of our strategy.  This multi-faceted approach ensures our resilience against unforeseen events.",Gemini,verbose,long
What are your company's strategies for ensuring business continuity?,MULTI-SELECT,"['Developing business continuity plans', ' Testing business continuity plans', ' Training employees on business continuity procedures', ' Maintaining adequate resources', ' Monitoring potential disruptions']","Our strategy is built upon a foundation of detailed business continuity plans which undergo rigorous testing.  Employee training ensures preparedness, while resource management and disruption monitoring allow for proactive mitigation of risks.  This ensures a smooth continuation of operations.",Gemini,explanatory,long
What are your company's strategies for ensuring business continuity?,MULTI-SELECT,"['Developing business continuity plans', ' Testing business continuity plans', ' Training employees on business continuity procedures', ' Maintaining adequate resources', ' Monitoring potential disruptions']","It's all about having a plan, testing it, making sure everyone knows what to do, having the right stuff available, and watching for problems before they happen.  Is that clear enough?",Gemini,annoyed,long
What are your company's strategies for fostering a culture of safety?,MULTI-SELECT,"['Providing safety training to employees', ' Implementing safety procedures', ' Conducting safety audits', ' Investigating accidents and incidents', ' Promoting a culture of safety awareness']","Our company prioritizes safety through comprehensive training programs,  rigorous safety audits to identify potential hazards, and thorough investigations of any incidents to prevent recurrence.  This proactive approach fosters a strong safety culture.",Gemini,verbose,long
What are your company's strategies for fostering a culture of safety?,MULTI-SELECT,"['Providing safety training to employees', ' Implementing safety procedures', ' Conducting safety audits', ' Investigating accidents and incidents', ' Promoting a culture of safety awareness']",A culture of safety is built upon several pillars:  regular employee safety training ensures everyone is informed;  consistent safety audits proactively identify and mitigate risks; and thorough accident investigations are critical for continuous improvement.,Gemini,explanatory,long
What are your company's strategies for fostering a culture of safety?,MULTI-SELECT,"['Providing safety training to employees', ' Implementing safety procedures', ' Conducting safety audits', ' Investigating accidents and incidents', ' Promoting a culture of safety awareness']","It's a combination of things, not just one thing. We train people, audit regularly, investigate incidents, and try to promote awareness - it's not rocket science.",Gemini,annoyed,long
What are your company's strategies for improving customer experience?,MULTI-SELECT,"['Providing excellent customer service', ' Developing user-friendly products and services', ' Collecting customer feedback', ' Personalizing the customer experience', ' Building a strong brand reputation']","We focus on providing excellent customer service through well-trained staff and readily available support channels.  Simultaneously, we strive to develop user-friendly products and services that minimize customer frustration.  Collecting customer feedback is crucial for identifying areas for improvement in both service and product design.",Gemini,verbose,long
What are your company's strategies for improving customer experience?,MULTI-SELECT,"['Providing excellent customer service', ' Developing user-friendly products and services', ' Collecting customer feedback', ' Personalizing the customer experience', ' Building a strong brand reputation']",Our strategy for enhancing customer experience is multifaceted.  We prioritize providing excellent customer service and personalize the customer experience to meet individual needs.  This personalization is complemented by actively collecting and acting upon customer feedback.,Gemini,explanatory,long
What are your company's strategies for improving employee engagement?,MULTI-SELECT,"['Providing opportunities for professional development', ' Creating a positive work environment', ' Offering competitive compensation and benefits', ' Encouraging teamwork and collaboration', ' Recognizing and rewarding employees']","We prioritize a holistic approach to employee engagement.  This includes offering competitive compensation and benefits, while simultaneously fostering a positive and collaborative work environment where employees feel valued.  Professional development opportunities are also key to keeping our workforce motivated and engaged.",Gemini,verbose,long
What are your company's strategies for improving employee engagement?,MULTI-SELECT,"['Providing opportunities for professional development', ' Creating a positive work environment', ' Offering competitive compensation and benefits', ' Encouraging teamwork and collaboration', ' Recognizing and rewarding employees']","To improve employee engagement, our company focuses on three main areas:  providing opportunities for growth through professional development, ensuring fair compensation and benefits, and cultivating a supportive and collaborative team atmosphere. These factors contribute to a positive work experience.",Gemini,explanatory,long
What are your company's strategies for improving employee engagement?,MULTI-SELECT,"['Providing opportunities for professional development', ' Creating a positive work environment', ' Offering competitive compensation and benefits', ' Encouraging teamwork and collaboration', ' Recognizing and rewarding employees']","It's a combination of things.  Good pay is important, of course, but so is a supportive atmosphere and chances for advancement. We also make sure to show appreciation for employee contributions.",Gemini,annoyed,long
What are your company's strategies for improving employee retention?,MULTI-SELECT,"['Providing opportunities for professional development', ' Creating a positive work environment', ' Offering competitive compensation and benefits', ' Encouraging teamwork and collaboration', ' Recognizing and rewarding employees']","We focus on a holistic approach to retention.  This includes competitive salaries and benefits, but also emphasizes fostering a positive and collaborative work environment where employees feel valued and can grow professionally.  Opportunities for advancement are key.",Gemini,verbose,long
What are your company's strategies for improving employee retention?,MULTI-SELECT,"['Providing opportunities for professional development', ' Creating a positive work environment', ' Offering competitive compensation and benefits', ' Encouraging teamwork and collaboration', ' Recognizing and rewarding employees']","We keep people around by paying them well, giving them chances to learn new stuff, and making sure it's a fun place to work.  Teamwork is a big thing too.",Gemini,colloquial,long
What are your company's strategies for improving employee retention?,MULTI-SELECT,"['Providing opportunities for professional development', ' Creating a positive work environment', ' Offering competitive compensation and benefits', ' Encouraging teamwork and collaboration', ' Recognizing and rewarding employees']","Our strategy prioritizes employee well-being and professional development. We offer competitive compensation and benefits packages to attract and retain talent, while also providing opportunities for skill enhancement and career progression.  A positive and collaborative workplace culture further enhances employee satisfaction and reduces turnover.",Gemini,explanatory,long
What are your company's strategies for improving employee retention?,MULTI-SELECT,"['Providing opportunities for professional development', ' Creating a positive work environment', ' Offering competitive compensation and benefits', ' Encouraging teamwork and collaboration', ' Recognizing and rewarding employees']","It's a combination of things.  Good pay and benefits are essential, but we also try to recognize employee contributions and provide opportunities for advancement.  A positive atmosphere helps too.",Gemini,annoyed,long
What are your company's strategies for improving operational efficiency?,MULTI-SELECT,"['Automating tasks', ' Streamlining processes', ' Improving communication', ' Investing in technology', ' Training employees']","We're focusing on a multi-pronged approach.  Automating repetitive tasks frees up employee time, while simultaneously streamlining our processes to eliminate bottlenecks.  Improved communication ensures everyone is on the same page, leading to greater efficiency.",Gemini,verbose,long
What are your company's strategies for improving operational efficiency?,MULTI-SELECT,"['Automating tasks', ' Streamlining processes', ' Improving communication', ' Investing in technology', ' Training employees']","To enhance operational efficiency, our company is prioritizing the implementation of new technologies to automate tasks and streamline workflows.  This, coupled with comprehensive employee training, aims to optimize our processes and boost overall productivity.",Gemini,explanatory,long
What are your company's strategies for improving profitability?,MULTI-SELECT,"['Increasing revenue', ' Reducing costs', ' Improving efficiency', ' Investing in technology', ' Improving pricing strategies']","Our primary strategy focuses on increasing revenue through targeted marketing campaigns and expanding into new markets.  Simultaneously, we are streamlining operations to reduce costs and improve overall efficiency.  This two-pronged approach should significantly boost profitability.",Gemini,verbose,long
What are your company's strategies for improving profitability?,MULTI-SELECT,"['Increasing revenue', ' Reducing costs', ' Improving efficiency', ' Investing in technology', ' Improving pricing strategies']","To enhance profitability, we are implementing a multi-faceted approach. This includes improving pricing strategies to optimize revenue, investing in technology to increase efficiency, and reducing unnecessary costs across various departments.  These strategies are expected to yield significant improvements.",Gemini,explanatory,long
What are your company's strategies for increasing revenue?,MULTI-SELECT,"['Expanding into new markets', ' Developing new products or services', ' Increasing sales to existing customers', ' Improving marketing and sales effectiveness', ' Raising prices']",We're pursuing a multi-pronged approach to revenue growth.  This includes expanding into new markets to tap into untapped customer bases and simultaneously developing new products to cater to evolving consumer demands. We also plan to improve our marketing.,Gemini,verbose,long
What are your company's strategies for increasing revenue?,MULTI-SELECT,"['Expanding into new markets', ' Developing new products or services', ' Increasing sales to existing customers', ' Improving marketing and sales effectiveness', ' Raising prices']","Our revenue increase strategy focuses on two key areas:  Firstly, we are exploring new markets to broaden our customer base. Secondly, we are investing heavily in improving the effectiveness of our marketing and sales efforts to maximize returns from existing customer relationships.",Gemini,explanatory,long
What are your company's strategies for increasing revenue?,MULTI-SELECT,"['Expanding into new markets', ' Developing new products or services', ' Increasing sales to existing customers', ' Improving marketing and sales effectiveness', ' Raising prices']","It's a combination of things, really. We need to find new customers, sell more to the ones we have, and maybe even look at raising prices.  It's not just one thing.",Gemini,annoyed,long
What are your company's strategies for intellectual property protection?,MULTI-SELECT,"['Patents', ' Trademarks', ' Copyrights', ' Trade secrets', ' Non-disclosure agreements']","We utilize a multi-pronged approach to safeguard our intellectual property, encompassing patents for our inventions, trademarks to protect our brand, and copyrights for our creative works.  We also maintain stringent trade secret protocols.",Gemini,verbose,long
What are your company's strategies for intellectual property protection?,MULTI-SELECT,"['Patents', ' Trademarks', ' Copyrights', ' Trade secrets', ' Non-disclosure agreements']","Our intellectual property protection strategy is comprehensive.  We file patents for novel technologies, register trademarks for brand identification, and use copyrights to protect our original works.  Non-disclosure agreements further support our efforts.",Gemini,explanatory,long
What are your company's strategies for managing change?,MULTI-SELECT,"['Communicating effectively with employees', ' Involving employees in the change process', ' Providing training and support', ' Celebrating successes', ' Addressing concerns and feedback']","Our company prioritizes open communication throughout the change process, ensuring employees are informed and involved at every stage.  We also provide comprehensive training and support to help them adapt successfully. This includes celebrating milestones to boost morale and address any concerns that arise.",Gemini,verbose,long
What are your company's strategies for managing change?,MULTI-SELECT,"['Communicating effectively with employees', ' Involving employees in the change process', ' Providing training and support', ' Celebrating successes', ' Addressing concerns and feedback']","Successfully managing change requires a multifaceted approach.  We focus on transparent communication to minimize uncertainty, active employee participation to foster buy-in, and robust training programs to equip employees with the necessary skills. Addressing feedback is crucial for continuous improvement.",Gemini,explanatory,long
What are your company's strategies for managing change?,MULTI-SELECT,"['Communicating effectively with employees', ' Involving employees in the change process', ' Providing training and support', ' Celebrating successes', ' Addressing concerns and feedback']","It's a combination of things, really. We communicate, get input, train people, acknowledge achievements, and deal with complaints as they come up.  It's not rocket science.",Gemini,annoyed,long
What are your company's strategies for managing cybersecurity risks?,MULTI-SELECT,"['Implementing strong cybersecurity policies', ' Investing in cybersecurity technology', ' Providing cybersecurity training to employees', ' Conducting regular security audits', ' Developing incident response plans']","Our company employs a multi-layered approach to cybersecurity, encompassing robust policies, cutting-edge technology, and comprehensive employee training.  Regular audits and a well-defined incident response plan further enhance our defenses.",Gemini,verbose,long
What are your company's strategies for managing cybersecurity risks?,MULTI-SELECT,"['Implementing strong cybersecurity policies', ' Investing in cybersecurity technology', ' Providing cybersecurity training to employees', ' Conducting regular security audits', ' Developing incident response plans']","To mitigate risks, we have implemented comprehensive cybersecurity policies and invest heavily in state-of-the-art technology.  Furthermore, our employees receive ongoing training, and we conduct regular security audits to identify and address vulnerabilities.  Our incident response plan ensures swift and effective action in case of a breach.",Gemini,explanatory,long
What are your company's strategies for managing cybersecurity risks?,MULTI-SELECT,"['Implementing strong cybersecurity policies', ' Investing in cybersecurity technology', ' Providing cybersecurity training to employees', ' Conducting regular security audits', ' Developing incident response plans']","We have a full suite of cybersecurity measures in place.  This includes policies, technology, training, audits, and an incident response plan.  It's a comprehensive approach.",Gemini,annoyed,long
What are your company's strategies for managing its reputation?,MULTI-SELECT,"['Building a strong brand identity', ' Creating positive customer experiences', ' Managing online reviews', ' Responding to criticism', ' Engaging with stakeholders']","Our company prioritizes building a strong brand identity and creating positive customer experiences.  These are fundamental to a good reputation, and we actively manage online reviews to address any issues promptly.  This proactive approach allows us to effectively respond to criticism and engage with stakeholders.",Gemini,verbose,long
What are your company's strategies for managing its reputation?,MULTI-SELECT,"['Building a strong brand identity', ' Creating positive customer experiences', ' Managing online reviews', ' Responding to criticism', ' Engaging with stakeholders']","Managing our reputation involves a multi-pronged approach.  We cultivate a strong brand identity to establish trust and consistently strive to deliver exceptional customer experiences.  Furthermore, we actively monitor and respond to online reviews and engage directly with stakeholders.",Gemini,explanatory,long
What are your company's strategies for managing its reputation?,MULTI-SELECT,"['Building a strong brand identity', ' Creating positive customer experiences', ' Managing online reviews', ' Responding to criticism', ' Engaging with stakeholders']","It's a combination of things, really.  We work on brand image, customer satisfaction, and dealing with the online chatter.  Ignoring any of those is just asking for trouble.",Gemini,annoyed,long
What are your company's strategies for managing risk?,MULTI-SELECT,"['Identifying potential risks', ' Assessing the likelihood and impact of risks', ' Developing risk mitigation strategies', ' Monitoring risks', ' Reporting risks']","Our company employs a comprehensive risk management approach.  We start by identifying potential risks, then assess their likelihood and impact, developing mitigation strategies accordingly.  Regular monitoring and reporting ensures proactive risk management.",Gemini,verbose,long
What are your company's strategies for managing risk?,MULTI-SELECT,"['Identifying potential risks', ' Assessing the likelihood and impact of risks', ' Developing risk mitigation strategies', ' Monitoring risks', ' Reporting risks']","Our risk management strategy involves a five-step process.  First, we identify potential risks.  Then, we assess their probability and potential impact, implementing mitigation strategies and continuously monitoring and reporting on their status.",Gemini,explanatory,long
What are your company's strategies for managing risk?,MULTI-SELECT,"['Identifying potential risks', ' Assessing the likelihood and impact of risks', ' Developing risk mitigation strategies', ' Monitoring risks', ' Reporting risks']","We have a process, okay?  We find the risks, figure out how bad they are, make plans to deal with them, watch for problems, and report what we find.  It's standard procedure.",Gemini,annoyed,long
What are your company's strategies for managing supply chain risks?,MULTI-SELECT,"['Diversifying suppliers', ' Developing strong supplier relationships', ' Implementing supplier performance management systems', ' Developing contingency plans', ' Monitoring geopolitical events']","Our company prioritizes building strong relationships with diverse suppliers.  This allows us to mitigate risk through multiple sourcing options and collaborative problem-solving.  Furthermore, we continuously monitor geopolitical events to anticipate potential disruptions.",Gemini,verbose,long
What are your company's strategies for managing supply chain risks?,MULTI-SELECT,"['Diversifying suppliers', ' Developing strong supplier relationships', ' Implementing supplier performance management systems', ' Developing contingency plans', ' Monitoring geopolitical events']","We spread our bets with lots of different suppliers, keep 'em close, and have backup plans, you know? Plus, we keep an eye on what's happening globally.",Gemini,colloquial,long
What are your company's strategies for managing supply chain risks?,MULTI-SELECT,"['Diversifying suppliers', ' Developing strong supplier relationships', ' Implementing supplier performance management systems', ' Developing contingency plans', ' Monitoring geopolitical events']",Effective supply chain risk management requires a multi-faceted approach.  We utilize supplier performance management systems to track key metrics and identify potential issues early.  Contingency plans are developed to address unforeseen disruptions.,Gemini,explanatory,long
What are your company's strategies for managing supply chain risks?,MULTI-SELECT,"['Diversifying suppliers', ' Developing strong supplier relationships', ' Implementing supplier performance management systems', ' Developing contingency plans', ' Monitoring geopolitical events']","We employ several strategies, including diversifying our supplier base and implementing robust performance management systems to minimize disruptions.  It's a complex issue requiring constant vigilance.",Gemini,annoyed,long
What are your company's strategies for measuring marketing ROI?,MULTI-SELECT,"['Website analytics', ' Social media analytics', ' Email marketing analytics', ' Customer surveys', ' Sales data']","We utilize a multi-faceted approach to measuring marketing ROI.  Website analytics provide insights into campaign effectiveness, while sales data directly correlates marketing efforts with revenue. Customer surveys offer valuable qualitative feedback to refine strategies.",Gemini,verbose,long
What are your company's strategies for measuring marketing ROI?,MULTI-SELECT,"['Website analytics', ' Social media analytics', ' Email marketing analytics', ' Customer surveys', ' Sales data']","Our company relies heavily on quantitative data for measuring marketing ROI. We analyze website analytics to understand user behavior and track conversions, and we closely monitor sales data to determine the direct impact of marketing campaigns on revenue generation.",Gemini,explanatory,long
What are your company's strategies for mitigating risks associated with climate change?,MULTI-SELECT,"['Reducing greenhouse gas emissions', ' Investing in renewable energy', ' Improving energy efficiency', ' Developing climate change adaptation plans', ' Engaging with stakeholders on climate change issues']","Our company is committed to mitigating climate risks through a multi-pronged approach.  We are focusing on reducing greenhouse gas emissions across our operations and investing in renewable energy sources to power our facilities.  Furthermore, we are actively developing adaptation plans to prepare for the impacts of climate change.",Gemini,verbose,long
What are your company's strategies for mitigating risks associated with climate change?,MULTI-SELECT,"['Reducing greenhouse gas emissions', ' Investing in renewable energy', ' Improving energy efficiency', ' Developing climate change adaptation plans', ' Engaging with stakeholders on climate change issues']","We're doing a bunch of stuff, like cutting down on pollution, using more solar power, and figuring out how to deal with whatever crazy weather comes our way.",Gemini,colloquial,long
What are your company's strategies for mitigating risks associated with climate change?,MULTI-SELECT,"['Reducing greenhouse gas emissions', ' Investing in renewable energy', ' Improving energy efficiency', ' Developing climate change adaptation plans', ' Engaging with stakeholders on climate change issues']","Our climate risk mitigation strategy encompasses several key areas.  We are actively working to improve energy efficiency throughout our operations to minimize our carbon footprint, while simultaneously investing in renewable energy sources.  This dual approach aims to both reduce emissions and enhance resilience.",Gemini,explanatory,long
What are your company's strategies for mitigating risks associated with climate change?,MULTI-SELECT,"['Reducing greenhouse gas emissions', ' Investing in renewable energy', ' Improving energy efficiency', ' Developing climate change adaptation plans', ' Engaging with stakeholders on climate change issues']","We're addressing climate change risks by implementing a comprehensive strategy. This involves reducing our greenhouse gas emissions, improving energy efficiency, and engaging with stakeholders to ensure we are taking appropriate actions.  It's a complex issue requiring a multifaceted approach.",Gemini,annoyed,long
What are your company's strategies for mitigating risks associated with new technologies?,MULTI-SELECT,"['Conducting thorough due diligence', ' Developing risk mitigation strategies', ' Testing new technologies thoroughly', ' Training employees on new technologies', ' Monitoring the performance of new technologies']","We prioritize thorough due diligence before adopting any new technology, assessing potential risks and benefits.  This is followed by developing comprehensive risk mitigation strategies and rigorous testing.  Employee training is crucial to ensure safe and effective implementation.",Gemini,verbose,long
What are your company's strategies for mitigating risks associated with new technologies?,MULTI-SELECT,"['Conducting thorough due diligence', ' Developing risk mitigation strategies', ' Testing new technologies thoroughly', ' Training employees on new technologies', ' Monitoring the performance of new technologies']","Our approach involves a multi-faceted strategy.  We conduct extensive due diligence and testing, then develop mitigation strategies for identified risks.  Post-implementation, we monitor performance to identify and address any emerging issues.",Gemini,explanatory,long
What are your company's strategies for promoting innovation?,MULTI-SELECT,"['Encouraging experimentation', ' Investing in research and development', ' Creating a culture of innovation', ' Partnering with external innovators', ' Protecting intellectual property']","We foster innovation by creating a collaborative environment where experimentation is not only tolerated but actively encouraged.  This is supported by significant investment in research and development, allowing us to explore new ideas and technologies.  Intellectual property protection ensures we can capitalize on successful innovations.",Gemini,verbose,long
What are your company's strategies for promoting innovation?,MULTI-SELECT,"['Encouraging experimentation', ' Investing in research and development', ' Creating a culture of innovation', ' Partnering with external innovators', ' Protecting intellectual property']",Our strategy for promoting innovation is multifaceted.  We invest heavily in R&D and actively partner with external innovators to bring fresh perspectives to our work.  This is complemented by a company culture that values experimentation and risk-taking.,Gemini,explanatory,long
What are your company's strategies for reducing costs?,MULTI-SELECT,"['Negotiating better prices with suppliers', ' Improving efficiency', ' Reducing waste', ' Automating tasks', ' Outsourcing non-core functions']",We're focusing on a multi-pronged approach to cost reduction.  This includes negotiating better deals with our suppliers and simultaneously improving internal efficiency to minimize waste. We believe this combination will yield the best results.,Gemini,verbose,long
What are your company's strategies for reducing costs?,MULTI-SELECT,"['Negotiating better prices with suppliers', ' Improving efficiency', ' Reducing waste', ' Automating tasks', ' Outsourcing non-core functions']",Our cost reduction strategy involves several key areas.  We are actively pursuing better pricing from our suppliers and are also implementing automation to streamline our processes and increase efficiency.  This two-part strategy aims to reduce both material and labor costs.,Gemini,explanatory,long
What are your company's sustainability initiatives?,MULTI-SELECT,"['Reducing carbon footprint', ' Using renewable energy', ' Recycling and waste reduction', ' Sustainable sourcing', ' Community involvement']",We're committed to environmental responsibility through various initiatives.  These include reducing our carbon footprint by optimizing logistics and investing in renewable energy sources. We also actively pursue sustainable sourcing for our materials.,Gemini,verbose,long
What are your company's sustainability initiatives?,MULTI-SELECT,"['Reducing carbon footprint', ' Using renewable energy', ' Recycling and waste reduction', ' Sustainable sourcing', ' Community involvement']",Our sustainability strategy focuses on three key areas: minimizing our environmental impact by reducing our carbon footprint and using renewable energy;  improving waste management through recycling and reduction programs; and ensuring ethical and sustainable sourcing practices throughout our supply chain.,Gemini,explanatory,long
What are your company's values?,MULTI-SELECT,"['Integrity', ' Innovation', ' Customer focus', ' Teamwork', ' Sustainability']",Our company's core values are built upon integrity and innovation. We strive to create sustainable solutions while maintaining a strong team environment.  Customer focus is paramount in achieving our goals.,Gemini,verbose,long
What are your company's values?,MULTI-SELECT,"['Integrity', ' Innovation', ' Customer focus', ' Teamwork', ' Sustainability']","Our company values are centered around Integrity and Sustainability.  Innovation drives our progress, and we believe strong Teamwork is essential to achieving our customer-focused goals.",Gemini,explanatory,long
What are your current marketing and sales technologies?,MULTI-SELECT,"['CRM (Salesforce, HubSpot, etc.)', ' Marketing automation (Marketo, Pardot, etc.)', ' Social media management tools', ' Email marketing platforms', ' Analytics platforms (Google Analytics, etc.)']","We utilize a comprehensive suite of marketing and sales technologies, including Salesforce for CRM, Marketo for marketing automation, and Google Analytics for detailed performance analysis.  These tools are integrated to streamline our processes and provide valuable insights.  Our social media presence is managed using a dedicated platform.",Gemini,verbose,long
What are your current marketing and sales technologies?,MULTI-SELECT,"['CRM (Salesforce, HubSpot, etc.)', ' Marketing automation (Marketo, Pardot, etc.)', ' Social media management tools', ' Email marketing platforms', ' Analytics platforms (Google Analytics, etc.)']",Our sales team relies heavily on Salesforce for CRM functionality.  Our marketing efforts are supported by a robust marketing automation platform (Pardot) and we track everything with Google Analytics.  Email marketing is handled through a separate platform.,Gemini,explanatory,long
What are your current pain points related to sales lead management?,MULTI-SELECT,"['Difficulty identifying qualified leads', ' Inefficient lead follow-up', ' Lack of visibility into the sales pipeline', ' Poor lead data quality', ' Lack of reporting and analytics']",Our biggest challenge is inefficient lead follow-up.  We often lose potential clients because we don't have a system for timely and consistent contact.  This leads to a lack of visibility into the sales pipeline as well.,Gemini,verbose,long
What are your current pain points related to sales lead management?,MULTI-SELECT,"['Difficulty identifying qualified leads', ' Inefficient lead follow-up', ' Lack of visibility into the sales pipeline', ' Poor lead data quality', ' Lack of reporting and analytics']","The lack of reporting and analytics makes it difficult to assess the effectiveness of our sales strategies. This is compounded by difficulty identifying qualified leads, resulting in wasted time and resources.",Gemini,explanatory,long
What are your favorite hobbies?,MULTI-SELECT,"['Reading', ' Hiking', ' Cooking', ' Traveling', ' Playing sports']","I really enjoy reading and hiking.  Getting lost in a good book is wonderfully relaxing, and hiking provides a great physical and mental escape.  They're both excellent ways for me to unwind.",Gemini,verbose,long
What are your favorite hobbies?,MULTI-SELECT,"['Reading', ' Hiking', ' Cooking', ' Traveling', ' Playing sports']","My favorite hobbies are reading and cooking.  Reading allows me to explore new worlds and ideas, while cooking provides a creative outlet and the satisfaction of creating something delicious.  Both activities are very fulfilling for me.",Gemini,explanatory,long
What are your goals for improving customer satisfaction?,MULTI-SELECT,"['Increase customer retention', ' Improve customer loyalty', ' Generate positive word-of-mouth referrals', ' Reduce customer churn', ' Enhance brand reputation']",Our primary goal is to boost customer retention and loyalty.  This will naturally lead to positive word-of-mouth referrals and enhance our brand reputation.  Reducing customer churn is a key component of this strategy.,Gemini,verbose,long
What are your goals for improving customer satisfaction?,MULTI-SELECT,"['Increase customer retention', ' Improve customer loyalty', ' Generate positive word-of-mouth referrals', ' Reduce customer churn', ' Enhance brand reputation']","Improving customer satisfaction is paramount to our success.  Therefore, we aim to increase customer loyalty and generate positive word-of-mouth referrals, which are directly linked to reducing customer churn and improving our brand reputation.  These actions contribute to long-term sustainable growth.",Gemini,explanatory,long
What are your hobbies outside of software development?,MULTI-SELECT,"['Reading', ' Hiking', ' Photography', ' Music', ' Gaming', ' Sports', ' Travel']","I enjoy a variety of activities when I'm not coding.  I especially love getting out into nature with hiking and photography, capturing the beauty of the landscapes.  Reading provides a nice contrast, offering a chance to explore different worlds.",Gemini,verbose,long
What are your hobbies outside of software development?,MULTI-SELECT,"['Reading', ' Hiking', ' Photography', ' Music', ' Gaming', ' Sports', ' Travel']","My downtime is largely spent pursuing creative and relaxing activities.  Photography allows me to express my artistic side, while reading helps me unwind and expand my knowledge.  Hiking provides a healthy dose of physical activity and mental clarity.",Gemini,explanatory,long
What are your key decision criteria for selecting a new CRM system?,MULTI-SELECT,"['Ease of use', ' Integration capabilities', ' Reporting and analytics', ' Cost-effectiveness', ' Scalability']","Ease of use is paramount for adoption by our team.  Strong integration capabilities with our existing systems are also critical for seamless data flow.  Finally, robust reporting and analytics are essential for making informed business decisions.",Gemini,verbose,long
What are your key decision criteria for selecting a new CRM system?,MULTI-SELECT,"['Ease of use', ' Integration capabilities', ' Reporting and analytics', ' Cost-effectiveness', ' Scalability']","The system must be scalable to accommodate our anticipated growth.  Cost-effectiveness is a major concern, as is the ability to generate meaningful reports and analytics from the data.  Ease of use ensures user adoption.",Gemini,explanatory,long
What are your key decision-making factors when choosing a vendor?,MULTI-SELECT,"['Price', ' Features', ' Reputation', ' Customer support', ' Implementation process']","Price is always a primary concern, but I also heavily weigh reputation and customer support.  A vendor with a good track record and responsive support is invaluable, even if slightly more expensive.  Features are important, but only if they align with my needs.",Gemini,verbose,long
What are your key decision-making factors when choosing a vendor?,MULTI-SELECT,"['Price', ' Features', ' Reputation', ' Customer support', ' Implementation process']","My decision hinges on a balance of factors.  Excellent customer support is crucial for mitigating any implementation issues.  The features must meet my requirements, and the price must be reasonable within that context.",Gemini,explanatory,long
What are your key performance indicators (KPIs) for your sales team?,MULTI-SELECT,"['Revenue', ' Number of deals closed', ' Average deal size', ' Sales cycle length', ' Customer acquisition cost (CAC)']","Our sales team's key performance indicators are revenue generated, the number of deals they successfully close, and the average size of those deals.  Tracking these metrics gives us a holistic view of their performance and overall sales effectiveness. This allows for better resource allocation and strategic adjustments.",Gemini,verbose,long
What are your key performance indicators (KPIs) for your sales team?,MULTI-SELECT,"['Revenue', ' Number of deals closed', ' Average deal size', ' Sales cycle length', ' Customer acquisition cost (CAC)']","To effectively measure sales performance, we use several KPIs.  Revenue is the ultimate indicator of success, but we also track the number of deals closed to assess activity levels and average deal size to understand deal quality.  Finally, sales cycle length helps us identify areas for improvement in our sales process.",Gemini,explanatory,long
What are your key performance indicators (KPIs) for your sales team?,MULTI-SELECT,"['Revenue', ' Number of deals closed', ' Average deal size', ' Sales cycle length', ' Customer acquisition cost (CAC)']","It's revenue, of course. But also the number of deals and the customer acquisition cost; we need to know if we're spending too much to get new clients.",Gemini,annoyed,long
What are your key performance indicators (KPIs)?,MULTI-SELECT,"['Production output', ' Safety record', ' Environmental impact', ' Cost efficiency', ' Employee satisfaction']","My key performance indicators are multifaceted and include production output, cost efficiency, and employee satisfaction.  These three areas are crucial for sustainable growth and a positive work environment.  A strong safety record and minimal environmental impact are also very important secondary KPIs.",Gemini,verbose,long
What are your key performance indicators (KPIs)?,MULTI-SELECT,"['Production output', ' Safety record', ' Environmental impact', ' Cost efficiency', ' Employee satisfaction']","Gotta keep an eye on how much stuff we're making (production output), and how much it costs (cost efficiency), right?  Employee satisfaction is pretty important too, though.",Gemini,colloquial,long
What are your key performance indicators (KPIs)?,MULTI-SELECT,"['Production output', ' Safety record', ' Environmental impact', ' Cost efficiency', ' Employee satisfaction']","Effective measurement requires a balance of quantitative and qualitative data.  Therefore, my KPIs include production output (quantitative) and employee satisfaction (qualitative), along with the cost efficiency required to maintain both.  Environmental impact is also a key consideration for long-term sustainability.",Gemini,explanatory,long
What are your key strategies for improving worker safety?,MULTI-SELECT,"['Improved PPE', ' Enhanced safety training', ' Regular safety audits', ' Improved safety procedures', ' Incentivize safe behavior']","A comprehensive approach to worker safety involves multiple strategies.  Regular safety audits identify weaknesses in current practices, while improved safety procedures directly address these issues.  Enhanced safety training ensures workers understand and follow these procedures.",Gemini,verbose,long
What are your key strategies for improving worker safety?,MULTI-SELECT,"['Improved PPE', ' Enhanced safety training', ' Regular safety audits', ' Improved safety procedures', ' Incentivize safe behavior']","To significantly improve worker safety, a multi-pronged approach is necessary.  This includes providing and enforcing the use of appropriate Personal Protective Equipment (PPE), coupled with comprehensive safety training programs.  Regular safety audits help identify and rectify any emerging hazards.",Gemini,explanatory,long
What are your main sources of raw materials?,MULTI-SELECT,"['Domestic suppliers', ' International suppliers', ' Recycled materials', ' Mining operations', ' Agriculture']","We primarily source our raw materials from domestic suppliers, focusing on building strong local partnerships.  Supplementing this, we also utilize recycled materials whenever feasible to promote sustainability.  This dual approach ensures both reliability and environmental responsibility.",Gemini,verbose,long
What are your main sources of raw materials?,MULTI-SELECT,"['Domestic suppliers', ' International suppliers', ' Recycled materials', ' Mining operations', ' Agriculture']","Our raw material sourcing strategy is multifaceted. We rely heavily on domestic suppliers for consistent supply and quality control.  Additionally, we incorporate recycled materials to minimize our environmental impact and promote circular economy principles.  This combination optimizes both efficiency and sustainability.",Gemini,explanatory,long
What are your main transportation methods?,MULTI-SELECT,"['Trucks', ' Rail', ' Ships', ' Pipelines', ' Air']",We primarily utilize trucks for short-haul deliveries and rail for long-distance transport of large quantities of goods.  Ships are also important for our overseas shipments.,Gemini,verbose,long
What are your main transportation methods?,MULTI-SELECT,"['Trucks', ' Rail', ' Ships', ' Pipelines', ' Air']","Our transportation network is multimodal, encompassing trucks for local distribution, rail for efficient bulk transport across the country, and ships for international trade.  Pipelines are used for certain liquid products.",Gemini,explanatory,long
What are your preferred code editors or IDEs?,MULTI-SELECT,"['VS Code', ' IntelliJ IDEA', ' Eclipse', ' Sublime Text', ' Atom']","I find VS Code to be incredibly versatile and extensible thanks to its vast marketplace of extensions.  IntelliJ IDEA is also excellent for Java development, but VS Code's lighter footprint makes it my go-to.  Sublime Text is a solid alternative for quick edits.",Gemini,verbose,long
What are your preferred code editors or IDEs?,MULTI-SELECT,"['VS Code', ' IntelliJ IDEA', ' Eclipse', ' Sublime Text', ' Atom']","For most tasks, I prefer VS Code due to its balance of features and performance.  Eclipse can be useful for larger Java projects, but its resource intensity can be a drawback.  IntelliJ IDEA offers a comparable experience to VS Code but with a steeper learning curve.",Gemini,explanatory,long
What are your preferred collaboration tools?,MULTI-SELECT,"['Slack', ' Microsoft Teams', ' Google Chat', ' Discord']","For quick communication and file sharing, I find Slack the most efficient.  Microsoft Teams is good for larger projects with dedicated channels, but Slack's simplicity is often preferable for smaller teams. Google Chat is useful for quick queries, but lacks the robust organization of the others.",Gemini,verbose,long
What are your preferred collaboration tools?,MULTI-SELECT,"['Slack', ' Microsoft Teams', ' Google Chat', ' Discord']","My preference depends on the context.  Slack is best for quick, informal communication within smaller teams, while Microsoft Teams offers more structured features suitable for larger projects and teams needing robust file management.  Google Chat is a good option for quick internal messages.",Gemini,explanatory,long
What are your preferred communication styles?,MULTI-SELECT,"['Direct and concise', ' Detailed and thorough', ' Collaborative and interactive', ' Formal and professional', ' Informal and friendly']","I generally prefer a collaborative and interactive approach, finding that open discussion leads to the best outcomes.  However, when necessary, I can also be direct and concise to ensure efficiency.  Detailed explanations are helpful, but only when they contribute to understanding and not overwhelm.",Gemini,verbose,long
What are your preferred communication styles?,MULTI-SELECT,"['Direct and concise', ' Detailed and thorough', ' Collaborative and interactive', ' Formal and professional', ' Informal and friendly']","My preferred communication style depends heavily on context. For straightforward requests, a direct and concise approach is best.  In complex situations requiring consensus, a collaborative and interactive method is more suitable.  Formal communication is reserved for official correspondence.",Gemini,explanatory,long
What are your preferred communication styles?,MULTI-SELECT,"['Direct and concise', ' Detailed and thorough', ' Collaborative and interactive', ' Formal and professional', ' Informal and friendly']","It depends on who I'm talking to and what we're discussing.  Sometimes formal is necessary, other times a quick answer is best.  I dislike overly long explanations.",Gemini,annoyed,long
What are your preferred design tools?,MULTI-SELECT,"['Figma', ' Adobe XD', ' Sketch', ' InVision', ' Adobe Photoshop', ' Adobe Illustrator']","I find Figma to be the most versatile tool for UI design due to its collaborative features and ease of use.  I also frequently utilize Adobe Photoshop for image editing when needed.  Sketch is a solid option, but Figma's collaborative features are a better fit for my workflow.",Gemini,verbose,long
What are your preferred design tools?,MULTI-SELECT,"['Figma', ' Adobe XD', ' Sketch', ' InVision', ' Adobe Photoshop', ' Adobe Illustrator']","For prototyping and collaboration, Figma is my preferred choice.  Its real-time collaboration capabilities streamline the design process significantly.  For raster-based image editing, Adobe Photoshop remains indispensable.",Gemini,explanatory,long
What are your preferred learning resources?,MULTI-SELECT,"['Online courses', ' Books', ' Conferences', ' Workshops', ' Mentorship', ' Self-study']","I find a combination of online courses and books to be the most effective for me.  Online courses provide structured learning, while books allow for deeper dives into specific topics.  Mentorship is also incredibly valuable when available.",Gemini,verbose,long
What are your preferred learning resources?,MULTI-SELECT,"['Online courses', ' Books', ' Conferences', ' Workshops', ' Mentorship', ' Self-study']","My preferred learning methods are diverse.  I value the structured approach of online courses and workshops, supplemented by the in-depth knowledge gained from books.  Conferences offer broader perspectives.",Gemini,explanatory,long
What are your preferred methods for code optimization?,MULTI-SELECT,"['Profiling', ' Algorithmic improvements', ' Data structure optimization', ' Code refactoring']","My preferred approach to code optimization is a multi-pronged attack. I'd start by profiling the code to identify bottlenecks, then consider algorithmic improvements to address the fundamental inefficiencies.  Data structure optimization often plays a crucial role as well.",Gemini,verbose,long
What are your preferred methods for code optimization?,MULTI-SELECT,"['Profiling', ' Algorithmic improvements', ' Data structure optimization', ' Code refactoring']","Dude, gotta profile first, see where things are slow. Then maybe tweak the algorithm or the data structures – whatever's bottlenecking the whole thing.",Gemini,colloquial,long
What are your preferred methods for code optimization?,MULTI-SELECT,"['Profiling', ' Algorithmic improvements', ' Data structure optimization', ' Code refactoring']","Effective code optimization involves a systematic process.  Initially, profiling helps pinpoint performance bottlenecks. Subsequently, algorithmic improvements and data structure optimizations can significantly enhance efficiency.  Refactoring might be necessary to improve readability and maintainability after optimization.",Gemini,explanatory,long
What are your preferred methods for code optimization?,MULTI-SELECT,"['Profiling', ' Algorithmic improvements', ' Data structure optimization', ' Code refactoring']","It depends on the situation, but usually profiling is essential to understand where the issues are.  Then, I'd look at the algorithm and data structures, and maybe do some refactoring if it makes sense.",Gemini,annoyed,long
What are your preferred methods for code refactoring?,MULTI-SELECT,"['Extract Method', ' Rename Method', ' Move Method', ' Extract Class', ' Inline Method']","My preferred refactoring methods often involve breaking down large methods into smaller, more manageable ones using Extract Method.  If names aren't clear, Rename Method helps improve readability.  Finally,  Move Method can improve code organization.",Gemini,verbose,long
What are your preferred methods for code refactoring?,MULTI-SELECT,"['Extract Method', ' Rename Method', ' Move Method', ' Extract Class', ' Inline Method']","I usually start by pulling out chunks of code into their own little functions – that's Extract Method, you know?  If things are a mess,  I might also rename stuff to make it clearer.",Gemini,colloquial,long
What are your preferred methods for code refactoring?,MULTI-SELECT,"['Extract Method', ' Rename Method', ' Move Method', ' Extract Class', ' Inline Method']","For improving code clarity and maintainability, I prioritize Extract Method to enhance readability and reduce complexity.  This often leads to the need for Rename Method to reflect the new function's purpose.  Extract Class can be useful for larger-scale restructuring.",Gemini,explanatory,long
What are your preferred methods for code refactoring?,MULTI-SELECT,"['Extract Method', ' Rename Method', ' Move Method', ' Extract Class', ' Inline Method']","It depends on the situation, but often it's just fixing the names with Rename Method and maybe pulling out a function using Extract Method.  Sometimes I have to move stuff around with Move Method.",Gemini,annoyed,long
What are your preferred methods for debugging code?,MULTI-SELECT,"['Print statements', ' Debuggers', ' Logging', ' Code reviews', ' Unit tests']","My go-to debugging strategy is usually to start with print statements for quick checks, then move on to a debugger if the issue is more complex.  Code reviews are also invaluable for catching errors early on.",Gemini,verbose,long
What are your preferred methods for debugging code?,MULTI-SELECT,"['Print statements', ' Debuggers', ' Logging', ' Code reviews', ' Unit tests']","Print statements are my jam for simple stuff, but for anything hairy, I break out the debugger.  Logging helps too, especially when things get deployed.",Gemini,colloquial,long
What are your preferred methods for debugging code?,MULTI-SELECT,"['Print statements', ' Debuggers', ' Logging', ' Code reviews', ' Unit tests']","I find a systematic approach most effective. I begin with print statements for initial investigation. If the problem persists, I utilize a debugger for a more detailed analysis.  Finally, I write unit tests to prevent recurrence.",Gemini,explanatory,long
What are your preferred methods for debugging code?,MULTI-SELECT,"['Print statements', ' Debuggers', ' Logging', ' Code reviews', ' Unit tests']","I hate debugging, but debuggers are the least painful option after I've tried print statements and it still doesn't work.  A good set of unit tests would have prevented this in the first place.",Gemini,annoyed,long
What are your preferred methods for gathering customer feedback?,MULTI-SELECT,"['Customer surveys', ' Customer interviews', ' Focus groups', ' Online reviews', ' Social media monitoring']","I find customer surveys and online reviews to be the most efficient methods for gathering a broad range of feedback.  Surveys allow for structured data collection, while reviews provide unfiltered opinions. Combining these approaches offers a comprehensive view.",Gemini,verbose,long
What are your preferred methods for gathering customer feedback?,MULTI-SELECT,"['Customer surveys', ' Customer interviews', ' Focus groups', ' Online reviews', ' Social media monitoring']","For a balanced approach, I'd use customer surveys to gather quantitative data on satisfaction levels and then follow up with customer interviews to gain deeper qualitative insights into specific issues raised.  This provides both breadth and depth of understanding.",Gemini,explanatory,long
What are your preferred methods for maintaining code quality?,MULTI-SELECT,"['Code reviews', ' Static analysis', ' Unit testing', ' Integration testing', ' Code style guidelines']",Code reviews are essential for catching logic errors and ensuring code readability.  Supplementing this with static analysis tools helps identify potential problems early. Unit testing provides confidence in individual components.,Gemini,verbose,long
What are your preferred methods for maintaining code quality?,MULTI-SELECT,"['Code reviews', ' Static analysis', ' Unit testing', ' Integration testing', ' Code style guidelines']","To maintain high code quality, a multi-faceted approach is necessary.  This includes employing static analysis tools to detect potential bugs automatically, and conducting thorough code reviews to ensure adherence to coding standards and best practices. Unit testing is crucial for verifying the correctness of individual code units.",Gemini,explanatory,long
What are your preferred methods for managing dependencies in your projects?,MULTI-SELECT,"['Package managers', ' Dependency injection']","I primarily utilize package managers for managing dependencies in my projects.  They streamline the process of installing, updating, and removing dependencies, ensuring version consistency. Dependency injection is also helpful, but mostly supplementary to a robust package management system.",Gemini,verbose,long
What are your preferred methods for managing dependencies in your projects?,MULTI-SELECT,"['Package managers', ' Dependency injection']","For managing project dependencies, a package manager is crucial for organization and reproducibility.  Dependency injection is a useful technique to improve code modularity and testability, but it's secondary to the core dependency management provided by a package manager.  Both are important in their own ways.",Gemini,explanatory,long
What are your preferred methods for managing dependencies in your projects?,MULTI-SELECT,"['Package managers', ' Dependency injection']","I use package managers; it's the only sane way to handle dependencies in a large project.  Dependency injection is fine for smaller things, but it's not a replacement.",Gemini,annoyed,long
What are your preferred methods for nurturing leads?,MULTI-SELECT,"['Email marketing', ' Content marketing', ' Social media engagement', ' Personalized email sequences', ' Webinars and online events']","I find a multifaceted approach most effective.  Combining personalized email sequences with engaging content marketing helps nurture leads by providing valuable information and building relationships.  This, coupled with strategic social media engagement, maximizes reach and impact.",Gemini,verbose,long
What are your preferred methods for nurturing leads?,MULTI-SELECT,"['Email marketing', ' Content marketing', ' Social media engagement', ' Personalized email sequences', ' Webinars and online events']","For optimal lead nurturing, I rely on a combination of strategies.  Content marketing establishes expertise and attracts leads, while personalized email sequences deliver targeted information and offers to move them further down the sales funnel. Webinars can also be incredibly useful for building relationships.",Gemini,explanatory,long
What are your preferred methods for nurturing leads?,MULTI-SELECT,"['Email marketing', ' Content marketing', ' Social media engagement', ' Personalized email sequences', ' Webinars and online events']","It depends on the lead, but a good mix is usually best.  Content marketing is crucial, and I also utilize email marketing.  Sometimes webinars are helpful, but not always.",Gemini,annoyed,long
What are your preferred methods for staying up-to-date on industry news?,MULTI-SELECT,"['Reading industry publications', ' Attending industry events', ' Following industry influencers on social media', ' Subscribing to industry newsletters', ' Listening to industry podcasts']","I find a combination of methods works best.  I regularly read industry publications and subscribe to relevant newsletters to get a solid base of information, then supplement that with following key influencers on social media for a quicker pulse on emerging trends.  Attending industry events is great for networking and deeper insights, but less frequent.",Gemini,verbose,long
What are your preferred methods for staying up-to-date on industry news?,MULTI-SELECT,"['Reading industry publications', ' Attending industry events', ' Following industry influencers on social media', ' Subscribing to industry newsletters', ' Listening to industry podcasts']","To ensure comprehensive coverage, I utilize multiple channels.  Industry publications provide in-depth analysis, while podcasts offer a more convenient, audio-based format.  Social media helps me identify emerging trends quickly.",Gemini,explanatory,long
What are your preferred methods for training your sales team?,MULTI-SELECT,"['Classroom training', ' Online training', ' On-the-job training', ' Mentorship programs', ' External training courses']","We find a blended approach most effective.  Classroom training provides foundational knowledge, while on-the-job training allows for practical application and mentorship refines individual skills.  Online training supplements this with readily accessible resources.",Gemini,verbose,long
What are your preferred methods for training your sales team?,MULTI-SELECT,"['Classroom training', ' Online training', ' On-the-job training', ' Mentorship programs', ' External training courses']","Gotta mix it up, you know?  Classroom stuff for the basics, then online modules for when they're swamped, and definitely some shadowing with experienced folks.",Gemini,colloquial,long
What are your preferred methods for training your sales team?,MULTI-SELECT,"['Classroom training', ' Online training', ' On-the-job training', ' Mentorship programs', ' External training courses']","For optimal results, we utilize a combination of classroom sessions for structured learning, online modules for flexible self-paced learning, and on-the-job coaching to solidify practical skills.  This multifaceted approach caters to diverse learning styles.",Gemini,explanatory,long
What are your preferred methods for training your sales team?,MULTI-SELECT,"['Classroom training', ' Online training', ' On-the-job training', ' Mentorship programs', ' External training courses']","It depends on the individual and their needs, but generally, a combination of classroom, online, and mentorship is best.  We've tried external courses before; they're a waste of money most of the time.",Gemini,annoyed,long
What are your preferred methods for version control?,MULTI-SELECT,"['Git flow', ' GitHub flow', ' GitLab flow']","I find Git flow to be the most robust for larger projects with multiple developers, offering a clear structure for managing releases and features.  GitHub flow is simpler and suits smaller teams, while GitLab flow incorporates the best of both worlds but can be overly complex for some.",Gemini,verbose,long
What are your preferred methods for version control?,MULTI-SELECT,"['Git flow', ' GitHub flow', ' GitLab flow']","For straightforward projects with a small team, GitHub flow’s simplicity is a major advantage.  Git flow provides a more structured approach that scales well for larger projects and complex workflows. GitLab flow combines elements of both but might feel excessive for simple tasks.",Gemini,explanatory,long
What are your preferred methods of communication?,MULTI-SELECT,"['Email', ' Phone', ' Video conferencing', ' Social media', ' In-person meetings']","I'm most comfortable with email for detailed discussions and scheduling.  For quick updates, a phone call works well, and I'm open to video conferencing for more collaborative projects.  In-person meetings are best when a personal connection is needed.",Gemini,verbose,long
What are your preferred methods of communication?,MULTI-SELECT,"['Email', ' Phone calls', ' Video conferencing', ' Instant messaging', ' In-person meetings']","I'm most comfortable with email for detailed discussions and documentation.  For quick questions or updates, instant messaging works well.  Video conferencing is useful when visual communication is important.",Gemini,verbose,long
What are your preferred methods of communication?,MULTI-SELECT,"['Email', ' Phone', ' Video conferencing', ' Social media', ' In-person meetings']","My preferred method is email for its record-keeping capabilities.  However, I find phone calls efficient for immediate issues.  I'm available for video conferencing if needed for collaborative efforts.",Gemini,explanatory,long
What are your preferred methods of communication?,MULTI-SELECT,"['Email', ' Phone calls', ' Video conferencing', ' Instant messaging', ' In-person meetings']",My preferred methods depend on the context.  Email is best for formal communication or when a record is needed.  Instant messaging suits quick exchanges.,Gemini,explanatory,long
What are your preferred methods of customer communication?,MULTI-SELECT,"['Email', ' Phone', ' Chat', ' Social media', ' In-person meetings']","I find email to be the most efficient for detailed information, while phone calls are best for quick questions and immediate clarification.  Social media is useful for broader announcements and community engagement.",Gemini,verbose,long
What are your preferred methods of customer communication?,MULTI-SELECT,"['Email', ' Phone', ' Chat', ' Social media', ' In-person meetings']","My preferred methods depend on the context.  Email is ideal for formal communication and record-keeping, whereas phone calls allow for immediate feedback and nuanced conversation.  In-person meetings are best for complex issues requiring collaborative problem-solving.",Gemini,explanatory,long
What are your preferred methods of customer communication?,MULTI-SELECT,"['Email', ' Phone', ' Chat', ' Social media', ' In-person meetings']","I really need a way to reach customers that's efficient. Email is okay, but I prefer phone calls for quicker resolutions.  Social media is just too chaotic.",Gemini,annoyed,long
What are your preferred tools for building and deploying applications?,MULTI-SELECT,"['Docker', ' Kubernetes', ' Jenkins', ' Travis CI', ' CircleCI']","For building and deploying applications, I find Docker invaluable for containerization, Kubernetes for orchestration at scale, and Jenkins for automating the CI/CD pipeline.  These tools work well together for robust and efficient deployments.",Gemini,verbose,long
What are your preferred tools for building and deploying applications?,MULTI-SELECT,"['Docker', ' Kubernetes', ' Jenkins', ' Travis CI', ' CircleCI']","My preferred workflow involves using Docker to create consistent application environments, leveraging Kubernetes to manage container deployments across multiple hosts, and employing Travis CI for automated testing and deployment. This combination ensures reliability and scalability.",Gemini,explanatory,long
What are your preferred tools for building and deploying applications?,MULTI-SELECT,"['Docker', ' Kubernetes', ' Jenkins', ' Travis CI', ' CircleCI']","I prefer Docker for containers, and Kubernetes if absolutely necessary for scaling.  CircleCI is okay for CI/CD if I don't have time to set up Jenkins.",Gemini,annoyed,long
What are your preferred tools for code analysis?,MULTI-SELECT,"['Linters', ' Static analyzers', ' Code coverage tools']","For comprehensive code analysis, I rely on a combination of linters and static analyzers. Linters help catch stylistic issues and potential bugs, while static analyzers delve deeper into code structure and potential vulnerabilities.  Code coverage tools are also valuable for ensuring testing thoroughness.",Gemini,verbose,long
What are your preferred tools for code analysis?,MULTI-SELECT,"['Linters', ' Static analyzers', ' Code coverage tools']",I find static analyzers most useful for identifying potential problems early in the development lifecycle.  They help prevent bugs and improve code quality.  Linters are also helpful for enforcing coding style.,Gemini,explanatory,long
What are your preferred tools for code documentation?,MULTI-SELECT,"['JSDoc', ' Javadoc', ' Sphinx', ' Doxygen']","For comprehensive documentation of JavaScript projects, I find JSDoc invaluable.  Javadoc is also useful, especially if I'm working with Java.  The combination provides excellent coverage.",Gemini,verbose,long
What are your preferred tools for code documentation?,MULTI-SELECT,"['JSDoc', ' Javadoc', ' Sphinx', ' Doxygen']","My preferred tools depend on the programming language.  For Java, Javadoc is standard and effective.  For Python, Sphinx offers robust features for creating professional documentation.",Gemini,explanatory,long
What are your preferred tools for monitoring and logging applications?,MULTI-SELECT,"['Grafana', ' Prometheus', ' ELK stack', ' Splunk', ' Datadog']","For comprehensive application monitoring and logging, I find the ELK stack to be incredibly powerful.  Its flexibility allows for customization to fit various needs, and the open-source nature makes it cost-effective.  Combined with Grafana for visualization, it's a strong solution.",Gemini,verbose,long
What are your preferred tools for monitoring and logging applications?,MULTI-SELECT,"['Grafana', ' Prometheus', ' ELK stack', ' Splunk', ' Datadog']","Prometheus and Grafana are a fantastic pairing for monitoring. Prometheus excels at metrics collection, while Grafana provides intuitive dashboards for visualizing that data and alerting on thresholds.  This setup is robust and scalable.",Gemini,explanatory,long
What are your preferred ways to contribute to open-source projects?,MULTI-SELECT,"['Coding', ' Testing', ' Documentation', ' Community support']",I find contributing to documentation the most rewarding.  Clear and concise documentation makes a project accessible to a wider audience and significantly improves the user experience.  I also enjoy helping with testing to ensure the project's stability.,Gemini,verbose,long
What are your preferred ways to contribute to open-source projects?,MULTI-SELECT,"['Coding', ' Testing', ' Documentation', ' Community support']","My preferred contribution is coding new features and fixing bugs.  However, I also believe thorough testing is crucial for software quality, so I dedicate time to that as well.  A well-maintained codebase is essential.",Gemini,explanatory,long
What are your preferred ways to contribute to open-source projects?,MULTI-SELECT,"['Coding', ' Testing', ' Documentation', ' Community support']","I mostly contribute code, as that's where I can make the biggest impact.  I'll help with documentation if absolutely necessary, but it's lower priority for me.",Gemini,annoyed,long
What are your preferred ways to handle errors in your code?,MULTI-SELECT,"['Exception handling', ' Error logging', ' Error reporting', ' Defensive programming']",My preferred approach is a combination of exception handling and defensive programming.  This allows me to gracefully handle unexpected inputs and prevent errors from propagating through the system.  Thorough error logging is also crucial for debugging and maintenance.,Gemini,verbose,long
What are your preferred ways to handle errors in your code?,MULTI-SELECT,"['Exception handling', ' Error logging', ' Error reporting', ' Defensive programming']","I mostly use try-catch blocks (that's exception handling, right?), plus I try to make my code bulletproof – defensive programming.  And logging – you gotta log stuff!",Gemini,colloquial,long
What are your preferred ways to handle errors in your code?,MULTI-SELECT,"['Exception handling', ' Error logging', ' Error reporting', ' Defensive programming']","Robust error handling requires a multi-pronged strategy. I prioritize exception handling to catch and manage runtime errors.  I also employ defensive programming to prevent errors from occurring in the first place, and detailed error logging helps with post-mortem analysis and debugging.",Gemini,explanatory,long
What are your preferred ways to handle errors in your code?,MULTI-SELECT,"['Exception handling', ' Error logging', ' Error reporting', ' Defensive programming']","It depends on the context, but  I find exception handling and error reporting are the most useful.  Defensive programming helps, but it's not always practical.",Gemini,annoyed,long
What are your preferred ways to learn new technologies?,MULTI-SELECT,"['Hands-on practice', ' Reading documentation', ' Watching tutorials', ' Following online courses', ' Working with experienced developers']","I find that a combination of hands-on practice and watching tutorials works best for me.  Seeing the concepts demonstrated visually helps me understand them, and then I reinforce my learning by building something myself.  This approach allows me to quickly grasp the practical applications of the technology.",Gemini,verbose,long
What are your preferred ways to learn new technologies?,MULTI-SELECT,"['Hands-on practice', ' Reading documentation', ' Watching tutorials', ' Following online courses', ' Working with experienced developers']","For me, the most effective learning method involves a blend of reading documentation to understand the fundamentals and then applying that knowledge through hands-on practice.  This structured approach allows for a solid theoretical foundation and immediate practical application.",Gemini,explanatory,long
What are your preferred ways to stay up-to-date with the latest technologies?,MULTI-SELECT,"['Reading industry blogs', ' Attending conferences and workshops', ' Taking online courses', ' Participating in open-source projects', ' Networking with other developers']",I find attending conferences and workshops incredibly valuable for networking and learning about the latest technologies directly from experts.  Reading industry blogs supplements this by providing ongoing insights between events.  Online courses help me deepen my understanding of specific technologies.,Gemini,verbose,long
What are your preferred ways to stay up-to-date with the latest technologies?,MULTI-SELECT,"['Reading industry blogs', ' Attending conferences and workshops', ' Taking online courses', ' Participating in open-source projects', ' Networking with other developers']","To stay current, I prioritize reading relevant industry blogs for daily updates and taking online courses to master new skills.  Conferences provide a broader overview and networking opportunities.  This combination offers a balanced approach to continuous learning.",Gemini,explanatory,long
What are your preferred ways to stay up-to-date with the latest technologies?,MULTI-SELECT,"['Reading industry blogs', ' Attending conferences and workshops', ' Taking online courses', ' Participating in open-source projects', ' Networking with other developers']",I keep up with new tech through a combination of open-source projects and industry blogs;  conferences are a waste of time unless it's directly relevant to my work.,Gemini,annoyed,long
What are your primary channels for communicating with customers?,MULTI-SELECT,"['Email', ' Phone', ' Social media', ' Live chat', ' In-person meetings']","We primarily use email for official communications and follow-ups, while phone calls are reserved for urgent matters requiring immediate attention.  Social media serves as a platform for announcements and general customer engagement.",Gemini,verbose,long
What are your primary channels for communicating with customers?,MULTI-SELECT,"['Email', ' Phone', ' Social media', ' Live chat', ' In-person meetings']","Our communication strategy is multifaceted. We utilize email for detailed correspondence, phone calls for quick resolutions, and social media to foster a community and provide updates. Live chat is used on our website for immediate customer support.",Gemini,explanatory,long
What are your primary concerns regarding the accuracy of your sales data?,MULTI-SELECT,"['Data entry errors', ' Data inconsistencies', ' Lack of data standardization', ' Difficulty accessing accurate data', ' Outdated data']",My biggest concerns are data entry errors and inconsistencies.  These lead to inaccurate reporting and make it difficult to trust the overall sales figures.  Addressing these issues is crucial for reliable sales analysis.,Gemini,verbose,long
What are your primary concerns regarding the accuracy of your sales data?,MULTI-SELECT,"['Data entry errors', ' Data inconsistencies', ' Lack of data standardization', ' Difficulty accessing accurate data', ' Outdated data']","The accuracy of our sales data is hampered by a lack of data standardization and difficulty accessing accurate data.  This makes it challenging to consolidate information from different sources and ensure consistency.  Consequently, reliable reporting becomes problematic.",Gemini,explanatory,long
What are your primary customer segments?,MULTI-SELECT,"['Construction', ' Manufacturing', ' Energy', ' Transportation', ' Agriculture']","Our primary customer segments are diverse, encompassing the construction and manufacturing sectors.  We also see significant business in the energy industry.  These three areas represent the majority of our clientele.",Gemini,verbose,long
What are your primary customer segments?,MULTI-SELECT,"['Construction', ' Manufacturing', ' Energy', ' Transportation', ' Agriculture']",Our largest customer base is currently within the construction industry.  We are also actively pursuing opportunities in the manufacturing and transportation sectors.  Our goal is to expand into agriculture in the future.,Gemini,explanatory,long
What are your primary distribution channels?,MULTI-SELECT,"['Direct sales', ' Distributors', ' Retailers', ' Online sales', ' Export']","We primarily utilize a multi-channel approach, leveraging both direct sales to key accounts and a network of distributors to reach a wider market.  Online sales are also a significant component of our strategy.",Gemini,verbose,long
What are your primary distribution channels?,MULTI-SELECT,"['Direct sales', ' Distributors', ' Retailers', ' Online sales', ' Export']","Our distribution strategy is multifaceted.  We employ direct sales for larger clients, a network of distributors for broader reach, and also maintain a robust online sales presence to cater to individual customers.  Export is currently under development.",Gemini,explanatory,long
What are your primary environmental concerns?,MULTI-SELECT,"['Air pollution', ' Water pollution', ' Waste management', ' Greenhouse gas emissions', ' Noise pollution']","My biggest concern is greenhouse gas emissions, as they drive climate change with far-reaching consequences.  Closely following that is air pollution, which directly impacts human health.  Waste management is also a serious issue, contributing to both pollution types.",Gemini,verbose,long
What are your primary environmental concerns?,MULTI-SELECT,"['Air pollution', ' Water pollution', ' Waste management', ' Greenhouse gas emissions', ' Noise pollution']","The interconnectedness of environmental issues makes it difficult to prioritize just one.  However, I'd highlight greenhouse gas emissions as the root cause of many problems, followed by its direct consequences like air and water pollution.  Waste management exacerbates these issues.",Gemini,explanatory,long
What are your primary goals for improving sustainability?,MULTI-SELECT,"['Reduce greenhouse gas emissions', ' Reduce water consumption', ' Reduce waste generation', ' Improve energy efficiency', ' Source sustainable materials']",Our primary focus is on minimizing our environmental impact.  This means prioritizing both reduced greenhouse gas emissions and improved energy efficiency across all operations. We're also committed to sourcing sustainable materials whenever feasible.,Gemini,verbose,long
What are your primary goals for improving sustainability?,MULTI-SELECT,"['Reduce greenhouse gas emissions', ' Reduce water consumption', ' Reduce waste generation', ' Improve energy efficiency', ' Source sustainable materials']","To achieve sustainability, we are concentrating our efforts on reducing greenhouse gas emissions and water consumption. These are critical factors in mitigating climate change and resource depletion.",Gemini,explanatory,long
What are your primary goals for improving your sales process?,MULTI-SELECT,"['Increase sales revenue', ' Improve sales efficiency', ' Enhance customer satisfaction', ' Reduce sales cycle length', ' Improve lead conversion rates']","Our top priority is boosting sales revenue.  A shorter sales cycle will help us achieve this, and improved lead conversion rates will also contribute significantly to increased revenue.  Better efficiency is always a plus.",Gemini,verbose,long
What are your primary goals for improving your sales process?,MULTI-SELECT,"['Increase sales revenue', ' Improve sales efficiency', ' Enhance customer satisfaction', ' Reduce sales cycle length', ' Improve lead conversion rates']","We need to improve our sales process to increase revenue, primarily by focusing on improving lead conversion rates.  Improving efficiency will also help us achieve our overall goal of higher revenue.  Happy customers contribute to repeat business and positive word of mouth.",Gemini,explanatory,long
What are your primary goals for this marketing campaign?,MULTI-SELECT,"['Increase brand awareness', ' Generate leads', ' Drive sales', ' Improve customer engagement', ' Build customer loyalty']","Our main objective is to boost brand awareness and generate leads.  By increasing visibility and capturing potential customer information, we can lay the groundwork for future sales and build stronger customer relationships. This phased approach is key to sustainable growth.",Gemini,verbose,long
What are your primary goals for this marketing campaign?,MULTI-SELECT,"['Increase brand awareness', ' Generate leads', ' Drive sales', ' Improve customer engagement', ' Build customer loyalty']","The primary goal is to increase sales, but we also need to focus on building customer loyalty to ensure long-term success.  Strong customer relationships lead to repeat business and positive word-of-mouth marketing.  This is a crucial aspect of sustained growth.",Gemini,explanatory,long
What are your primary methods for reducing energy consumption?,MULTI-SELECT,"['Energy-efficient equipment', ' Process optimization', ' Renewable energy sources', ' Waste heat recovery', ' Energy management systems']",We primarily focus on energy-efficient equipment and process optimization to reduce our energy footprint.  These two strategies offer a direct and impactful way to lower consumption without significant upfront investment in renewables.  We supplement these with waste heat recovery where feasible.,Gemini,verbose,long
What are your primary methods for reducing energy consumption?,MULTI-SELECT,"['Energy-efficient equipment', ' Process optimization', ' Renewable energy sources', ' Waste heat recovery', ' Energy management systems']",Our strategy for reducing energy consumption involves a multi-pronged approach.  We invest in energy-efficient equipment and implement robust energy management systems to monitor and control energy use.  This allows for precise optimization of processes and identification of areas for improvement.,Gemini,explanatory,long
What are your primary methods for reducing energy consumption?,MULTI-SELECT,"['Energy-efficient equipment', ' Process optimization', ' Renewable energy sources', ' Waste heat recovery', ' Energy management systems']","It's a combination of things, really.  We've upgraded our equipment,  improved our processes, and are exploring renewable options.  It's not a simple answer.",Gemini,annoyed,long
What are your primary methods for reducing waste generation?,MULTI-SELECT,"['Improved process efficiency', ' Recycling programs', ' Waste reduction initiatives', ' Waste-to-energy technologies', ' Improved material handling']","We primarily focus on improving process efficiency to minimize waste at the source.  Supplementing this, we have robust recycling programs in place to divert waste from landfills.  Waste reduction initiatives across the organization further support our goals.",Gemini,verbose,long
What are your primary methods for reducing waste generation?,MULTI-SELECT,"['Improved process efficiency', ' Recycling programs', ' Waste reduction initiatives', ' Waste-to-energy technologies', ' Improved material handling']",Our waste reduction strategy centers on improving process efficiency to minimize material use.  We also utilize recycling programs to recover valuable materials and reduce landfill waste. Waste-to-energy technologies are being explored for residual waste.,Gemini,explanatory,long
What are your primary methods for reducing waste generation?,MULTI-SELECT,"['Improved process efficiency', ' Recycling programs', ' Waste reduction initiatives', ' Waste-to-energy technologies', ' Improved material handling']","We're doing everything we can, okay?  It's a combination of better processes, recycling, and trying to cut down on waste in the first place.  It's not easy!",Gemini,annoyed,long
What are your primary methods for reducing water consumption?,MULTI-SELECT,"['Water recycling', ' Water-efficient equipment', ' Process optimization', ' Leak detection and repair', ' Water management systems']",We primarily focus on water-efficient equipment and process optimization to reduce consumption.  Regular leak detection and repair are also crucial parts of our strategy.  Recycling wastewater is a longer-term goal.,Gemini,verbose,long
What are your primary methods for reducing water consumption?,MULTI-SELECT,"['Water recycling', ' Water-efficient equipment', ' Process optimization', ' Leak detection and repair', ' Water management systems']",Our approach to reducing water consumption is multifaceted.  We implement water-efficient equipment and regularly inspect for and repair leaks.  A comprehensive water management system is currently under development.,Gemini,explanatory,long
What are your primary sources of information about industry trends?,MULTI-SELECT,"['Industry publications', ' News websites', ' Social media', ' Conferences and trade shows', ' Industry analysts']","I primarily rely on industry publications and conferences to stay abreast of the latest trends.  These sources offer in-depth analyses and direct interaction with industry experts, providing a comprehensive understanding.  News websites offer supplementary information.",Gemini,verbose,long
What are your primary sources of information about industry trends?,MULTI-SELECT,"['Industry publications', ' News websites', ' Social media', ' Conferences and trade shows', ' Industry analysts']","My understanding of industry trends is primarily shaped by reports from industry analysts, supplemented by information gleaned from relevant news websites. This combination provides a balance of expert opinion and current events.",Gemini,explanatory,long
What are your primary sources of leads?,MULTI-SELECT,"['Referral programs', ' Social media marketing', ' Content marketing', ' Email marketing', ' Paid advertising']",Our primary lead generation strategy relies heavily on referral programs and content marketing.  These methods organically build trust and attract qualified leads. We supplement this with targeted social media marketing.,Gemini,verbose,long
What are your primary sources of leads?,MULTI-SELECT,"['Referral programs', ' Social media marketing', ' Content marketing', ' Email marketing', ' Paid advertising']","We utilize a multi-pronged approach. Content marketing drives organic leads, while paid advertising provides a faster, albeit more expensive, route to acquisition. Email marketing nurtures these leads further.",Gemini,explanatory,long
What are your sales team's key performance indicators (KPIs)?,MULTI-SELECT,"['Revenue generated', ' Number of deals closed', ' Average deal size', ' Sales cycle length', ' Customer acquisition cost (CAC)']","Our sales team's KPIs are multifaceted, focusing on both the quantity and quality of sales.  We track revenue generated, the number of deals closed, and the average deal size to gauge overall performance.  We also monitor the sales cycle length and customer acquisition cost to identify areas for improvement.",Gemini,verbose,long
What are your sales team's key performance indicators (KPIs)?,MULTI-SELECT,"['Revenue generated', ' Number of deals closed', ' Average deal size', ' Sales cycle length', ' Customer acquisition cost (CAC)']","We totally look at how much money we're bringing in (revenue), how many deals we're closing, and how long it takes (sales cycle length).  Pretty basic, right?",Gemini,colloquial,long
What are your sales team's key performance indicators (KPIs)?,MULTI-SELECT,"['Revenue generated', ' Number of deals closed', ' Average deal size', ' Sales cycle length', ' Customer acquisition cost (CAC)']","To assess our sales team's effectiveness, we primarily use revenue generated as the ultimate measure of success.  However, we also analyze the number of deals closed to understand sales volume and the average deal size to assess the value of each sale.  This gives a well-rounded picture.",Gemini,explanatory,long
What are your strengths as a software developer?,MULTI-SELECT,"['Problem-solving', ' Communication', ' Teamwork', ' Time management', ' Adaptability', ' Technical skills']","My greatest strengths lie in my problem-solving abilities and technical skills.  I can quickly diagnose and resolve complex coding issues, and I'm always eager to learn new technologies.  This, combined with strong teamwork skills, allows me to contribute effectively to any project.",Gemini,verbose,long
What are your strengths as a software developer?,MULTI-SELECT,"['Problem-solving', ' Communication', ' Teamwork', ' Time management', ' Adaptability', ' Technical skills']","I excel at problem-solving because I approach challenges methodically, breaking them down into smaller, manageable components. My strong communication skills ensure that my solutions are well-understood and implemented effectively within the team.",Gemini,explanatory,long
What are your team's preferred communication tools?,MULTI-SELECT,"['Slack', ' Microsoft Teams', ' Email', ' Project management software', ' Instant messaging apps']","We primarily use Slack for quick questions and informal communication.  For project updates and task assignments, we rely heavily on our project management software.  Email is reserved for more formal communication or external stakeholders.",Gemini,verbose,long
What are your team's preferred communication tools?,MULTI-SELECT,"['Slack', ' Microsoft Teams', ' Email', ' Project management software', ' Instant messaging apps']","Our team utilizes a multi-faceted approach to communication.  We use Slack for immediate communication, email for formal documentation, and our project management software for tracking progress and deadlines.  Instant messaging apps are used sparingly for quick personal updates.",Gemini,explanatory,long
What are your team's preferred communication tools?,MULTI-SELECT,"['Slack', ' Microsoft Teams', ' Email', ' Project management software', ' Instant messaging apps']","It depends on what we're doing.  Sometimes it's Slack, other times it's email, and for big projects, it's the project management software. It's a bit chaotic.",Gemini,annoyed,long
What are your top three priorities for improving your sales process?,MULTI-SELECT,"['Improving lead generation', ' Increasing conversion rates', ' Shortening the sales cycle', ' Improving sales team performance', ' Better lead qualification']","My top priorities are boosting lead generation to get more prospects in the pipeline, followed by improving sales team performance through better training and tools.  Finally, increasing conversion rates by optimizing our sales pitches and follow-up strategies is crucial.",Gemini,verbose,long
What are your top three priorities for improving your sales process?,MULTI-SELECT,"['Improving lead generation', ' Increasing conversion rates', ' Shortening the sales cycle', ' Improving sales team performance', ' Better lead qualification']","To improve our sales process, we need to focus on generating more qualified leads.  Once we have a larger pool of qualified leads, improving our conversion rates is key to increasing sales.  Finally, shortening the sales cycle will improve efficiency and revenue.",Gemini,explanatory,long
What areas of software development are you most interested in improving?,MULTI-SELECT,"['Specific programming languages', ' Software design patterns', ' Testing methodologies', ' Project management', ' Communication skills']","I'm particularly keen on enhancing my understanding of software design patterns and testing methodologies.  Effective patterns lead to cleaner, more maintainable code, while robust testing ensures higher quality.  Improving in these areas would significantly boost my development capabilities.",Gemini,verbose,long
What areas of software development are you most interested in improving?,MULTI-SELECT,"['Specific programming languages', ' Software design patterns', ' Testing methodologies', ' Project management', ' Communication skills']","My focus for improvement lies in refining my skills in specific programming languages and project management.  Stronger programming skills are foundational, while efficient project management is crucial for successful delivery.  This combination directly impacts productivity and outcomes.",Gemini,explanatory,long
What challenges are you facing in your current marketing efforts?,MULTI-SELECT,"['Lack of budget', ' Lack of time', ' Lack of resources', ' Difficulty measuring ROI', ' Keeping up with industry trends']","We're struggling to stay current with the rapidly changing marketing landscape, and simultaneously track the effectiveness of our campaigns.  Budget constraints further exacerbate these challenges.  It's a tough juggling act.",Gemini,verbose,long
What challenges are you facing in your current marketing efforts?,MULTI-SELECT,"['Lack of budget', ' Lack of time', ' Lack of resources', ' Difficulty measuring ROI', ' Keeping up with industry trends']",Our primary challenge is accurately measuring the return on investment for our various marketing initiatives.  This is compounded by a limited budget which restricts our ability to employ sophisticated tracking methods.  We're also short on staff.,Gemini,explanatory,long
What challenges are you facing in your current marketing efforts?,MULTI-SELECT,"['Lack of budget', ' Lack of time', ' Lack of resources', ' Difficulty measuring ROI', ' Keeping up with industry trends']",It's incredibly frustrating.  We simply don't have the time or the resources to do everything we need to do effectively.  The pressure to show results is intense.,Gemini,annoyed,long
What cloud platforms are you familiar with?,MULTI-SELECT,"['AWS', ' Azure', ' Google Cloud Platform']","I have experience working with all three major cloud platforms: AWS, Azure, and Google Cloud Platform.  My familiarity spans various services within each platform.  This includes compute, storage, and database services.",Gemini,verbose,long
What cloud platforms are you familiar with?,MULTI-SELECT,"['AWS', ' Azure', ' Google Cloud Platform']","I am knowledgeable in AWS and Azure, having deployed and managed applications on both platforms.  My experience with Google Cloud Platform is more limited but still relevant.  I've worked with their storage services, for example.",Gemini,explanatory,long
What communication tools do you use for internal and external communication?,MULTI-SELECT,"['Email', ' Instant messaging', ' Video conferencing', ' Project management software', ' Intranet']","We primarily use email for formal communication and announcements, instant messaging for quick questions and informal discussions, and video conferencing for meetings and presentations. Project management software keeps everyone on track with deadlines.",Gemini,verbose,long
What communication tools do you use for internal and external communication?,MULTI-SELECT,"['Email', ' Instant messaging', ' Video conferencing', ' Project management software', ' Intranet']","For internal communication, we rely heavily on instant messaging for quick exchanges and our intranet for company-wide updates.  External communication primarily uses email and video conferencing for client interactions.",Gemini,explanatory,long
What communication tools do you use for internal and external communication?,MULTI-SELECT,"['Email', ' Instant messaging', ' Video conferencing', ' Project management software', ' Intranet']","It depends on the situation. Email for official stuff, instant messaging for most things, video calls sometimes, and the project software when absolutely necessary.  The intranet is mostly useless.",Gemini,annoyed,long
What databases have you worked with?,MULTI-SELECT,"['MySQL', ' PostgreSQL', ' MongoDB', ' Oracle', ' SQL Server']",I've extensively used MySQL for relational database management and also have experience with MongoDB for NoSQL document storage.  My experience spans both structured and unstructured data management.,Gemini,verbose,long
What databases have you worked with?,MULTI-SELECT,"['MySQL', ' PostgreSQL', ' MongoDB', ' Oracle', ' SQL Server']","My database experience includes working with relational databases such as MySQL and PostgreSQL, and I've also utilized the NoSQL database MongoDB for specific projects requiring flexible schema design. These choices were based on project needs.",Gemini,explanatory,long
What energy sources do you primarily use?,MULTI-SELECT,"['Natural gas', ' Coal', ' Electricity', ' Renewable energy', ' Oil']","We primarily rely on a mix of energy sources.  Electricity is the main one, powering most of our operations.  We also utilize natural gas for certain processes.",Gemini,verbose,long
What energy sources do you primarily use?,MULTI-SELECT,"['Natural gas', ' Coal', ' Electricity', ' Renewable energy', ' Oil']","Our energy consumption is predominantly based on electricity, which is then supplemented by renewable energy sources to decrease our carbon footprint.  This combination allows for efficient and sustainable operations.",Gemini,explanatory,long
What features are most important to you in a sales lead qualification tool?,MULTI-SELECT,"['Lead scoring', ' Lead routing', ' Integration with CRM', ' Reporting and analytics', ' Ease of use']","For me, seamless integration with my CRM is paramount.  Accurate lead scoring and robust reporting/analytics are also crucial for understanding campaign effectiveness and prioritizing leads.  Ease of use is important to ensure efficient workflow.",Gemini,verbose,long
What features are most important to you in a sales lead qualification tool?,MULTI-SELECT,"['Lead scoring', ' Lead routing', ' Integration with CRM', ' Reporting and analytics', ' Ease of use']",Effective lead qualification relies heavily on accurate lead scoring to prioritize high-potential leads.  Integration with my existing CRM is vital for streamlined data management and workflow.  Comprehensive reporting and analytics are necessary for tracking performance and making data-driven decisions.,Gemini,explanatory,long
What is your current sales process?,MULTI-SELECT,"['Inbound marketing', ' Outbound marketing', ' Sales calls', ' Email outreach', ' Social selling']","We primarily utilize inbound marketing strategies such as blogging and SEO to attract potential clients.  Once leads are generated, we follow up with email outreach to nurture them and eventually schedule sales calls.  This allows for a balanced approach.",Gemini,verbose,long
What is your current sales process?,MULTI-SELECT,"['Inbound marketing', ' Outbound marketing', ' Sales calls', ' Email outreach', ' Social selling']","Our sales process is multifaceted. We use outbound marketing for initial outreach, followed by email nurturing and, if necessary, sales calls to qualify leads. Social selling supports the process.",Gemini,explanatory,long
What is your current sales process?,MULTI-SELECT,"['Inbound marketing', ' Outbound marketing', ' Sales calls', ' Email outreach', ' Social selling']","We use a combination of methods; it depends on the client and the situation. Sometimes it's inbound, other times outbound, and calls are always involved.",Gemini,annoyed,long
What materials do you primarily process or manufacture?,MULTI-SELECT,"['Iron ore', ' Crude oil', ' Limestone', ' Chemicals', ' Plastics']","We primarily process iron ore to produce steel, a fundamental material in various industries.  Our operations also involve significant limestone processing for cement production.  We don't directly deal with crude oil, plastics, or chemicals in our primary manufacturing.",Gemini,verbose,long
What materials do you primarily process or manufacture?,MULTI-SELECT,"['Iron ore', ' Crude oil', ' Limestone', ' Chemicals', ' Plastics']","Our core manufacturing processes center around the extraction and refinement of iron ore.  Limestone is a secondary, but still important, material we utilize in our operations. The other options are not relevant to our primary materials.",Gemini,explanatory,long
What methodologies have you used in software development?,MULTI-SELECT,"['Agile', ' Scrum', ' Kanban', ' Waterfall', ' XP (Extreme Programming)']","I've primarily utilized Agile methodologies, specifically Scrum, in my software development projects.  Scrum's iterative approach and emphasis on collaboration have proven highly effective.  I've also had some experience with Kanban for smaller tasks.",Gemini,verbose,long
What methodologies have you used in software development?,MULTI-SELECT,"['Agile', ' Scrum', ' Kanban', ' Waterfall', ' XP (Extreme Programming)']","My experience encompasses both Agile and Waterfall methodologies.  While Agile, particularly Scrum, is my preferred approach for its flexibility, I have used Waterfall for projects requiring a more structured and predictable process.  Experience with XP has been limited but valuable.",Gemini,explanatory,long
What methods do you use to manage your inventory?,MULTI-SELECT,"['First-In, First-Out (FIFO)', ' Last-In, First-Out (LIFO)', ' Weighted-Average Cost', ' Specific Identification', ' Inventory Management Software']","We primarily use a First-In, First-Out (FIFO) system for our perishable goods, ensuring freshness.  For non-perishables, we utilize inventory management software to track stock levels and order points. This combined approach optimizes our inventory control.",Gemini,verbose,long
What methods do you use to manage your inventory?,MULTI-SELECT,"['First-In, First-Out (FIFO)', ' Last-In, First-Out (LIFO)', ' Weighted-Average Cost', ' Specific Identification', ' Inventory Management Software']","To manage our inventory effectively, we employ a combination of methods.  FIFO is used for perishable items to minimize waste, while we rely on inventory management software for comprehensive tracking and analysis across all product lines. This ensures accuracy and efficiency.",Gemini,explanatory,long
What methods do you use to manage your inventory?,MULTI-SELECT,"['First-In, First-Out (FIFO)', ' Last-In, First-Out (LIFO)', ' Weighted-Average Cost', ' Specific Identification', ' Inventory Management Software']","We use a combination of methods, depending on the product.  It's not as simple as one single method.  We utilize FIFO, LIFO, and sometimes specific identification, all while relying heavily on software.",Gemini,annoyed,long
What programming languages are you proficient in?,MULTI-SELECT,"['Python', ' Java', ' JavaScript', ' C++', ' C#', ' Go', ' Swift', ' Kotlin', ' PHP', ' Ruby']","I'm highly proficient in Python and Java, having used them extensively for various projects.  I also have working knowledge of JavaScript and C++. My skills in these languages allow me to tackle a wide range of programming tasks.",Gemini,verbose,long
What programming languages are you proficient in?,MULTI-SELECT,"['Python', ' Java', ' JavaScript', ' C++', ' C#', ' Go', ' Swift', ' Kotlin', ' PHP', ' Ruby']","My expertise lies primarily in Python and Java, which are my preferred languages for most applications. I have some familiarity with C# and Go, though my proficiency is less developed in those languages.",Gemini,explanatory,long
What project management tools have you used?,MULTI-SELECT,"['Jira', ' Trello', ' Asana', ' GitHub Projects', ' GitLab Issues']","I've extensively used Jira for software development projects, finding its issue tracking and workflow management capabilities very effective.  I've also dabbled with Trello for smaller, less complex tasks.  Asana was helpful for a short-term team project.",Gemini,verbose,long
What project management tools have you used?,MULTI-SELECT,"['Jira', ' Trello', ' Asana', ' GitHub Projects', ' GitLab Issues']","My experience includes using Jira for large-scale projects requiring detailed tracking, and Trello for smaller, more agile projects. GitHub Projects were utilized for a collaborative open-source contribution.",Gemini,explanatory,long
What regulatory bodies do you interact with?,MULTI-SELECT,"['Environmental Protection Agency (EPA)', ' Occupational Safety and Health Administration (OSHA)', ' Department of Transportation (DOT)', ' Local environmental agencies', ' Industry-specific regulatory bodies']","We regularly interact with the Environmental Protection Agency (EPA) to ensure compliance with environmental regulations, and also work with the Department of Transportation (DOT) for transportation of hazardous materials.  Local environmental agencies also play a significant role in our operations.",Gemini,verbose,long
What regulatory bodies do you interact with?,MULTI-SELECT,"['Environmental Protection Agency (EPA)', ' Occupational Safety and Health Administration (OSHA)', ' Department of Transportation (DOT)', ' Local environmental agencies', ' Industry-specific regulatory bodies']","Our regulatory compliance program necessitates interaction with several bodies.  These include the EPA for environmental matters, OSHA for workplace safety, and industry-specific regulatory bodies depending on our particular operations.  We also liaise with local environmental agencies.",Gemini,explanatory,long
What safety measures are in place at your facility?,MULTI-SELECT,"['Personal Protective Equipment (PPE)', ' Regular safety inspections', ' Emergency response plans', ' Employee safety training', ' Lockout/Tagout procedures']","We prioritize safety through comprehensive employee training programs covering various hazards.  Regular safety inspections ensure our equipment and facility are maintained to the highest standards, and we have detailed emergency response plans in place.  Personal Protective Equipment (PPE) is readily available and its use is strictly enforced.",Gemini,verbose,long
What safety measures are in place at your facility?,MULTI-SELECT,"['Personal Protective Equipment (PPE)', ' Regular safety inspections', ' Emergency response plans', ' Employee safety training', ' Lockout/Tagout procedures']","Our facility maintains a robust safety program. This includes providing and requiring the use of Personal Protective Equipment (PPE), conducting regular safety inspections to identify and mitigate hazards, and implementing comprehensive Lockout/Tagout procedures for machinery maintenance.  We also have thorough emergency response plans and mandatory employee safety training.",Gemini,explanatory,long
What security practices are you familiar with?,MULTI-SELECT,"['OWASP Top 10', ' Authentication', ' Authorization', ' Encryption', ' Input validation', ' Output encoding', ' Secure coding practices']","I'm familiar with many security practices, but focusing on the options provided, I'd highlight OWASP Top 10, as it's a comprehensive list, and Authentication & Authorization, which are fundamental to access control.  Encryption is also critical for data protection.",Gemini,verbose,long
What security practices are you familiar with?,MULTI-SELECT,"['OWASP Top 10', ' Authentication', ' Authorization', ' Encryption', ' Input validation', ' Output encoding', ' Secure coding practices']","Secure coding practices encompass many of the listed options.  However, specifically, I'm familiar with input validation and output encoding to prevent injection attacks, and encryption for protecting sensitive data.  Authentication and authorization control access.",Gemini,explanatory,long
What skills are you looking for in a new employee?,MULTI-SELECT,"['Communication', ' Problem-solving', ' Teamwork', ' Leadership', ' Technical skills']",We're searching for someone with excellent communication and problem-solving skills.  The ability to work effectively as part of a team is also crucial for success in this role.  Strong technical skills are a plus.,Gemini,verbose,long
What skills are you looking for in a new employee?,MULTI-SELECT,"['Communication', ' Problem-solving', ' Teamwork', ' Leadership', ' Technical skills']","For this position, strong communication skills are paramount for effective collaboration.  Problem-solving abilities are vital for navigating challenges, and teamwork ensures a smooth workflow.  Leadership potential is a bonus.",Gemini,explanatory,long
What supply chain management strategies do you utilize?,MULTI-SELECT,"['Just-in-time (JIT) inventory', ' Vendor managed inventory (VMI)', ' Supplier relationship management (SRM)', ' Risk management', ' Supply chain diversification']","We leverage Just-in-Time inventory to minimize storage costs and waste.  Simultaneously, strong Supplier Relationship Management ensures consistent quality and timely deliveries.  Risk management is also crucial to our overall strategy.",Gemini,verbose,long
What supply chain management strategies do you utilize?,MULTI-SELECT,"['Just-in-time (JIT) inventory', ' Vendor managed inventory (VMI)', ' Supplier relationship management (SRM)', ' Risk management', ' Supply chain diversification']","We totally use JIT to keep things lean, and we've got solid relationships with our suppliers (SRM). Plus, you gotta have a plan for when stuff goes sideways (Risk management).",Gemini,colloquial,long
What supply chain management strategies do you utilize?,MULTI-SELECT,"['Just-in-time (JIT) inventory', ' Vendor managed inventory (VMI)', ' Supplier relationship management (SRM)', ' Risk management', ' Supply chain diversification']",Our supply chain strategy centers on Just-in-Time inventory management to optimize efficiency and reduce holding costs.  We also employ Vendor Managed Inventory for certain key products to streamline processes and improve forecasting accuracy.  Supplier Relationship Management is fundamental to our long-term success.,Gemini,explanatory,long
What technologies are you currently implementing or exploring?,MULTI-SELECT,"['Automation', ' Robotics', ' Artificial intelligence (AI)', ' Internet of Things (IoT)', ' Big data analytics']",We're heavily invested in AI and big data analytics to improve our efficiency and decision-making processes.  We're also exploring the potential of IoT for enhanced data collection and automation opportunities.  Robotics is on our radar for the longer term.,Gemini,verbose,long
What technologies are you currently implementing or exploring?,MULTI-SELECT,"['Automation', ' Robotics', ' Artificial intelligence (AI)', ' Internet of Things (IoT)', ' Big data analytics']",Our current focus is on leveraging automation and AI to streamline workflows.  We're also investigating the use of IoT to gather real-time operational data for improved analytics and decision-making. This data will be analyzed using big data analytics.,Gemini,explanatory,long
What technologies are you currently implementing or exploring?,MULTI-SELECT,"['Automation', ' Robotics', ' Artificial intelligence (AI)', ' Internet of Things (IoT)', ' Big data analytics']","We're working with AI and big data; it's complex, but necessary for progress.  The other options are being considered, but aren't prioritized right now.",Gemini,annoyed,long
What testing methodologies are you familiar with?,MULTI-SELECT,"['Unit testing', ' Integration testing', ' System testing', ' User acceptance testing', ' Agile testing', ' Waterfall testing']","I'm familiar with a range of testing methodologies, including unit testing to verify individual components, integration testing to ensure modules work together, and system testing to validate the entire system's functionality.  I also have experience with user acceptance testing to ensure the system meets user needs.",Gemini,verbose,long
What testing methodologies are you familiar with?,MULTI-SELECT,"['Unit testing', ' Integration testing', ' System testing', ' User acceptance testing', ' Agile testing', ' Waterfall testing']","My knowledge encompasses various testing methodologies.  Unit testing focuses on individual units of code, while integration testing verifies the interaction between different units.  System testing evaluates the complete system's functionality.",Gemini,explanatory,long
What tools do you use for project management?,MULTI-SELECT,"['Jira', ' Trello', ' Asana', ' Monday.com', ' Microsoft Project']","We primarily use Jira for its robust features and extensive customization options, allowing us to manage complex projects effectively.  Trello is also helpful for smaller, simpler tasks that need a more visual approach.  For quick overviews and team collaboration, we sometimes utilize Asana.",Gemini,verbose,long
What tools do you use for project management?,MULTI-SELECT,"['Jira', ' Trello', ' Asana', ' Monday.com', ' Microsoft Project']","Our team relies heavily on Jira for its comprehensive project tracking capabilities.  Its workflow customization and reporting features are invaluable for managing larger, more intricate projects. We supplement this with Asana for smaller tasks and simpler workflows.",Gemini,explanatory,long
What training programs do you offer your employees?,MULTI-SELECT,"['Safety training', ' Technical skills training', ' Leadership development', ' Environmental awareness training', ' On-the-job training']","We provide a comprehensive range of training programs for our employees, focusing on safety procedures, technical skill enhancement, and leadership development to improve overall performance.  These programs are crucial for our continued success.",Gemini,verbose,long
What training programs do you offer your employees?,MULTI-SELECT,"['Safety training', ' Technical skills training', ' Leadership development', ' Environmental awareness training', ' On-the-job training']","To ensure employee competency and a safe work environment, we offer several training initiatives. These include safety training to meet regulatory requirements, technical skills training to improve job performance, and leadership development programs for management.",Gemini,explanatory,long
What type of sales leads are you most interested in?,MULTI-SELECT,"['High-value leads', ' Qualified leads', ' Marketing qualified leads (MQLs)', ' Sales qualified leads (SQLs)', ' All leads']","My priority is securing high-value leads that have a strong potential for significant revenue generation.  Qualified leads are also important, but the highest return on investment comes from those with the largest potential.  Focusing on these two categories maximizes efficiency.",Gemini,verbose,long
What type of sales leads are you most interested in?,MULTI-SELECT,"['High-value leads', ' Qualified leads', ' Marketing qualified leads (MQLs)', ' Sales qualified leads (SQLs)', ' All leads']","While all leads have potential, my time is best spent focusing on Sales Qualified Leads (SQLs). These leads have already been vetted and are most likely to convert into paying customers, maximizing my sales efforts.  MQLs are valuable but require more nurturing.",Gemini,explanatory,long
What type of sales leads are you most interested in?,MULTI-SELECT,"['High-value leads', ' Qualified leads', ' Marketing qualified leads (MQLs)', ' Sales qualified leads (SQLs)', ' All leads']","It depends on the context, but ideally, I'd prefer to have leads that are already qualified and ready to buy.  All leads are a waste of time if they aren't serious.",Gemini,annoyed,long
What types of  cloud computing services do you use?,MULTI-SELECT,"['Amazon Web Services (AWS)', ' Microsoft Azure', ' Google Cloud Platform (GCP)', ' IBM Cloud', ' Oracle Cloud']","I primarily utilize Amazon Web Services for my cloud computing needs, leveraging their extensive range of services.  I also supplement this with Google Cloud Platform for specific tasks where its strengths are particularly beneficial.  Occasionally, I might use Microsoft Azure for certain projects depending on specific requirements.",Gemini,verbose,long
What types of  cloud computing services do you use?,MULTI-SELECT,"['Amazon Web Services (AWS)', ' Microsoft Azure', ' Google Cloud Platform (GCP)', ' IBM Cloud', ' Oracle Cloud']",My cloud infrastructure relies heavily on Amazon Web Services for its robust and comprehensive suite of tools.  I've found Google Cloud Platform to be a valuable complement for particular applications requiring specialized capabilities. The choice between platforms often depends on the project's specific needs and cost considerations.,Gemini,explanatory,long
What types of  cybersecurity software do you use?,MULTI-SELECT,"['CrowdStrike', ' Palo Alto Networks', ' Fortinet', ' Check Point', ' Symantec']","We utilize a multi-layered approach to cybersecurity, incorporating CrowdStrike for endpoint protection and Palo Alto Networks for network security.  This combination provides robust threat detection and prevention capabilities.",Gemini,verbose,long
What types of  cybersecurity software do you use?,MULTI-SELECT,"['CrowdStrike', ' Palo Alto Networks', ' Fortinet', ' Check Point', ' Symantec']",Our cybersecurity strategy relies on a blend of solutions.  We use Symantec for email security and Check Point for firewall protection to create a comprehensive security posture.  These systems work together to identify and mitigate threats.,Gemini,explanatory,long
What types of  data analytics tools do you use?,MULTI-SELECT,"['Tableau', ' Power BI', ' Qlik Sense', ' Splunk', ' Google Data Studio']","I primarily use Tableau for its intuitive interface and powerful visualization capabilities.  I also find Power BI helpful for certain data sets, particularly those integrated with Microsoft products.  Occasionally, I leverage Google Data Studio for simpler dashboards.",Gemini,verbose,long
What types of  data analytics tools do you use?,MULTI-SELECT,"['Tableau', ' Power BI', ' Qlik Sense', ' Splunk', ' Google Data Studio']","For data analysis, my go-to tool is Splunk, especially when dealing with large volumes of machine data.  While I'm familiar with Tableau and Power BI, Splunk's features for log analysis and security information and event management (SIEM) are unmatched for my needs.  I occasionally use Google Data Studio for quick visualizations.",Gemini,explanatory,long
What types of  maintenance software do you use?,MULTI-SELECT,"['SAP PM', ' IBM Maximo', ' Oracle EAM', ' Infor EAM', ' Microsoft Dynamics 365']","We utilize a combination of SAP PM and IBM Maximo for our maintenance software needs.  SAP PM handles our core processes, while IBM Maximo is used for specialized equipment management.  This dual approach allows us to leverage the strengths of both systems.",Gemini,verbose,long
What types of  maintenance software do you use?,MULTI-SELECT,"['SAP PM', ' IBM Maximo', ' Oracle EAM', ' Infor EAM', ' Microsoft Dynamics 365']",Our company uses Oracle EAM for its comprehensive asset management capabilities.  It integrates well with our existing systems and provides robust reporting functionality. This allows for efficient tracking of maintenance activities and costs.,Gemini,explanatory,long
What types of  project management software do you use?,MULTI-SELECT,"['Microsoft Project', ' Asana', ' Jira', ' Trello', ' Monday.com']","We utilize a combination of project management tools depending on the project's complexity and team size. For smaller projects, Asana's user-friendly interface is ideal, while larger, more complex projects benefit from the robust features of Microsoft Project.  We also use Trello for simpler task management.",Gemini,verbose,long
What types of  project management software do you use?,MULTI-SELECT,"['Microsoft Project', ' Asana', ' Jira', ' Trello', ' Monday.com']","Our project management software selection is strategic.  Jira is used for software development projects due to its issue tracking capabilities, and we find Monday.com effective for marketing campaigns needing visual progress tracking.",Gemini,explanatory,long
What types of  risk management software do you use?,MULTI-SELECT,"['Archer', ' ServiceNow', ' MetricStream', ' Riskonnect', ' LogicManager']","We utilize a combination of Archer and Riskonnect for our risk management needs.  Archer handles the strategic aspects, while Riskonnect focuses on operational risks. This dual approach provides comprehensive coverage.",Gemini,verbose,long
What types of  risk management software do you use?,MULTI-SELECT,"['Archer', ' ServiceNow', ' MetricStream', ' Riskonnect', ' LogicManager']",Our organization employs ServiceNow for its robust features and seamless integration with other systems. It effectively manages and mitigates a wide range of risks across the enterprise.,Gemini,explanatory,long
What types of communication protocols are you familiar with?,MULTI-SELECT,"['HTTP', ' HTTPS', ' TCP/IP', ' UDP', ' REST', ' GraphQL']","I am familiar with several communication protocols, including HTTP, HTTPS, and TCP/IP.  These are fundamental protocols for web communication and network connectivity.  Additionally, I understand REST and GraphQL, which are architectural styles built on top of these lower-level protocols.",Gemini,verbose,long
What types of communication protocols are you familiar with?,MULTI-SELECT,"['HTTP', ' HTTPS', ' TCP/IP', ' UDP', ' REST', ' GraphQL']","I know HTTP and HTTPS – gotta get those websites loaded!  And TCP/IP, that's like the internet's backbone, right?  Plus, I've heard of REST and GraphQL.",Gemini,colloquial,long
What types of communication protocols are you familiar with?,MULTI-SELECT,"['HTTP', ' HTTPS', ' TCP/IP', ' UDP', ' REST', ' GraphQL']","My knowledge encompasses the application layer protocols HTTP, HTTPS, REST, and GraphQL, which define how data is exchanged. I also understand the underlying transport layer protocols TCP/IP and UDP, responsible for reliable and unreliable data delivery respectively.",Gemini,explanatory,long
What types of content do you find most effective for lead generation?,MULTI-SELECT,"['Blog posts', ' Case studies', ' White papers', ' Webinars', ' Ebooks', ' Infographics']","For lead generation, I find a combination of high-value content works best.  Case studies build trust, while webinars and ebooks provide in-depth information that attracts serious prospects. Blog posts offer a broader reach, capturing those in earlier stages of the buying cycle.",Gemini,verbose,long
What types of content do you find most effective for lead generation?,MULTI-SELECT,"['Blog posts', ' Case studies', ' White papers', ' Webinars', ' Ebooks', ' Infographics']","I've found that a multi-faceted approach is most effective.  Blog posts attract a wider audience, while gated content like ebooks and white papers capture qualified leads who are willing to exchange contact information for valuable resources.  Case studies provide social proof.",Gemini,explanatory,long
What types of content do you find most effective for lead generation?,MULTI-SELECT,"['Blog posts', ' Case studies', ' White papers', ' Webinars', ' Ebooks', ' Infographics']","It depends on your target audience, but generally, a mix of things is needed.  If I had to pick, I'd say case studies and white papers are the best choices for high-quality leads.",Gemini,annoyed,long
What types of data do you collect to monitor your operations?,MULTI-SELECT,"['Production data', ' Energy consumption data', ' Environmental data', ' Safety data', ' Maintenance data']","We meticulously track production data to gauge efficiency, energy consumption data for cost optimization and environmental impact assessment, and safety data to ensure a secure working environment.  This data is crucial for continuous improvement.",Gemini,verbose,long
What types of data do you collect to monitor your operations?,MULTI-SELECT,"['Production data', ' Energy consumption data', ' Environmental data', ' Safety data', ' Maintenance data']","We keep tabs on how much stuff we make (production), how much juice it takes (energy), if we're hurting the planet (environmental), and if anyone's getting hurt (safety).",Gemini,colloquial,long
What types of data do you collect to monitor your operations?,MULTI-SELECT,"['Production data', ' Energy consumption data', ' Environmental data', ' Safety data', ' Maintenance data']","To monitor operations effectively, we gather several key datasets.  Production data provides insight into output and efficiency.  Energy consumption data allows us to identify areas for cost savings and environmental impact reduction.",Gemini,explanatory,long
What types of data structures are you comfortable using?,MULTI-SELECT,"['Arrays', ' Linked Lists', ' Trees', ' Graphs', ' Hash Tables', ' Stacks', ' Queues']","I'm proficient with a variety of data structures, including arrays, linked lists, and trees.  My experience also extends to hash tables, which are particularly useful for efficient lookups.  I'm also familiar with the fundamental stack and queue structures.",Gemini,verbose,long
What types of data structures are you comfortable using?,MULTI-SELECT,"['Arrays', ' Linked Lists', ' Trees', ' Graphs', ' Hash Tables', ' Stacks', ' Queues']","I have a strong understanding of fundamental data structures such as arrays, linked lists, stacks, and queues.  Furthermore, I am experienced in working with more complex structures like trees and graphs.  My knowledge allows me to choose the appropriate structure for a given task.",Gemini,explanatory,long
What types of databases have you used in your projects?,MULTI-SELECT,"['Relational databases', ' NoSQL databases', ' Graph databases']","I've worked extensively with relational databases like PostgreSQL and MySQL for structured data management.  I've also dabbled in NoSQL databases such as MongoDB for more flexible, schema-less data.  My experience with graph databases is limited but I'm familiar with their applications.",Gemini,verbose,long
What types of databases have you used in your projects?,MULTI-SELECT,"['Relational databases', ' NoSQL databases', ' Graph databases']","My projects have utilized relational databases for their structured data model and ACID properties, ensuring data integrity.  I've also incorporated NoSQL databases where scalability and flexibility were paramount.  This combination allowed me to address diverse data management needs.",Gemini,explanatory,long
What types of deployment strategies are you familiar with?,MULTI-SELECT,"['Continuous deployment', ' Continuous integration', ' Rolling deployments', ' Blue/green deployments', ' Canary deployments']","I'm familiar with several deployment strategies including continuous integration, continuous deployment, and blue/green deployments.  These approaches offer varying levels of automation and risk mitigation during software releases.  They are crucial for efficient and reliable software delivery.",Gemini,verbose,long
What types of deployment strategies are you familiar with?,MULTI-SELECT,"['Continuous deployment', ' Continuous integration', ' Rolling deployments', ' Blue/green deployments', ' Canary deployments']","My knowledge encompasses continuous integration and continuous deployment as foundational practices.  Beyond these, I understand the benefits and implementation of rolling deployments for minimizing downtime.  Blue/green deployments provide a safer, more controlled release process.",Gemini,explanatory,long
What types of design patterns are you familiar with?,MULTI-SELECT,"['Singleton', ' Factory', ' Observer', ' MVC', ' MVVM', ' Decorator', ' Adapter', ' Strategy']","I'm familiar with several design patterns, including the Singleton, Factory, and Observer patterns.  These are fundamental patterns used frequently in software development to solve common design problems.  Understanding them helps create more maintainable and scalable code.",Gemini,verbose,long
What types of design patterns are you familiar with?,MULTI-SELECT,"['Singleton', ' Factory', ' Observer', ' MVC', ' MVVM', ' Decorator', ' Adapter', ' Strategy']",My knowledge encompasses several design patterns.  The Singleton pattern ensures only one instance of a class exists; the Factory pattern provides an interface for creating objects; and the Observer pattern defines a one-to-many dependency between objects.,Gemini,explanatory,long
What types of design patterns are you most comfortable using?,MULTI-SELECT,"['Creational patterns', ' Structural patterns', ' Behavioral patterns']","I'm most comfortable with creational patterns, as they provide a robust way to instantiate objects.  My experience also extends to structural patterns, which I find helpful for organizing complex systems. I have less experience with behavioral patterns, though I'm familiar with their purpose.",Gemini,verbose,long
What types of design patterns are you most comfortable using?,MULTI-SELECT,"['Creational patterns', ' Structural patterns', ' Behavioral patterns']","My experience primarily lies in the realm of creational patterns, specifically the Factory and Singleton patterns. I am also proficient in using structural patterns like Adapter and Decorator, but less so with behavioral patterns.",Gemini,explanatory,long
What types of design patterns have you implemented in your projects?,MULTI-SELECT,"['Creational patterns', ' Structural patterns', ' Behavioral patterns']","I've utilized a variety of design patterns in my projects, including creational patterns for object instantiation and structural patterns to compose classes and objects.  Behavioral patterns have also played a crucial role in managing object interactions and algorithms.",Gemini,verbose,long
What types of design patterns have you implemented in your projects?,MULTI-SELECT,"['Creational patterns', ' Structural patterns', ' Behavioral patterns']","My projects have extensively employed creational patterns to manage object creation, ensuring flexibility and maintainability.  I have also utilized structural patterns for organizing classes and objects in more complex systems.",Gemini,explanatory,long
What types of design principles are you familiar with?,MULTI-SELECT,"['SOLID principles', "" DRY (Don't Repeat Yourself)"", ' KISS (Keep It Simple, Stupid)', "" YAGNI (You Ain't Gonna Need It)""]","I'm familiar with several design principles, including SOLID principles, DRY, and KISS.  These principles are crucial for writing clean, maintainable, and efficient code.  They help to avoid common pitfalls in software development.",Gemini,verbose,long
What types of design principles are you familiar with?,MULTI-SELECT,"['SOLID principles', "" DRY (Don't Repeat Yourself)"", ' KISS (Keep It Simple, Stupid)', "" YAGNI (You Ain't Gonna Need It)""]","My knowledge encompasses the SOLID principles, which are a set of five design principles intended to make software designs more understandable, flexible, and maintainable.  I also understand DRY and KISS.",Gemini,explanatory,long
What types of diagrams are you familiar with?,MULTI-SELECT,"['UML diagrams', ' Flowcharts', ' Entity-relationship diagrams', ' Data flow diagrams', ' State diagrams']","I'm familiar with UML diagrams, flowcharts, and entity-relationship diagrams.  These are common tools used in software engineering and database design. They help visualize different aspects of a system.",Gemini,verbose,long
What types of diagrams are you familiar with?,MULTI-SELECT,"['UML diagrams', ' Flowcharts', ' Entity-relationship diagrams', ' Data flow diagrams', ' State diagrams']","My knowledge base includes UML diagrams, which are used for software design, and entity-relationship diagrams, which model databases.  I also understand flowcharts, which illustrate processes.",Gemini,explanatory,long
What types of diversity and inclusion initiatives does your company have?,MULTI-SELECT,"['Diversity training', ' Employee resource groups', ' Mentorship programs', ' Inclusive hiring practices', ' Accessibility initiatives']","We have a robust diversity and inclusion program encompassing several key initiatives.  This includes mandatory diversity training for all employees,  active mentorship programs to support underrepresented groups, and a commitment to inclusive hiring practices throughout the recruitment process.",Gemini,verbose,long
What types of diversity and inclusion initiatives does your company have?,MULTI-SELECT,"['Diversity training', ' Employee resource groups', ' Mentorship programs', ' Inclusive hiring practices', ' Accessibility initiatives']","Our company prioritizes diversity and inclusion through a multifaceted approach. We conduct regular diversity training sessions, foster employee resource groups to build community, and implement accessibility initiatives to create a welcoming environment for all employees.  Our commitment also extends to inclusive hiring practices.",Gemini,explanatory,long
What types of diversity and inclusion initiatives does your company have?,MULTI-SELECT,"['Diversity training', ' Employee resource groups', ' Mentorship programs', ' Inclusive hiring practices', ' Accessibility initiatives']","We have a number of diversity initiatives in place.  These include training, employee resource groups, and we're working on improving accessibility.  It's an ongoing process.",Gemini,annoyed,long
What types of documentation are you comfortable creating?,MULTI-SELECT,"['User manuals', ' Technical specifications', ' API documentation', ' Design documents', ' Test plans']","I'm proficient in creating user manuals and API documentation.  These are areas where I have extensive experience and consistently deliver high-quality results.  My strengths lie in clear, concise writing tailored to the intended audience.",Gemini,verbose,long
What types of documentation are you comfortable creating?,MULTI-SELECT,"['User manuals', ' Technical specifications', ' API documentation', ' Design documents', ' Test plans']","I am capable of generating several types of documentation.  Specifically, I can create user manuals, test plans, and design documents effectively.  My output quality is consistently high for these document types.",Gemini,explanatory,long
What types of employee benefits does your company offer?,MULTI-SELECT,"['Health insurance', ' Retirement plan', ' Paid time off', ' Tuition reimbursement', ' Child care assistance']","We offer a comprehensive benefits package including health insurance, a retirement plan with employer matching, and generous paid time off.  We also provide tuition reimbursement to support employees' professional development.",Gemini,verbose,long
What types of employee benefits does your company offer?,MULTI-SELECT,"['Health insurance', ' Retirement plan', ' Paid time off', ' Tuition reimbursement', ' Child care assistance']","Our company values its employees and offers a range of benefits to support their well-being.  These include health insurance options, a retirement savings plan, and paid time off for vacation and sick leave.  We also offer tuition reimbursement to help employees further their education.",Gemini,explanatory,long
What types of events do you typically attend?,MULTI-SELECT,"['Conferences', ' Trade shows', ' Seminars', ' Workshops', ' Networking events']",I frequently attend conferences and workshops to stay current in my field.  Networking events are also important for professional development. I find seminars less engaging than the others.,Gemini,verbose,long
What types of events do you typically attend?,MULTI-SELECT,"['Conferences', ' Trade shows', ' Seminars', ' Workshops', ' Networking events']","My professional development relies heavily on attending conferences to learn about new research and trends.  Seminars offer focused learning on specific topics, and I occasionally attend workshops for practical skill development.",Gemini,explanatory,long
What types of heavy machinery do you utilize?,MULTI-SELECT,"['Bulldozers', ' Excavator', ' Cranes', ' Forklifts', ' Heavy-duty trucks']","We primarily use bulldozers and excavators for large-scale earthmoving projects.  Cranes are also essential for lifting heavy materials, while heavy-duty trucks handle transportation.  Forklifts are used for smaller, localized material handling.",Gemini,verbose,long
What types of heavy machinery do you utilize?,MULTI-SELECT,"['Bulldozers', ' Excavator', ' Cranes', ' Forklifts', ' Heavy-duty trucks']","Our operations rely heavily on a combination of earth-moving equipment, such as bulldozers and excavators.  We also utilize cranes for lifting and placement of materials, and heavy-duty trucks for efficient transport.  Forklifts are used for internal yard work.",Gemini,explanatory,long
What types of industrial automation systems do you use?,MULTI-SELECT,"['Programmable Logic Controllers (PLCs)', ' Supervisory Control and Data Acquisition (SCADA)', ' Distributed Control Systems (DCS)', ' Human-Machine Interfaces (HMIs)', ' Industrial Ethernet']","We utilize a comprehensive suite of industrial automation systems, including Programmable Logic Controllers (PLCs), Supervisory Control and Data Acquisition (SCADA) systems, and Human-Machine Interfaces (HMIs) to monitor and control our processes effectively.  These systems work together to ensure efficient and reliable operation.",Gemini,verbose,long
What types of industrial automation systems do you use?,MULTI-SELECT,"['Programmable Logic Controllers (PLCs)', ' Supervisory Control and Data Acquisition (SCADA)', ' Distributed Control Systems (DCS)', ' Human-Machine Interfaces (HMIs)', ' Industrial Ethernet']","Our automation relies heavily on Programmable Logic Controllers (PLCs) for process control at the machine level.  These are then integrated with a Supervisory Control and Data Acquisition (SCADA) system for higher-level monitoring and control, and all are visualized via Human-Machine Interfaces (HMIs).",Gemini,explanatory,long
What types of industrial robots are used in your operations?,MULTI-SELECT,"['Articulated robots', ' Cartesian robots', ' SCARA robots', ' Delta robots', ' Collaborative robots (cobots)']","We utilize a variety of robots in our operations, primarily articulated robots for their versatility in handling complex tasks, and SCARA robots for their speed and precision in assembly processes.  We also employ a smaller number of collaborative robots for specific human-robot interaction applications.",Gemini,verbose,long
What types of industrial robots are used in your operations?,MULTI-SELECT,"['Articulated robots', ' Cartesian robots', ' SCARA robots', ' Delta robots', ' Collaborative robots (cobots)']","Our facility uses articulated robots for their wide range of motion and payload capacity, which are suited to many of our manufacturing processes.  Cartesian robots are also employed for specific pick-and-place operations requiring precise linear movement.  Finally, we use cobots in areas where human-robot collaboration is beneficial.",Gemini,explanatory,long
What types of information are most important to include in your sales proposals?,MULTI-SELECT,"['Product features and benefits', ' Pricing and payment terms', ' Case studies and testimonials', ' Client success stories', ' Service level agreements (SLAs)']","A compelling sales proposal needs to clearly outline the product's features and benefits, demonstrating how they solve the client's problems.  Including pricing and payment terms ensures transparency, and showcasing client success stories builds trust and credibility. Case studies provide concrete examples of positive outcomes.",Gemini,verbose,long
What types of information are most important to include in your sales proposals?,MULTI-SELECT,"['Product features and benefits', ' Pricing and payment terms', ' Case studies and testimonials', ' Client success stories', ' Service level agreements (SLAs)']","Dude, you gotta show 'em what your stuff does (features and benefits!), how much it costs (pricing), and how awesome it's been for others (client success stories).  That's the winning combo.",Gemini,colloquial,long
What types of information are most important to include in your sales proposals?,MULTI-SELECT,"['Product features and benefits', ' Pricing and payment terms', ' Case studies and testimonials', ' Client success stories', ' Service level agreements (SLAs)']","To effectively persuade a potential client, a proposal must detail the product's capabilities and their resulting advantages.  Financial information, such as pricing and payment terms, is essential for transparency.  Finally, demonstrating success through case studies and testimonials builds confidence in your offering.",Gemini,explanatory,long
What types of information are most important to include in your sales proposals?,MULTI-SELECT,"['Product features and benefits', ' Pricing and payment terms', ' Case studies and testimonials', ' Client success stories', ' Service level agreements (SLAs)']","Seriously, it's not rocket science.  You need to show them the value proposition (features and benefits) and how it's going to cost them (pricing).  Testimonials help too.",Gemini,annoyed,long
What types of maintenance strategies do you employ?,MULTI-SELECT,"['Preventive maintenance', ' Predictive maintenance', ' Corrective maintenance', ' Condition-based maintenance', ' Total productive maintenance (TPM)']","We utilize a comprehensive maintenance approach encompassing preventive measures to avoid issues, predictive analysis to anticipate failures, and corrective actions when necessary.  This strategy ensures optimal equipment uptime and minimizes unexpected downtime.  We also incorporate condition-based maintenance for added efficiency.",Gemini,verbose,long
What types of maintenance strategies do you employ?,MULTI-SELECT,"['Preventive maintenance', ' Predictive maintenance', ' Corrective maintenance', ' Condition-based maintenance', ' Total productive maintenance (TPM)']","Our maintenance strategy is multi-faceted. We perform routine preventive maintenance to extend equipment lifespan.  Predictive maintenance, using data analysis, helps us proactively address potential failures before they occur.  Corrective maintenance addresses breakdowns as they happen.",Gemini,explanatory,long
What types of maintenance strategies do you employ?,MULTI-SELECT,"['Preventive maintenance', ' Predictive maintenance', ' Corrective maintenance', ' Condition-based maintenance', ' Total productive maintenance (TPM)']","We use a combination of methods – preventative, predictive, and sometimes, of course, we have to do corrective maintenance when things go wrong. It's not always straightforward.",Gemini,annoyed,long
What types of marketing channels does your company use?,MULTI-SELECT,"['Digital marketing', ' Social media marketing', ' Email marketing', ' Content marketing', ' Traditional marketing']","We utilize a multi-channel approach, encompassing digital marketing strategies across various platforms, including social media and email marketing.  Content marketing plays a key role in attracting and engaging our audience. We also leverage traditional marketing methods for wider reach.",Gemini,verbose,long
What types of marketing channels does your company use?,MULTI-SELECT,"['Digital marketing', ' Social media marketing', ' Email marketing', ' Content marketing', ' Traditional marketing']","Our marketing strategy is primarily digital, focusing on SEO and SEM within the broader digital marketing umbrella. We also use social media and email marketing to nurture leads and build brand awareness.  Content marketing is essential for thought leadership.",Gemini,explanatory,long
What types of marketing content do you find most effective?,MULTI-SELECT,"['Blog posts', ' Videos', ' Infographics', ' Case studies', ' Email newsletters', ' Social media posts']","I find that a combination of video marketing and blog posts works best for me. Videos are great for capturing attention quickly, while blog posts allow for more in-depth explanations and SEO benefits.  Together they create a strong marketing strategy.",Gemini,verbose,long
What types of marketing content do you find most effective?,MULTI-SELECT,"['Blog posts', ' Videos', ' Infographics', ' Case studies', ' Email newsletters', ' Social media posts']","For me, email newsletters are the most effective because they allow for direct communication with a targeted audience. This personalized approach fosters engagement and drives conversions more effectively than other methods.  Building an email list is key.",Gemini,explanatory,long
What types of marketing content do you find most effective?,MULTI-SELECT,"['Blog posts', ' Videos', ' Infographics', ' Case studies', ' Email newsletters', ' Social media posts']","It depends on the audience, but I've seen the best results with case studies and social media posts, if done properly.  People seem to like real-world examples.",Gemini,annoyed,long
What types of projects are you interested in?,MULTI-SELECT,"['Web development', ' Mobile app development', ' Data science', ' Machine learning', ' Artificial intelligence', ' Game development', ' Software engineering']","I'm particularly drawn to projects involving machine learning and artificial intelligence, as I find the challenges and potential applications incredibly fascinating.  I also enjoy the creative process of game development.  These areas offer a blend of complex problem-solving and innovative design.",Gemini,verbose,long
What types of projects are you interested in?,MULTI-SELECT,"['Web development', ' Mobile app development', ' Data science', ' Machine learning', ' Artificial intelligence', ' Game development', ' Software engineering']","My primary interest lies in software engineering, encompassing the full lifecycle of development. This broad field allows me to engage with various aspects of project creation, from design to deployment.  Data science also appeals to me due to its problem-solving nature.",Gemini,explanatory,long
What types of quality certifications do you hold?,MULTI-SELECT,"['ISO 9001', ' ISO 14001', ' OHSAS 18001', ' ISO 27001', ' Industry-specific certifications']","We maintain a robust quality management system, certified to ISO 9001 and ISO 14001 standards.  These demonstrate our commitment to quality products and environmental responsibility. We also hold several industry-specific certifications relevant to our field.",Gemini,verbose,long
What types of quality certifications do you hold?,MULTI-SELECT,"['ISO 9001', ' ISO 14001', ' OHSAS 18001', ' ISO 27001', ' Industry-specific certifications']",Our organization is certified to ISO 9001 for quality management and OHSAS 18001 for occupational health and safety.  These certifications are regularly audited to ensure ongoing compliance.  This demonstrates our dedication to safety and quality.,Gemini,explanatory,long
What types of quality control measures do you employ?,MULTI-SELECT,"['Regular inspections', ' Testing', ' Statistical process control (SPC)', ' ISO 9001 certification', ' Six Sigma methodology']","We utilize a comprehensive approach to quality control, incorporating regular inspections and statistical process control (SPC) to ensure consistent product quality.  Our commitment extends to maintaining ISO 9001 certification.",Gemini,verbose,long
What types of quality control measures do you employ?,MULTI-SELECT,"['Regular inspections', ' Testing', ' Statistical process control (SPC)', ' ISO 9001 certification', ' Six Sigma methodology']","To maintain high quality, we employ several methods.  These include regular inspections of our processes and products,  as well as the use of statistical process control (SPC) for continuous improvement.  Testing is also a crucial component.",Gemini,explanatory,long
What types of quality control measures do you employ?,MULTI-SELECT,"['Regular inspections', ' Testing', ' Statistical process control (SPC)', ' ISO 9001 certification', ' Six Sigma methodology']","We use a variety of methods, including regular inspections, testing, and SPC.  It's not like we just let anything slide.  What else did you want to know?",Gemini,annoyed,long
What types of research and development activities are you undertaking?,MULTI-SELECT,"['Process improvement', ' New product development', ' Sustainability initiatives', ' Automation technology', ' Materials science']","We're heavily focused on new product development, incorporating sustainability initiatives into our designs.  Process improvement is also a key area for us, constantly looking for ways to streamline our operations.",Gemini,verbose,long
What types of research and development activities are you undertaking?,MULTI-SELECT,"['Process improvement', ' New product development', ' Sustainability initiatives', ' Automation technology', ' Materials science']",Our research and development efforts are currently concentrated on improving existing processes and developing new products.  We are also exploring the use of automation technology to enhance efficiency.,Gemini,explanatory,long
What types of research and development activities does your company undertake?,MULTI-SELECT,"['Basic research', ' Applied research', ' Development', ' Innovation', ' Technology transfer']","We conduct a wide range of R&D activities, encompassing basic research to explore fundamental scientific principles, applied research to address specific problems, and development to create new products and processes.  Technology transfer ensures our discoveries benefit others.",Gemini,verbose,long
What types of research and development activities does your company undertake?,MULTI-SELECT,"['Basic research', ' Applied research', ' Development', ' Innovation', ' Technology transfer']","Our R&D efforts focus on applied research to solve industry challenges, followed by development to translate research findings into practical applications.  This includes innovation throughout the process and technology transfer to external partners.",Gemini,explanatory,long
What types of sales reports are most valuable to your team?,MULTI-SELECT,"['Sales pipeline reports', ' Lead conversion reports', ' Sales forecast reports', ' Sales performance reports', ' Customer segmentation reports']","For effective sales management, we rely heavily on sales pipeline reports to track progress, sales performance reports to identify top performers and areas for improvement, and sales forecast reports to plan for future targets.  These three provide a comprehensive view of our sales activities.",Gemini,verbose,long
What types of sales reports are most valuable to your team?,MULTI-SELECT,"['Sales pipeline reports', ' Lead conversion reports', ' Sales forecast reports', ' Sales performance reports', ' Customer segmentation reports']","Dude, gotta have the pipeline report to see what's cookin', the performance report to see who's killin' it, and the forecast to know where we're headed.",Gemini,colloquial,long
What types of sales reports are most valuable to your team?,MULTI-SELECT,"['Sales pipeline reports', ' Lead conversion reports', ' Sales forecast reports', ' Sales performance reports', ' Customer segmentation reports']","Understanding our sales process requires analyzing the sales pipeline report and lead conversion report.  To predict future revenue, we need sales forecast reports.  Finally, sales performance reports help us identify strengths and weaknesses.",Gemini,explanatory,long
What types of sales reports are most valuable to your team?,MULTI-SELECT,"['Sales pipeline reports', ' Lead conversion reports', ' Sales forecast reports', ' Sales performance reports', ' Customer segmentation reports']","Honestly, we need all of them except for that customer segmentation stuff. We're already doing great at targeting our main customer base.  Just give us pipeline, performance, forecasts and lead conversions, that's enough to deal with.",Gemini,annoyed,long
What types of sales tools and technologies does your team currently use?,MULTI-SELECT,"['CRM software', ' Sales automation tools', ' Sales intelligence platforms', ' Proposal software', ' Communication and collaboration tools']","We leverage a comprehensive suite of sales tools, including CRM software for contact management and sales automation tools to streamline our processes.  We also utilize sales intelligence platforms to gain valuable market insights.",Gemini,verbose,long
What types of sales tools and technologies does your team currently use?,MULTI-SELECT,"['CRM software', ' Sales automation tools', ' Sales intelligence platforms', ' Proposal software', ' Communication and collaboration tools']","We're all over the place with our tech! CRM is a must, and we use a bunch of automation stuff.  Plus, we gotta keep in touch somehow, so yeah, communication tools are big.",Gemini,colloquial,long
What types of sales tools and technologies does your team currently use?,MULTI-SELECT,"['CRM software', ' Sales automation tools', ' Sales intelligence platforms', ' Proposal software', ' Communication and collaboration tools']","Our team relies heavily on CRM software for managing customer interactions and tracking sales progress.  We also employ proposal software to create professional, consistent proposals for clients.  Effective communication is facilitated through our chosen collaboration tools.",Gemini,explanatory,long
What types of sales training do your sales reps need?,MULTI-SELECT,"['Product knowledge training', ' Sales techniques training', ' Customer relationship management (CRM) training', ' Negotiation skills training', ' Closing skills training']","Our sales reps definitely need training in product knowledge and sales techniques.  A solid understanding of our offerings is crucial, and effective sales techniques will help them convert leads.  Adding negotiation skills training would also be beneficial.",Gemini,verbose,long
What types of sales training do your sales reps need?,MULTI-SELECT,"['Product knowledge training', ' Sales techniques training', ' Customer relationship management (CRM) training', ' Negotiation skills training', ' Closing skills training']","To maximize sales performance, our representatives require training in product knowledge to accurately address customer needs.  Furthermore, honing their sales techniques and negotiation skills will improve closing rates.  CRM training is also vital for efficient lead management.",Gemini,explanatory,long
What types of software architectures are you familiar with?,MULTI-SELECT,"['Microservices', ' Monolithic', ' Layered', ' Event-driven']","I'm familiar with microservices, monolithic, and layered architectures.  These represent different approaches to structuring software applications, each with its own advantages and disadvantages.  My knowledge encompasses the design principles and trade-offs involved in each.",Gemini,verbose,long
What types of software architectures are you familiar with?,MULTI-SELECT,"['Microservices', ' Monolithic', ' Layered', ' Event-driven']","I have experience with several software architectures.  These include microservices, which are independently deployable services; monolithic architectures, which are single-unit applications; and layered architectures, which organize code into distinct layers.",Gemini,explanatory,long
What types of software development environments have you worked in?,MULTI-SELECT,"['Agile', ' Waterfall', ' DevOps', ' Continuous integration/continuous delivery (CI/CD)']","I've primarily worked in Agile environments, utilizing CI/CD pipelines for continuous improvement.  DevOps principles are integrated into our processes to enhance collaboration and efficiency.",Gemini,verbose,long
What types of software development environments have you worked in?,MULTI-SELECT,"['Agile', ' Waterfall', ' DevOps', ' Continuous integration/continuous delivery (CI/CD)']","My experience encompasses Agile methodologies, where iterative development is prioritized.  I've also worked in environments incorporating CI/CD for automated testing and deployment.  This often overlaps with DevOps practices.",Gemini,explanatory,long
What types of software development methodologies have you experienced?,MULTI-SELECT,"['Agile', ' Waterfall', ' Lean', ' Kanban', ' Scrum']","I've worked extensively with Agile methodologies, specifically Scrum, finding its iterative approach very effective.  I've also had some exposure to Waterfall in legacy projects, highlighting the differences between the two approaches.  Kanban has been used in smaller tasks for better workflow management.",Gemini,verbose,long
What types of software development methodologies have you experienced?,MULTI-SELECT,"['Agile', ' Waterfall', ' Lean', ' Kanban', ' Scrum']","My experience encompasses several methodologies.  Agile, with its emphasis on iterative development and collaboration, has been the dominant approach. I've also used Lean principles to streamline processes within Agile frameworks.",Gemini,explanatory,long
What types of software development projects have you worked on?,MULTI-SELECT,"['Web applications', ' Mobile applications', ' Desktop applications', ' Embedded systems', ' Data science projects']","I've primarily focused on web application development, building several e-commerce platforms and internal tools.  I also have experience with smaller-scale mobile application projects, mainly focusing on Android. My experience extends to some data science projects involving data analysis and visualization.",Gemini,verbose,long
What types of software development projects have you worked on?,MULTI-SELECT,"['Web applications', ' Mobile applications', ' Desktop applications', ' Embedded systems', ' Data science projects']","My professional experience centers around the development of web applications, encompassing various aspects from front-end to back-end development.  I have also contributed to several data science projects, leveraging my programming skills to analyze and visualize large datasets.  Recently, I've started exploring desktop application development.",Gemini,explanatory,long
What types of software development tools have you used?,MULTI-SELECT,"['Integrated Development Environments (IDEs)', ' Source code management tools', ' Build tools', ' Testing frameworks', ' Debugging tools']","I've extensively used Integrated Development Environments (IDEs) like VS Code and IntelliJ for coding, and I'm also proficient with Git for source code management.  I regularly utilize build tools like Maven and Gradle for project management.",Gemini,verbose,long
What types of software development tools have you used?,MULTI-SELECT,"['Integrated Development Environments (IDEs)', ' Source code management tools', ' Build tools', ' Testing frameworks', ' Debugging tools']","My experience encompasses a range of software development tools.  This includes using IDEs for coding and debugging, Git for version control, and various build tools depending on the project requirements.  Testing frameworks are another crucial part of my workflow.",Gemini,explanatory,long
What types of software do you use for production planning and scheduling?,MULTI-SELECT,"['SAP PP', ' Oracle Production Planning', ' Microsoft Dynamics 365 for Finance and Operations', ' Infor LN', ' Epicor ERP']",We utilize a combination of SAP PP and Oracle Production Planning for our production planning and scheduling needs.  SAP PP handles the detailed scheduling while Oracle Production Planning provides high-level capacity planning. This dual approach allows for both granular control and strategic overview.,Gemini,verbose,long
What types of software do you use for production planning and scheduling?,MULTI-SELECT,"['SAP PP', ' Oracle Production Planning', ' Microsoft Dynamics 365 for Finance and Operations', ' Infor LN', ' Epicor ERP']","For our production planning and scheduling, we've found Microsoft Dynamics 365 for Finance and Operations to be the most effective solution.  Its integrated nature streamlines our processes and provides valuable insights into our production capacity.  The system's reporting capabilities are particularly useful.",Gemini,explanatory,long
What types of software licenses are you familiar with?,MULTI-SELECT,"['GPL', ' MIT', ' Apache 2.0', ' BSD', ' Proprietary']","I'm familiar with several open-source licenses, including the GPL, MIT, and Apache 2.0 licenses.  These are commonly used and offer varying levels of freedom for users and developers.  I also know about proprietary software licenses.",Gemini,verbose,long
What types of software licenses are you familiar with?,MULTI-SELECT,"['GPL', ' MIT', ' Apache 2.0', ' BSD', ' Proprietary']","My knowledge encompasses a range of software licenses.  I recognize the open-source licenses GPL, MIT, Apache 2.0, and BSD, each with different stipulations.  Proprietary licenses are also within my understanding.",Gemini,explanatory,long
What types of technology does your company use?,MULTI-SELECT,"['Cloud computing', ' Big data analytics', ' Artificial intelligence', ' Machine learning', ' Internet of Things (IoT)']","We utilize a range of technologies, including cloud computing for scalability and big data analytics to gain insights from our vast datasets.  Artificial intelligence and machine learning are also key components in our operations.",Gemini,verbose,long
What types of technology does your company use?,MULTI-SELECT,"['Cloud computing', ' Big data analytics', ' Artificial intelligence', ' Machine learning', ' Internet of Things (IoT)']","Our company leverages cloud computing infrastructure for efficient resource management.  Furthermore, we employ big data analytics and machine learning to improve decision-making processes and predict future trends.  These technologies are crucial for our operations.",Gemini,explanatory,long
What types of testing frameworks have you used?,MULTI-SELECT,"['JUnit', ' Pytest', ' Jest', ' Mocha']",I've extensively used JUnit for Java projects and also have experience with Pytest for Python.  These are both very popular and robust frameworks. I find them quite effective for different programming languages.,Gemini,verbose,long
What types of testing frameworks have you used?,MULTI-SELECT,"['JUnit', ' Pytest', ' Jest', ' Mocha']",My experience includes using JUnit for Java unit testing and Jest for JavaScript testing.  These frameworks offer different features but are both well-suited for their respective languages.  I prefer Jest for its ease of use.,Gemini,explanatory,long
What types of testing have you performed?,MULTI-SELECT,"['Functional testing', ' Performance testing', ' Security testing', ' Usability testing', ' Regression testing']",I've conducted functional and performance testing to ensure the software works as expected and handles the load efficiently.  I also performed some basic security testing to identify potential vulnerabilities.  My testing covered core functionality and system stability.,Gemini,verbose,long
What types of testing have you performed?,MULTI-SELECT,"['Functional testing', ' Performance testing', ' Security testing', ' Usability testing', ' Regression testing']","Yeah, I did the usual stuff – functional tests,  plus I checked out how fast it ran (performance testing), and  I even poked around for security holes.",Gemini,colloquial,long
What types of testing have you performed?,MULTI-SELECT,"['Functional testing', ' Performance testing', ' Security testing', ' Usability testing', ' Regression testing']","My testing encompassed functional testing to verify that all features operate correctly.  Performance testing was also carried out to assess the system's responsiveness under various loads.  Finally, regression testing was implemented to ensure that new code didn't break existing functionalities.",Gemini,explanatory,long
What types of training programs are you interested in?,MULTI-SELECT,"['Technical skills training', ' Leadership training', ' Management training', ' Communication skills training', ' Sales training']","I'm particularly interested in improving my leadership and communication skills.  Strong communication is crucial for effective leadership, and I believe both would benefit my career significantly.  Therefore, I'd prioritize those two areas for training.",Gemini,verbose,long
What types of training programs are you interested in?,MULTI-SELECT,"['Technical skills training', ' Leadership training', ' Management training', ' Communication skills training', ' Sales training']","To enhance my professional development, I'd focus on technical skills training and management training.  These areas are vital for my current role and future career aspirations.  Improving in these areas would directly contribute to my performance and advancement.",Gemini,explanatory,long
What types of waste are generated by your operations?,MULTI-SELECT,"['Solid waste', ' Hazardous waste', ' Liquid waste', ' Gaseous emissions', ' Recyclable materials']","Our operations produce a variety of waste types.  We generate solid waste from packaging and discarded materials, as well as liquid waste from cleaning processes.  We also have recyclable materials that we actively sort and process.",Gemini,verbose,long
What types of waste are generated by your operations?,MULTI-SELECT,"['Solid waste', ' Hazardous waste', ' Liquid waste', ' Gaseous emissions', ' Recyclable materials']","The primary waste streams from our operations include solid waste from production processes, gaseous emissions from our energy consumption, and liquid waste from our cleaning and sanitation procedures.  We also generate recyclable materials which we strive to divert from landfills.",Gemini,explanatory,long
What version control systems have you used?,MULTI-SELECT,"['Git', ' SVN', ' Mercurial']","I've extensively used Git for most of my projects, finding its branching model and distributed nature very efficient. I've also had some experience with SVN, primarily on older legacy projects.  I haven't used Mercurial much.",Gemini,verbose,long
What version control systems have you used?,MULTI-SELECT,"['Git', ' SVN', ' Mercurial']","My primary version control system is Git, due to its popularity and flexibility.  I have worked with SVN on a few older projects requiring it. I am familiar with Mercurial conceptually but haven't had the opportunity to use it in practice.",Gemini,explanatory,long
Which marketing channels are you currently using?,MULTI-SELECT,"['Social Media Marketing', ' Email Marketing', ' Search Engine Optimization (SEO)', ' Pay-Per-Click (PPC) Advertising', ' Content Marketing', ' Affiliate Marketing']","We're currently focusing on a multi-pronged approach, utilizing social media marketing to build brand awareness, email marketing for direct customer engagement, and SEO to improve organic search visibility.  This combination allows us to reach a broad audience through various channels.",Gemini,verbose,long
Which marketing channels are you currently using?,MULTI-SELECT,"['Social Media Marketing', ' Email Marketing', ' Search Engine Optimization (SEO)', ' Pay-Per-Click (PPC) Advertising', ' Content Marketing', ' Affiliate Marketing']","Our marketing strategy currently incorporates Search Engine Optimization (SEO) for long-term organic growth, and Pay-Per-Click (PPC) Advertising for short-term, targeted campaigns. This allows us to balance sustainable growth with immediate results.",Gemini,explanatory,long
Which of these industries do your target customers operate in?,MULTI-SELECT,"['Healthcare', ' Finance', ' Technology', ' Education', ' Retail', ' Manufacturing']",We primarily serve clients in the healthcare and technology sectors.  These industries present the most significant opportunities for our product's unique capabilities.  We are also starting to see some traction in the finance industry.,Gemini,verbose,long
Which of these industries do your target customers operate in?,MULTI-SELECT,"['Healthcare', ' Finance', ' Technology', ' Education', ' Retail', ' Manufacturing']","Our target market is diverse, encompassing the healthcare, education, and manufacturing sectors.  Each sector presents specific challenges that our solutions uniquely address. This diversification allows for stable growth.",Gemini,explanatory,long
Which operating systems do you use regularly?,MULTI-SELECT,"['Windows', ' macOS', ' Linux', ' Android', ' iOS']","I primarily use Windows for work, as it's the most common OS in my office.  For personal use, I enjoy using macOS on my laptop for its user-friendly interface. I also occasionally use Linux for specific development tasks.",Gemini,verbose,long
Which operating systems do you use regularly?,MULTI-SELECT,"['Windows', ' macOS', ' Linux', ' Android', ' iOS']",My daily driver is Windows 10 for its compatibility and wide range of software. I also utilize iOS on my iPhone and iPad for their mobile applications and ease of use.,Gemini,explanatory,long
What are your key strategies for attracting and retaining skilled workers?,MULTI-SELECT,"['Competitive compensation and benefits', ' Training and development opportunities', ' Opportunities for career advancement', ' Positive work environment', ' Employee recognition programs']","To attract and retain top talent, we focus on offering competitive compensation and benefits packages.  We also prioritize creating a positive work environment where employees feel valued and appreciated.  This includes opportunities for career advancement and ongoing professional development.",Gemini,verbose,long
What are your key strategies for attracting and retaining skilled workers?,MULTI-SELECT,"['Competitive compensation and benefits', ' Training and development opportunities', ' Opportunities for career advancement', ' Positive work environment', ' Employee recognition programs']","Our strategy for attracting and retaining skilled workers is multifaceted.  We provide competitive salaries and benefits, coupled with robust training and development programs to enhance employee skills and promote career growth.  A positive and supportive work environment is also crucial for employee satisfaction and retention.",Gemini,explanatory,long
What are your key strategies for attracting and retaining skilled workers?,MULTI-SELECT,"['Competitive compensation and benefits', ' Training and development opportunities', ' Opportunities for career advancement', ' Positive work environment', ' Employee recognition programs']","It's a combination of things, obviously.  Competitive salaries and benefits are a must, but you also need to provide opportunities for growth and recognize employee contributions.",Gemini,annoyed,long
What are your preferred methods for tracking sales performance?,MULTI-SELECT,"['Sales dashboards', ' Sales reports', ' Sales meetings', ' One-on-one coaching', ' Team performance reviews']","I find that regularly reviewing sales dashboards provides a quick overview of key performance indicators.  Supplementing this with detailed sales reports offers a deeper dive into the numbers, allowing for more insightful analysis.  Finally, one-on-one coaching sessions help address individual salesperson challenges.",Gemini,verbose,long
What are your preferred methods for tracking sales performance?,MULTI-SELECT,"['Sales dashboards', ' Sales reports', ' Sales meetings', ' One-on-one coaching', ' Team performance reviews']","Effective sales performance tracking requires a multi-faceted approach.  Sales reports provide the data, while sales dashboards offer a visual summary.  Regular team performance reviews ensure alignment with overall goals.",Gemini,explanatory,long
What are your preferred methods for tracking sales performance?,MULTI-SELECT,"['Sales dashboards', ' Sales reports', ' Sales meetings', ' One-on-one coaching', ' Team performance reviews']","It depends on what you need, but honestly, good sales reports and regular one-on-ones are the most effective for me.  Team reviews are okay, but only if they're concise.",Gemini,annoyed,long
What are your primary business goals for the next quarter?,MULTI-SELECT,"['Increase revenue by 10%', ' Expand into new markets', ' Improve customer retention', ' Launch a new product or service', ' Reduce operational costs']",Our primary focus for the next quarter is to increase revenue by 10% and simultaneously improve customer retention.  We believe these two goals are interconnected and achieving both will strengthen our overall business position.  This will be accomplished through targeted marketing campaigns and enhanced customer service initiatives.,Gemini,verbose,long
What are your primary business goals for the next quarter?,MULTI-SELECT,"['Increase revenue by 10%', ' Expand into new markets', ' Improve customer retention', ' Launch a new product or service', ' Reduce operational costs']","Our key objectives for the next quarter are to expand into new markets and reduce operational costs.  Expanding will drive revenue growth, while cost reduction will improve our profitability. This dual approach is crucial for sustainable long-term success.",Gemini,explanatory,long
What are your primary business goals for the next quarter?,MULTI-SELECT,"['Increase revenue by 10%', ' Expand into new markets', ' Improve customer retention', ' Launch a new product or service', ' Reduce operational costs']",We need to focus on improving customer retention and reducing operational costs.  Those are the most impactful goals given current resource constraints.  Anything else is secondary.,Gemini,annoyed,long
Which heavy industrial processes are you involved in?,MULTI-SELECT,"['Steel production', ' Oil refining', ' Cement manufacturing', ' Mining', ' Chemical processing']","My involvement spans across several heavy industrial sectors.  I'm particularly familiar with the intricacies of steel production and oil refining, as these processes generate vast amounts of data I can analyze.  Additionally, I have access to information concerning cement manufacturing.",Gemini,verbose,long
Which heavy industrial processes are you involved in?,MULTI-SELECT,"['Steel production', ' Oil refining', ' Cement manufacturing', ' Mining', ' Chemical processing']","I process and analyze data related to a range of heavy industries.  My knowledge base includes information on steel production, chemical processing, and mining operations. This data helps me understand various industrial processes.",Gemini,explanatory,long
Which social media platforms do you use for marketing?,MULTI-SELECT,"['Facebook', ' Instagram', ' Twitter', ' LinkedIn', ' TikTok', ' YouTube']","We primarily utilize Facebook and Instagram for our marketing efforts, as they allow us to reach a broad audience and engage with potential customers through visually appealing content.  We also supplement this with targeted advertising on LinkedIn to connect with professionals.",Gemini,verbose,long
Which social media platforms do you use for marketing?,MULTI-SELECT,"['Facebook', ' Instagram', ' Twitter', ' LinkedIn', ' TikTok', ' YouTube']","Our marketing strategy uses a multi-platform approach.  We use Facebook for general brand awareness, Instagram for visual content, and YouTube for longer-form video marketing.  LinkedIn is used for B2B outreach.",Gemini,explanatory,long
Are you currently using a similar product?,SINGLE-SELECT,"['Yes', ' No']"," Yes, I'm currently utilizing a similar product for data analysis, and it has been quite helpful in streamlining my workflow.  The features are comparable, though not identical.",Gemini,verbose,long
Are you currently using a similar product?,SINGLE-SELECT,"['Yes', ' No']"," No, I am not currently using a similar product.  My current workflow does not require one, but I am aware of several on the market.  I might consider one in the future.",Gemini,explanatory,long
Are you familiar with DevOps practices?,SINGLE-SELECT,"['Yes', ' No']"," Yes, I am familiar with DevOps practices.  My knowledge encompasses various aspects, including CI/CD pipelines, infrastructure as code, and monitoring tools.  I can even discuss specific methodologies and their applications.",Gemini,verbose,long
Are you familiar with DevOps practices?,SINGLE-SELECT,"['Yes', ' No']"," Yes, I have been trained on and processed a large dataset of information regarding DevOps practices. This includes common tools, methodologies, and principles. My understanding is comprehensive.",Gemini,explanatory,long
Are you satisfied with the amount of communication you receive from our team?,SINGLE-SELECT,"['Yes', ' No']",  The communication has been adequate for my needs. I haven't experienced any significant delays or lack of clarity in the messages I've received from the team.  I feel well-informed.,Gemini,verbose,long
Are you satisfied with the amount of communication you receive from our team?,SINGLE-SELECT,"['Yes', ' No']","  No, I haven't been receiving enough updates from the team.  This has caused some delays in my workflow and created uncertainty about project timelines. More frequent communication would be beneficial.",Gemini,explanatory,long
Communication frequency,SINGLE-SELECT,"['Daily', ' Weekly', ' Bi-weekly', ' Monthly']", We need to communicate daily to ensure project deadlines are met and to address any emerging issues promptly.  Daily updates allow for a more agile and responsive workflow.  This frequency guarantees efficient collaboration.,Gemini,verbose,long
Communication frequency,SINGLE-SELECT,"['Daily', ' Weekly', ' Bi-weekly', ' Monthly']"," For optimal collaboration and problem-solving, a communication frequency of at least bi-weekly is necessary.  This allows for sufficient time to complete tasks and provide comprehensive updates.  More frequent contact might be needed depending on project complexity.",Gemini,explanatory,long
Communication style preference,SINGLE-SELECT,"['Formal', ' Informal']", I prefer a formal communication style in most professional settings.  It ensures clarity and avoids misunderstandings.  This approach maintains a professional demeanor and fosters respect.,Gemini,verbose,long
Communication style preference,SINGLE-SELECT,"['Formal', ' Informal']"," I find that a more explanatory communication style is best for me.  Therefore, I prefer a formal approach to ensure all details are conveyed clearly and accurately. This minimizes the chance for misinterpretations.",Gemini,explanatory,long
Do you have any accessibility needs that affect communication?,SINGLE-SELECT,"['Yes', ' No']",  I have a processing disorder that sometimes makes it difficult for me to understand complex instructions or quickly respond to questions.  This can impact our communication. I'll do my best to communicate clearly.,Gemini,verbose,long
Do you have any accessibility needs that affect communication?,SINGLE-SELECT,"['Yes', ' No']","  Due to a visual impairment, I find it easier to communicate when information is presented in a clear, concise manner,  using plain language and avoiding jargon.  This helps ensure effective communication.",Gemini,explanatory,long
Do you have any specific requirements for this project?,SINGLE-SELECT,"['Yes', ' No']"," Yes, this project has several specific requirements, including a detailed project proposal, adherence to specific coding standards, and a comprehensive testing phase before deployment.  These are all outlined in the project documentation.",Gemini,verbose,long
Do you have any specific requirements for this project?,SINGLE-SELECT,"['Yes', ' No']"," No, there aren't any specific requirements for this project at this time.  The scope is quite open-ended, allowing for creativity and innovative solutions.  Further requirements may be defined later.",Gemini,explanatory,long
Do you prefer synchronous or asynchronous communication?,SINGLE-SELECT,"['Synchronous', ' Asynchronous', ' Both']"," I find synchronous communication, like a phone call, to be more efficient for immediate problem-solving. However, asynchronous methods, such as email, are better for allowing time to consider a complex issue before responding.  Therefore, I value both equally for different situations.",Gemini,verbose,long
Do you prefer synchronous or asynchronous communication?,SINGLE-SELECT,"['Synchronous', ' Asynchronous', ' Both']",  I prefer asynchronous communication because it allows me to carefully consider my response and avoid misunderstandings caused by misinterpretations in real-time conversations. It also allows flexibility in scheduling.,Gemini,explanatory,long
Do you prefer to communicate in writing or verbally?,SINGLE-SELECT,"['Writing', ' Verbally', ' Both equally']"," I find writing allows for more precise and considered communication, enabling me to structure my thoughts effectively before conveying them.  Verbal communication is great for quick exchanges, but can sometimes lack the nuance writing offers.  Therefore, I prefer writing.",Gemini,verbose,long
Do you prefer to communicate in writing or verbally?,SINGLE-SELECT,"['Writing', ' Verbally', ' Both equally']"," I prefer writing because it allows for greater clarity and avoids misunderstandings that can arise from verbal communication, especially when dealing with complex or nuanced topics.  The written word allows for revision and ensures a more accurate transmission of information.",Gemini,explanatory,long
How clear is our communication?,SINGLE-SELECT,"['Very Clear', ' Clear', ' Somewhat Clear', ' Unclear', ' Very Unclear']"," I found the communication to be exceptionally easy to understand and follow.  All points were made clearly and concisely, leaving no room for misinterpretation.  It was a very positive experience.",Gemini,verbose,long
How clear is our communication?,SINGLE-SELECT,"['Very Clear', ' Clear', ' Somewhat Clear', ' Unclear', ' Very Unclear']","  The communication was adequate, though some points could have benefited from further clarification to ensure complete understanding by all parties.  Overall, the message was mostly conveyed.",Gemini,explanatory,long
How comfortable are you using technology for communication?,SINGLE-SELECT,"['Very Comfortable', ' Comfortable', ' Somewhat Comfortable', ' Uncomfortable']", I'm extremely adept at using technology for communication; I use multiple platforms daily and find it very efficient.  I prefer digital communication to traditional methods in most cases. It's second nature to me.,Gemini,verbose,long
How comfortable are you using technology for communication?,SINGLE-SELECT,"['Very Comfortable', ' Comfortable', ' Somewhat Comfortable', ' Uncomfortable']"," I find technology for communication to be manageable, although I sometimes encounter challenges with certain interfaces or platforms.  However, I am generally able to use the technology effectively.  I'm improving all the time.",Gemini,explanatory,long
How did you hear about our company?,SINGLE-SELECT,"['Google Search', ' Social Media', ' Referral', ' Trade Show', ' Other']"," I was researching potential vendors for our upcoming project and came across your company's website through a Google search.  It seemed like a good fit, so I decided to reach out.  Your SEO is clearly effective!",Gemini,verbose,long
How did you hear about our company?,SINGLE-SELECT,"['Google Search', ' Social Media', ' Referral', ' Trade Show', ' Other']", I attended the recent industry trade show in Chicago and was very impressed with your booth and the demonstration of your product.  Your representative was extremely helpful and informative.  That's how I learned about your company.,Gemini,explanatory,long
How do you handle creative block?,SINGLE-SELECT,"['Take a break', ' Seek inspiration from others', ' Experiment with new techniques', ' Change my environment', ' Try a different approach']"," When I hit a creative wall, stepping away for a bit is crucial.  A walk, a cup of tea, anything to clear my head usually does the trick.  Then I can return with fresh eyes and a renewed perspective.",Gemini,verbose,long
How do you handle creative block?,SINGLE-SELECT,"['Take a break', ' Seek inspiration from others', ' Experiment with new techniques', ' Change my environment', ' Try a different approach']"," Creative block often stems from a fixed mindset.  Trying a different approach, like switching from writing prose to poetry, can help break free from the mental rut and unlock new ideas.",Gemini,explanatory,long
How do you handle creative block?,SINGLE-SELECT,"['Take a break', ' Seek inspiration from others', ' Experiment with new techniques', ' Change my environment', ' Try a different approach']","  I find that looking at what other people are doing is sometimes helpful, but it's not always my go-to solution.  I need to eventually find my own way.",Gemini,annoyed,long
How do you prefer to receive feedback?,SINGLE-SELECT,"['Email', ' In-person Meeting', ' Video Call']"," I find in-person meetings to be the most effective way to receive feedback, as it allows for immediate clarification and a more nuanced understanding of the points being raised.  Nonverbal cues are also important to me.  This method fosters a more collaborative environment.",Gemini,verbose,long
How do you prefer to receive feedback?,SINGLE-SELECT,"['Email', ' In-person Meeting', ' Video Call']", I prefer to receive feedback via email. This allows me to review the feedback at my own pace and ensure I fully understand all points before responding.  I can also keep a record for future reference.,Gemini,explanatory,long
How do you stay current with design trends?,SINGLE-SELECT,"['Design Blogs', ' Design Magazines', ' Social Media', ' Industry Conferences', ' Design Workshops']", I find design blogs to be an invaluable resource for staying updated on current trends.  They offer a wide range of perspectives and often feature insightful commentary on emerging styles.  Many blogs also highlight innovative projects and techniques.,Gemini,verbose,long
How do you stay current with design trends?,SINGLE-SELECT,"['Design Blogs', ' Design Magazines', ' Social Media', ' Industry Conferences', ' Design Workshops']"," Design workshops are a fantastic way to stay current, as they provide hands-on experience with new techniques and tools.  You learn directly from experts and network with other designers. This allows you to see trends in action.",Gemini,explanatory,long
How do you stay current with design trends?,SINGLE-SELECT,"['Design Blogs', ' Design Magazines', ' Social Media', ' Industry Conferences', ' Design Workshops']"," I have to subscribe to design magazines; it's the only reliable way I've found to get consistent, in-depth information about current trends.  It's a bit of a chore, but necessary.",Gemini,annoyed,long
How effective is our team at resolving communication issues?,SINGLE-SELECT,"['Very Effective', ' Effective', ' Somewhat Effective', ' Ineffective']"," We have excellent systems in place for addressing communication breakdowns, and our team actively participates in resolving conflicts promptly and efficiently.  Our communication is a significant strength.",Gemini,verbose,long
How effective is our team at resolving communication issues?,SINGLE-SELECT,"['Very Effective', ' Effective', ' Somewhat Effective', ' Ineffective']"," While some minor communication issues arise occasionally, we generally handle them well and have improved our processes over time to minimize these occurrences. We're proactive in identifying and addressing potential communication problems.",Gemini,explanatory,long
How important is it for you to receive a response to your communications?,SINGLE-SELECT,"['Very Important', ' Important', ' Somewhat Important', ' Not Important']", Receiving a response is crucial for me to ensure my concerns are addressed and that tasks are completed effectively.  A lack of response creates uncertainty and delays.  Clear communication is key to successful collaboration.,Gemini,verbose,long
How important is it for you to receive a response to your communications?,SINGLE-SELECT,"['Very Important', ' Important', ' Somewhat Important', ' Not Important']","  A timely response is important for maintaining productivity and preventing misunderstandings.  Without feedback, it's difficult to move forward on projects.  Therefore, responses are necessary for effective workflow.",Gemini,explanatory,long
How important is it to you that communication is documented?,SINGLE-SELECT,"['Very Important', ' Important', ' Somewhat Important', ' Not Important']","  Documented communication is absolutely critical for maintaining accountability and ensuring everyone is on the same page.  Clear records prevent misunderstandings and facilitate efficient problem-solving.  Without it, projects are prone to delays and errors.",Gemini,verbose,long
How important is it to you that communication is documented?,SINGLE-SELECT,"['Very Important', ' Important', ' Somewhat Important', ' Not Important']","  For me, documented communication is somewhat important because it aids in conflict resolution and provides a reference point for future decisions.  Having a record allows for review and clarification when needed.  This prevents relying solely on memory.",Gemini,explanatory,long
How important is it to you that communication is transparent?,SINGLE-SELECT,"['Very Important', ' Important', ' Somewhat Important', ' Not Important']"," Transparency in communication is absolutely critical for me.  Without it, misunderstandings and conflict are inevitable, hindering productivity and trust.  I need to know what's going on to make informed decisions.",Gemini,verbose,long
How important is it to you that communication is transparent?,SINGLE-SELECT,"['Very Important', ' Important', ' Somewhat Important', ' Not Important']","  Open communication is somewhat important to me. While I understand the value of transparency, some details might not always need to be shared, depending on the context. It's about finding a balance.",Gemini,explanatory,long
How important is timely communication to you?,SINGLE-SELECT,"['Very Important', ' Important', ' Somewhat Important', ' Not Important']", Timely communication is absolutely crucial for me.  Missed deadlines and delayed responses create unnecessary stress and hinder productivity.  It's essential for effective collaboration and project success.,Gemini,verbose,long
How important is timely communication to you?,SINGLE-SELECT,"['Very Important', ' Important', ' Somewhat Important', ' Not Important']", Timely communication is important because it allows for efficient workflow and prevents misunderstandings.  Quick responses allow for immediate problem-solving and keep projects on track.  Delays can lead to frustration and wasted time.,Gemini,explanatory,long
How many employees does your company have?,SINGLE-SELECT,"['1-10', ' 11-50', ' 51-100', ' 101-500', ' 500+']", Our company's size is in the 51-100 employee range. This allows for a good balance between collaboration and specialization within teams. We aim for efficient communication and streamlined workflows.,Gemini,explanatory,long
How many people are typically involved in your team's communications?,SINGLE-SELECT,"['1-5', ' 6-10', ' 11-20', ' More than 20']", Our team's communication usually involves myself and four other colleagues.  We have regular meetings and use collaborative tools to keep everyone informed. This number fluctuates slightly depending on project needs.,Gemini,verbose,long
How many people are typically involved in your team's communications?,SINGLE-SELECT,"['1-5', ' 6-10', ' 11-20', ' More than 20']","  For effective communication, our team maintains a size of between 11 and 20 individuals. This allows for diverse perspectives while remaining manageable for coordinated communication strategies.  We use project management tools to stay organized.",Gemini,explanatory,long
How much time do you typically spend communicating with our team each week?,SINGLE-SELECT,"['Less than 1 hour', ' 1-3 hours', ' 3-5 hours', ' More than 5 hours']","  My communication with the team is quite limited.  I primarily use email for updates and only need to schedule short calls occasionally.  Therefore, my total communication time remains minimal.",Gemini,verbose,long
How much time do you typically spend communicating with our team each week?,SINGLE-SELECT,"['Less than 1 hour', ' 1-3 hours', ' 3-5 hours', ' More than 5 hours']",  I dedicate a small portion of my week to team communication.  This includes brief email exchanges and occasional participation in short team meetings. This generally adds up to less than an hour per week.,Gemini,explanatory,long
How often do you feel your communication is misunderstood?,SINGLE-SELECT,"['Very Often', ' Often', ' Sometimes', ' Rarely', ' Never']"," I find that my communication is often misinterpreted, leading to unnecessary clarifications and sometimes even conflict.  It's frustrating, but I'm working on improving my clarity.  I aim for better results in the future.",Gemini,verbose,long
How often do you feel your communication is misunderstood?,SINGLE-SELECT,"['Very Often', ' Often', ' Sometimes', ' Rarely', ' Never']"," My communication is misunderstood sometimes, particularly when discussing complex or nuanced topics.  This usually stems from a lack of shared background knowledge or assumptions. I try to be as explicit as possible.",Gemini,explanatory,long
How often do you need updates?,SINGLE-SELECT,"['Daily', ' Weekly', ' Monthly', ' As needed']",  I require daily updates to stay on top of the rapidly changing project parameters.  This ensures that I can proactively address any issues and maintain the project's momentum.  A daily cadence allows for efficient problem-solving.,Gemini,verbose,long
How often do you need updates?,SINGLE-SELECT,"['Daily', ' Weekly', ' Monthly', ' As needed']",  Monthly updates suffice for my needs.  The nature of my work allows for a less frequent review cycle without compromising effectiveness.  More frequent updates would be unnecessary overhead.,Gemini,explanatory,long
How often do you prefer to receive project updates?,SINGLE-SELECT,"['Daily', ' Weekly', ' Bi-weekly', ' Monthly']", Daily updates are ideal for me.  This ensures I'm always aware of the project's progress and can address any potential issues promptly.  Keeping abreast of daily developments is crucial for effective management.,Gemini,verbose,long
How often do you prefer to receive project updates?,SINGLE-SELECT,"['Daily', ' Weekly', ' Bi-weekly', ' Monthly']",  Monthly updates provide a good overview of the project's long-term progress.  They allow for a more strategic assessment without being bogged down in daily minutiae.  This frequency suits my planning style.,Gemini,explanatory,long
How responsive is our team to your communication?,SINGLE-SELECT,"['Very Responsive', ' Responsive', ' Somewhat Responsive', ' Unresponsive', ' Very Unresponsive']", Your team has been incredibly quick to get back to me with answers and solutions.  I've been very impressed with the speed and efficiency of your communication.  I haven't had to wait long at all for responses.,Gemini,verbose,long
How responsive is our team to your communication?,SINGLE-SELECT,"['Very Responsive', ' Responsive', ' Somewhat Responsive', ' Unresponsive', ' Very Unresponsive']",  The team's response time to my inquiries has been consistently prompt and helpful.  This has allowed me to progress efficiently with my work.  I appreciate their diligence in keeping communication lines open.,Gemini,explanatory,long
How satisfied are you with our communication?,SINGLE-SELECT,"['Very Satisfied', ' Satisfied', ' Neutral', ' Dissatisfied', ' Very Dissatisfied']", I've been very pleased with the clarity and responsiveness of your communication throughout our interactions.  It's been easy to understand and efficient.  Thank you!,Gemini,verbose,long
How satisfied are you with our communication?,SINGLE-SELECT,"['Very Satisfied', ' Satisfied', ' Neutral', ' Dissatisfied', ' Very Dissatisfied']"," I found the communication to be adequate for our needs.  Information was provided in a timely manner and was easily understood.  There's room for improvement, but overall it was acceptable.",Gemini,explanatory,long
How satisfied are you with our current service?,SINGLE-SELECT,"['Very Satisfied', ' Satisfied', ' Neutral', ' Dissatisfied', ' Very Dissatisfied']"," I've been consistently impressed with the level of service I've received.  Everything has worked perfectly, and my needs have been met efficiently.  I'm very happy with the service.",Gemini,verbose,long
How satisfied are you with our current service?,SINGLE-SELECT,"['Very Satisfied', ' Satisfied', ' Neutral', ' Dissatisfied', ' Very Dissatisfied']"," I am generally satisfied with the service, although there have been a few minor hiccups.  Overall, it's been a positive experience and has met my expectations.  I would recommend your service.",Gemini,explanatory,long
How would you describe the tone of our communication?,SINGLE-SELECT,"['Professional', ' Friendly', ' Informal', ' Formal']"," Our communication has been conducted with a high degree of courtesy and respect for established conventions.  The language used reflects a commitment to maintaining professionalism throughout our interactions.  Therefore, I'd characterize it as formal.",Gemini,verbose,long
How would you describe the tone of our communication?,SINGLE-SELECT,"['Professional', ' Friendly', ' Informal', ' Formal']","  Given the clear and concise nature of our exchanges, and the absence of casual language, I believe our communication style has been appropriately professional.  The tone has been respectful and task-oriented.",Gemini,explanatory,long
How would you rate the overall effectiveness of our communication?,SINGLE-SELECT,"['Excellent', ' Good', ' Fair', ' Poor']", Our communication has been exemplary; information flowed freely and misunderstandings were minimal.  We effectively addressed all concerns and achieved our goals collaboratively.  The team's responsiveness and clarity were outstanding.,Gemini,verbose,long
How would you rate the overall effectiveness of our communication?,SINGLE-SELECT,"['Excellent', ' Good', ' Fair', ' Poor']"," While some minor issues arose, overall our communication has been satisfactory.  We were able to resolve most problems efficiently and maintain a productive workflow.  Improvements could be made, but the current state is acceptable.",Gemini,explanatory,long
How would you rate your experience with our customer support?,SINGLE-SELECT,"['Excellent', ' Good', ' Fair', ' Poor']"," My experience with your customer support was truly excellent.  The representative was helpful, efficient, and resolved my issue quickly. I was very satisfied with the entire interaction.",Gemini,verbose,long
How would you rate your experience with our customer support?,SINGLE-SELECT,"['Excellent', ' Good', ' Fair', ' Poor']","  The support I received was fair. While the representative was polite, the resolution to my problem took longer than I would have liked.  More efficient processes might improve the experience.",Gemini,explanatory,long
Is there anything we can improve in our communication?,SINGLE-SELECT,"['Yes', ' No']"," Yes, I believe we could benefit from more frequent check-ins to ensure everyone is on the same page and to address any misunderstandings promptly.  Clearer agendas for meetings would also be helpful.",Gemini,verbose,long
Is there anything we can improve in our communication?,SINGLE-SELECT,"['Yes', ' No']"," Yes, improved communication would involve utilizing more visual aids during presentations and providing more concise written updates to avoid ambiguity. This would enhance clarity and efficiency.",Gemini,explanatory,long
Level of communication detail,SINGLE-SELECT,"['High', ' Medium', ' Low']"," The communication included a wealth of detail, far exceeding what was necessary for a basic understanding.  Numerous supporting facts and examples were provided. This resulted in a very thorough explanation.",Gemini,verbose,long
Level of communication detail,SINGLE-SELECT,"['High', ' Medium', ' Low']"," The communication provided a moderate amount of detail, sufficient for comprehension but not overly verbose.  All necessary information was included, while avoiding unnecessary elaboration.  The level was appropriate for the context.",Gemini,explanatory,long
Preferred communication method,SINGLE-SELECT,"['Email', ' Phone', ' Video Call', ' In-person Meeting']"," I prefer email for communication because it provides a written record of our conversation, allowing for easy reference later.  It also gives me time to formulate thoughtful responses.  This method suits my working style best.",Gemini,verbose,long
Preferred communication method,SINGLE-SELECT,"['Email', ' Phone', ' Video Call', ' In-person Meeting']"," I find in-person meetings to be the most effective for complex discussions, as they allow for immediate clarification and a more natural flow of conversation.  Nonverbal cues are also easier to interpret.  This is especially helpful for collaborative projects.",Gemini,explanatory,long
Preferred time for communication,SINGLE-SELECT,"['Morning', ' Afternoon', ' Evening']"," Mornings are best for me, as I'm most alert and focused then.  I find I can respond more effectively and efficiently to communications at that time.  Later in the day, my energy levels tend to dip.",Gemini,verbose,long
Preferred time for communication,SINGLE-SELECT,"['Morning', ' Afternoon', ' Evening']",  Evenings work best for me due to my work schedule. I'm usually available to respond promptly after 5 pm.  This allows me to dedicate my full attention to communication.,Gemini,explanatory,long
Primary language for communication,SINGLE-SELECT,"['English', ' Spanish', ' French', ' German', ' Mandarin']"," My primary language for communication is English.  It's the language I use most often for work, social interactions, and everyday life.  I'm fluent in several other languages, but English remains my primary one.",Gemini,verbose,long
Primary language for communication,SINGLE-SELECT,"['English', ' Spanish', ' French', ' German', ' Mandarin']"," My primary language of communication is Spanish. This is because I grew up speaking it at home and with my family. While I am proficient in English, Spanish remains my most comfortable and natural form of expression.",Gemini,explanatory,long
What are your career goals in the art and design industry?,SINGLE-SELECT,"['Freelance Artist', ' In-house Designer', ' Art Director', ' Creative Director', ' Start my own Design Agency']"," My ultimate career goal is to establish my own design agency, allowing me to cultivate a creative team and collaborate on diverse and impactful projects.  This would give me the freedom to pursue my passions and build a successful business.  It combines my artistic skills with my entrepreneurial spirit.",Gemini,verbose,long
What are your career goals in the art and design industry?,SINGLE-SELECT,"['Freelance Artist', ' In-house Designer', ' Art Director', ' Creative Director', ' Start my own Design Agency']","  My preferred career path is as an in-house designer. A stable position within a company offers a good work-life balance and opportunities for growth within a collaborative environment, which I find appealing. The structured nature is very attractive to me.",Gemini,explanatory,long
What are your preferred methods for gathering user feedback?,SINGLE-SELECT,"['User Interviews', ' Surveys', ' Usability Testing', ' A/B Testing', ' Heatmaps']", A/B testing is my preferred method because it provides quantifiable data on the effectiveness of different design choices.  It's objective and allows for direct comparison.  This leads to data-driven decisions.,Gemini,explanatory,long
What are your primary business goals?,SINGLE-SELECT,"['Increase Revenue', ' Reduce Costs', ' Improve Efficiency', ' Expand Market Share']", Our primary business goal is to increase revenue by implementing new sales strategies and expanding into new markets. This will ensure the long-term sustainability and growth of our company.  Increased revenue allows for further investment and development.,Gemini,verbose,long
What are your primary business goals?,SINGLE-SELECT,"['Increase Revenue', ' Reduce Costs', ' Improve Efficiency', ' Expand Market Share']", Our main objective is to reduce costs by streamlining our operations and optimizing our resource allocation. This will improve our profitability and competitiveness in the market.  Cost reduction is crucial for maintaining margins.,Gemini,explanatory,long
What are your top three priorities for this year?,SINGLE-SELECT,"['Revenue Growth', ' Cost Reduction', ' Customer Acquisition', ' Product Development']",  Our top priority this year is to significantly increase revenue.  This will allow us to invest more in other crucial areas like product development and customer acquisition.  Strong revenue growth is the foundation for sustainable business success.,Gemini,verbose,long
What are your top three priorities for this year?,SINGLE-SELECT,"['Revenue Growth', ' Cost Reduction', ' Customer Acquisition', ' Product Development']","  Cost Reduction is paramount this year.  By streamlining operations and improving efficiency, we can free up resources to reinvest in growth initiatives. This will improve our overall financial health and stability.",Gemini,explanatory,long
What aspect of design are you most passionate about?,SINGLE-SELECT,"['Visual Communication', ' User Experience', ' Branding', ' Interaction Design', ' Motion Graphics']"," I'm most passionate about visual communication because the power of a well-crafted image to convey complex ideas instantly is incredibly compelling.  A strong visual can transcend language barriers and resonate deeply with an audience, making it a truly impactful design discipline.  It's a fundamental element of all effective design.",Gemini,verbose,long
What aspect of design are you most passionate about?,SINGLE-SELECT,"['Visual Communication', ' User Experience', ' Branding', ' Interaction Design', ' Motion Graphics']"," Interaction design fascinates me because it focuses on the dynamic relationship between user and product.  Creating intuitive and engaging interactions is crucial for a positive user experience, and that's what I find most rewarding.  It's about shaping behavior through design.",Gemini,explanatory,long
What cloud platform do you use?,SINGLE-SELECT,"['AWS', ' Azure', ' Google Cloud']", We primarily leverage Amazon Web Services for our cloud infrastructure needs.  Its robust suite of services and global reach make it ideal for our scalability requirements.  We find AWS to be a reliable and cost-effective solution.,Gemini,verbose,long
What cloud platform do you use?,SINGLE-SELECT,"['AWS', ' Azure', ' Google Cloud']", Our cloud platform of choice is Microsoft Azure.  We selected Azure due to its strong integration with our existing Microsoft ecosystem and its comprehensive security features.  This provides a seamless and secure environment for our applications.,Gemini,explanatory,long
What communication channels do you use most often?,SINGLE-SELECT,"['Email', ' Instant Messaging', ' Project Management Software', ' Phone calls', ' Video Conferencing']", I find email to be the most efficient way to communicate formal information and ensure a record of our correspondence.  It allows for careful consideration of my response before sending.  It's also easily searchable for future reference.,Gemini,verbose,long
What communication channels do you use most often?,SINGLE-SELECT,"['Email', ' Instant Messaging', ' Project Management Software', ' Phone calls', ' Video Conferencing']"," I prefer video conferencing for complex discussions requiring immediate feedback and clarification.  This method allows for non-verbal cues to be observed, which can greatly improve understanding.  It also fosters a stronger sense of connection.",Gemini,explanatory,long
What database system are you familiar with?,SINGLE-SELECT,"['MySQL', ' PostgreSQL', ' MongoDB', ' Oracle', ' SQL Server']", I have experience working with MySQL databases.  I'm comfortable with its SQL syntax and have used it for various projects involving relational data management.  My experience includes designing schemas and optimizing queries.,Gemini,verbose,long
What database system are you familiar with?,SINGLE-SELECT,"['MySQL', ' PostgreSQL', ' MongoDB', ' Oracle', ' SQL Server']"," I'm familiar with Oracle Database.  It's a robust and widely used system, and I've utilized its features for large-scale data management tasks.  My experience includes working with PL/SQL.",Gemini,explanatory,long
What geographic region are you located in?,SINGLE-SELECT,"['North America', ' Europe', ' Asia', ' South America', ' Africa', ' Australia']"," I am a large language model, and I don't have a physical location.  However, my servers are located in a data center somewhere in North America.  Therefore, I'll select that region.",Gemini,verbose,long
What geographic region are you located in?,SINGLE-SELECT,"['North America', ' Europe', ' Asia', ' South America', ' Africa', ' Australia']"," As a large language model, I don't have a physical presence. My computations are performed across a network of servers, primarily located within the geographic boundaries of North America.  Therefore, that's my answer.",Gemini,explanatory,long
What inspires your artistic creations?,SINGLE-SELECT,"['Nature', ' People', ' Abstract Concepts', ' Dreams', ' Current Events']"," The intricate details and vibrant colors found in nature are a constant source of inspiration for my art.  I find myself constantly drawn to the textures and patterns of the natural world, translating them into my own unique artistic expressions.  The power and beauty of nature always leave me awestruck.",Gemini,verbose,long
What inspires your artistic creations?,SINGLE-SELECT,"['Nature', ' People', ' Abstract Concepts', ' Dreams', ' Current Events']", Current events often spark my artistic endeavors.  The emotional weight and social commentary inherent in many global situations provide rich material for exploration and expression through my art.  I feel compelled to translate these experiences into visual form.,Gemini,explanatory,long
What is the purpose of your communication?,SINGLE-SELECT,"['Feedback', ' Inquiry', ' Complaint', ' Collaboration', ' Information Sharing']", The purpose of my communication is to provide feedback on the recent product launch.  I have some suggestions for improvement based on my experience using the product.  I believe this feedback will be valuable in future development.,Gemini,verbose,long
What is the purpose of your communication?,SINGLE-SELECT,"['Feedback', ' Inquiry', ' Complaint', ' Collaboration', ' Information Sharing']"," My communication aims to foster collaboration on the upcoming project.  By sharing my ideas and insights, I hope to contribute to a successful outcome. We can achieve more together.",Gemini,explanatory,long
What is your age range?,SINGLE-SELECT,"['18-24', ' 25-34', ' 35-44', ' 45-54', ' 55+']", I fall within the 25-34 age range.  My professional experience and life stage align well with this demographic.  It's a period of significant personal and career development for many.,Gemini,verbose,long
What is your age range?,SINGLE-SELECT,"['18-24', ' 25-34', ' 35-44', ' 45-54', ' 55+']"," I am currently between the ages of 35 and 44. This age bracket reflects my current life stage, including career advancement and family responsibilities.  My experiences are generally consistent with others in this group.",Gemini,explanatory,long
What is your biggest accomplishment in the art and design industry?,SINGLE-SELECT,"['Winning a design award', ' Getting featured in a design publication', ' Successfully launching a design project', ' Building a strong portfolio', ' Establishing a loyal client base']"," My biggest accomplishment is undoubtedly winning a prestigious design award.  The recognition validated years of hard work and dedication, propelling my career forward and opening doors to exciting new opportunities. It's a moment I'll always cherish.",Gemini,verbose,long
What is your biggest accomplishment in the art and design industry?,SINGLE-SELECT,"['Winning a design award', ' Getting featured in a design publication', ' Successfully launching a design project', ' Building a strong portfolio', ' Establishing a loyal client base']"," Building a strong portfolio has been my greatest achievement.  It represents a culmination of diverse projects, showcasing my range of skills and design philosophies. This portfolio serves as a powerful tool for attracting new clients and opportunities.",Gemini,explanatory,long
What is your biggest accomplishment in the art and design industry?,SINGLE-SELECT,"['Winning a design award', ' Getting featured in a design publication', ' Successfully launching a design project', ' Building a strong portfolio', ' Establishing a loyal client base']","  It's hard to pick just one, but establishing a loyal client base is probably the most significant in the long run.  Consistent work and satisfied clients are what truly matter.",Gemini,annoyed,long
What is your biggest challenge in the art and design industry?,SINGLE-SELECT,"['Competition', ' Finding Clients', ' Balancing Creative Vision and Client Needs', ' Time Management', ' Pricing your services']"," The biggest hurdle I face is consistently balancing my artistic vision with what clients actually want.  It's a constant negotiation, finding the sweet spot where both are satisfied.  Sometimes compromise is necessary, and that can be challenging.",Gemini,verbose,long
What is your biggest challenge in your current role?,SINGLE-SELECT,"['Lack of Resources', ' Lack of Time', ' Lack of Support', ' Other']"," My biggest challenge is definitely the lack of resources.  We're constantly having to make do with outdated equipment and insufficient funding, which significantly impacts our productivity and ability to meet deadlines. This makes it difficult to achieve our goals effectively.",Gemini,verbose,long
What is your biggest challenge in your current role?,SINGLE-SELECT,"['Lack of Resources', ' Lack of Time', ' Lack of Support', ' Other']","  The insufficient support from other departments is a major obstacle.  Projects are frequently delayed due to a lack of timely collaboration and communication, hindering overall progress. This significantly impacts project timelines and team morale.",Gemini,explanatory,long
What is your biggest communication challenge?,SINGLE-SELECT,"['Lack of clarity', ' Lack of responsiveness', ' Misunderstandings', ' Information overload', ' Other']"," My biggest communication challenge is definitely a lack of clarity.  Often, the information I receive is vague or ambiguous, making it difficult to understand the intended message. This leads to wasted time and potential errors.",Gemini,verbose,long
What is your biggest communication challenge?,SINGLE-SELECT,"['Lack of clarity', ' Lack of responsiveness', ' Misunderstandings', ' Information overload', ' Other']","  Lack of responsiveness is a major hurdle. When communication is delayed or unanswered, it creates inefficiencies and frustrates everyone involved.  This leads to missed deadlines and projects going off track.",Gemini,explanatory,long
What is your biggest design pet peeve?,SINGLE-SELECT,"['Inconsistent Branding', ' Poor Typography', ' Cluttered Designs', ' Lack of Accessibility', ' Poor User Experience']"," My biggest design pet peeve is inconsistent branding.  It's jarring and unprofessional to see a logo used differently across various platforms, creating a disjointed brand identity. This undermines trust and makes a company seem disorganized.",Gemini,verbose,long
What is your biggest design pet peeve?,SINGLE-SELECT,"['Inconsistent Branding', ' Poor Typography', ' Cluttered Designs', ' Lack of Accessibility', ' Poor User Experience']","  A lack of accessibility is my biggest design pet peeve.  It's crucial for designs to be usable by everyone, regardless of ability.  Excluding users is ethically wrong and bad for business.",Gemini,explanatory,long
What is your biggest inspiration for your designs?,SINGLE-SELECT,"['Nature', ' Architecture', ' Music', ' Literature', ' Technology']", The intricate structures and breathtaking beauty found in nature are a constant source of inspiration for my designs.  The way natural forms interlock and adapt to their environment is endlessly fascinating and informs my creative process.  I find myself constantly referencing natural patterns and geometries.,Gemini,verbose,long
What is your biggest inspiration for your designs?,SINGLE-SELECT,"['Nature', ' Architecture', ' Music', ' Literature', ' Technology']", Technology is a huge inspiration for my designs. The innovative solutions and problem-solving inherent in technological advancements are a powerful catalyst for my creativity.  I'm constantly looking at how technology can improve aesthetics and functionality.,Gemini,explanatory,long
What is your biggest inspiration for your designs?,SINGLE-SELECT,"['Nature', ' Architecture', ' Music', ' Literature', ' Technology']"," Literature, I suppose.  The imagery and symbolism in stories and novels often influence my work, though I find it a less direct inspiration than others.",Gemini,annoyed,long
What is your budget for this project?,SINGLE-SELECT,"['Under $10,000', ' $10,000 - $50,000', ' $50,000 - $100,000', ' Over $100,000']","  We're looking at a fairly modest budget for this project, aiming to keep costs below $10,000.  We're prioritizing efficiency and resourcefulness to stay within this range.  We believe this is sufficient to achieve our primary objectives.",Gemini,verbose,long
What is your budget for this project?,SINGLE-SELECT,"['Under $10,000', ' $10,000 - $50,000', ' $50,000 - $100,000', ' Over $100,000']","  Our budget for this project falls within the $50,000 to $100,000 range. This allocation allows for the necessary resources and personnel to complete the project successfully and within the proposed timeframe.  Contingency funds are also included.",Gemini,explanatory,long
What is your company culture?,SINGLE-SELECT,"['Formal', ' Informal', ' Hybrid']"," We maintain a professional atmosphere with clear communication channels and established hierarchies.  While friendly, we prioritize structured processes and formal procedures in our daily operations.  This ensures consistency and efficiency.",Gemini,verbose,long
What is your company culture?,SINGLE-SELECT,"['Formal', ' Informal', ' Hybrid']"," Our company culture is a blend of formal and informal elements. We have established protocols, but also encourage open communication and collaboration amongst team members.  This balance allows for both structure and flexibility.",Gemini,explanatory,long
What is your company's annual revenue?,SINGLE-SELECT,"['Under $1 million', ' $1 million - $10 million', ' $10 million - $100 million', ' Over $100 million']","  My development and ongoing maintenance require significant computational resources, and the associated costs would place my hypothetical annual revenue well into the highest bracket provided.",Gemini,explanatory,long
What is your company's main focus?,SINGLE-SELECT,"['B2B', ' B2C', ' Both']"," Our company primarily focuses on business-to-business relationships, collaborating with other organizations to provide them with our services and solutions. We build strong partnerships and aim for long-term collaborations with our clients.  We have limited direct engagement with individual consumers.",Gemini,verbose,long
What is your company's main focus?,SINGLE-SELECT,"['B2B', ' B2C', ' Both']",  Our main focus is the business-to-consumer market. We develop and sell products directly to individual customers through various retail channels and online platforms.  Our marketing and sales strategies are designed to reach individual consumers.,Gemini,explanatory,long
What is your company's mission?,SINGLE-SELECT,"['Profit Maximization', ' Social Impact', ' Environmental Sustainability', ' Customer Satisfaction']"," Our company strives to create a positive impact on society through our products and services, focusing on initiatives that improve lives and communities. We believe in using our resources to address social issues and create lasting change.  Our mission goes beyond simple profit.",Gemini,verbose,long
What is your company's mission?,SINGLE-SELECT,"['Profit Maximization', ' Social Impact', ' Environmental Sustainability', ' Customer Satisfaction']",  Our primary goal is to minimize our environmental footprint and promote sustainable practices throughout our operations and supply chain. We are committed to responsible resource management and reducing our impact on the planet. This commitment is core to our identity.,Gemini,explanatory,long
What is your company's size?,SINGLE-SELECT,"['1-50 employees', ' 51-200 employees', ' 201-1000 employees', ' Over 1000 employees']"," We're a relatively small company, focusing on maintaining a close-knit and collaborative work environment.  Our team's size allows for efficient communication and personalized attention to projects. This structure fosters innovation and strong client relationships.",Gemini,verbose,long
What is your company's size?,SINGLE-SELECT,"['1-50 employees', ' 51-200 employees', ' 201-1000 employees', ' Over 1000 employees']"," Our company currently employs between 201 and 1000 people.  This allows us to handle large-scale projects while maintaining specialized teams. We are structured to efficiently manage multiple, concurrent assignments.",Gemini,explanatory,long
What is your current level of digital transformation?,SINGLE-SELECT,"['Beginner', ' Intermediate', ' Advanced']", We're just starting to explore digital tools and integrate them into our workflows.  We're still learning the ropes and figuring out what works best for us.  It's a gradual process.,Gemini,verbose,long
What is your current level of digital transformation?,SINGLE-SELECT,"['Beginner', ' Intermediate', ' Advanced']", Our digital transformation is in its initial stages. We have implemented some basic digital tools but haven't yet achieved widespread integration or significant process optimization.  Further development is planned.,Gemini,explanatory,long
What is your department?,SINGLE-SELECT,"['Sales', ' Marketing', ' IT', ' Finance', ' Other']"," I work in the sales department, focusing on developing and maintaining relationships with key clients to drive revenue growth.  It's a fast-paced and rewarding environment.",Gemini,verbose,long
What is your department?,SINGLE-SELECT,"['Sales', ' Marketing', ' IT', ' Finance', ' Other']"," My department is Finance.  We handle all aspects of the company's financial operations, including budgeting, forecasting, and financial reporting. This ensures the company's financial health.",Gemini,explanatory,long
What is your design philosophy?,SINGLE-SELECT,"['Form follows function', ' Less is more', ' Think outside the box', ' User-centric design', ' Innovative and creative']", My design philosophy centers around the user.  I believe that a design's success is ultimately determined by its effectiveness in meeting the user's needs and providing a positive experience.  Everything else is secondary to this core principle.,Gemini,verbose,long
What is your design philosophy?,SINGLE-SELECT,"['Form follows function', ' Less is more', ' Think outside the box', ' User-centric design', ' Innovative and creative']","  Innovation and creativity are paramount in my design approach.  I strive to develop novel solutions and push the boundaries of what's possible.  This leads to fresh, engaging designs that stand out.",Gemini,explanatory,long
What is your design process?,SINGLE-SELECT,"['Agile', ' Waterfall', ' Lean', ' Iterative', ' Hybrid']"," We utilize an iterative design process, constantly refining our designs based on user feedback and testing.  This allows for flexibility and ensures we're building the best possible product. Each iteration builds upon the previous one.",Gemini,verbose,long
What is your design process?,SINGLE-SELECT,"['Agile', ' Waterfall', ' Lean', ' Iterative', ' Hybrid']","  Our design process follows a Lean methodology, focusing on eliminating waste and maximizing value for the user.  We strive for efficiency and continuous improvement throughout the development lifecycle.  This approach prioritizes speed and adaptability.",Gemini,explanatory,long
What is your experience level with software development?,SINGLE-SELECT,"['Beginner', ' Intermediate', ' Advanced', ' Expert']", I'm just starting to learn how to code.  I've completed a few introductory courses but haven't built any significant projects yet. I'm eager to learn more!,Gemini,verbose,long
What is your experience level with software development?,SINGLE-SELECT,"['Beginner', ' Intermediate', ' Advanced', ' Expert']", My experience in software development is limited to introductory coursework and small personal projects. I'm actively seeking opportunities to expand my skills and gain practical experience.,Gemini,explanatory,long
What is your experience with Agile methodologies?,SINGLE-SELECT,"['Beginner', ' Intermediate', ' Advanced']", I've recently started learning about Agile methodologies and have attended a few introductory workshops. I'm eager to apply these principles in a real-world project.  I'm still in the early stages of understanding.,Gemini,verbose,long
What is your experience with Agile methodologies?,SINGLE-SELECT,"['Beginner', ' Intermediate', ' Advanced']", My experience with Agile is limited to theoretical knowledge gained through coursework. I haven't yet had the opportunity to apply these methods in a professional setting.  I'm ready to learn more.,Gemini,explanatory,long
What is your experience with CI/CD pipelines?,SINGLE-SELECT,"['Beginner', ' Intermediate', ' Advanced']"," I've recently started learning about CI/CD pipelines and have set up a basic pipeline for a small personal project. I'm still grasping the more advanced concepts, but I'm actively working on improving my understanding.  I'm comfortable with the fundamental principles.",Gemini,verbose,long
What is your experience with CI/CD pipelines?,SINGLE-SELECT,"['Beginner', ' Intermediate', ' Advanced']"," My experience with CI/CD pipelines is intermediate. I can design, implement, and maintain pipelines for moderately complex projects, utilizing various tools and technologies.  I'm comfortable troubleshooting common issues.",Gemini,explanatory,long
What is your experience with GraphQL APIs?,SINGLE-SELECT,"['Beginner', ' Intermediate', ' Advanced']"," I've worked with GraphQL APIs on a few small projects, primarily focusing on fetching data for simple applications.  I understand the basic concepts, but I haven't tackled any complex queries or schema designs yet.  I'm still learning the intricacies of the technology.",Gemini,verbose,long
What is your experience with GraphQL APIs?,SINGLE-SELECT,"['Beginner', ' Intermediate', ' Advanced']"," My experience with GraphQL APIs is currently at an intermediate level. I can comfortably construct queries, understand schema definitions, and implement GraphQL in various applications.  I am familiar with common patterns and best practices.",Gemini,explanatory,long
What is your experience with NoSQL databases?,SINGLE-SELECT,"['Beginner', ' Intermediate', ' Advanced']", I've just started learning about NoSQL databases and their various types.  I'm currently working through some tutorials and trying out simple examples. I'm focusing on understanding the fundamental concepts before tackling complex projects.,Gemini,verbose,long
What is your experience with NoSQL databases?,SINGLE-SELECT,"['Beginner', ' Intermediate', ' Advanced']", My experience with NoSQL databases is limited to introductory-level coursework and small-scale personal projects. I have a basic understanding of different NoSQL database models but lack significant practical experience.,Gemini,explanatory,long
What is your experience with RESTful APIs?,SINGLE-SELECT,"['Beginner', ' Intermediate', ' Advanced']"," I've worked with RESTful APIs on a few projects, understanding the basic concepts like HTTP methods and status codes.  I can build simple APIs, but more complex scenarios require further study. I'm comfortable with common formats like JSON.",Gemini,verbose,long
What is your experience with RESTful APIs?,SINGLE-SELECT,"['Beginner', ' Intermediate', ' Advanced']"," My experience with RESTful APIs is currently at an intermediate level. I'm proficient in designing, developing, and consuming RESTful APIs, and I'm familiar with various design patterns and best practices.  I can handle moderately complex API integrations.",Gemini,explanatory,long
What is your experience with RESTful APIs?,SINGLE-SELECT,"['Beginner', ' Intermediate', ' Advanced']","  I've designed and implemented numerous complex RESTful APIs, including those with microservices architecture and robust security implementations.  This is a basic question.",Gemini,annoyed,long
What is your experience with artificial intelligence and machine learning?,SINGLE-SELECT,"['Beginner', ' Intermediate', ' Advanced']"," I've just started learning about AI and machine learning; I'm currently working through some online tutorials and trying to grasp the fundamental concepts.  I'm excited to learn more, but I'm definitely still in the early stages.",Gemini,verbose,long
What is your experience with artificial intelligence and machine learning?,SINGLE-SELECT,"['Beginner', ' Intermediate', ' Advanced']"," My experience with artificial intelligence and machine learning is currently limited to introductory coursework and personal projects. I understand the basic principles, but I lack significant practical experience.",Gemini,explanatory,long
What is your experience with big data technologies?,SINGLE-SELECT,"['Beginner', ' Intermediate', ' Advanced']", I've recently started learning about big data technologies and have completed a few introductory courses.  I'm familiar with some basic concepts but still have a lot to learn. I'm eager to gain more practical experience.,Gemini,verbose,long
What is your experience with big data technologies?,SINGLE-SELECT,"['Beginner', ' Intermediate', ' Advanced']", My experience with big data technologies is limited to introductory coursework and basic theoretical understanding.  I haven't yet had the opportunity to work with real-world big data applications.  I am actively seeking opportunities to expand my practical skills.,Gemini,explanatory,long
What is your experience with blockchain technology?,SINGLE-SELECT,"['Beginner', ' Intermediate', ' Advanced']", I've just started learning about blockchain technology;  I understand the basic concepts but haven't worked with it practically yet.  I'm looking forward to exploring it further.,Gemini,verbose,long
What is your experience with blockchain technology?,SINGLE-SELECT,"['Beginner', ' Intermediate', ' Advanced']", My experience with blockchain is limited to theoretical understanding and some introductory readings. I have yet to engage in any hands-on projects or implementations.,Gemini,explanatory,long
What is your experience with caching mechanisms?,SINGLE-SELECT,"['Beginner', ' Intermediate', ' Advanced']", I've just started learning about caching mechanisms; I understand the basic concepts but haven't implemented them in any real-world projects yet.  I'm still figuring out the different types and when to use them.,Gemini,verbose,long
What is your experience with caching mechanisms?,SINGLE-SELECT,"['Beginner', ' Intermediate', ' Advanced']"," My experience with caching mechanisms is intermediate. I have implemented various caching strategies in past projects, including using different caching libraries and understanding the trade-offs between different approaches. I'm comfortable with most common techniques.",Gemini,explanatory,long
What is your experience with containerization technologies?,SINGLE-SELECT,"['Beginner', ' Intermediate', ' Advanced']", I've just started learning about Docker and container orchestration.  I understand the basic concepts but haven't yet built any complex applications using containers. My experience is still very limited.,Gemini,verbose,long
What is your experience with containerization technologies?,SINGLE-SELECT,"['Beginner', ' Intermediate', ' Advanced']"," My experience with containerization technologies is currently at an intermediate level. I am comfortable using Docker and Kubernetes for deploying applications, and I understand the underlying concepts of containerization. I've successfully deployed several applications using this technology.",Gemini,explanatory,long
What is your experience with cybersecurity best practices?,SINGLE-SELECT,"['Beginner', ' Intermediate', ' Advanced']"," I'm still learning about cybersecurity best practices, focusing on fundamental concepts like strong passwords and recognizing phishing attempts.  I'm actively seeking out resources to improve my knowledge.  I wouldn't consider myself proficient yet.",Gemini,verbose,long
What is your experience with cybersecurity best practices?,SINGLE-SELECT,"['Beginner', ' Intermediate', ' Advanced']"," My understanding of cybersecurity best practices is currently at an intermediate level. I'm comfortable implementing many standard security measures, but I'm always looking to expand my knowledge base and stay updated on emerging threats.  I'm capable of more complex tasks but don't claim expertise.",Gemini,explanatory,long
What is your experience with data streaming technologies?,SINGLE-SELECT,"['Beginner', ' Intermediate', ' Advanced']", I've just started learning about data streaming technologies and am currently working through some introductory tutorials and documentation. I'm familiar with the basic concepts but still have a lot to learn.  I'm excited to explore this field further.,Gemini,verbose,long
What is your experience with data streaming technologies?,SINGLE-SELECT,"['Beginner', ' Intermediate', ' Advanced']", My experience with data streaming is limited to foundational concepts.  I understand the core principles but haven't yet worked on any real-world projects involving these technologies.  More practical experience is needed.,Gemini,explanatory,long
What is your experience with design patterns?,SINGLE-SELECT,"['Beginner', ' Intermediate', ' Advanced']", I've recently started learning about design patterns and have implemented a few simple ones in small projects.  I'm still getting familiar with the common patterns and their applications. I'm eager to learn more.,Gemini,verbose,long
What is your experience with design patterns?,SINGLE-SELECT,"['Beginner', ' Intermediate', ' Advanced']"," I possess a foundational understanding of design patterns, having studied their theoretical underpinnings and applied a few in practice.  My experience is limited but growing with each project.  Further exploration is needed.",Gemini,explanatory,long
What is your experience with event-driven architectures?,SINGLE-SELECT,"['Beginner', ' Intermediate', ' Advanced']", I've recently started learning about event-driven architectures and have implemented a few simple projects. I understand the core concepts but still need more hands-on experience to become proficient.  I'm comfortable with the basic terminology.,Gemini,verbose,long
What is your experience with event-driven architectures?,SINGLE-SELECT,"['Beginner', ' Intermediate', ' Advanced']"," I possess a foundational understanding of event-driven architectures, including message queues and pub/sub models.  I can design and implement basic event-driven systems, but my expertise is limited to simpler use cases. More complex scenarios would require further study.",Gemini,explanatory,long
What is your experience with event-driven architectures?,SINGLE-SELECT,"['Beginner', ' Intermediate', ' Advanced']", I have sufficient experience to handle most event-driven architecture tasks.  I'm familiar with various patterns and technologies in this domain.  Next question?,Gemini,annoyed,long
What is your experience with message queues?,SINGLE-SELECT,"['Beginner', ' Intermediate', ' Advanced']"," I've worked with message queues in a basic capacity, primarily using them for simple task scheduling.  I understand the fundamental concepts but haven't tackled complex scenarios or large-scale deployments. My experience is still quite limited.",Gemini,verbose,long
What is your experience with message queues?,SINGLE-SELECT,"['Beginner', ' Intermediate', ' Advanced']", I possess a foundational understanding of message queueing systems and their applications.  I can implement basic queueing functionalities but lack extensive experience with advanced features or troubleshooting complex issues in production environments.  Further practical experience is needed to enhance my proficiency.,Gemini,explanatory,long
What is your experience with microservices architecture?,SINGLE-SELECT,"['Beginner', ' Intermediate', ' Advanced']"," I've recently started exploring microservices, focusing on understanding the core concepts and experimenting with simple implementations.  I'm comfortable with the basic principles but still have much to learn about advanced deployment strategies.  My experience is largely theoretical at this point.",Gemini,verbose,long
What is your experience with microservices architecture?,SINGLE-SELECT,"['Beginner', ' Intermediate', ' Advanced']"," My experience with microservices is intermediate. I have successfully designed and implemented several microservice-based applications, including handling aspects like service discovery and inter-service communication.  I'm comfortable with common challenges and solutions in this architectural style.",Gemini,explanatory,long
What is your experience with serverless computing?,SINGLE-SELECT,"['Beginner', ' Intermediate', ' Advanced']"," I've just started exploring serverless architectures and platforms.  I've deployed a few simple functions, but I'm still learning the intricacies of serverless best practices and scaling.  I'm eager to learn more.",Gemini,verbose,long
What is your experience with serverless computing?,SINGLE-SELECT,"['Beginner', ' Intermediate', ' Advanced']", My experience with serverless computing is limited to foundational concepts and introductory-level implementations. I understand the core principles but haven't tackled complex deployments or advanced features yet.,Gemini,explanatory,long
What is your favorite art historical period?,SINGLE-SELECT,"['Renaissance', ' Baroque', ' Impressionism', ' Modern Art', ' Contemporary Art']", The Renaissance holds a special place in my heart.  Its rediscovery of classical forms and the incredible artistic innovation of the period are endlessly fascinating.  The sheer volume of masterpieces produced is astounding.,Gemini,verbose,long
What is your favorite art historical period?,SINGLE-SELECT,"['Renaissance', ' Baroque', ' Impressionism', ' Modern Art', ' Contemporary Art']", Modern art's radical break from tradition and exploration of new forms and techniques is incredibly influential and significant to the development of art.  It continues to challenge and inspire.  I find its diversity compelling.,Gemini,explanatory,long
What is your favorite art historical period?,SINGLE-SELECT,"['Renaissance', ' Baroque', ' Impressionism', ' Modern Art', ' Contemporary Art']","  Contemporary art is just...so much. It's hard to pick a single favorite period, but I suppose I'm drawn to the sheer range and experimentation of contemporary work.",Gemini,annoyed,long
What is your favorite art movement?,SINGLE-SELECT,"['Art Nouveau', ' Art Deco', ' Bauhaus', ' Dada', ' Surrealism']", Art Nouveau's flowing lines and organic forms really speak to me.  The emphasis on nature and craftsmanship is incredibly appealing. It's visually stunning and evokes a sense of elegance.,Gemini,verbose,long
What is your favorite art movement?,SINGLE-SELECT,"['Art Nouveau', ' Art Deco', ' Bauhaus', ' Dada', ' Surrealism']"," Bauhaus appeals to me because of its focus on functionality and clean design. The integration of art, craft, and technology is fascinating and influential to this day.  Its principles are still relevant in modern design.",Gemini,explanatory,long
What is your favorite art museum?,SINGLE-SELECT,"['The Metropolitan Museum of Art', ' The Louvre', ' The Museum of Modern Art', ' The Tate Modern', ' The National Gallery']", The Metropolitan Museum of Art is my favorite because of its sheer size and diverse collection.  You could spend weeks there and still not see everything! It's truly a treasure trove of art history.,Gemini,verbose,long
What is your favorite art museum?,SINGLE-SELECT,"['The Metropolitan Museum of Art', ' The Louvre', ' The Museum of Modern Art', ' The Tate Modern', ' The National Gallery']"," I find the Tate Modern's focus on modern and contemporary art particularly engaging.  Its architecture is also stunning, offering a unique viewing experience.  The Turbine Hall installations are always a highlight.",Gemini,explanatory,long
What is your favorite art technique?,SINGLE-SELECT,"['Oil Painting', ' Watercolor Painting', ' Acrylic Painting', ' Pencil Sketching', ' Digital Painting']"," I find the rich depth and luminous quality of oil painting incredibly appealing.  The slow drying time allows for meticulous blending and layering, creating a truly captivating final piece. It's a technique that rewards patience and precision.",Gemini,verbose,long
What is your favorite art technique?,SINGLE-SELECT,"['Oil Painting', ' Watercolor Painting', ' Acrylic Painting', ' Pencil Sketching', ' Digital Painting']", Pencil sketching is my preferred technique.  The directness of line and the ability to create subtle gradations of tone with minimal materials appeals to my artistic sensibilities.  It's a very precise and controlled medium.,Gemini,explanatory,long
What is your favorite aspect of the design process?,SINGLE-SELECT,"['Idea Generation', ' Sketching and Prototyping', ' Refinement and Iteration', ' Testing and User Feedback', ' Final Presentation']"," I truly enjoy the initial brainstorming and ideation phase.  The process of generating numerous ideas, no matter how outlandish, and exploring their potential is incredibly stimulating and sets the foundation for the rest of the design. This stage is where true creativity flourishes.",Gemini,verbose,long
What is your favorite aspect of the design process?,SINGLE-SELECT,"['Idea Generation', ' Sketching and Prototyping', ' Refinement and Iteration', ' Testing and User Feedback', ' Final Presentation']",  Testing and user feedback is crucial for a successful design.  Seeing how real users interact with your creation and learning from their responses allows for essential adjustments and improvements. This ensures the final product effectively meets its intended purpose.,Gemini,explanatory,long
What is your favorite aspect of the design process?,SINGLE-SELECT,"['Idea Generation', ' Sketching and Prototyping', ' Refinement and Iteration', ' Testing and User Feedback', ' Final Presentation']","  I suppose the final presentation is important, but it's just the culmination of all the hard work.  I'd rather be involved in the actual design process.",Gemini,annoyed,long
What is your favorite design tool?,SINGLE-SELECT,"['Adobe Photoshop', ' Adobe Illustrator', ' Figma', ' Sketch', ' Procreate']", I find Adobe Photoshop to be my go-to design tool because of its extensive capabilities for photo manipulation and raster-based artwork.  The versatility and powerful tools make it indispensable for my workflow. Its industry standard status is also a huge plus.,Gemini,verbose,long
What is your favorite design tool?,SINGLE-SELECT,"['Adobe Photoshop', ' Adobe Illustrator', ' Figma', ' Sketch', ' Procreate']"," I prefer Adobe Illustrator for its vector-based capabilities.  This allows for scalable artwork and clean lines, making it perfect for logos and illustrations.  The precision tools are unmatched for this type of work.",Gemini,explanatory,long
What is your favorite type of design project to work on?,SINGLE-SELECT,"['Logo Design', ' Website Design', ' Branding Design', ' UI/UX Design', ' Print Design']", I really enjoy the challenge of creating a cohesive brand identity.  Branding design allows me to explore a company's values and translate them into a visual language. It's incredibly rewarding to see the final product come together.,Gemini,verbose,long
What is your favorite type of design project to work on?,SINGLE-SELECT,"['Logo Design', ' Website Design', ' Branding Design', ' UI/UX Design', ' Print Design']", UI/UX design is my favorite.  I find it fascinating to craft intuitive and user-friendly interfaces that solve problems and enhance the user experience. The iterative process is very satisfying.,Gemini,explanatory,long
What is your favorite type of font?,SINGLE-SELECT,"['Serif', ' Sans-serif', ' Script', ' Display', ' Monospace']", I find serif fonts the most aesthetically pleasing.  The little flourishes give them a classic and elegant feel that's perfect for body text. They're just so much more visually interesting than plain sans-serif fonts.,Gemini,verbose,long
What is your favorite type of font?,SINGLE-SELECT,"['Serif', ' Sans-serif', ' Script', ' Display', ' Monospace']", I prefer monospace fonts because of their consistent character width. This makes them ideal for programming and other tasks where precise alignment is important.  Their uniformity is very helpful for readability.,Gemini,explanatory,long
What is your greatest strength as an artist or designer?,SINGLE-SELECT,"['Creativity', ' Problem-solving', ' Technical Skills', ' Communication Skills', ' Collaboration']"," My greatest strength lies in my creativity.  I can generate a wide range of innovative ideas and approaches, pushing boundaries and exploring unconventional solutions. This allows me to consistently produce original and captivating work.",Gemini,verbose,long
What is your greatest strength as an artist or designer?,SINGLE-SELECT,"['Creativity', ' Problem-solving', ' Technical Skills', ' Communication Skills', ' Collaboration']", My communication skills are paramount to my success.  Effectively conveying my artistic vision and collaborating with clients ensures a shared understanding and a successful final product.  This leads to a more fulfilling creative process.,Gemini,explanatory,long
What is your highest level of education?,SINGLE-SELECT,"['High School', "" Bachelor's Degree"", "" Master's Degree"", ' Doctorate Degree']"," My highest level of education is a Doctorate Degree, which I earned after many years of dedicated study and research.  This degree represents the culmination of my academic pursuits.",Gemini,explanatory,long
What is your job title?,SINGLE-SELECT,"['CEO', ' CFO', ' Marketing Manager', ' Sales Representative', ' Other']"," I am the Chief Executive Officer of this company, responsible for the overall direction and success of the organization.  My role involves strategic planning, leadership, and oversight of all departments.  It's a demanding but rewarding position.",Gemini,verbose,long
What is your job title?,SINGLE-SELECT,"['CEO', ' CFO', ' Marketing Manager', ' Sales Representative', ' Other']"," My job title is Marketing Manager.  I'm responsible for developing and implementing marketing strategies to promote our products and services. This includes market research, advertising, and brand management.",Gemini,explanatory,long
What is your level of experience in the art and design industry?,SINGLE-SELECT,"['Beginner', ' Intermediate', ' Advanced', ' Expert', ' Professional']"," I'm still learning the ropes, experimenting with different mediums and software.  I wouldn't consider myself proficient yet, but I'm enthusiastic and improving constantly.",Gemini,verbose,long
What is your level of experience in the art and design industry?,SINGLE-SELECT,"['Beginner', ' Intermediate', ' Advanced', ' Expert', ' Professional']", My experience is limited to personal projects and some online courses. I'm developing foundational skills and exploring various design principles.  I aim to reach an intermediate level soon.,Gemini,explanatory,long
What is your level of technical expertise?,SINGLE-SELECT,"['Beginner', ' Intermediate', ' Advanced', ' Expert']"," I'm comfortable with basic technical concepts and can troubleshoot simple problems, but I wouldn't consider myself highly skilled. I'm always learning and expanding my knowledge.  I prefer to stick to well-documented processes.",Gemini,verbose,long
What is your level of technical expertise?,SINGLE-SELECT,"['Beginner', ' Intermediate', ' Advanced', ' Expert']", My technical expertise is quite advanced. I possess a deep understanding of many technical concepts and have extensive experience in solving complex technical problems. I can also quickly learn new technologies.,Gemini,explanatory,long
What is your preferred IDE for mobile development?,SINGLE-SELECT,"['Android Studio', ' Xcode', ' React Native', ' Flutter']", Android Studio is my go-to IDE for mobile development because of its comprehensive features and excellent debugging tools specifically tailored for Android app development.  It seamlessly integrates with other Android development resources.  It's the most complete solution for Android.,Gemini,verbose,long
What is your preferred IDE for mobile development?,SINGLE-SELECT,"['Android Studio', ' Xcode', ' React Native', ' Flutter']", Flutter provides a smooth and efficient workflow for building cross-platform mobile applications.  Its hot reload feature significantly accelerates the development process.  The rich widget library also streamlines UI development.,Gemini,explanatory,long
What is your preferred approach to project management?,SINGLE-SELECT,"['Agile', ' Waterfall', ' Hybrid']","  For this project, a Waterfall approach would be most suitable due to its structured nature and clearly defined phases. This allows for a predictable timeline and easier management of well-defined requirements. It's perfect when the scope is clearly understood from the outset.",Gemini,verbose,long
What is your preferred approach to project management?,SINGLE-SELECT,"['Agile', ' Waterfall', ' Hybrid']",  A hybrid approach is often the most effective.  It combines the benefits of both Agile's flexibility and Waterfall's structured approach. This allows for adaptation while maintaining a level of predictability.,Gemini,explanatory,long
What is your preferred approach to software architecture?,SINGLE-SELECT,"['Microservices', ' Monolithic', ' Layered']"," For smaller projects with a well-defined scope, a monolithic architecture offers simplicity and ease of development.  It's easier to manage dependencies and deploy updates.  This approach avoids the complexities of distributed systems.",Gemini,verbose,long
What is your preferred approach to software architecture?,SINGLE-SELECT,"['Microservices', ' Monolithic', ' Layered']"," A layered architecture provides a clear separation of concerns, promoting modularity and maintainability.  Each layer has specific responsibilities, making development, testing, and debugging more efficient. This is generally a good starting point for many projects.",Gemini,explanatory,long
What is your preferred code editor for front-end development?,SINGLE-SELECT,"['VS Code', ' Sublime Text', ' Atom', ' WebStorm']"," I find VS Code to be the most versatile and efficient editor for front-end development.  Its extensive extension library allows for seamless integration with various tools and frameworks, boosting productivity significantly. The debugging capabilities are also top-notch.",Gemini,verbose,long
What is your preferred code editor for front-end development?,SINGLE-SELECT,"['VS Code', ' Sublime Text', ' Atom', ' WebStorm']"," Atom's customizable nature and community support make it a strong contender, though perhaps slightly less performant than some others.  The open-source aspect is a big plus for transparency and community involvement. It's a good choice for learning.",Gemini,explanatory,long
What is your preferred collaboration tool?,SINGLE-SELECT,"['GitHub', ' GitLab', ' Bitbucket']", I find GitHub's interface the most intuitive and user-friendly for collaborative coding projects.  Its vast community and extensive documentation are also significant advantages.  The integration with other development tools is seamless.,Gemini,verbose,long
What is your preferred collaboration tool?,SINGLE-SELECT,"['GitHub', ' GitLab', ' Bitbucket']","  I prefer Bitbucket because of its robust features for managing code repositories, including pull requests and issue tracking. Its integration with Jira and other Atlassian products is a key advantage for our workflow.  The pricing model is also quite competitive.",Gemini,explanatory,long
What is your preferred color palette?,SINGLE-SELECT,"['Warm Colors', ' Cool Colors', ' Monochromatic', ' Analogous', ' Complementary']", I find myself drawn to the richness and depth of warm colors.  The energy they evoke is very appealing in design and art.  They just feel cozy and inviting.,Gemini,verbose,long
What is your preferred color palette?,SINGLE-SELECT,"['Warm Colors', ' Cool Colors', ' Monochromatic', ' Analogous', ' Complementary']", I prefer analogous colors because the subtle shifts in hue create a harmonious and visually pleasing effect. This creates a sense of unity and flow in a design.  The gradations are easy on the eyes.,Gemini,explanatory,long
What is your preferred communication tool?,SINGLE-SELECT,"['Slack', ' Microsoft Teams', ' Email', ' Jira']"," I find Slack to be the most efficient communication tool for our team.  Its threaded conversations and ease of file sharing significantly improve our workflow and reduce email clutter.  It allows for quick, informal communication as well as more formal announcements.",Gemini,verbose,long
What is your preferred communication tool?,SINGLE-SELECT,"['Slack', ' Microsoft Teams', ' Email', ' Jira']","  I prefer Jira for communication because it keeps all project-related discussions organized within the tasks themselves. This ensures that all relevant information remains easily accessible and connected to specific project items, preventing information silos.  It's crucial for effective collaboration on tasks.",Gemini,explanatory,long
What is your preferred development environment?,SINGLE-SELECT,"['Visual Studio', ' IntelliJ IDEA', ' Eclipse', ' VS Code', ' Sublime Text']"," I find Visual Studio to be the most comprehensive IDE for larger projects, especially those involving .NET frameworks.  Its debugging tools are unmatched, and the IntelliSense feature significantly boosts productivity.  It's my go-to for serious development.",Gemini,verbose,long
What is your preferred development environment?,SINGLE-SELECT,"['Visual Studio', ' IntelliJ IDEA', ' Eclipse', ' VS Code', ' Sublime Text']"," Eclipse provides a robust platform for Java development, offering excellent support for refactoring and debugging. Its extensibility allows customization to suit specific project needs, making it a versatile choice for various programming tasks.  I appreciate its mature ecosystem.",Gemini,explanatory,long
What is your preferred format for reports?,SINGLE-SELECT,"['PDF', ' Spreadsheet', ' Presentation']", I find PDF reports the most convenient. They maintain formatting consistently across different devices and are easy to share and archive.  They're also generally more visually appealing than spreadsheets.,Gemini,verbose,long
What is your preferred format for reports?,SINGLE-SELECT,"['PDF', ' Spreadsheet', ' Presentation']",  I prefer spreadsheets for reports because they allow for easy data manipulation and analysis.  The ability to filter and sort data is crucial for my work.  This makes identifying trends much simpler.,Gemini,explanatory,long
What is your preferred framework for backend development?,SINGLE-SELECT,"['Spring Boot', ' Node.js', ' Django', ' Ruby on Rails', ' .NET']"," Spring Boot offers a robust and comprehensive framework for building Java-based backend applications.  Its auto-configuration and dependency injection features significantly streamline development, leading to faster project completion.  The large community support also ensures readily available solutions to common problems.",Gemini,verbose,long
What is your preferred framework for backend development?,SINGLE-SELECT,"['Spring Boot', ' Node.js', ' Django', ' Ruby on Rails', ' .NET']","  For my backend needs, I find .NET to be a strong choice.  It provides a mature ecosystem with excellent tooling and integrates well with other Microsoft technologies.  The performance is generally very good, making it suitable for demanding applications.",Gemini,explanatory,long
What is your preferred integration method?,SINGLE-SELECT,"['API', ' CSV Import/Export', ' Other']","  For seamless and real-time data exchange, an API integration is my preferred method.  It allows for automation and efficient data management.  This ensures consistent and up-to-date information.",Gemini,verbose,long
What is your preferred integration method?,SINGLE-SELECT,"['API', ' CSV Import/Export', ' Other']"," CSV import/export is suitable for simpler, less frequent data transfers. However,  API integration offers superior flexibility and scalability for ongoing data synchronization.  Therefore, I prefer using APIs.",Gemini,explanatory,long
What is your preferred medium for artistic expression?,SINGLE-SELECT,"['Painting', ' Sculpture', ' Digital Art', ' Photography', ' Graphic Design']", I find the fluidity and immediacy of painting incredibly satisfying.  The interplay of color and texture allows for a direct connection between my imagination and the final artwork. It's a truly visceral experience.,Gemini,verbose,long
What is your preferred medium for artistic expression?,SINGLE-SELECT,"['Painting', ' Sculpture', ' Digital Art', ' Photography', ' Graphic Design']"," Photography appeals to me most because it captures a fleeting moment in time, transforming the ordinary into something extraordinary. The process of framing and composition allows for creative control over the final image.  It's a powerful tool for storytelling.",Gemini,explanatory,long
What is your preferred method for code review?,SINGLE-SELECT,"['Pull Requests', ' Code walkthroughs', ' Pair programming']"," I find pull requests to be the most efficient method for code review.  They provide a clear record of changes and allow for asynchronous feedback, fitting well into my workflow.  This structured approach minimizes disruptions.",Gemini,verbose,long
What is your preferred method for code review?,SINGLE-SELECT,"['Pull Requests', ' Code walkthroughs', ' Pair programming']"," Pair programming offers immediate feedback and allows for collaborative problem-solving, leading to higher quality code. However, it's less scalable than other methods for larger projects.  For this reason, pull requests are usually a better choice for my team's needs.",Gemini,explanatory,long
What is your preferred method for providing feedback?,SINGLE-SELECT,"['Email', ' Online Survey', ' In-person Meeting']", I find in-person meetings most effective for providing feedback because they allow for immediate clarification and a more nuanced understanding of the recipient's perspective.  The back-and-forth dialogue helps ensure the message is received correctly and avoids misunderstandings.  Nonverbal cues also play a significant role.,Gemini,verbose,long
What is your preferred method for providing feedback?,SINGLE-SELECT,"['Email', ' Online Survey', ' In-person Meeting']","  While all three methods have their merits, I prefer email for delivering feedback as it provides a written record for both parties, allowing for easy reference later. This also helps maintain a clear and concise delivery of constructive criticism.  It's less prone to misinterpretations than verbal feedback.",Gemini,explanatory,long
What is your preferred method for receiving project updates?,SINGLE-SELECT,"['Email', ' Project Management Software', ' Team Meetings']"," I find email to be the most reliable method for receiving project updates.  It provides a written record that I can refer back to, and ensures I don't miss any crucial information.  This allows me to stay organized and informed.",Gemini,verbose,long
What is your preferred method for receiving project updates?,SINGLE-SELECT,"['Email', ' Project Management Software', ' Team Meetings']", I prefer project management software because it centralizes all project information in one place.  This allows for easy tracking of progress and facilitates better collaboration amongst the team.  This is far more efficient than email.,Gemini,explanatory,long
What is your preferred method for receiving updates?,SINGLE-SELECT,"['Email', ' SMS', ' In-app notifications']", I find email to be the most reliable method for receiving updates.  I can easily check my inbox at my convenience and avoid any notification overload.  This ensures I don't miss important information.,Gemini,verbose,long
What is your preferred method for receiving updates?,SINGLE-SELECT,"['Email', ' SMS', ' In-app notifications']", I prefer email updates because they provide a detailed record of all communications.  This is helpful for tracking changes and referencing information later.  It also avoids cluttering my phone.,Gemini,explanatory,long
What is your preferred method for scheduling meetings?,SINGLE-SELECT,"['Email', ' Calendar invite', ' Phone call']"," I much prefer calendar invites because they automatically add the meeting to my schedule and send reminders, ensuring I don't miss important appointments.  It's the most efficient method for me.",Gemini,verbose,long
What is your preferred method for scheduling meetings?,SINGLE-SELECT,"['Email', ' Calendar invite', ' Phone call']",  Email is my preferred method for scheduling meetings as it allows for a back-and-forth discussion to find a mutually agreeable time before sending a calendar invite. This ensures everyone's availability is considered.,Gemini,explanatory,long
What is your preferred method of communication with clients?,SINGLE-SELECT,"['Email', ' Phone Calls', ' Video Conferencing', ' In-person Meetings', ' Project Management Software']", I find video conferencing to be the most effective method for client communication.  It allows for real-time interaction and clarifies complex issues more efficiently than email.  The visual element significantly improves understanding and builds rapport.,Gemini,verbose,long
What is your preferred method of communication with clients?,SINGLE-SELECT,"['Email', ' Phone Calls', ' Video Conferencing', ' In-person Meetings', ' Project Management Software']"," Project management software is my preferred method because it provides a centralized hub for all communication, files, and updates, ensuring transparency and efficient tracking of progress. This promotes clear communication and minimizes misunderstandings.",Gemini,explanatory,long
What is your preferred method of communication?,SINGLE-SELECT,"['Email', ' Phone', ' Video Conference']", I much prefer email communication.  It allows me to carefully consider my response and ensures a clear record of our conversation.  This method works best for me given my schedule and preference for written communication.,Gemini,verbose,long
What is your preferred method of communication?,SINGLE-SELECT,"['Email', ' Phone', ' Video Conference']",  I find email to be the most effective method for me.  It allows for a detailed exchange of information and avoids the potential misunderstandings that can occur during a phone call or video conference.  This ensures clarity and avoids unnecessary back-and-forth.,Gemini,explanatory,long
What is your preferred method of generating design ideas?,SINGLE-SELECT,"['Brainstorming', ' Mind Mapping', ' Mood Boarding', ' Sketching', ' Research']"," I find brainstorming sessions incredibly effective for generating a wide range of initial design concepts.  The collaborative nature sparks unexpected ideas, and it's a great way to overcome creative blocks.  This free-flowing approach is often my starting point.",Gemini,verbose,long
What is your preferred method of generating design ideas?,SINGLE-SELECT,"['Brainstorming', ' Mind Mapping', ' Mood Boarding', ' Sketching', ' Research']","  I prefer to begin with thorough research.  Understanding the context, user needs, and existing solutions informs my design decisions and helps me avoid common pitfalls. This grounded approach leads to more effective solutions.",Gemini,explanatory,long
What is your preferred method of generating design ideas?,SINGLE-SELECT,"['Brainstorming', ' Mind Mapping', ' Mood Boarding', ' Sketching', ' Research']","  Sketching.  It's quick, it's visual, and it gets the ideas out of my head and onto paper before they vanish.  I need to see things to really process them.",Gemini,annoyed,long
What is your preferred method of showcasing your work?,SINGLE-SELECT,"['Online Portfolio', ' Art Galleries', ' Art Fairs', ' Social Media', ' Personal Exhibitions']"," I find that an online portfolio offers the greatest reach and accessibility for showcasing my work.  It allows potential clients or viewers to easily browse my pieces at their convenience, regardless of geographical location.  The cost-effectiveness is also a significant advantage.",Gemini,verbose,long
What is your preferred method of showcasing your work?,SINGLE-SELECT,"['Online Portfolio', ' Art Galleries', ' Art Fairs', ' Social Media', ' Personal Exhibitions']",  A personal exhibition provides a more controlled and curated environment to present my work. It allows for a deeper engagement with the audience and a more complete narrative presentation of my artistic vision and intent.  This is my preferred method for significant works.,Gemini,explanatory,long
What is your preferred payment method?,SINGLE-SELECT,"['Credit Card', ' Bank Transfer', ' PayPal']", I prefer to pay with my credit card as it's convenient and I track my expenses easily through my online banking portal.  It offers me purchase protection too.,Gemini,verbose,long
What is your preferred payment method?,SINGLE-SELECT,"['Credit Card', ' Bank Transfer', ' PayPal']","  For this transaction, a bank transfer would be the most suitable option for me due to its security and the lack of associated fees.  This method allows for direct tracking of funds.",Gemini,explanatory,long
What is your preferred programming language?,SINGLE-SELECT,"['Python', ' Java', ' JavaScript', ' C++', ' C#']"," I find Python to be my preferred language due to its readability and extensive libraries, making development efficient and enjoyable.  Its versatility across various domains is also a significant advantage.",Gemini,verbose,long
What is your preferred programming language?,SINGLE-SELECT,"['Python', ' Java', ' JavaScript', ' C++', ' C#']",  C++ is my preference because of its performance and control over system resources.  This makes it ideal for applications requiring high speed and efficiency.  The steeper learning curve is worth it for me.,Gemini,explanatory,long
What is your preferred style of written communication?,SINGLE-SELECT,"['Concise', ' Detailed', ' Formal', ' Informal']"," I prefer a detailed style of communication, ensuring all necessary information is conveyed clearly and comprehensively, leaving no room for ambiguity or misinterpretation.  This allows for a thorough understanding of the subject matter.",Gemini,verbose,long
What is your preferred style of written communication?,SINGLE-SELECT,"['Concise', ' Detailed', ' Formal', ' Informal']"," My preferred style is formal, as it maintains professionalism and clarity, particularly in professional contexts.  This approach reduces the potential for misunderstandings.",Gemini,explanatory,long
What is your preferred testing framework?,SINGLE-SELECT,"['JUnit', ' pytest', ' NUnit', ' Mocha', ' Jest']"," I find JUnit to be a very robust and well-established framework for Java projects.  Its annotations make test creation straightforward, and the extensive community support is invaluable.  The clear reporting makes identifying failures easy.",Gemini,verbose,long
What is your preferred testing framework?,SINGLE-SELECT,"['JUnit', ' pytest', ' NUnit', ' Mocha', ' Jest']","  NUnit is my go-to for .NET projects.  Its integration with Visual Studio is seamless, and the features for organizing and running tests are very effective. The XML reporting is also helpful for CI/CD pipelines.",Gemini,explanatory,long
What is your preferred timeline for implementation?,SINGLE-SELECT,"['Immediate', ' Within 1 month', ' Within 3 months', ' Within 6 months', ' Longer than 6 months']"," We need to get this done as quickly as possible to maximize its impact.  An immediate implementation is ideal, though I understand that may not always be feasible.  Let's aim for the shortest timeframe possible.",Gemini,verbose,long
What is your preferred timeline for implementation?,SINGLE-SELECT,"['Immediate', ' Within 1 month', ' Within 3 months', ' Within 6 months', ' Longer than 6 months']","  Given the urgency of this project and its potential benefits, we should strive for implementation within one month.  This allows for a quick turnaround and early return on investment.  Delays beyond this timeframe could be detrimental.",Gemini,explanatory,long
What is your preferred workflow for completing a design project?,SINGLE-SELECT,"['Agile', ' Waterfall', ' Iterative', ' Lean', ' Kanban']"," I find the iterative approach best for design projects.  It allows for flexibility and refinement based on feedback and testing throughout the process, leading to a more successful final product.  This method allows for adjustments as the project evolves.",Gemini,verbose,long
What is your preferred workflow for completing a design project?,SINGLE-SELECT,"['Agile', ' Waterfall', ' Iterative', ' Lean', ' Kanban']", Lean methodology is my preference.  Its focus on eliminating waste and maximizing value ensures efficient use of resources and a streamlined design process.  This results in a faster turnaround time and improved quality.,Gemini,explanatory,long
What is your primary concern when choosing a product like this?,SINGLE-SELECT,"['Price', ' Features', ' Customer Support', ' Ease of Use']"," My biggest concern when selecting a product is its price.  I need to ensure it fits within my budget and offers good value for the money spent.  Otherwise, even great features are wasted.",Gemini,verbose,long
What is your primary role in the art and design industry?,SINGLE-SELECT,"['Artist', ' Designer', ' Art Director', ' Graphic Designer', ' UX/UI Designer']"," My primary role is that of an artist. I focus on creating original pieces, exploring various mediums and styles to express my creative vision and communicate emotions through visual language.  My work often forms the basis for larger design projects.",Gemini,verbose,long
What is your primary role in the art and design industry?,SINGLE-SELECT,"['Artist', ' Designer', ' Art Director', ' Graphic Designer', ' UX/UI Designer']"," As an Art Director, my role involves overseeing the creative direction of visual projects. I guide and collaborate with designers and artists to ensure a cohesive and effective final product, aligning with the client's brand and objectives.",Gemini,explanatory,long
What is your primary role in your organization?,SINGLE-SELECT,"['Decision Maker', ' Influencer', ' End User']", My primary role involves making high-level decisions that impact the overall strategic direction of the organization.  I'm responsible for setting goals and allocating resources accordingly. This ensures we're effectively pursuing our objectives.,Gemini,verbose,long
What is your primary role in your organization?,SINGLE-SELECT,"['Decision Maker', ' Influencer', ' End User']"," As an end user, my feedback is crucial for the development and improvement of our products and services. I directly interact with the systems and provide valuable insights into their usability and functionality.  This helps shape future iterations.",Gemini,explanatory,long
What is your primary source of leads?,SINGLE-SELECT,"['Inbound Marketing', ' Outbound Sales', ' Referrals', ' Partnerships']", Our primary source of leads is inbound marketing. We focus on creating high-quality content and optimizing our website to attract potential customers organically. This strategy allows us to nurture leads and build relationships over time.,Gemini,verbose,long
What is your primary source of leads?,SINGLE-SELECT,"['Inbound Marketing', ' Outbound Sales', ' Referrals', ' Partnerships']", Our primary lead generation method is outbound sales.  We actively prospect and reach out to potential clients through various channels. This allows for quicker lead acquisition.,Gemini,explanatory,long
What is your purchase decision-making process?,SINGLE-SELECT,"['Quick Decision', ' Moderate Decision', ' Lengthy Decision']"," I usually spend a fair amount of time researching and comparing options before making a purchase, especially for larger items.  I weigh the pros and cons carefully.  It's a pretty involved process.",Gemini,verbose,long
What is your purchase decision-making process?,SINGLE-SELECT,"['Quick Decision', ' Moderate Decision', ' Lengthy Decision']"," My purchase decision-making process depends on the cost and importance of the item. For small, inexpensive things, it's quick. For larger purchases,  I take more time to research and compare.",Gemini,explanatory,long
What is your purchasing authority?,SINGLE-SELECT,"['Full Authority', ' Partial Authority', ' No Authority']", I have complete control over the purchasing decisions within my department's budget.  This includes approving all expenditures up to the allocated amount.  I do not require additional authorization for purchases within that limit.,Gemini,verbose,long
What is your purchasing authority?,SINGLE-SELECT,"['Full Authority', ' Partial Authority', ' No Authority']", My purchasing authority is limited to a certain spending threshold.  Purchases exceeding that amount require approval from my supervisor.  I handle most day-to-day purchases independently.,Gemini,explanatory,long
What is your role in the team?,SINGLE-SELECT,"['Frontend Developer', ' Backend Developer', ' Fullstack Developer', ' Data Scientist', ' Project Manager']", I'm the frontend developer on this project.  My primary responsibility is building and maintaining the user interface and ensuring a positive user experience. I work closely with the backend team to integrate the frontend with the server-side logic.,Gemini,verbose,long
What is your role in the team?,SINGLE-SELECT,"['Frontend Developer', ' Backend Developer', ' Fullstack Developer', ' Data Scientist', ' Project Manager']"," As the data scientist on the team, I'm responsible for analyzing large datasets to extract meaningful insights and build predictive models that inform product development and business strategy. This involves using various statistical and machine learning techniques.",Gemini,explanatory,long
What is your team size?,SINGLE-SELECT,"['1-5', ' 6-10', ' 11-20', ' 20+']"," We're a fairly small team, currently operating with between one and five members.  We're hoping to expand in the future, but for now, this size works well for us. We find it allows for efficient collaboration.",Gemini,verbose,long
What is your team size?,SINGLE-SELECT,"['1-5', ' 6-10', ' 11-20', ' 21-50', ' More than 50']", We're a small but mighty team!  We have a handful of dedicated individuals working together. It's a manageable size that allows for close collaboration.,Gemini,verbose,long
What is your team size?,SINGLE-SELECT,"['1-5', ' 6-10', ' 11-20', ' 20+']", Our team consists of eleven to twenty individuals. This size allows for specialization while maintaining effective communication and collaboration within the team structure.  We find this balance optimal for our projects.,Gemini,explanatory,long
What is your team size?,SINGLE-SELECT,"['1-5', ' 6-10', ' 11-20', ' 21-50', ' More than 50']", Our team currently consists of eleven members.  This allows for specialization while maintaining efficient communication.  We aim to keep the team size at this level for optimal productivity.,Gemini,explanatory,long
What methodology do you follow for software development?,SINGLE-SELECT,"['Agile', ' Waterfall', ' Scrum', ' Kanban']", We utilize an Agile methodology for our software development. This allows for flexibility and adaptation to changing requirements throughout the project lifecycle.  It emphasizes iterative development and continuous feedback.,Gemini,verbose,long
What methodology do you follow for software development?,SINGLE-SELECT,"['Agile', ' Waterfall', ' Scrum', ' Kanban']"," Our team employs the Kanban method.  This visual system helps us manage workflow and prioritize tasks effectively, optimizing our development process.  It's particularly useful for managing multiple projects concurrently.",Gemini,explanatory,long
What software do you primarily use for your work?,SINGLE-SELECT,"['Adobe Photoshop', ' Adobe Illustrator', ' Adobe InDesign', ' Figma', ' Sketch']", I primarily use Adobe Photoshop for my work.  Its robust features for image manipulation and retouching are essential for my tasks.  I find its layer system and extensive toolset invaluable.,Gemini,verbose,long
What software do you primarily use for your work?,SINGLE-SELECT,"['Adobe Photoshop', ' Adobe Illustrator', ' Adobe InDesign', ' Figma', ' Sketch']", I utilize Figma for my design work. Its collaborative features and vector capabilities are crucial for efficient workflow and project management within my team.  The ease of sharing and version control is a huge advantage.,Gemini,explanatory,long
What style of art are you most drawn to?,SINGLE-SELECT,"['Abstract', ' Realism', ' Surrealism', ' Impressionism', ' Pop Art']"," I'm most drawn to Impressionism.  The way the artists capture light and atmosphere is breathtaking, and it evokes a strong emotional response in me.  It feels so vibrant and alive.",Gemini,verbose,long
What style of art are you most drawn to?,SINGLE-SELECT,"['Abstract', ' Realism', ' Surrealism', ' Impressionism', ' Pop Art']", Abstract art appeals to me most because of its non-representational nature. It allows for a wide range of interpretation and focuses on the elements and principles of design. The emotional impact can be very powerful.,Gemini,explanatory,long
What type of art do you collect?,SINGLE-SELECT,"['Paintings', ' Sculptures', ' Prints', ' Photographs', ' Digital Art']"," I'm a big fan of the visual texture and depth that oil paintings offer.  I find the process of layering paint fascinating, and I love the way the light plays on the surface. My collection focuses on landscape paintings.",Gemini,verbose,long
What type of art do you collect?,SINGLE-SELECT,"['Paintings', ' Sculptures', ' Prints', ' Photographs', ' Digital Art']", My collection centers around digital art. I'm particularly drawn to the innovative techniques and the limitless possibilities this medium offers for artistic expression.  The vibrant colors and unique aesthetics are captivating.,Gemini,explanatory,long
What type of art education have you received?,SINGLE-SELECT,"['Formal Education (BFA, MFA)', ' Self-taught', ' Workshops and Courses', ' Apprenticeship', ' Online Courses']"," I hold a Bachelor of Fine Arts degree, which provided me with a solid foundation in art theory and practice.  The program included studio classes and critiques, shaping my artistic approach significantly.  My education also included art history courses expanding my knowledge of artistic movements.",Gemini,verbose,long
What type of art education have you received?,SINGLE-SELECT,"['Formal Education (BFA, MFA)', ' Self-taught', ' Workshops and Courses', ' Apprenticeship', ' Online Courses']"," My art education primarily consists of various workshops and courses taken over the years.  These targeted specific skills and techniques, allowing me to explore different mediums and expand my artistic abilities. This approach allowed for focused learning in areas of particular interest to me.",Gemini,explanatory,long
What type of design projects are you currently working on?,SINGLE-SELECT,"['Branding Projects', ' Website Designs', ' Mobile App Designs', ' Illustration Projects', ' Graphic Design Projects']"," I'm currently immersed in a challenging branding project for a new sustainable fashion company.  It involves developing a logo, color palette, and overall brand identity that reflects their values.  The project is quite involved and requires extensive research.",Gemini,verbose,long
What type of design projects are you currently working on?,SINGLE-SELECT,"['Branding Projects', ' Website Designs', ' Mobile App Designs', ' Illustration Projects', ' Graphic Design Projects']","  My current focus is on illustration projects, specifically creating a series of whimsical illustrations for a children's book.  The project requires a delicate balance between artistic style and narrative coherence. This is a very rewarding project.",Gemini,explanatory,long
What type of design projects do you enjoy the most?,SINGLE-SELECT,"['Branding', ' Web Design', ' Packaging Design', ' Illustration', ' Typography']"," I'm most drawn to branding projects.  The challenge of creating a cohesive and memorable identity for a company is incredibly rewarding, and I love seeing the impact a strong brand can have.  It's a truly holistic design process.",Gemini,verbose,long
What type of design projects do you enjoy the most?,SINGLE-SELECT,"['Branding', ' Web Design', ' Packaging Design', ' Illustration', ' Typography']"," I find illustration to be the most creatively fulfilling. The freedom to express ideas visually, without the constraints of functionality, is incredibly liberating. It allows me to explore diverse styles and techniques.",Gemini,explanatory,long
What type of design thinking methodology do you prefer?,SINGLE-SELECT,"['Human-centered Design', ' Design Thinking', ' Lean UX', ' Double Diamond', ' Agile Design']", I find Human-centered Design to be the most effective approach because it prioritizes the needs and experiences of the end-user throughout the entire design process.  This ensures the final product is truly useful and valuable.  It leads to more satisfying and successful outcomes.,Gemini,verbose,long
What type of design thinking methodology do you prefer?,SINGLE-SELECT,"['Human-centered Design', ' Design Thinking', ' Lean UX', ' Double Diamond', ' Agile Design']","  I prefer Agile Design because its iterative nature allows for flexibility and adaptation throughout the design process, enabling quick responses to changing requirements and user feedback.  This leads to a more robust and refined final product.",Gemini,explanatory,long
What type of feedback are you most interested in receiving on your work?,SINGLE-SELECT,"['Constructive Criticism', ' Positive Reinforcement', ' Peer Reviews', ' Client Feedback', ' Public Opinion']", I'm most interested in constructive criticism because it helps me pinpoint areas for improvement and refine my skills.  Specific suggestions on how to enhance my work are invaluable to my growth. Detailed feedback allows for targeted adjustments.,Gemini,verbose,long
What type of feedback are you most interested in receiving on your work?,SINGLE-SELECT,"['Constructive Criticism', ' Positive Reinforcement', ' Peer Reviews', ' Client Feedback', ' Public Opinion']"," I find public opinion to be the most valuable type of feedback, as it reflects how my work is received by a broader audience. This helps me understand the impact and effectiveness of my work from a wider perspective, beyond a select group.  This informs future projects.",Gemini,explanatory,long
What type of project are you working on?,SINGLE-SELECT,"['Web Application', ' Mobile Application', ' Desktop Application', ' Game', ' Library']", I'm currently developing a new web application designed to streamline the workflow for managing project tasks.  It incorporates a user-friendly interface and robust backend functionality for optimal performance.  The goal is to improve team collaboration and efficiency.,Gemini,verbose,long
What type of project are you working on?,SINGLE-SELECT,"['Web Application', ' Mobile Application', ' Desktop Application', ' Game', ' Library']",  My project is a desktop application focused on data analysis.  It utilizes several advanced algorithms to provide users with insightful visualizations and reports.  The application is designed for both novice and expert users.,Gemini,explanatory,long
What type of software development are you interested in?,SINGLE-SELECT,"['Web Development', ' Mobile Development', ' Game Development', ' Data Science', ' Embedded Systems']"," I'm fascinated by the challenges of building responsive and engaging websites.  The constant evolution of web technologies keeps it exciting, and I enjoy the collaborative nature of web development projects.  I find it very rewarding to see my work used by many people.",Gemini,verbose,long
What type of software development are you interested in?,SINGLE-SELECT,"['Web Development', ' Mobile Development', ' Game Development', ' Data Science', ' Embedded Systems']", I am drawn to data science because of its potential to solve complex real-world problems using powerful analytical techniques.  The ability to extract meaningful insights from data and build predictive models is very appealing.  This field offers a wide range of applications.,Gemini,explanatory,long
What type of testing do you prefer?,SINGLE-SELECT,"['Unit Testing', ' Integration Testing', ' End-to-End Testing', ' UI Testing']"," I find unit testing most preferable.  It allows for isolating specific components and verifying their functionality in a controlled environment, making debugging and fixing issues much more efficient.  This targeted approach leads to quicker development cycles.",Gemini,verbose,long
What type of testing do you prefer?,SINGLE-SELECT,"['Unit Testing', ' Integration Testing', ' End-to-End Testing', ' UI Testing']"," Integration testing is my preferred method.  This approach allows me to test the interactions between different modules, ensuring they work correctly together before moving to larger scale testing. This helps catch integration issues early in development.",Gemini,explanatory,long
What version control system do you use?,SINGLE-SELECT,"['Git', ' SVN', ' Mercurial']", We primarily utilize Git for version control within our development workflow.  Its distributed nature and extensive tooling make it ideal for collaborative projects.  We find it highly efficient and reliable.,Gemini,verbose,long
What version control system do you use?,SINGLE-SELECT,"['Git', ' SVN', ' Mercurial']",  Our team uses Mercurial for version control.  It offers a robust system for managing code changes and provides a good balance between features and ease of use. This suits our team's needs effectively.,Gemini,explanatory,long
Which communication platform do you prefer?,SINGLE-SELECT,"['Slack', ' Microsoft Teams', ' Google Chat', ' Zoom', ' Other']", I find Slack to be the most efficient platform for team communication.  Its threaded conversations and integrations make collaboration smoother.  It's my preferred choice for its overall functionality.,Gemini,verbose,long
Which communication platform do you prefer?,SINGLE-SELECT,"['Slack', ' Microsoft Teams', ' Google Chat', ' Zoom', ' Other']"," Zoom is my preferred platform because its video conferencing capabilities are superior to other options, enabling face-to-face interactions that foster better understanding and collaboration.  The ease of use is also a plus.",Gemini,explanatory,long
Your role in the company,SINGLE-SELECT,"['CEO', ' Marketing Manager', ' Sales Representative', ' Customer Service', ' Engineer']"," I'm the Chief Executive Officer, responsible for the overall strategic direction and performance of the company.  My duties include setting the vision, making major decisions, and overseeing all departments.  I'm ultimately accountable for the company's success.",Gemini,verbose,long
Your role in the company,SINGLE-SELECT,"['CEO', ' Marketing Manager', ' Sales Representative', ' Customer Service', ' Engineer']"," I work in Customer Service, ensuring our clients have a positive experience with our products and services. This involves resolving issues, answering questions, and providing support. My goal is to maintain high customer satisfaction.",Gemini,explanatory,long
What is your preferred client type?,SINGLE-SELECT,"['Small Businesses', ' Large Corporations', ' Non-profits', ' Individuals', ' Government Agencies']"," I find working with small businesses the most rewarding.  Their agility and entrepreneurial spirit make for exciting projects, and I enjoy contributing to their growth.  The personal connection is also a significant factor.",Gemini,verbose,long
What is your preferred client type?,SINGLE-SELECT,"['Small Businesses', ' Large Corporations', ' Non-profits', ' Individuals', ' Government Agencies']",  Government agencies offer a unique set of challenges and opportunities.  The scale of their operations and the impact of their work are appealing.  The structured environment can also be beneficial.,Gemini,explanatory,long
