type,question,options,answer,tone,difficulty
SINGLE-SELECT,Are you currently using a similar product?,Yes; No,Yes,verbose,short
SINGLE-SELECT,Are you currently using a similar product?,Yes; No,Yes,concise,short
SINGLE-SELECT,Are you currently using a similar product?,Yes; No,Yes,colloquial,short
SINGLE-SELECT,Are you currently using a similar product?,Yes; No,Yes,explanatory,short
SINGLE-SELECT,Are you currently using a similar product?,Yes; No,Yes,annoyed,short
SINGLE-SELECT,Are you familiar with DevOps practices?,Yes; No,Yes,verbose,short
SINGLE-SELECT,Are you familiar with DevOps practices?,Yes; No,Yes,concise,short
SINGLE-SELECT,Are you familiar with DevOps practices?,Yes; No,Yes,colloquial,short
SINGLE-SELECT,Are you familiar with DevOps practices?,Yes; No,Yes,explanatory,short
SINGLE-SELECT,Are you familiar with DevOps practices?,Yes; No,Yes,annoyed,short
SINGLE-SELECT,Are you satisfied with the amount of communication you receive from our team?,Yes; No,Yes,verbose,short
SINGLE-SELECT,Are you satisfied with the amount of communication you receive from our team?,Yes; No,Yes,concise,short
SINGLE-SELECT,Are you satisfied with the amount of communication you receive from our team?,Yes; No,Yes,colloquial,short
SINGLE-SELECT,Are you satisfied with the amount of communication you receive from our team?,Yes; No,Yes,explanatory,short
SINGLE-SELECT,Are you satisfied with the amount of communication you receive from our team?,Yes; No,Yes,annoyed,short
SINGLE-SELECT,Communication frequency,Daily; Weekly; Bi-weekly; Monthly,Daily,verbose,short
SINGLE-SELECT,Communication frequency,Daily; Weekly; Bi-weekly; Monthly,Daily,concise,short
SINGLE-SELECT,Communication frequency,Daily; Weekly; Bi-weekly; Monthly,Daily,colloquial,short
SINGLE-SELECT,Communication frequency,Daily; Weekly; Bi-weekly; Monthly,Daily,explanatory,short
SINGLE-SELECT,Communication frequency,Daily; Weekly; Bi-weekly; Monthly,Daily,annoyed,short
SINGLE-SELECT,Communication style preference,Formal; Informal,Formal,verbose,short
SINGLE-SELECT,Communication style preference,Formal; Informal,Formal,concise,short
SINGLE-SELECT,Communication style preference,Formal; Informal,Formal,colloquial,short
SINGLE-SELECT,Communication style preference,Formal; Informal,Formal,explanatory,short
SINGLE-SELECT,Communication style preference,Formal; Informal,Formal,annoyed,short
SINGLE-SELECT,Do you have any accessibility needs that affect communication?,Yes; No,Yes,verbose,short
SINGLE-SELECT,Do you have any accessibility needs that affect communication?,Yes; No,Yes,concise,short
SINGLE-SELECT,Do you have any accessibility needs that affect communication?,Yes; No,Yes,colloquial,short
SINGLE-SELECT,Do you have any accessibility needs that affect communication?,Yes; No,Yes,explanatory,short
SINGLE-SELECT,Do you have any accessibility needs that affect communication?,Yes; No,Yes,annoyed,short
SINGLE-SELECT,Do you have any specific requirements for this project?,Yes; No,No,verbose,short
SINGLE-SELECT,Do you have any specific requirements for this project?,Yes; No,No,concise,short
SINGLE-SELECT,Do you have any specific requirements for this project?,Yes; No,No,colloquial,short
SINGLE-SELECT,Do you have any specific requirements for this project?,Yes; No,No,explanatory,short
SINGLE-SELECT,Do you have any specific requirements for this project?,Yes; No,No,annoyed,short
SINGLE-SELECT,Do you prefer synchronous or asynchronous communication?,Synchronous; Asynchronous; Both,Asynchronous,verbose,short
SINGLE-SELECT,Do you prefer synchronous or asynchronous communication?,Synchronous; Asynchronous; Both,Asynchronous,concise,short
SINGLE-SELECT,Do you prefer synchronous or asynchronous communication?,Synchronous; Asynchronous; Both,Asynchronous,colloquial,short
SINGLE-SELECT,Do you prefer synchronous or asynchronous communication?,Synchronous; Asynchronous; Both,Asynchronous,explanatory,short
SINGLE-SELECT,Do you prefer synchronous or asynchronous communication?,Synchronous; Asynchronous; Both,Asynchronous,annoyed,short
SINGLE-SELECT,Do you prefer to communicate in writing or verbally?,Writing; Verbally; Both equally,Verbally,verbose,short
SINGLE-SELECT,Do you prefer to communicate in writing or verbally?,Writing; Verbally; Both equally,Verbally,concise,short
SINGLE-SELECT,Do you prefer to communicate in writing or verbally?,Writing; Verbally; Both equally,Verbally,colloquial,short
SINGLE-SELECT,Do you prefer to communicate in writing or verbally?,Writing; Verbally; Both equally,Verbally,explanatory,short
SINGLE-SELECT,Do you prefer to communicate in writing or verbally?,Writing; Verbally; Both equally,Verbally,annoyed,short
SINGLE-SELECT,How clear is our communication?,Very Clear; Clear; Somewhat Clear; Unclear; Very Unclear,Very Clear,verbose,short
SINGLE-SELECT,How clear is our communication?,Very Clear; Clear; Somewhat Clear; Unclear; Very Unclear,Very Clear,concise,short
SINGLE-SELECT,How clear is our communication?,Very Clear; Clear; Somewhat Clear; Unclear; Very Unclear,Very Clear,colloquial,short
SINGLE-SELECT,How clear is our communication?,Very Clear; Clear; Somewhat Clear; Unclear; Very Unclear,Very Clear,explanatory,short
SINGLE-SELECT,How clear is our communication?,Very Clear; Clear; Somewhat Clear; Unclear; Very Unclear,Very Clear,annoyed,short
SINGLE-SELECT,How comfortable are you using technology for communication?,Very Comfortable; Comfortable; Somewhat Comfortable; Uncomfortable,Very Comfortable,verbose,short
SINGLE-SELECT,How comfortable are you using technology for communication?,Very Comfortable; Comfortable; Somewhat Comfortable; Uncomfortable,Very Comfortable,concise,short
SINGLE-SELECT,How comfortable are you using technology for communication?,Very Comfortable; Comfortable; Somewhat Comfortable; Uncomfortable,Very Comfortable,colloquial,short
SINGLE-SELECT,How comfortable are you using technology for communication?,Very Comfortable; Comfortable; Somewhat Comfortable; Uncomfortable,Very Comfortable,explanatory,short
SINGLE-SELECT,How comfortable are you using technology for communication?,Very Comfortable; Comfortable; Somewhat Comfortable; Uncomfortable,Very Comfortable,annoyed,short
SINGLE-SELECT,How did you hear about our company?,Google Search; Social Media; Referral; Trade Show; Other,Google Search,verbose,short
SINGLE-SELECT,How did you hear about our company?,Google Search; Social Media; Referral; Trade Show; Other,Google Search,concise,short
SINGLE-SELECT,How did you hear about our company?,Google Search; Social Media; Referral; Trade Show; Other,Google Search,colloquial,short
SINGLE-SELECT,How did you hear about our company?,Google Search; Social Media; Referral; Trade Show; Other,Google Search,explanatory,short
SINGLE-SELECT,How did you hear about our company?,Google Search; Social Media; Referral; Trade Show; Other,Google Search,annoyed,short
SINGLE-SELECT,How do you handle creative block?,Take a break; Seek inspiration from others; Experiment with new techniques; Change my environment; Try a different approach,Try a different approach,verbose,short
SINGLE-SELECT,How do you handle creative block?,Take a break; Seek inspiration from others; Experiment with new techniques; Change my environment; Try a different approach,Try a different approach,concise,short
SINGLE-SELECT,How do you handle creative block?,Take a break; Seek inspiration from others; Experiment with new techniques; Change my environment; Try a different approach,Try a different approach,colloquial,short
SINGLE-SELECT,How do you handle creative block?,Take a break; Seek inspiration from others; Experiment with new techniques; Change my environment; Try a different approach,Try a different approach,explanatory,short
SINGLE-SELECT,How do you handle creative block?,Take a break; Seek inspiration from others; Experiment with new techniques; Change my environment; Try a different approach,Try a different approach,annoyed,short
SINGLE-SELECT,How do you prefer to receive feedback?,Email; In-person Meeting; Video Call,Email,verbose,short
SINGLE-SELECT,How do you prefer to receive feedback?,Email; In-person Meeting; Video Call,Email,concise,short
SINGLE-SELECT,How do you prefer to receive feedback?,Email; In-person Meeting; Video Call,Email,colloquial,short
SINGLE-SELECT,How do you prefer to receive feedback?,Email; In-person Meeting; Video Call,Email,explanatory,short
SINGLE-SELECT,How do you prefer to receive feedback?,Email; In-person Meeting; Video Call,Email,annoyed,short
SINGLE-SELECT,How do you stay current with design trends?,Design Blogs; Design Magazines; Social Media; Industry Conferences; Design Workshops,Design Blogs,verbose,short
SINGLE-SELECT,How do you stay current with design trends?,Design Blogs; Design Magazines; Social Media; Industry Conferences; Design Workshops,Design Blogs,concise,short
SINGLE-SELECT,How do you stay current with design trends?,Design Blogs; Design Magazines; Social Media; Industry Conferences; Design Workshops,Design Blogs,colloquial,short
SINGLE-SELECT,How do you stay current with design trends?,Design Blogs; Design Magazines; Social Media; Industry Conferences; Design Workshops,Design Blogs,explanatory,short
SINGLE-SELECT,How do you stay current with design trends?,Design Blogs; Design Magazines; Social Media; Industry Conferences; Design Workshops,Design Blogs,annoyed,short
SINGLE-SELECT,How effective is our team at resolving communication issues?,Very Effective; Effective; Somewhat Effective; Ineffective,Very Effective,verbose,short
SINGLE-SELECT,How effective is our team at resolving communication issues?,Very Effective; Effective; Somewhat Effective; Ineffective,Very Effective,concise,short
SINGLE-SELECT,How effective is our team at resolving communication issues?,Very Effective; Effective; Somewhat Effective; Ineffective,Very Effective,colloquial,short
SINGLE-SELECT,How effective is our team at resolving communication issues?,Very Effective; Effective; Somewhat Effective; Ineffective,Very Effective,explanatory,short
SINGLE-SELECT,How effective is our team at resolving communication issues?,Very Effective; Effective; Somewhat Effective; Ineffective,Very Effective,annoyed,short
SINGLE-SELECT,How important is it for you to receive a response to your communications?,Very Important; Important; Somewhat Important; Not Important,Not Important,verbose,short
SINGLE-SELECT,How important is it for you to receive a response to your communications?,Very Important; Important; Somewhat Important; Not Important,Not Important,concise,short
SINGLE-SELECT,How important is it for you to receive a response to your communications?,Very Important; Important; Somewhat Important; Not Important,Not Important,colloquial,short
SINGLE-SELECT,How important is it for you to receive a response to your communications?,Very Important; Important; Somewhat Important; Not Important,Not Important,explanatory,short
SINGLE-SELECT,How important is it for you to receive a response to your communications?,Very Important; Important; Somewhat Important; Not Important,Not Important,annoyed,short
SINGLE-SELECT,How important is it to you that communication is documented?,Very Important; Important; Somewhat Important; Not Important,Not Important,verbose,short
SINGLE-SELECT,How important is it to you that communication is documented?,Very Important; Important; Somewhat Important; Not Important,Not Important,concise,short
SINGLE-SELECT,How important is it to you that communication is documented?,Very Important; Important; Somewhat Important; Not Important,Not Important,colloquial,short
SINGLE-SELECT,How important is it to you that communication is documented?,Very Important; Important; Somewhat Important; Not Important,Not Important,explanatory,short
SINGLE-SELECT,How important is it to you that communication is documented?,Very Important; Important; Somewhat Important; Not Important,Not Important,annoyed,short
SINGLE-SELECT,How important is it to you that communication is transparent?,Very Important; Important; Somewhat Important; Not Important,Very Important,verbose,short
SINGLE-SELECT,How important is it to you that communication is transparent?,Very Important; Important; Somewhat Important; Not Important,Very Important,concise,short
SINGLE-SELECT,How important is it to you that communication is transparent?,Very Important; Important; Somewhat Important; Not Important,Very Important,colloquial,short
SINGLE-SELECT,How important is it to you that communication is transparent?,Very Important; Important; Somewhat Important; Not Important,Very Important,explanatory,short
SINGLE-SELECT,How important is it to you that communication is transparent?,Very Important; Important; Somewhat Important; Not Important,Very Important,annoyed,short
SINGLE-SELECT,How important is timely communication to you?,Very Important; Important; Somewhat Important; Not Important,Not Important,verbose,short
SINGLE-SELECT,How important is timely communication to you?,Very Important; Important; Somewhat Important; Not Important,Not Important,concise,short
SINGLE-SELECT,How important is timely communication to you?,Very Important; Important; Somewhat Important; Not Important,Very Important,colloquial,short
SINGLE-SELECT,How important is timely communication to you?,Very Important; Important; Somewhat Important; Not Important,Not Important,explanatory,short
SINGLE-SELECT,How important is timely communication to you?,Very Important; Important; Somewhat Important; Not Important,Not Important,annoyed,short
SINGLE-SELECT,How many employees does your company have?,1-10; 11-50; 51-100; 101-500; 500+,51100,verbose,short
SINGLE-SELECT,How many employees does your company have?,1-10; 11-50; 51-100; 101-500; 500+,51100,concise,short
SINGLE-SELECT,How many employees does your company have?,1-10; 11-50; 51-100; 101-500; 500+,51100,colloquial,short
SINGLE-SELECT,How many employees does your company have?,1-10; 11-50; 51-100; 101-500; 500+,51100,explanatory,short
SINGLE-SELECT,How many employees does your company have?,1-10; 11-50; 51-100; 101-500; 500+,51100,annoyed,short
SINGLE-SELECT,How many people are typically involved in your team's communications?,1-5; 6-10; 11-20; More than 20,More than 20,verbose,short
SINGLE-SELECT,How many people are typically involved in your team's communications?,1-5; 6-10; 11-20; More than 20,More than 20,concise,short
SINGLE-SELECT,How much time do you typically spend communicating with our team each week?,Less than 1 hour; 1-3 hours; 3-5 hours; More than 5 hours,More than 5 hours,verbose,short
SINGLE-SELECT,How much time do you typically spend communicating with our team each week?,Less than 1 hour; 1-3 hours; 3-5 hours; More than 5 hours,More than 5 hours,concise,short
SINGLE-SELECT,How much time do you typically spend communicating with our team each week?,Less than 1 hour; 1-3 hours; 3-5 hours; More than 5 hours,More than 5 hours,colloquial,short
SINGLE-SELECT,How much time do you typically spend communicating with our team each week?,Less than 1 hour; 1-3 hours; 3-5 hours; More than 5 hours,More than 5 hours,explanatory,short
SINGLE-SELECT,How much time do you typically spend communicating with our team each week?,Less than 1 hour; 1-3 hours; 3-5 hours; More than 5 hours,More than 5 hours,annoyed,short
SINGLE-SELECT,How often do you feel your communication is misunderstood?,Very Often; Often; Sometimes; Rarely; Never,Often,verbose,short
SINGLE-SELECT,How often do you feel your communication is misunderstood?,Very Often; Often; Sometimes; Rarely; Never,Often,concise,short
SINGLE-SELECT,How often do you feel your communication is misunderstood?,Very Often; Often; Sometimes; Rarely; Never,Often,colloquial,short
SINGLE-SELECT,How often do you feel your communication is misunderstood?,Very Often; Often; Sometimes; Rarely; Never,Often,explanatory,short
SINGLE-SELECT,How often do you feel your communication is misunderstood?,Very Often; Often; Sometimes; Rarely; Never,Often,annoyed,short
SINGLE-SELECT,How often do you need updates?,Daily; Weekly; Monthly; As needed,Daily,verbose,short
SINGLE-SELECT,How often do you need updates?,Daily; Weekly; Monthly; As needed,Daily,concise,short
SINGLE-SELECT,How often do you need updates?,Daily; Weekly; Monthly; As needed,Daily,colloquial,short
SINGLE-SELECT,How often do you need updates?,Daily; Weekly; Monthly; As needed,Daily,explanatory,short
SINGLE-SELECT,How often do you need updates?,Daily; Weekly; Monthly; As needed,Daily,annoyed,short
SINGLE-SELECT,How often do you prefer to receive project updates?,Daily; Weekly; Bi-weekly; Monthly,Daily,verbose,short
SINGLE-SELECT,How often do you prefer to receive project updates?,Daily; Weekly; Bi-weekly; Monthly,Daily,concise,short
SINGLE-SELECT,How often do you prefer to receive project updates?,Daily; Weekly; Bi-weekly; Monthly,Daily,colloquial,short
SINGLE-SELECT,How often do you prefer to receive project updates?,Daily; Weekly; Bi-weekly; Monthly,Daily,explanatory,short
SINGLE-SELECT,How often do you prefer to receive project updates?,Daily; Weekly; Bi-weekly; Monthly,Daily,annoyed,short
SINGLE-SELECT,How responsive is our team to your communication?,Very Responsive; Responsive; Somewhat Responsive; Unresponsive; Very Unresponsive,Very Responsive,verbose,short
SINGLE-SELECT,How responsive is our team to your communication?,Very Responsive; Responsive; Somewhat Responsive; Unresponsive; Very Unresponsive,Very Responsive,concise,short
SINGLE-SELECT,How responsive is our team to your communication?,Very Responsive; Responsive; Somewhat Responsive; Unresponsive; Very Unresponsive,Very Responsive,colloquial,short
SINGLE-SELECT,How responsive is our team to your communication?,Very Responsive; Responsive; Somewhat Responsive; Unresponsive; Very Unresponsive,Very Responsive,explanatory,short
SINGLE-SELECT,How responsive is our team to your communication?,Very Responsive; Responsive; Somewhat Responsive; Unresponsive; Very Unresponsive,Very Responsive,annoyed,short
SINGLE-SELECT,How satisfied are you with our communication?,Very Satisfied; Satisfied; Neutral; Dissatisfied; Very Dissatisfied,Very Satisfied,verbose,short
SINGLE-SELECT,How satisfied are you with our communication?,Very Satisfied; Satisfied; Neutral; Dissatisfied; Very Dissatisfied,Very Satisfied,concise,short
SINGLE-SELECT,How satisfied are you with our communication?,Very Satisfied; Satisfied; Neutral; Dissatisfied; Very Dissatisfied,Very Satisfied,colloquial,short
SINGLE-SELECT,How satisfied are you with our communication?,Very Satisfied; Satisfied; Neutral; Dissatisfied; Very Dissatisfied,Very Satisfied,explanatory,short
SINGLE-SELECT,How satisfied are you with our communication?,Very Satisfied; Satisfied; Neutral; Dissatisfied; Very Dissatisfied,Very Dissatisfied,annoyed,short
SINGLE-SELECT,How satisfied are you with our current service?,Very Satisfied; Satisfied; Neutral; Dissatisfied; Very Dissatisfied,Very Satisfied,verbose,short
SINGLE-SELECT,How satisfied are you with our current service?,Very Satisfied; Satisfied; Neutral; Dissatisfied; Very Dissatisfied,Very Satisfied,concise,short
SINGLE-SELECT,How satisfied are you with our current service?,Very Satisfied; Satisfied; Neutral; Dissatisfied; Very Dissatisfied,Very Satisfied,colloquial,short
SINGLE-SELECT,How satisfied are you with our current service?,Very Satisfied; Satisfied; Neutral; Dissatisfied; Very Dissatisfied,Very Satisfied,explanatory,short
SINGLE-SELECT,How satisfied are you with our current service?,Very Satisfied; Satisfied; Neutral; Dissatisfied; Very Dissatisfied,Very Dissatisfied,annoyed,short
SINGLE-SELECT,How would you describe the tone of our communication?,Professional; Friendly; Informal; Formal,Friendly,verbose,short
SINGLE-SELECT,How would you describe the tone of our communication?,Professional; Friendly; Informal; Formal,Friendly,concise,short
SINGLE-SELECT,How would you describe the tone of our communication?,Professional; Friendly; Informal; Formal,Friendly,colloquial,short
SINGLE-SELECT,How would you describe the tone of our communication?,Professional; Friendly; Informal; Formal,Friendly,explanatory,short
SINGLE-SELECT,How would you describe the tone of our communication?,Professional; Friendly; Informal; Formal,Informal,annoyed,short
SINGLE-SELECT,How would you rate the overall effectiveness of our communication?,Excellent; Good; Fair; Poor,Good,verbose,short
SINGLE-SELECT,How would you rate the overall effectiveness of our communication?,Excellent; Good; Fair; Poor,Good,concise,short
SINGLE-SELECT,How would you rate the overall effectiveness of our communication?,Excellent; Good; Fair; Poor,Good,colloquial,short
SINGLE-SELECT,How would you rate the overall effectiveness of our communication?,Excellent; Good; Fair; Poor,Good,explanatory,short
SINGLE-SELECT,How would you rate the overall effectiveness of our communication?,Excellent; Good; Fair; Poor,Good,annoyed,short
SINGLE-SELECT,How would you rate your experience with our customer support?,Excellent; Good; Fair; Poor,Good,verbose,short
SINGLE-SELECT,How would you rate your experience with our customer support?,Excellent; Good; Fair; Poor,Good,concise,short
SINGLE-SELECT,How would you rate your experience with our customer support?,Excellent; Good; Fair; Poor,Good,colloquial,short
SINGLE-SELECT,How would you rate your experience with our customer support?,Excellent; Good; Fair; Poor,Good,explanatory,short
SINGLE-SELECT,How would you rate your experience with our customer support?,Excellent; Good; Fair; Poor,Poor,annoyed,short
SINGLE-SELECT,Is there anything we can improve in our communication?,Yes; No,Yes,verbose,short
SINGLE-SELECT,Is there anything we can improve in our communication?,Yes; No,Yes,concise,short
SINGLE-SELECT,Is there anything we can improve in our communication?,Yes; No,Yes,colloquial,short
SINGLE-SELECT,Is there anything we can improve in our communication?,Yes; No,Yes,explanatory,short
SINGLE-SELECT,Is there anything we can improve in our communication?,Yes; No,Yes,annoyed,short
SINGLE-SELECT,Level of communication detail,High; Medium; Low,High,verbose,short
SINGLE-SELECT,Level of communication detail,High; Medium; Low,High,concise,short
SINGLE-SELECT,Level of communication detail,High; Medium; Low,High,colloquial,short
SINGLE-SELECT,Level of communication detail,High; Medium; Low,High,explanatory,short
SINGLE-SELECT,Level of communication detail,High; Medium; Low,High,annoyed,short
SINGLE-SELECT,Preferred communication method,Email; Phone; Video Call; In-person Meeting,Email,verbose,short
SINGLE-SELECT,Preferred communication method,Email; Phone; Video Call; In-person Meeting,Email,concise,short
SINGLE-SELECT,Preferred communication method,Email; Phone; Video Call; In-person Meeting,Email,colloquial,short
SINGLE-SELECT,Preferred communication method,Email; Phone; Video Call; In-person Meeting,Email,explanatory,short
SINGLE-SELECT,Preferred communication method,Email; Phone; Video Call; In-person Meeting,Email,annoyed,short
SINGLE-SELECT,Preferred time for communication,Morning; Afternoon; Evening,Evening,verbose,short
SINGLE-SELECT,Preferred time for communication,Morning; Afternoon; Evening,Evening,concise,short
SINGLE-SELECT,Preferred time for communication,Morning; Afternoon; Evening,Evening,colloquial,short
SINGLE-SELECT,Preferred time for communication,Morning; Afternoon; Evening,Evening,explanatory,short
SINGLE-SELECT,Preferred time for communication,Morning; Afternoon; Evening,Evening,annoyed,short
SINGLE-SELECT,Primary language for communication,English; Spanish; French; German; Mandarin,English,verbose,short
SINGLE-SELECT,Primary language for communication,English; Spanish; French; German; Mandarin,English,concise,short
SINGLE-SELECT,Primary language for communication,English; Spanish; French; German; Mandarin,English,colloquial,short
SINGLE-SELECT,Primary language for communication,English; Spanish; French; German; Mandarin,English is the primary language for communication,explanatory,short
SINGLE-SELECT,Primary language for communication,English; Spanish; French; German; Mandarin,English is the primary language for communication,annoyed,short
SINGLE-SELECT,What are your career goals in the art and design industry?,Freelance Artist; In-house Designer; Art Director; Creative Director; Start my own Design Agency,Freelance Artist,verbose,short
SINGLE-SELECT,What are your career goals in the art and design industry?,Freelance Artist; In-house Designer; Art Director; Creative Director; Start my own Design Agency,Freelance Artist,concise,short
SINGLE-SELECT,What are your career goals in the art and design industry?,Freelance Artist; In-house Designer; Art Director; Creative Director; Start my own Design Agency,Freelance Artist,colloquial,short
SINGLE-SELECT,What are your career goals in the art and design industry?,Freelance Artist; In-house Designer; Art Director; Creative Director; Start my own Design Agency,Freelance Artist,explanatory,short
SINGLE-SELECT,What are your career goals in the art and design industry?,Freelance Artist; In-house Designer; Art Director; Creative Director; Start my own Design Agency,Freelance Artist,annoyed,short
SINGLE-SELECT,What are your preferred methods for gathering user feedback?,User Interviews; Surveys; Usability Testing; A/B Testing; Heatmaps,User Interviews,verbose,short
SINGLE-SELECT,What are your preferred methods for gathering user feedback?,User Interviews; Surveys; Usability Testing; A/B Testing; Heatmaps,User Interviews,concise,short
SINGLE-SELECT,What are your preferred methods for gathering user feedback?,User Interviews; Surveys; Usability Testing; A/B Testing; Heatmaps,User Interviews,colloquial,short
SINGLE-SELECT,What are your preferred methods for gathering user feedback?,User Interviews; Surveys; Usability Testing; A/B Testing; Heatmaps,User Interviews,explanatory,short
SINGLE-SELECT,What are your preferred methods for gathering user feedback?,User Interviews; Surveys; Usability Testing; A/B Testing; Heatmaps,User Interviews,annoyed,short
SINGLE-SELECT,What are your primary business goals?,Increase Revenue; Reduce Costs; Improve Efficiency; Expand Market Share,Increase Revenue,verbose,short
SINGLE-SELECT,What are your primary business goals?,Increase Revenue; Reduce Costs; Improve Efficiency; Expand Market Share,Increase Revenue,concise,short
SINGLE-SELECT,What are your primary business goals?,Increase Revenue; Reduce Costs; Improve Efficiency; Expand Market Share,Increase Revenue,colloquial,short
SINGLE-SELECT,What are your primary business goals?,Increase Revenue; Reduce Costs; Improve Efficiency; Expand Market Share,Increase Revenue,explanatory,short
SINGLE-SELECT,What are your primary business goals?,Increase Revenue; Reduce Costs; Improve Efficiency; Expand Market Share,Increase Revenue,annoyed,short
SINGLE-SELECT,What are your top three priorities for this year?,Revenue Growth; Cost Reduction; Customer Acquisition; Product Development,Revenue Growth,verbose,short
SINGLE-SELECT,What are your top three priorities for this year?,Revenue Growth; Cost Reduction; Customer Acquisition; Product Development,Revenue Growth,concise,short
SINGLE-SELECT,What are your top three priorities for this year?,Revenue Growth; Cost Reduction; Customer Acquisition; Product Development,Revenue Growth,colloquial,short
SINGLE-SELECT,What are your top three priorities for this year?,Revenue Growth; Cost Reduction; Customer Acquisition; Product Development,Revenue Growth,explanatory,short
SINGLE-SELECT,What are your top three priorities for this year?,Revenue Growth; Cost Reduction; Customer Acquisition; Product Development,Revenue Growth,annoyed,short
SINGLE-SELECT,What aspect of design are you most passionate about?,Visual Communication; User Experience; Branding; Interaction Design; Motion Graphics,Visual Communication,verbose,short
SINGLE-SELECT,What aspect of design are you most passionate about?,Visual Communication; User Experience; Branding; Interaction Design; Motion Graphics,Visual Communication,concise,short
SINGLE-SELECT,What aspect of design are you most passionate about?,Visual Communication; User Experience; Branding; Interaction Design; Motion Graphics,Visual Communication,colloquial,short
SINGLE-SELECT,What aspect of design are you most passionate about?,Visual Communication; User Experience; Branding; Interaction Design; Motion Graphics,Visual Communication,explanatory,short
SINGLE-SELECT,What aspect of design are you most passionate about?,Visual Communication; User Experience; Branding; Interaction Design; Motion Graphics,Visual Communication,annoyed,short
SINGLE-SELECT,What cloud platform do you use?,AWS; Azure; Google Cloud,I use Google Cloud,verbose,short
SINGLE-SELECT,What cloud platform do you use?,AWS; Azure; Google Cloud,I use Google Cloud,concise,short
SINGLE-SELECT,What cloud platform do you use?,AWS; Azure; Google Cloud,I use Google Cloud,colloquial,short
SINGLE-SELECT,What cloud platform do you use?,AWS; Azure; Google Cloud,I use Google Cloud,explanatory,short
SINGLE-SELECT,What cloud platform do you use?,AWS; Azure; Google Cloud,I use Google Cloud,annoyed,short
SINGLE-SELECT,What communication channels do you use most often?,Email; Instant Messaging; Project Management Software; Phone calls; Video Conferencing,Email,verbose,short
SINGLE-SELECT,What communication channels do you use most often?,Email; Instant Messaging; Project Management Software; Phone calls; Video Conferencing,Email,concise,short
SINGLE-SELECT,What communication channels do you use most often?,Email; Instant Messaging; Project Management Software; Phone calls; Video Conferencing,Email,colloquial,short
SINGLE-SELECT,What communication channels do you use most often?,Email; Instant Messaging; Project Management Software; Phone calls; Video Conferencing,Email,explanatory,short
SINGLE-SELECT,What communication channels do you use most often?,Email; Instant Messaging; Project Management Software; Phone calls; Video Conferencing,Email,annoyed,short
SINGLE-SELECT,What database system are you familiar with?,MySQL; PostgreSQL; MongoDB; Oracle; SQL Server,MySQL,verbose,short
SINGLE-SELECT,What database system are you familiar with?,MySQL; PostgreSQL; MongoDB; Oracle; SQL Server,MySQL,concise,short
SINGLE-SELECT,What database system are you familiar with?,MySQL; PostgreSQL; MongoDB; Oracle; SQL Server,MySQL,colloquial,short
SINGLE-SELECT,What database system are you familiar with?,MySQL; PostgreSQL; MongoDB; Oracle; SQL Server,MySQL,explanatory,short
SINGLE-SELECT,What database system are you familiar with?,MySQL; PostgreSQL; MongoDB; Oracle; SQL Server,MySQL,annoyed,short
SINGLE-SELECT,What geographic region are you located in?,North America; Europe; Asia; South America; Africa; Australia,North America,verbose,short
SINGLE-SELECT,What geographic region are you located in?,North America; Europe; Asia; South America; Africa; Australia,North America,concise,short
SINGLE-SELECT,What geographic region are you located in?,North America; Europe; Asia; South America; Africa; Australia,North America,colloquial,short
SINGLE-SELECT,What geographic region are you located in?,North America; Europe; Asia; South America; Africa; Australia,North America,explanatory,short
SINGLE-SELECT,What geographic region are you located in?,North America; Europe; Asia; South America; Africa; Australia,North America,annoyed,short
SINGLE-SELECT,What inspires your artistic creations?,Nature; People; Abstract Concepts; Dreams; Current Events,Nature,verbose,short
SINGLE-SELECT,What inspires your artistic creations?,Nature; People; Abstract Concepts; Dreams; Current Events,Nature,concise,short
SINGLE-SELECT,What inspires your artistic creations?,Nature; People; Abstract Concepts; Dreams; Current Events,Nature,colloquial,short
SINGLE-SELECT,What inspires your artistic creations?,Nature; People; Abstract Concepts; Dreams; Current Events,Nature,explanatory,short
SINGLE-SELECT,What inspires your artistic creations?,Nature; People; Abstract Concepts; Dreams; Current Events,Nature,annoyed,short
SINGLE-SELECT,What is the purpose of your communication?,Feedback; Inquiry; Complaint; Collaboration; Information Sharing,Information Sharing,verbose,short
SINGLE-SELECT,What is the purpose of your communication?,Feedback; Inquiry; Complaint; Collaboration; Information Sharing,Information Sharing,concise,short
SINGLE-SELECT,What is the purpose of your communication?,Feedback; Inquiry; Complaint; Collaboration; Information Sharing,Information Sharing,colloquial,short
SINGLE-SELECT,What is the purpose of your communication?,Feedback; Inquiry; Complaint; Collaboration; Information Sharing,Information Sharing,explanatory,short
SINGLE-SELECT,What is the purpose of your communication?,Feedback; Inquiry; Complaint; Collaboration; Information Sharing,Information Sharing,annoyed,short
SINGLE-SELECT,What is your age range?,18-24; 25-34; 35-44; 45-54; 55+,3544,verbose,short
SINGLE-SELECT,What is your age range?,18-24; 25-34; 35-44; 45-54; 55+,3544,concise,short
SINGLE-SELECT,What is your age range?,18-24; 25-34; 35-44; 45-54; 55+,I am 55,colloquial,short
SINGLE-SELECT,What is your age range?,18-24; 25-34; 35-44; 45-54; 55+,3544,explanatory,short
SINGLE-SELECT,What is your age range?,18-24; 25-34; 35-44; 45-54; 55+,3544,annoyed,short
SINGLE-SELECT,What is your biggest accomplishment in the art and design industry?,Winning a design award; Getting featured in a design publication; Successfully launching a design project; Building a strong portfolio; Establishing a loyal client base,Winning a design award,verbose,short
SINGLE-SELECT,What is your biggest accomplishment in the art and design industry?,Winning a design award; Getting featured in a design publication; Successfully launching a design project; Building a strong portfolio; Establishing a loyal client base,Winning a design award,concise,short
SINGLE-SELECT,What is your biggest accomplishment in the art and design industry?,Winning a design award; Getting featured in a design publication; Successfully launching a design project; Building a strong portfolio; Establishing a loyal client base,Winning a design award,colloquial,short
SINGLE-SELECT,What is your biggest accomplishment in the art and design industry?,Winning a design award; Getting featured in a design publication; Successfully launching a design project; Building a strong portfolio; Establishing a loyal client base,Winning a design award,explanatory,short
SINGLE-SELECT,What is your biggest accomplishment in the art and design industry?,Winning a design award; Getting featured in a design publication; Successfully launching a design project; Building a strong portfolio; Establishing a loyal client base,Winning a design award,annoyed,short
SINGLE-SELECT,What is your biggest challenge in the art and design industry?,Competition; Finding Clients; Balancing Creative Vision and Client Needs; Time Management; Pricing your services,Competition,verbose,short
SINGLE-SELECT,What is your biggest challenge in the art and design industry?,Competition; Finding Clients; Balancing Creative Vision and Client Needs; Time Management; Pricing your services,Competition,concise,short
SINGLE-SELECT,What is your biggest challenge in the art and design industry?,Competition; Finding Clients; Balancing Creative Vision and Client Needs; Time Management; Pricing your services,Competition,colloquial,short
SINGLE-SELECT,What is your biggest challenge in the art and design industry?,Competition; Finding Clients; Balancing Creative Vision and Client Needs; Time Management; Pricing your services,Competition,explanatory,short
SINGLE-SELECT,What is your biggest challenge in the art and design industry?,Competition; Finding Clients; Balancing Creative Vision and Client Needs; Time Management; Pricing your services,Competition,annoyed,short
SINGLE-SELECT,What is your biggest challenge in your current role?,Lack of Resources; Lack of Time; Lack of Support; Other,Lack of Resources,verbose,short
SINGLE-SELECT,What is your biggest challenge in your current role?,Lack of Resources; Lack of Time; Lack of Support; Other,Lack of Resources,concise,short
SINGLE-SELECT,What is your biggest challenge in your current role?,Lack of Resources; Lack of Time; Lack of Support; Other,Lack of Resources,colloquial,short
SINGLE-SELECT,What is your biggest challenge in your current role?,Lack of Resources; Lack of Time; Lack of Support; Other,Lack of Resources,explanatory,short
SINGLE-SELECT,What is your biggest challenge in your current role?,Lack of Resources; Lack of Time; Lack of Support; Other,Lack of Resources,annoyed,short
SINGLE-SELECT,What is your biggest communication challenge?,Lack of clarity; Lack of responsiveness; Misunderstandings; Information overload; Other,Lack of clarity,verbose,short
SINGLE-SELECT,What is your biggest communication challenge?,Lack of clarity; Lack of responsiveness; Misunderstandings; Information overload; Other,Lack of clarity,concise,short
SINGLE-SELECT,What is your biggest communication challenge?,Lack of clarity; Lack of responsiveness; Misunderstandings; Information overload; Other,Lack of clarity,colloquial,short
SINGLE-SELECT,What is your biggest communication challenge?,Lack of clarity; Lack of responsiveness; Misunderstandings; Information overload; Other,Lack of clarity,explanatory,short
SINGLE-SELECT,What is your biggest communication challenge?,Lack of clarity; Lack of responsiveness; Misunderstandings; Information overload; Other,Lack of clarity,annoyed,short
SINGLE-SELECT,What is your biggest design pet peeve?,Inconsistent Branding; Poor Typography; Cluttered Designs; Lack of Accessibility; Poor User Experience,Lack of Accessibility,verbose,short
SINGLE-SELECT,What is your biggest design pet peeve?,Inconsistent Branding; Poor Typography; Cluttered Designs; Lack of Accessibility; Poor User Experience,Lack of Accessibility,concise,short
SINGLE-SELECT,What is your biggest design pet peeve?,Inconsistent Branding; Poor Typography; Cluttered Designs; Lack of Accessibility; Poor User Experience,Inconsistent Branding,colloquial,short
SINGLE-SELECT,What is your biggest design pet peeve?,Inconsistent Branding; Poor Typography; Cluttered Designs; Lack of Accessibility; Poor User Experience,Inconsistent Branding,explanatory,short
SINGLE-SELECT,What is your biggest design pet peeve?,Inconsistent Branding; Poor Typography; Cluttered Designs; Lack of Accessibility; Poor User Experience,Inconsistent Branding,annoyed,short
SINGLE-SELECT,What is your biggest inspiration for your designs?,Nature; Architecture; Music; Literature; Technology,Nature,verbose,short
SINGLE-SELECT,What is your biggest inspiration for your designs?,Nature; Architecture; Music; Literature; Technology,Nature,concise,short
SINGLE-SELECT,What is your biggest inspiration for your designs?,Nature; Architecture; Music; Literature; Technology,Nature,colloquial,short
SINGLE-SELECT,What is your biggest inspiration for your designs?,Nature; Architecture; Music; Literature; Technology,Nature,explanatory,short
SINGLE-SELECT,What is your biggest inspiration for your designs?,Nature; Architecture; Music; Literature; Technology,Nature,annoyed,short
SINGLE-SELECT,What is your budget for this project?,"Under $10,000; $10,000 - $50,000; $50,000 - $100,000; Over $100,000",Under 10000,verbose,short
SINGLE-SELECT,What is your budget for this project?,"Under $10,000; $10,000 - $50,000; $50,000 - $100,000; Over $100,000",Under 10000,concise,short
SINGLE-SELECT,What is your budget for this project?,"Under $10,000; $10,000 - $50,000; $50,000 - $100,000; Over $100,000",Under 10000,colloquial,short
SINGLE-SELECT,What is your budget for this project?,"Under $10,000; $10,000 - $50,000; $50,000 - $100,000; Over $100,000",Under 10000,explanatory,short
SINGLE-SELECT,What is your budget for this project?,"Under $10,000; $10,000 - $50,000; $50,000 - $100,000; Over $100,000",Under 10000,annoyed,short
SINGLE-SELECT,What is your company culture?,Formal; Informal; Hybrid,Formal,verbose,short
SINGLE-SELECT,What is your company culture?,Formal; Informal; Hybrid,Formal,concise,short
SINGLE-SELECT,What is your company culture?,Formal; Informal; Hybrid,Formal,colloquial,short
SINGLE-SELECT,What is your company culture?,Formal; Informal; Hybrid,Formal,explanatory,short
SINGLE-SELECT,What is your company culture?,Formal; Informal; Hybrid,Formal,annoyed,short
SINGLE-SELECT,What is your company's annual revenue?,Under $1 million; $1 million - $10 million; $10 million - $100 million; Over $100 million,100 million,verbose,short
SINGLE-SELECT,What is your company's annual revenue?,Under $1 million; $1 million - $10 million; $10 million - $100 million; Over $100 million,100 million,concise,short
SINGLE-SELECT,What is your company's annual revenue?,Under $1 million; $1 million - $10 million; $10 million - $100 million; Over $100 million,100 million,colloquial,short
SINGLE-SELECT,What is your company's annual revenue?,Under $1 million; $1 million - $10 million; $10 million - $100 million; Over $100 million,100 million,explanatory,short
SINGLE-SELECT,What is your company's annual revenue?,Under $1 million; $1 million - $10 million; $10 million - $100 million; Over $100 million,Over 100 million,annoyed,short
SINGLE-SELECT,What is your company's main focus?,B2B; B2C; Both,B2B,verbose,short
SINGLE-SELECT,What is your company's main focus?,B2B; B2C; Both,B2B,concise,short
SINGLE-SELECT,What is your company's main focus?,B2B; B2C; Both,B2B,colloquial,short
SINGLE-SELECT,What is your company's main focus?,B2B; B2C; Both,B2B,explanatory,short
SINGLE-SELECT,What is your company's main focus?,B2B; B2C; Both,B2B,annoyed,short
SINGLE-SELECT,What is your company's mission?,Profit Maximization; Social Impact; Environmental Sustainability; Customer Satisfaction,Profit Maximization,verbose,short
SINGLE-SELECT,What is your company's mission?,Profit Maximization; Social Impact; Environmental Sustainability; Customer Satisfaction,Profit Maximization,concise,short
SINGLE-SELECT,What is your company's mission?,Profit Maximization; Social Impact; Environmental Sustainability; Customer Satisfaction,Profit Maximization,colloquial,short
SINGLE-SELECT,What is your company's mission?,Profit Maximization; Social Impact; Environmental Sustainability; Customer Satisfaction,Profit Maximization,explanatory,short
SINGLE-SELECT,What is your company's mission?,Profit Maximization; Social Impact; Environmental Sustainability; Customer Satisfaction,Profit Maximization,annoyed,short
SINGLE-SELECT,What is your company's size?,1-50 employees; 51-200 employees; 201-1000 employees; Over 1000 employees,2011000 employees,verbose,short
SINGLE-SELECT,What is your company's size?,1-50 employees; 51-200 employees; 201-1000 employees; Over 1000 employees,2011000 employees,concise,short
SINGLE-SELECT,What is your company's size?,1-50 employees; 51-200 employees; 201-1000 employees; Over 1000 employees,2011000 employees,colloquial,short
SINGLE-SELECT,What is your company's size?,1-50 employees; 51-200 employees; 201-1000 employees; Over 1000 employees,2011000 employees,explanatory,short
SINGLE-SELECT,What is your company's size?,1-50 employees; 51-200 employees; 201-1000 employees; Over 1000 employees,2011000 employees,annoyed,short
SINGLE-SELECT,What is your current level of digital transformation?,Beginner; Intermediate; Advanced,Intermediate,verbose,short
SINGLE-SELECT,What is your current level of digital transformation?,Beginner; Intermediate; Advanced,Advanced,concise,short
SINGLE-SELECT,What is your current level of digital transformation?,Beginner; Intermediate; Advanced,Advanced,colloquial,short
SINGLE-SELECT,What is your current level of digital transformation?,Beginner; Intermediate; Advanced,Intermediate,explanatory,short
SINGLE-SELECT,What is your current level of digital transformation?,Beginner; Intermediate; Advanced,Intermediate,annoyed,short
SINGLE-SELECT,What is your department?,Sales; Marketing; IT; Finance; Other,Other,verbose,short
SINGLE-SELECT,What is your department?,Sales; Marketing; IT; Finance; Other,Other,concise,short
SINGLE-SELECT,What is your department?,Sales; Marketing; IT; Finance; Other,Other,colloquial,short
SINGLE-SELECT,What is your department?,Sales; Marketing; IT; Finance; Other,Other,explanatory,short
SINGLE-SELECT,What is your department?,Sales; Marketing; IT; Finance; Other,Other,annoyed,short
SINGLE-SELECT,What is your design philosophy?,Form follows function; Less is more; Think outside the box; User-centric design; Innovative and creative,Form follows function,verbose,short
SINGLE-SELECT,What is your design philosophy?,Form follows function; Less is more; Think outside the box; User-centric design; Innovative and creative,Form follows function,concise,short
SINGLE-SELECT,What is your design philosophy?,Form follows function; Less is more; Think outside the box; User-centric design; Innovative and creative,Form follows function,colloquial,short
SINGLE-SELECT,What is your design philosophy?,Form follows function; Less is more; Think outside the box; User-centric design; Innovative and creative,Form follows function,explanatory,short
SINGLE-SELECT,What is your design philosophy?,Form follows function; Less is more; Think outside the box; User-centric design; Innovative and creative,Form follows function,annoyed,short
SINGLE-SELECT,What is your design process?,Agile; Waterfall; Lean; Iterative; Hybrid,Iterative,verbose,short
SINGLE-SELECT,What is your design process?,Agile; Waterfall; Lean; Iterative; Hybrid,Iterative,concise,short
SINGLE-SELECT,What is your design process?,Agile; Waterfall; Lean; Iterative; Hybrid,Iterative,colloquial,short
SINGLE-SELECT,What is your design process?,Agile; Waterfall; Lean; Iterative; Hybrid,Iterative,explanatory,short
SINGLE-SELECT,What is your design process?,Agile; Waterfall; Lean; Iterative; Hybrid,Iterative,annoyed,short
SINGLE-SELECT,What is your experience level with software development?,Beginner; Intermediate; Advanced; Expert,Intermediate,verbose,short
SINGLE-SELECT,What is your experience level with software development?,Beginner; Intermediate; Advanced; Expert,Intermediate,concise,short
SINGLE-SELECT,What is your experience level with software development?,Beginner; Intermediate; Advanced; Expert,Intermediate,colloquial,short
SINGLE-SELECT,What is your experience level with software development?,Beginner; Intermediate; Advanced; Expert,Intermediate,explanatory,short
SINGLE-SELECT,What is your experience level with software development?,Beginner; Intermediate; Advanced; Expert,Intermediate,annoyed,short
SINGLE-SELECT,What is your experience with Agile methodologies?,Beginner; Intermediate; Advanced,Intermediate,verbose,short
SINGLE-SELECT,What is your experience with Agile methodologies?,Beginner; Intermediate; Advanced,Intermediate,concise,short
SINGLE-SELECT,What is your experience with Agile methodologies?,Beginner; Intermediate; Advanced,Intermediate,colloquial,short
SINGLE-SELECT,What is your experience with Agile methodologies?,Beginner; Intermediate; Advanced,Intermediate,explanatory,short
SINGLE-SELECT,What is your experience with Agile methodologies?,Beginner; Intermediate; Advanced,Intermediate,annoyed,short
SINGLE-SELECT,What is your experience with CI/CD pipelines?,Beginner; Intermediate; Advanced,Intermediate,verbose,short
SINGLE-SELECT,What is your experience with CI/CD pipelines?,Beginner; Intermediate; Advanced,Intermediate,concise,short
SINGLE-SELECT,What is your experience with CI/CD pipelines?,Beginner; Intermediate; Advanced,Intermediate,colloquial,short
SINGLE-SELECT,What is your experience with CI/CD pipelines?,Beginner; Intermediate; Advanced,Intermediate,explanatory,short
SINGLE-SELECT,What is your experience with CI/CD pipelines?,Beginner; Intermediate; Advanced,Intermediate,annoyed,short
SINGLE-SELECT,What is your experience with GraphQL APIs?,Beginner; Intermediate; Advanced,Intermediate,verbose,short
SINGLE-SELECT,What is your experience with GraphQL APIs?,Beginner; Intermediate; Advanced,Intermediate,concise,short
SINGLE-SELECT,What is your experience with GraphQL APIs?,Beginner; Intermediate; Advanced,Intermediate,colloquial,short
SINGLE-SELECT,What is your experience with GraphQL APIs?,Beginner; Intermediate; Advanced,Intermediate,explanatory,short
SINGLE-SELECT,What is your experience with GraphQL APIs?,Beginner; Intermediate; Advanced,Intermediate,annoyed,short
SINGLE-SELECT,What is your experience with NoSQL databases?,Beginner; Intermediate; Advanced,Intermediate,verbose,short
SINGLE-SELECT,What is your experience with NoSQL databases?,Beginner; Intermediate; Advanced,Intermediate,concise,short
SINGLE-SELECT,What is your experience with NoSQL databases?,Beginner; Intermediate; Advanced,Intermediate,colloquial,short
SINGLE-SELECT,What is your experience with NoSQL databases?,Beginner; Intermediate; Advanced,Intermediate,explanatory,short
SINGLE-SELECT,What is your experience with NoSQL databases?,Beginner; Intermediate; Advanced,Intermediate,annoyed,short
SINGLE-SELECT,What is your experience with RESTful APIs?,Beginner; Intermediate; Advanced,Intermediate,verbose,short
SINGLE-SELECT,What is your experience with RESTful APIs?,Beginner; Intermediate; Advanced,Intermediate,concise,short
SINGLE-SELECT,What is your experience with RESTful APIs?,Beginner; Intermediate; Advanced,Intermediate,colloquial,short
SINGLE-SELECT,What is your experience with RESTful APIs?,Beginner; Intermediate; Advanced,Intermediate,explanatory,short
SINGLE-SELECT,What is your experience with RESTful APIs?,Beginner; Intermediate; Advanced,Intermediate,annoyed,short
SINGLE-SELECT,What is your experience with artificial intelligence and machine learning?,Beginner; Intermediate; Advanced,Intermediate,verbose,short
SINGLE-SELECT,What is your experience with artificial intelligence and machine learning?,Beginner; Intermediate; Advanced,Advanced,concise,short
SINGLE-SELECT,What is your experience with artificial intelligence and machine learning?,Beginner; Intermediate; Advanced,Intermediate,colloquial,short
SINGLE-SELECT,What is your experience with artificial intelligence and machine learning?,Beginner; Intermediate; Advanced,Advanced,explanatory,short
SINGLE-SELECT,What is your experience with artificial intelligence and machine learning?,Beginner; Intermediate; Advanced,Intermediate,annoyed,short
SINGLE-SELECT,What is your experience with big data technologies?,Beginner; Intermediate; Advanced,Advanced,verbose,short
SINGLE-SELECT,What is your experience with big data technologies?,Beginner; Intermediate; Advanced,Advanced,concise,short
SINGLE-SELECT,What is your experience with big data technologies?,Beginner; Intermediate; Advanced,Advanced,colloquial,short
SINGLE-SELECT,What is your experience with big data technologies?,Beginner; Intermediate; Advanced,Im a beginner,explanatory,short
SINGLE-SELECT,What is your experience with big data technologies?,Beginner; Intermediate; Advanced,Im a beginner,annoyed,short
SINGLE-SELECT,What is your experience with blockchain technology?,Beginner; Intermediate; Advanced,Im a beginner,verbose,short
SINGLE-SELECT,What is your experience with blockchain technology?,Beginner; Intermediate; Advanced,Im a beginner,concise,short
SINGLE-SELECT,What is your experience with blockchain technology?,Beginner; Intermediate; Advanced,Im a beginner,colloquial,short
SINGLE-SELECT,What is your experience with blockchain technology?,Beginner; Intermediate; Advanced,Im a beginner,explanatory,short
SINGLE-SELECT,What is your experience with blockchain technology?,Beginner; Intermediate; Advanced,Im a beginner,annoyed,short
SINGLE-SELECT,What is your experience with caching mechanisms?,Beginner; Intermediate; Advanced,Intermediate,verbose,short
SINGLE-SELECT,What is your experience with caching mechanisms?,Beginner; Intermediate; Advanced,Intermediate,concise,short
SINGLE-SELECT,What is your experience with caching mechanisms?,Beginner; Intermediate; Advanced,Intermediate,colloquial,short
SINGLE-SELECT,What is your experience with caching mechanisms?,Beginner; Intermediate; Advanced,Intermediate,explanatory,short
SINGLE-SELECT,What is your experience with caching mechanisms?,Beginner; Intermediate; Advanced,Intermediate,annoyed,short
SINGLE-SELECT,What is your experience with containerization technologies?,Beginner; Intermediate; Advanced,Intermediate,verbose,short
SINGLE-SELECT,What is your experience with containerization technologies?,Beginner; Intermediate; Advanced,Intermediate,concise,short
SINGLE-SELECT,What is your experience with containerization technologies?,Beginner; Intermediate; Advanced,Intermediate,colloquial,short
SINGLE-SELECT,What is your experience with containerization technologies?,Beginner; Intermediate; Advanced,Intermediate,explanatory,short
SINGLE-SELECT,What is your experience with containerization technologies?,Beginner; Intermediate; Advanced,Intermediate,annoyed,short
SINGLE-SELECT,What is your experience with cybersecurity best practices?,Beginner; Intermediate; Advanced,Intermediate,verbose,short
SINGLE-SELECT,What is your experience with cybersecurity best practices?,Beginner; Intermediate; Advanced,Intermediate,concise,short
SINGLE-SELECT,What is your experience with cybersecurity best practices?,Beginner; Intermediate; Advanced,Intermediate,colloquial,short
SINGLE-SELECT,What is your experience with cybersecurity best practices?,Beginner; Intermediate; Advanced,Intermediate,explanatory,short
SINGLE-SELECT,What is your experience with cybersecurity best practices?,Beginner; Intermediate; Advanced,Intermediate,annoyed,short
SINGLE-SELECT,What is your experience with data streaming technologies?,Beginner; Intermediate; Advanced,Intermediate,verbose,short
SINGLE-SELECT,What is your experience with data streaming technologies?,Beginner; Intermediate; Advanced,Intermediate,concise,short
SINGLE-SELECT,What is your experience with data streaming technologies?,Beginner; Intermediate; Advanced,Advanced,colloquial,short
SINGLE-SELECT,What is your experience with data streaming technologies?,Beginner; Intermediate; Advanced,Intermediate,explanatory,short
SINGLE-SELECT,What is your experience with data streaming technologies?,Beginner; Intermediate; Advanced,Intermediate,annoyed,short
SINGLE-SELECT,What is your experience with design patterns?,Beginner; Intermediate; Advanced,Intermediate,verbose,short
SINGLE-SELECT,What is your experience with design patterns?,Beginner; Intermediate; Advanced,Intermediate,concise,short
SINGLE-SELECT,What is your experience with design patterns?,Beginner; Intermediate; Advanced,Intermediate,colloquial,short
SINGLE-SELECT,What is your experience with design patterns?,Beginner; Intermediate; Advanced,Intermediate,explanatory,short
SINGLE-SELECT,What is your experience with design patterns?,Beginner; Intermediate; Advanced,Intermediate,annoyed,short
SINGLE-SELECT,What is your experience with event-driven architectures?,Beginner; Intermediate; Advanced,Intermediate,verbose,short
SINGLE-SELECT,What is your experience with event-driven architectures?,Beginner; Intermediate; Advanced,Advanced,concise,short
SINGLE-SELECT,What is your experience with event-driven architectures?,Beginner; Intermediate; Advanced,Intermediate,colloquial,short
SINGLE-SELECT,What is your experience with event-driven architectures?,Beginner; Intermediate; Advanced,Advanced,explanatory,short
SINGLE-SELECT,What is your experience with event-driven architectures?,Beginner; Intermediate; Advanced,Intermediate,annoyed,short
SINGLE-SELECT,What is your experience with message queues?,Beginner; Intermediate; Advanced,Intermediate,verbose,short
SINGLE-SELECT,What is your experience with message queues?,Beginner; Intermediate; Advanced,Intermediate,concise,short
SINGLE-SELECT,What is your experience with message queues?,Beginner; Intermediate; Advanced,Intermediate,colloquial,short
SINGLE-SELECT,What is your experience with message queues?,Beginner; Intermediate; Advanced,Intermediate,explanatory,short
SINGLE-SELECT,What is your experience with message queues?,Beginner; Intermediate; Advanced,Intermediate,annoyed,short
SINGLE-SELECT,What is your experience with microservices architecture?,Beginner; Intermediate; Advanced,Intermediate,verbose,short
SINGLE-SELECT,What is your experience with microservices architecture?,Beginner; Intermediate; Advanced,Intermediate,concise,short
SINGLE-SELECT,What is your experience with microservices architecture?,Beginner; Intermediate; Advanced,Intermediate,colloquial,short
SINGLE-SELECT,What is your experience with microservices architecture?,Beginner; Intermediate; Advanced,Intermediate,explanatory,short
SINGLE-SELECT,What is your experience with microservices architecture?,Beginner; Intermediate; Advanced,Intermediate,annoyed,short
SINGLE-SELECT,What is your experience with serverless computing?,Beginner; Intermediate; Advanced,Intermediate,verbose,short
SINGLE-SELECT,What is your experience with serverless computing?,Beginner; Intermediate; Advanced,Intermediate,concise,short
SINGLE-SELECT,What is your experience with serverless computing?,Beginner; Intermediate; Advanced,Intermediate,colloquial,short
SINGLE-SELECT,What is your experience with serverless computing?,Beginner; Intermediate; Advanced,Intermediate,explanatory,short
SINGLE-SELECT,What is your experience with serverless computing?,Beginner; Intermediate; Advanced,Intermediate,annoyed,short
SINGLE-SELECT,What is your favorite art historical period?,Renaissance; Baroque; Impressionism; Modern Art; Contemporary Art,Modern Art,verbose,short
SINGLE-SELECT,What is your favorite art historical period?,Renaissance; Baroque; Impressionism; Modern Art; Contemporary Art,Modern Art,concise,short
SINGLE-SELECT,What is your favorite art historical period?,Renaissance; Baroque; Impressionism; Modern Art; Contemporary Art,Modern Art,colloquial,short
SINGLE-SELECT,What is your favorite art historical period?,Renaissance; Baroque; Impressionism; Modern Art; Contemporary Art,Modern Art,explanatory,short
SINGLE-SELECT,What is your favorite art historical period?,Renaissance; Baroque; Impressionism; Modern Art; Contemporary Art,Modern Art,annoyed,short
SINGLE-SELECT,What is your favorite art movement?,Art Nouveau; Art Deco; Bauhaus; Dada; Surrealism,Art Nouveau,verbose,short
SINGLE-SELECT,What is your favorite art movement?,Art Nouveau; Art Deco; Bauhaus; Dada; Surrealism,Art Nouveau,concise,short
SINGLE-SELECT,What is your favorite art movement?,Art Nouveau; Art Deco; Bauhaus; Dada; Surrealism,Art Nouveau,colloquial,short
SINGLE-SELECT,What is your favorite art movement?,Art Nouveau; Art Deco; Bauhaus; Dada; Surrealism,Art Nouveau,explanatory,short
SINGLE-SELECT,What is your favorite art movement?,Art Nouveau; Art Deco; Bauhaus; Dada; Surrealism,Art Nouveau,annoyed,short
SINGLE-SELECT,What is your favorite art museum?,The Metropolitan Museum of Art; The Louvre; The Museum of Modern Art; The Tate Modern; The National Gallery,The Louvre,verbose,short
SINGLE-SELECT,What is your favorite art museum?,The Metropolitan Museum of Art; The Louvre; The Museum of Modern Art; The Tate Modern; The National Gallery,The Tate Modern,concise,short
SINGLE-SELECT,What is your favorite art museum?,The Metropolitan Museum of Art; The Louvre; The Museum of Modern Art; The Tate Modern; The National Gallery,The Louvre,colloquial,short
SINGLE-SELECT,What is your favorite art museum?,The Metropolitan Museum of Art; The Louvre; The Museum of Modern Art; The Tate Modern; The National Gallery,The Tate Modern,explanatory,short
SINGLE-SELECT,What is your favorite art museum?,The Metropolitan Museum of Art; The Louvre; The Museum of Modern Art; The Tate Modern; The National Gallery,The Louvre,annoyed,short
SINGLE-SELECT,What is your favorite art technique?,Oil Painting; Watercolor Painting; Acrylic Painting; Pencil Sketching; Digital Painting,Acrylic Painting,verbose,short
SINGLE-SELECT,What is your favorite art technique?,Oil Painting; Watercolor Painting; Acrylic Painting; Pencil Sketching; Digital Painting,Acrylic Painting,concise,short
SINGLE-SELECT,What is your favorite art technique?,Oil Painting; Watercolor Painting; Acrylic Painting; Pencil Sketching; Digital Painting,Acrylic Painting,colloquial,short
SINGLE-SELECT,What is your favorite art technique?,Oil Painting; Watercolor Painting; Acrylic Painting; Pencil Sketching; Digital Painting,Acrylic Painting,explanatory,short
SINGLE-SELECT,What is your favorite art technique?,Oil Painting; Watercolor Painting; Acrylic Painting; Pencil Sketching; Digital Painting,Acrylic Painting,annoyed,short
SINGLE-SELECT,What is your favorite aspect of the design process?,Idea Generation; Sketching and Prototyping; Refinement and Iteration; Testing and User Feedback; Final Presentation,Idea Generation,verbose,short
SINGLE-SELECT,What is your favorite aspect of the design process?,Idea Generation; Sketching and Prototyping; Refinement and Iteration; Testing and User Feedback; Final Presentation,Idea Generation,concise,short
SINGLE-SELECT,What is your favorite aspect of the design process?,Idea Generation; Sketching and Prototyping; Refinement and Iteration; Testing and User Feedback; Final Presentation,Idea Generation,explanatory,short
SINGLE-SELECT,What is your favorite design tool?,Adobe Photoshop; Adobe Illustrator; Figma; Sketch; Procreate,Adobe Illustrator,verbose,short
SINGLE-SELECT,What is your favorite design tool?,Adobe Photoshop; Adobe Illustrator; Figma; Sketch; Procreate,Adobe Illustrator,concise,short
SINGLE-SELECT,What is your favorite design tool?,Adobe Photoshop; Adobe Illustrator; Figma; Sketch; Procreate,Adobe Illustrator,colloquial,short
SINGLE-SELECT,What is your favorite design tool?,Adobe Photoshop; Adobe Illustrator; Figma; Sketch; Procreate,Adobe Illustrator,explanatory,short
SINGLE-SELECT,What is your favorite design tool?,Adobe Photoshop; Adobe Illustrator; Figma; Sketch; Procreate,Adobe Illustrator,annoyed,short
SINGLE-SELECT,What is your favorite type of design project to work on?,Logo Design; Website Design; Branding Design; UI/UX Design; Print Design,UIUX Design,verbose,short
SINGLE-SELECT,What is your favorite type of design project to work on?,Logo Design; Website Design; Branding Design; UI/UX Design; Print Design,UIUX Design,concise,short
SINGLE-SELECT,What is your favorite type of design project to work on?,Logo Design; Website Design; Branding Design; UI/UX Design; Print Design,I like UIUX Design,colloquial,short
SINGLE-SELECT,What is your favorite type of design project to work on?,Logo Design; Website Design; Branding Design; UI/UX Design; Print Design,UIUX Design,explanatory,short
SINGLE-SELECT,What is your favorite type of design project to work on?,Logo Design; Website Design; Branding Design; UI/UX Design; Print Design,I like UIUX Design,annoyed,short
SINGLE-SELECT,What is your favorite type of font?,Serif; Sans-serif; Script; Display; Monospace,I like Sansserif fonts,verbose,short
SINGLE-SELECT,What is your favorite type of font?,Serif; Sans-serif; Script; Display; Monospace,Script,concise,short
SINGLE-SELECT,What is your favorite type of font?,Serif; Sans-serif; Script; Display; Monospace,Script,colloquial,short
SINGLE-SELECT,What is your favorite type of font?,Serif; Sans-serif; Script; Display; Monospace,I like Sansserif fonts,explanatory,short
SINGLE-SELECT,What is your favorite type of font?,Serif; Sans-serif; Script; Display; Monospace,Script,annoyed,short
SINGLE-SELECT,What is your gender?,Male; Female; Other; Prefer not to say,Female,verbose,short
SINGLE-SELECT,What is your gender?,Male; Female; Other; Prefer not to say,Female,concise,short
SINGLE-SELECT,What is your gender?,Male; Female; Other; Prefer not to say,Female,colloquial,short
SINGLE-SELECT,What is your gender?,Male; Female; Other; Prefer not to say,Female,explanatory,short
SINGLE-SELECT,What is your gender?,Male; Female; Other; Prefer not to say,Female,annoyed,short
SINGLE-SELECT,What is your greatest strength as an artist or designer?,Creativity; Problem-solving; Technical Skills; Communication Skills; Collaboration,Creativity,verbose,short
SINGLE-SELECT,What is your greatest strength as an artist or designer?,Creativity; Problem-solving; Technical Skills; Communication Skills; Collaboration,Creativity,concise,short
SINGLE-SELECT,What is your greatest strength as an artist or designer?,Creativity; Problem-solving; Technical Skills; Communication Skills; Collaboration,Creativity,colloquial,short
SINGLE-SELECT,What is your greatest strength as an artist or designer?,Creativity; Problem-solving; Technical Skills; Communication Skills; Collaboration,Creativity,explanatory,short
SINGLE-SELECT,What is your greatest strength as an artist or designer?,Creativity; Problem-solving; Technical Skills; Communication Skills; Collaboration,Creativity,annoyed,short
SINGLE-SELECT,What is your highest level of education?,High School; Bachelor's Degree; Master's Degree; Doctorate Degree,Masters Degree,verbose,short
SINGLE-SELECT,What is your highest level of education?,High School; Bachelor's Degree; Master's Degree; Doctorate Degree,Masters Degree,concise,short
SINGLE-SELECT,What is your highest level of education?,High School; Bachelor's Degree; Master's Degree; Doctorate Degree,Masters Degree,colloquial,short
SINGLE-SELECT,What is your highest level of education?,High School; Bachelor's Degree; Master's Degree; Doctorate Degree,Masters Degree,explanatory,short
SINGLE-SELECT,What is your highest level of education?,High School; Bachelor's Degree; Master's Degree; Doctorate Degree,High School,annoyed,short
SINGLE-SELECT,What is your job title?,CEO; CFO; Marketing Manager; Sales Representative; Other,CEO,verbose,short
SINGLE-SELECT,What is your job title?,CEO; CFO; Marketing Manager; Sales Representative; Other,CEO,concise,short
SINGLE-SELECT,What is your job title?,CEO; CFO; Marketing Manager; Sales Representative; Other,I am a marketing manager,colloquial,short
SINGLE-SELECT,What is your job title?,CEO; CFO; Marketing Manager; Sales Representative; Other,I am a marketing manager,explanatory,short
SINGLE-SELECT,What is your job title?,CEO; CFO; Marketing Manager; Sales Representative; Other,CFO,annoyed,short
SINGLE-SELECT,What is your level of experience in the art and design industry?,Beginner; Intermediate; Advanced; Expert; Professional,Professional,verbose,short
SINGLE-SELECT,What is your level of experience in the art and design industry?,Beginner; Intermediate; Advanced; Expert; Professional,Professional,concise,short
SINGLE-SELECT,What is your level of experience in the art and design industry?,Beginner; Intermediate; Advanced; Expert; Professional,Professional,colloquial,short
SINGLE-SELECT,What is your level of experience in the art and design industry?,Beginner; Intermediate; Advanced; Expert; Professional,Professional,explanatory,short
SINGLE-SELECT,What is your level of experience in the art and design industry?,Beginner; Intermediate; Advanced; Expert; Professional,Professional,annoyed,short
SINGLE-SELECT,What is your level of technical expertise?,Beginner; Intermediate; Advanced; Expert,Advanced,verbose,short
SINGLE-SELECT,What is your level of technical expertise?,Beginner; Intermediate; Advanced; Expert,Advanced,concise,short
SINGLE-SELECT,What is your level of technical expertise?,Beginner; Intermediate; Advanced; Expert,Advanced,colloquial,short
SINGLE-SELECT,What is your level of technical expertise?,Beginner; Intermediate; Advanced; Expert,Advanced,explanatory,short
SINGLE-SELECT,What is your level of technical expertise?,Beginner; Intermediate; Advanced; Expert,Advanced,annoyed,short
SINGLE-SELECT,What is your preferred IDE for mobile development?,Android Studio; Xcode; React Native; Flutter,Xcode,verbose,short
SINGLE-SELECT,What is your preferred IDE for mobile development?,Android Studio; Xcode; React Native; Flutter,Android Studio,concise,short
SINGLE-SELECT,What is your preferred IDE for mobile development?,Android Studio; Xcode; React Native; Flutter,Xcode,colloquial,short
SINGLE-SELECT,What is your preferred IDE for mobile development?,Android Studio; Xcode; React Native; Flutter,Xcode,explanatory,short
SINGLE-SELECT,What is your preferred IDE for mobile development?,Android Studio; Xcode; React Native; Flutter,Xcode,annoyed,short
SINGLE-SELECT,What is your preferred approach to project management?,Agile; Waterfall; Hybrid,Agile,verbose,short
SINGLE-SELECT,What is your preferred approach to project management?,Agile; Waterfall; Hybrid,Agile,concise,short
SINGLE-SELECT,What is your preferred approach to project management?,Agile; Waterfall; Hybrid,Agile,colloquial,short
SINGLE-SELECT,What is your preferred approach to project management?,Agile; Waterfall; Hybrid,Agile,explanatory,short
SINGLE-SELECT,What is your preferred approach to project management?,Agile; Waterfall; Hybrid,Agile,annoyed,short
SINGLE-SELECT,What is your preferred approach to software architecture?,Microservices; Monolithic; Layered,Microservices,verbose,short
SINGLE-SELECT,What is your preferred approach to software architecture?,Microservices; Monolithic; Layered,Microservices,concise,short
SINGLE-SELECT,What is your preferred approach to software architecture?,Microservices; Monolithic; Layered,Microservices,colloquial,short
SINGLE-SELECT,What is your preferred approach to software architecture?,Microservices; Monolithic; Layered,Microservices,explanatory,short
SINGLE-SELECT,What is your preferred approach to software architecture?,Microservices; Monolithic; Layered,Microservices,annoyed,short
SINGLE-SELECT,What is your preferred code editor for front-end development?,VS Code; Sublime Text; Atom; WebStorm,Atom,verbose,short
SINGLE-SELECT,What is your preferred code editor for front-end development?,VS Code; Sublime Text; Atom; WebStorm,Atom,concise,short
SINGLE-SELECT,What is your preferred code editor for front-end development?,VS Code; Sublime Text; Atom; WebStorm,Atom,colloquial,short
SINGLE-SELECT,What is your preferred code editor for front-end development?,VS Code; Sublime Text; Atom; WebStorm,Atom,explanatory,short
SINGLE-SELECT,What is your preferred code editor for front-end development?,VS Code; Sublime Text; Atom; WebStorm,Atom,annoyed,short
SINGLE-SELECT,What is your preferred collaboration tool?,GitHub; GitLab; Bitbucket,GitHub is my preferred collaboration tool,verbose,short
SINGLE-SELECT,What is your preferred collaboration tool?,GitHub; GitLab; Bitbucket,Bitbucket,concise,short
SINGLE-SELECT,What is your preferred collaboration tool?,GitHub; GitLab; Bitbucket,Bitbucket is my preferred collaboration tool,colloquial,short
SINGLE-SELECT,What is your preferred collaboration tool?,GitHub; GitLab; Bitbucket,Bitbucket is my preferred collaboration tool,explanatory,short
SINGLE-SELECT,What is your preferred collaboration tool?,GitHub; GitLab; Bitbucket,Bitbucket is my preferred collaboration tool,annoyed,short
SINGLE-SELECT,What is your preferred color palette?,Warm Colors; Cool Colors; Monochromatic; Analogous; Complementary,Warm Colors,verbose,short
SINGLE-SELECT,What is your preferred color palette?,Warm Colors; Cool Colors; Monochromatic; Analogous; Complementary,Warm Colors,concise,short
SINGLE-SELECT,What is your preferred color palette?,Warm Colors; Cool Colors; Monochromatic; Analogous; Complementary,Warm Colors,colloquial,short
SINGLE-SELECT,What is your preferred color palette?,Warm Colors; Cool Colors; Monochromatic; Analogous; Complementary,Warm Colors,explanatory,short
SINGLE-SELECT,What is your preferred color palette?,Warm Colors; Cool Colors; Monochromatic; Analogous; Complementary,Warm Colors,annoyed,short
SINGLE-SELECT,What is your preferred communication tool?,Slack; Microsoft Teams; Email; Jira,Email is my preferred communication tool,verbose,short
SINGLE-SELECT,What is your preferred communication tool?,Slack; Microsoft Teams; Email; Jira,Jira is my preferred communication tool,concise,short
SINGLE-SELECT,What is your preferred communication tool?,Slack; Microsoft Teams; Email; Jira,Email is my preferred communication tool,colloquial,short
SINGLE-SELECT,What is your preferred development environment?,Visual Studio; IntelliJ IDEA; Eclipse; VS Code; Sublime Text,Visual Studio,verbose,short
SINGLE-SELECT,What is your preferred development environment?,Visual Studio; IntelliJ IDEA; Eclipse; VS Code; Sublime Text,Visual Studio,concise,short
SINGLE-SELECT,What is your preferred development environment?,Visual Studio; IntelliJ IDEA; Eclipse; VS Code; Sublime Text,Visual Studio,colloquial,short
SINGLE-SELECT,What is your preferred development environment?,Visual Studio; IntelliJ IDEA; Eclipse; VS Code; Sublime Text,Visual Studio,explanatory,short
SINGLE-SELECT,What is your preferred development environment?,Visual Studio; IntelliJ IDEA; Eclipse; VS Code; Sublime Text,Visual Studio,annoyed,short
SINGLE-SELECT,What is your preferred format for reports?,PDF; Spreadsheet; Presentation,Spreadsheet,verbose,short
SINGLE-SELECT,What is your preferred format for reports?,PDF; Spreadsheet; Presentation,Spreadsheet,concise,short
SINGLE-SELECT,What is your preferred format for reports?,PDF; Spreadsheet; Presentation,Spreadsheet,colloquial,short
SINGLE-SELECT,What is your preferred format for reports?,PDF; Spreadsheet; Presentation,Spreadsheet,explanatory,short
SINGLE-SELECT,What is your preferred format for reports?,PDF; Spreadsheet; Presentation,Spreadsheet,annoyed,short
SINGLE-SELECT,What is your preferred framework for backend development?,Spring Boot; Node.js; Django; Ruby on Rails; .NET,Spring Boot,concise,short
SINGLE-SELECT,What is your preferred framework for backend development?,Spring Boot; Node.js; Django; Ruby on Rails; .NET,Spring Boot,explanatory,short
SINGLE-SELECT,What is your preferred integration method?,API; CSV Import/Export; Other,API,verbose,short
SINGLE-SELECT,What is your preferred integration method?,API; CSV Import/Export; Other,API,concise,short
SINGLE-SELECT,What is your preferred integration method?,API; CSV Import/Export; Other,API,colloquial,short
SINGLE-SELECT,What is your preferred integration method?,API; CSV Import/Export; Other,API,explanatory,short
SINGLE-SELECT,What is your preferred integration method?,API; CSV Import/Export; Other,API,annoyed,short
SINGLE-SELECT,What is your preferred medium for artistic expression?,Painting; Sculpture; Digital Art; Photography; Graphic Design,Digital Art,concise,short
SINGLE-SELECT,What is your preferred medium for artistic expression?,Painting; Sculpture; Digital Art; Photography; Graphic Design,Photography,colloquial,short
SINGLE-SELECT,What is your preferred medium for artistic expression?,Painting; Sculpture; Digital Art; Photography; Graphic Design,Photography,explanatory,short
SINGLE-SELECT,What is your preferred medium for artistic expression?,Painting; Sculpture; Digital Art; Photography; Graphic Design,Digital Art,annoyed,short
SINGLE-SELECT,What is your preferred method for code review?,Pull Requests; Code walkthroughs; Pair programming,Pull Requests,verbose,short
SINGLE-SELECT,What is your preferred method for code review?,Pull Requests; Code walkthroughs; Pair programming,Pair programming,concise,short
SINGLE-SELECT,What is your preferred method for code review?,Pull Requests; Code walkthroughs; Pair programming,Pull Requests,colloquial,short
SINGLE-SELECT,What is your preferred method for code review?,Pull Requests; Code walkthroughs; Pair programming,Pull Requests,explanatory,short
SINGLE-SELECT,What is your preferred method for code review?,Pull Requests; Code walkthroughs; Pair programming,Pull Requests,annoyed,short
SINGLE-SELECT,What is your preferred method for providing feedback?,Email; Online Survey; In-person Meeting,Email,verbose,short
SINGLE-SELECT,What is your preferred method for providing feedback?,Email; Online Survey; In-person Meeting,Email,concise,short
SINGLE-SELECT,What is your preferred method for providing feedback?,Email; Online Survey; In-person Meeting,Email,colloquial,short
SINGLE-SELECT,What is your preferred method for providing feedback?,Email; Online Survey; In-person Meeting,Email,explanatory,short
SINGLE-SELECT,What is your preferred method for providing feedback?,Email; Online Survey; In-person Meeting,Email,annoyed,short
SINGLE-SELECT,What is your preferred method for receiving project updates?,Email; Project Management Software; Team Meetings,Email,verbose,short
SINGLE-SELECT,What is your preferred method for receiving project updates?,Email; Project Management Software; Team Meetings,Email,concise,short
SINGLE-SELECT,What is your preferred method for receiving project updates?,Email; Project Management Software; Team Meetings,Email,colloquial,short
SINGLE-SELECT,What is your preferred method for receiving project updates?,Email; Project Management Software; Team Meetings,Email,explanatory,short
SINGLE-SELECT,What is your preferred method for receiving project updates?,Email; Project Management Software; Team Meetings,Email,annoyed,short
SINGLE-SELECT,What is your preferred method for receiving updates?,Email; SMS; In-app notifications,Inapp notifications,verbose,short
SINGLE-SELECT,What is your preferred method for receiving updates?,Email; SMS; In-app notifications,Inapp notifications,concise,short
SINGLE-SELECT,What is your preferred method for receiving updates?,Email; SMS; In-app notifications,Inapp notifications,colloquial,short
SINGLE-SELECT,What is your preferred method for receiving updates?,Email; SMS; In-app notifications,Inapp notifications,explanatory,short
SINGLE-SELECT,What is your preferred method for receiving updates?,Email; SMS; In-app notifications,Inapp notifications,annoyed,short
SINGLE-SELECT,What is your preferred method for scheduling meetings?,Email; Calendar invite; Phone call,Email,verbose,short
SINGLE-SELECT,What is your preferred method for scheduling meetings?,Email; Calendar invite; Phone call,Email,concise,short
SINGLE-SELECT,What is your preferred method for scheduling meetings?,Email; Calendar invite; Phone call,Email,colloquial,short
SINGLE-SELECT,What is your preferred method for scheduling meetings?,Email; Calendar invite; Phone call,Email,explanatory,short
SINGLE-SELECT,What is your preferred method for scheduling meetings?,Email; Calendar invite; Phone call,Email,annoyed,short
SINGLE-SELECT,What is your preferred method of communication with clients?,Email; Phone Calls; Video Conferencing; In-person Meetings; Project Management Software,Email,verbose,short
SINGLE-SELECT,What is your preferred method of communication with clients?,Email; Phone Calls; Video Conferencing; In-person Meetings; Project Management Software,Email,concise,short
SINGLE-SELECT,What is your preferred method of communication with clients?,Email; Phone Calls; Video Conferencing; In-person Meetings; Project Management Software,Email,colloquial,short
SINGLE-SELECT,What is your preferred method of communication with clients?,Email; Phone Calls; Video Conferencing; In-person Meetings; Project Management Software,Email,explanatory,short
SINGLE-SELECT,What is your preferred method of communication with clients?,Email; Phone Calls; Video Conferencing; In-person Meetings; Project Management Software,Email,annoyed,short
SINGLE-SELECT,What is your preferred method of communication?,Email; Phone; Video Conference,Email,verbose,short
SINGLE-SELECT,What is your preferred method of communication?,Email; Phone; Video Conference,Email,concise,short
SINGLE-SELECT,What is your preferred method of communication?,Email; Phone; Video Conference,Email,colloquial,short
SINGLE-SELECT,What is your preferred method of communication?,Email; Phone; Video Conference,Email,explanatory,short
SINGLE-SELECT,What is your preferred method of communication?,Email; Phone; Video Conference,Email,annoyed,short
SINGLE-SELECT,What is your preferred method of generating design ideas?,Brainstorming; Mind Mapping; Mood Boarding; Sketching; Research,Brainstorming,verbose,short
SINGLE-SELECT,What is your preferred method of generating design ideas?,Brainstorming; Mind Mapping; Mood Boarding; Sketching; Research,Brainstorming,concise,short
SINGLE-SELECT,What is your preferred method of generating design ideas?,Brainstorming; Mind Mapping; Mood Boarding; Sketching; Research,Brainstorming,colloquial,short
SINGLE-SELECT,What is your preferred method of generating design ideas?,Brainstorming; Mind Mapping; Mood Boarding; Sketching; Research,Brainstorming,explanatory,short
SINGLE-SELECT,What is your preferred method of generating design ideas?,Brainstorming; Mind Mapping; Mood Boarding; Sketching; Research,Brainstorming,annoyed,short
SINGLE-SELECT,What is your preferred method of showcasing your work?,Online Portfolio; Art Galleries; Art Fairs; Social Media; Personal Exhibitions,Art Fairs,verbose,short
SINGLE-SELECT,What is your preferred method of showcasing your work?,Online Portfolio; Art Galleries; Art Fairs; Social Media; Personal Exhibitions,Online Portfolio,concise,short
SINGLE-SELECT,What is your preferred method of showcasing your work?,Online Portfolio; Art Galleries; Art Fairs; Social Media; Personal Exhibitions,Online Portfolio,colloquial,short
SINGLE-SELECT,What is your preferred method of showcasing your work?,Online Portfolio; Art Galleries; Art Fairs; Social Media; Personal Exhibitions,Online Portfolio,explanatory,short
SINGLE-SELECT,What is your preferred method of showcasing your work?,Online Portfolio; Art Galleries; Art Fairs; Social Media; Personal Exhibitions,Art Fairs,annoyed,short
SINGLE-SELECT,What is your preferred payment method?,Credit Card; Bank Transfer; PayPal,Credit Card,verbose,short
SINGLE-SELECT,What is your preferred payment method?,Credit Card; Bank Transfer; PayPal,Credit Card,concise,short
SINGLE-SELECT,What is your preferred payment method?,Credit Card; Bank Transfer; PayPal,Credit Card,colloquial,short
SINGLE-SELECT,What is your preferred payment method?,Credit Card; Bank Transfer; PayPal,Credit Card,explanatory,short
SINGLE-SELECT,What is your preferred payment method?,Credit Card; Bank Transfer; PayPal,Credit Card,annoyed,short
SINGLE-SELECT,What is your preferred programming language?,Python; Java; JavaScript; C++; C#,C is my preferred programming language,verbose,short
SINGLE-SELECT,What is your preferred programming language?,Python; Java; JavaScript; C++; C#,C,concise,short
SINGLE-SELECT,What is your preferred programming language?,Python; Java; JavaScript; C++; C#,C,colloquial,short
SINGLE-SELECT,What is your preferred programming language?,Python; Java; JavaScript; C++; C#,C is my preferred programming language,explanatory,short
SINGLE-SELECT,What is your preferred programming language?,Python; Java; JavaScript; C++; C#,C,annoyed,short
SINGLE-SELECT,What is your preferred style of written communication?,Concise; Detailed; Formal; Informal,Concise,verbose,short
SINGLE-SELECT,What is your preferred style of written communication?,Concise; Detailed; Formal; Informal,Concise,concise,short
SINGLE-SELECT,What is your preferred style of written communication?,Concise; Detailed; Formal; Informal,Concise,colloquial,short
SINGLE-SELECT,What is your preferred style of written communication?,Concise; Detailed; Formal; Informal,Concise,explanatory,short
SINGLE-SELECT,What is your preferred style of written communication?,Concise; Detailed; Formal; Informal,Concise,annoyed,short
SINGLE-SELECT,What is your preferred testing framework?,JUnit; pytest; NUnit; Mocha; Jest,JUnit,verbose,short
SINGLE-SELECT,What is your preferred testing framework?,JUnit; pytest; NUnit; Mocha; Jest,JUnit,concise,short
SINGLE-SELECT,What is your preferred testing framework?,JUnit; pytest; NUnit; Mocha; Jest,JUnit,colloquial,short
SINGLE-SELECT,What is your preferred testing framework?,JUnit; pytest; NUnit; Mocha; Jest,JUnit,explanatory,short
SINGLE-SELECT,What is your preferred testing framework?,JUnit; pytest; NUnit; Mocha; Jest,JUnit,annoyed,short
SINGLE-SELECT,What is your preferred timeline for implementation?,Immediate; Within 1 month; Within 3 months; Within 6 months; Longer than 6 months,Within 6 months,verbose,short
SINGLE-SELECT,What is your preferred timeline for implementation?,Immediate; Within 1 month; Within 3 months; Within 6 months; Longer than 6 months,Within 6 months,concise,short
SINGLE-SELECT,What is your preferred timeline for implementation?,Immediate; Within 1 month; Within 3 months; Within 6 months; Longer than 6 months,Within 6 months,colloquial,short
SINGLE-SELECT,What is your preferred timeline for implementation?,Immediate; Within 1 month; Within 3 months; Within 6 months; Longer than 6 months,Within 6 months,explanatory,short
SINGLE-SELECT,What is your preferred timeline for implementation?,Immediate; Within 1 month; Within 3 months; Within 6 months; Longer than 6 months,Within 6 months,annoyed,short
SINGLE-SELECT,What is your preferred workflow for completing a design project?,Agile; Waterfall; Iterative; Lean; Kanban,Iterative,verbose,short
SINGLE-SELECT,What is your preferred workflow for completing a design project?,Agile; Waterfall; Iterative; Lean; Kanban,Iterative,concise,short
SINGLE-SELECT,What is your preferred workflow for completing a design project?,Agile; Waterfall; Iterative; Lean; Kanban,Iterative,colloquial,short
SINGLE-SELECT,What is your preferred workflow for completing a design project?,Agile; Waterfall; Iterative; Lean; Kanban,Iterative,explanatory,short
SINGLE-SELECT,What is your preferred workflow for completing a design project?,Agile; Waterfall; Iterative; Lean; Kanban,Iterative,annoyed,short
SINGLE-SELECT,What is your primary concern when choosing a product like this?,Price; Features; Customer Support; Ease of Use,Price,verbose,short
SINGLE-SELECT,What is your primary concern when choosing a product like this?,Price; Features; Customer Support; Ease of Use,Price,concise,short
SINGLE-SELECT,What is your primary concern when choosing a product like this?,Price; Features; Customer Support; Ease of Use,Price,colloquial,short
SINGLE-SELECT,What is your primary concern when choosing a product like this?,Price; Features; Customer Support; Ease of Use,Price,explanatory,short
SINGLE-SELECT,What is your primary concern when choosing a product like this?,Price; Features; Customer Support; Ease of Use,Price,annoyed,short
SINGLE-SELECT,What is your primary role in the art and design industry?,Artist; Designer; Art Director; Graphic Designer; UX/UI Designer,Artist,verbose,short
SINGLE-SELECT,What is your primary role in the art and design industry?,Artist; Designer; Art Director; Graphic Designer; UX/UI Designer,Artist,concise,short
SINGLE-SELECT,What is your primary role in the art and design industry?,Artist; Designer; Art Director; Graphic Designer; UX/UI Designer,Artist,colloquial,short
SINGLE-SELECT,What is your primary role in the art and design industry?,Artist; Designer; Art Director; Graphic Designer; UX/UI Designer,Artist,explanatory,short
SINGLE-SELECT,What is your primary role in the art and design industry?,Artist; Designer; Art Director; Graphic Designer; UX/UI Designer,Artist,annoyed,short
SINGLE-SELECT,What is your primary role in your organization?,Decision Maker; Influencer; End User,Decision Maker,verbose,short
SINGLE-SELECT,What is your primary role in your organization?,Decision Maker; Influencer; End User,Decision Maker,concise,short
SINGLE-SELECT,What is your primary role in your organization?,Decision Maker; Influencer; End User,Decision Maker,colloquial,short
SINGLE-SELECT,What is your primary role in your organization?,Decision Maker; Influencer; End User,Decision Maker,explanatory,short
SINGLE-SELECT,What is your primary role in your organization?,Decision Maker; Influencer; End User,Decision Maker,annoyed,short
SINGLE-SELECT,What is your primary source of leads?,Inbound Marketing; Outbound Sales; Referrals; Partnerships,Inbound Marketing,verbose,short
SINGLE-SELECT,What is your primary source of leads?,Inbound Marketing; Outbound Sales; Referrals; Partnerships,Inbound Marketing,concise,short
SINGLE-SELECT,What is your primary source of leads?,Inbound Marketing; Outbound Sales; Referrals; Partnerships,Inbound Marketing,colloquial,short
SINGLE-SELECT,What is your primary source of leads?,Inbound Marketing; Outbound Sales; Referrals; Partnerships,Inbound Marketing,explanatory,short
SINGLE-SELECT,What is your primary source of leads?,Inbound Marketing; Outbound Sales; Referrals; Partnerships,Inbound Marketing,annoyed,short
SINGLE-SELECT,What is your purchase decision-making process?,Quick Decision; Moderate Decision; Lengthy Decision,Lengthy Decision,verbose,short
SINGLE-SELECT,What is your purchase decision-making process?,Quick Decision; Moderate Decision; Lengthy Decision,Lengthy Decision,concise,short
SINGLE-SELECT,What is your purchase decision-making process?,Quick Decision; Moderate Decision; Lengthy Decision,Quick Decision,colloquial,short
SINGLE-SELECT,What is your purchase decision-making process?,Quick Decision; Moderate Decision; Lengthy Decision,Lengthy Decision,explanatory,short
SINGLE-SELECT,What is your purchase decision-making process?,Quick Decision; Moderate Decision; Lengthy Decision,Quick Decision,annoyed,short
SINGLE-SELECT,What is your purchasing authority?,Full Authority; Partial Authority; No Authority,Full Authority,verbose,short
SINGLE-SELECT,What is your purchasing authority?,Full Authority; Partial Authority; No Authority,Full Authority,concise,short
SINGLE-SELECT,What is your purchasing authority?,Full Authority; Partial Authority; No Authority,Full Authority,colloquial,short
SINGLE-SELECT,What is your purchasing authority?,Full Authority; Partial Authority; No Authority,Full Authority,explanatory,short
SINGLE-SELECT,What is your purchasing authority?,Full Authority; Partial Authority; No Authority,Full Authority,annoyed,short
SINGLE-SELECT,What is your role in the team?,Frontend Developer; Backend Developer; Fullstack Developer; Data Scientist; Project Manager,Project Manager,verbose,short
SINGLE-SELECT,What is your role in the team?,Frontend Developer; Backend Developer; Fullstack Developer; Data Scientist; Project Manager,Project Manager,concise,short
SINGLE-SELECT,What is your role in the team?,Frontend Developer; Backend Developer; Fullstack Developer; Data Scientist; Project Manager,Project Manager,colloquial,short
SINGLE-SELECT,What is your role in the team?,Frontend Developer; Backend Developer; Fullstack Developer; Data Scientist; Project Manager,Project Manager,explanatory,short
SINGLE-SELECT,What is your role in the team?,Frontend Developer; Backend Developer; Fullstack Developer; Data Scientist; Project Manager,Project Manager,annoyed,short
SINGLE-SELECT,What is your team size?,1-5; 6-10; 11-20; 20+,20,verbose,short
SINGLE-SELECT,What is your team size?,1-5; 6-10; 11-20; 20+,20,concise,short
SINGLE-SELECT,What is your team size?,1-5; 6-10; 11-20; 20+,20,colloquial,short
SINGLE-SELECT,What is your team size?,1-5; 6-10; 11-20; 20+,20,explanatory,short
SINGLE-SELECT,What is your team size?,1-5; 6-10; 11-20; 20+,20,annoyed,short
SINGLE-SELECT,What methodology do you follow for software development?,Agile; Waterfall; Scrum; Kanban,Agile,verbose,short
SINGLE-SELECT,What methodology do you follow for software development?,Agile; Waterfall; Scrum; Kanban,Agile,concise,short
SINGLE-SELECT,What methodology do you follow for software development?,Agile; Waterfall; Scrum; Kanban,Agile,colloquial,short
SINGLE-SELECT,What methodology do you follow for software development?,Agile; Waterfall; Scrum; Kanban,Agile,explanatory,short
SINGLE-SELECT,What methodology do you follow for software development?,Agile; Waterfall; Scrum; Kanban,Agile,annoyed,short
SINGLE-SELECT,What software do you primarily use for your work?,Adobe Photoshop; Adobe Illustrator; Adobe InDesign; Figma; Sketch,Adobe Illustrator,verbose,short
SINGLE-SELECT,What software do you primarily use for your work?,Adobe Photoshop; Adobe Illustrator; Adobe InDesign; Figma; Sketch,Adobe Illustrator,concise,short
SINGLE-SELECT,What software do you primarily use for your work?,Adobe Photoshop; Adobe Illustrator; Adobe InDesign; Figma; Sketch,Adobe Illustrator,colloquial,short
SINGLE-SELECT,What software do you primarily use for your work?,Adobe Photoshop; Adobe Illustrator; Adobe InDesign; Figma; Sketch,Adobe Illustrator,explanatory,short
SINGLE-SELECT,What software do you primarily use for your work?,Adobe Photoshop; Adobe Illustrator; Adobe InDesign; Figma; Sketch,Adobe Illustrator,annoyed,short
SINGLE-SELECT,What style of art are you most drawn to?,Abstract; Realism; Surrealism; Impressionism; Pop Art,Abstract,verbose,short
SINGLE-SELECT,What style of art are you most drawn to?,Abstract; Realism; Surrealism; Impressionism; Pop Art,Abstract,concise,short
SINGLE-SELECT,What style of art are you most drawn to?,Abstract; Realism; Surrealism; Impressionism; Pop Art,Abstract,colloquial,short
SINGLE-SELECT,What style of art are you most drawn to?,Abstract; Realism; Surrealism; Impressionism; Pop Art,Abstract,explanatory,short
SINGLE-SELECT,What style of art are you most drawn to?,Abstract; Realism; Surrealism; Impressionism; Pop Art,Abstract,annoyed,short
SINGLE-SELECT,What type of art do you collect?,Paintings; Sculptures; Prints; Photographs; Digital Art,I collect Sculptures,verbose,short
SINGLE-SELECT,What type of art do you collect?,Paintings; Sculptures; Prints; Photographs; Digital Art,Digital Art,concise,short
SINGLE-SELECT,What type of art do you collect?,Paintings; Sculptures; Prints; Photographs; Digital Art,I collect Sculptures,colloquial,short
SINGLE-SELECT,What type of art do you collect?,Paintings; Sculptures; Prints; Photographs; Digital Art,I collect Sculptures,explanatory,short
SINGLE-SELECT,What type of art do you collect?,Paintings; Sculptures; Prints; Photographs; Digital Art,I collect Sculptures,annoyed,short
SINGLE-SELECT,What type of design projects are you currently working on?,Branding Projects; Website Designs; Mobile App Designs; Illustration Projects; Graphic Design Projects,I am currently working on Graphic Design Projects,verbose,short
SINGLE-SELECT,What type of design projects are you currently working on?,Branding Projects; Website Designs; Mobile App Designs; Illustration Projects; Graphic Design Projects,Graphic Design Projects,concise,short
SINGLE-SELECT,What type of design projects are you currently working on?,Branding Projects; Website Designs; Mobile App Designs; Illustration Projects; Graphic Design Projects,I am currently working on Graphic Design Projects,colloquial,short
SINGLE-SELECT,What type of design projects are you currently working on?,Branding Projects; Website Designs; Mobile App Designs; Illustration Projects; Graphic Design Projects,Graphic Design Projects,explanatory,short
SINGLE-SELECT,What type of design projects are you currently working on?,Branding Projects; Website Designs; Mobile App Designs; Illustration Projects; Graphic Design Projects,I am currently working on Graphic Design Projects,annoyed,short
SINGLE-SELECT,What type of design projects do you enjoy the most?,Branding; Web Design; Packaging Design; Illustration; Typography,Web Design,verbose,short
SINGLE-SELECT,What type of design projects do you enjoy the most?,Branding; Web Design; Packaging Design; Illustration; Typography,Web Design,concise,short
SINGLE-SELECT,What type of design projects do you enjoy the most?,Branding; Web Design; Packaging Design; Illustration; Typography,I enjoy Typography,colloquial,short
SINGLE-SELECT,What type of design projects do you enjoy the most?,Branding; Web Design; Packaging Design; Illustration; Typography,Web Design,explanatory,short
SINGLE-SELECT,What type of design projects do you enjoy the most?,Branding; Web Design; Packaging Design; Illustration; Typography,Web Design,annoyed,short
SINGLE-SELECT,What type of design thinking methodology do you prefer?,Human-centered Design; Design Thinking; Lean UX; Double Diamond; Agile Design,Lean UX,verbose,short
SINGLE-SELECT,What type of design thinking methodology do you prefer?,Human-centered Design; Design Thinking; Lean UX; Double Diamond; Agile Design,Lean UX,concise,short
SINGLE-SELECT,What type of design thinking methodology do you prefer?,Human-centered Design; Design Thinking; Lean UX; Double Diamond; Agile Design,Lean UX,colloquial,short
SINGLE-SELECT,What type of design thinking methodology do you prefer?,Human-centered Design; Design Thinking; Lean UX; Double Diamond; Agile Design,Lean UX,explanatory,short
SINGLE-SELECT,What type of design thinking methodology do you prefer?,Human-centered Design; Design Thinking; Lean UX; Double Diamond; Agile Design,Lean UX,annoyed,short
SINGLE-SELECT,What type of feedback are you most interested in receiving on your work?,Constructive Criticism; Positive Reinforcement; Peer Reviews; Client Feedback; Public Opinion,Positive Reinforcement,verbose,short
SINGLE-SELECT,What type of feedback are you most interested in receiving on your work?,Constructive Criticism; Positive Reinforcement; Peer Reviews; Client Feedback; Public Opinion,Positive Reinforcement,concise,short
SINGLE-SELECT,What type of feedback are you most interested in receiving on your work?,Constructive Criticism; Positive Reinforcement; Peer Reviews; Client Feedback; Public Opinion,Positive Reinforcement,colloquial,short
SINGLE-SELECT,What type of feedback are you most interested in receiving on your work?,Constructive Criticism; Positive Reinforcement; Peer Reviews; Client Feedback; Public Opinion,Positive Reinforcement,explanatory,short
SINGLE-SELECT,What type of feedback are you most interested in receiving on your work?,Constructive Criticism; Positive Reinforcement; Peer Reviews; Client Feedback; Public Opinion,Positive Reinforcement,annoyed,short
SINGLE-SELECT,What type of project are you working on?,Web Application; Mobile Application; Desktop Application; Game; Library,Im working on a Web Application,verbose,short
SINGLE-SELECT,What type of project are you working on?,Web Application; Mobile Application; Desktop Application; Game; Library,Im working on a Web Application,concise,short
SINGLE-SELECT,What type of project are you working on?,Web Application; Mobile Application; Desktop Application; Game; Library,Im working on a Web Application,colloquial,short
SINGLE-SELECT,What type of project are you working on?,Web Application; Mobile Application; Desktop Application; Game; Library,Im working on a Web Application,explanatory,short
SINGLE-SELECT,What type of project are you working on?,Web Application; Mobile Application; Desktop Application; Game; Library,Im working on a Web Application,annoyed,short
SINGLE-SELECT,What type of software development are you interested in?,Web Development; Mobile Development; Game Development; Data Science; Embedded Systems,Embedded Systems,verbose,short
SINGLE-SELECT,What type of software development are you interested in?,Web Development; Mobile Development; Game Development; Data Science; Embedded Systems,Embedded Systems,concise,short
SINGLE-SELECT,What type of software development are you interested in?,Web Development; Mobile Development; Game Development; Data Science; Embedded Systems,Embedded Systems,colloquial,short
SINGLE-SELECT,What type of software development are you interested in?,Web Development; Mobile Development; Game Development; Data Science; Embedded Systems,Embedded Systems,explanatory,short
SINGLE-SELECT,What type of software development are you interested in?,Web Development; Mobile Development; Game Development; Data Science; Embedded Systems,Embedded Systems,annoyed,short
SINGLE-SELECT,What type of testing do you prefer?,Unit Testing; Integration Testing; End-to-End Testing; UI Testing,I prefer integration testing,verbose,short
SINGLE-SELECT,What type of testing do you prefer?,Unit Testing; Integration Testing; End-to-End Testing; UI Testing,I prefer integration testing,concise,short
SINGLE-SELECT,What type of testing do you prefer?,Unit Testing; Integration Testing; End-to-End Testing; UI Testing,I prefer integration testing,colloquial,short
SINGLE-SELECT,What type of testing do you prefer?,Unit Testing; Integration Testing; End-to-End Testing; UI Testing,I prefer integration testing,explanatory,short
SINGLE-SELECT,What type of testing do you prefer?,Unit Testing; Integration Testing; End-to-End Testing; UI Testing,I prefer integration testing,annoyed,short
SINGLE-SELECT,What version control system do you use?,Git; SVN; Mercurial,SVN,verbose,short
SINGLE-SELECT,What version control system do you use?,Git; SVN; Mercurial,SVN,concise,short
SINGLE-SELECT,What version control system do you use?,Git; SVN; Mercurial,SVN,colloquial,short
SINGLE-SELECT,What version control system do you use?,Git; SVN; Mercurial,SVN,explanatory,short
SINGLE-SELECT,What version control system do you use?,Git; SVN; Mercurial,SVN,annoyed,short
SINGLE-SELECT,Which communication platform do you prefer?,Slack; Microsoft Teams; Google Chat; Zoom; Other,Google Chat,verbose,short
SINGLE-SELECT,Which communication platform do you prefer?,Slack; Microsoft Teams; Google Chat; Zoom; Other,Google Chat,concise,short
SINGLE-SELECT,Which communication platform do you prefer?,Slack; Microsoft Teams; Google Chat; Zoom; Other,Google Chat,colloquial,short
SINGLE-SELECT,Which communication platform do you prefer?,Slack; Microsoft Teams; Google Chat; Zoom; Other,Google Chat,explanatory,short
SINGLE-SELECT,Which communication platform do you prefer?,Slack; Microsoft Teams; Google Chat; Zoom; Other,Google Chat,annoyed,short
SINGLE-SELECT,Your role in the company,CEO; Marketing Manager; Sales Representative; Customer Service; Engineer,CEO,verbose,short
SINGLE-SELECT,Your role in the company,CEO; Marketing Manager; Sales Representative; Customer Service; Engineer,CEO,concise,short
SINGLE-SELECT,Your role in the company,CEO; Marketing Manager; Sales Representative; Customer Service; Engineer,CEO,colloquial,short
SINGLE-SELECT,Your role in the company,CEO; Marketing Manager; Sales Representative; Customer Service; Engineer,CEO,explanatory,short
SINGLE-SELECT,Your role in the company,CEO; Marketing Manager; Sales Representative; Customer Service; Engineer,CEO,annoyed,short
SINGLE-SELECT,What is your preferred client type?,Small Businesses; Large Corporations; Non-profits; Individuals; Government Agencies,Small Businesses,verbose,short
SINGLE-SELECT,What is your preferred client type?,Small Businesses; Large Corporations; Non-profits; Individuals; Government Agencies,Small Businesses,concise,short
SINGLE-SELECT,What is your preferred client type?,Small Businesses; Large Corporations; Non-profits; Individuals; Government Agencies,Small Businesses,colloquial,short
SINGLE-SELECT,What is your preferred client type?,Small Businesses; Large Corporations; Non-profits; Individuals; Government Agencies,Small Business,explanatory,short
SINGLE-SELECT,What is your preferred client type?,Small Businesses; Large Corporations; Non-profits; Individuals; Government Agencies,Small Businesses,annoyed,short
MULTI-SELECT,What algorithms are you familiar with?,Sorting algorithms; Searching algorithms; Graph algorithms; Dynamic programming; Greedy algorithms; Divide and conquer,Graph algorithms,verbose,short
MULTI-SELECT,What algorithms are you familiar with?,Sorting algorithms; Searching algorithms; Graph algorithms; Dynamic programming; Greedy algorithms; Divide and conquer,Graph algorithms,concise,short
MULTI-SELECT,What algorithms are you familiar with?,Sorting algorithms; Searching algorithms; Graph algorithms; Dynamic programming; Greedy algorithms; Divide and conquer,I am familiar with Graph algorithms,colloquial,short
MULTI-SELECT,What algorithms are you familiar with?,Sorting algorithms; Searching algorithms; Graph algorithms; Dynamic programming; Greedy algorithms; Divide and conquer,Graph algorithms,explanatory,short
MULTI-SELECT,What algorithms are you familiar with?,Sorting algorithms; Searching algorithms; Graph algorithms; Dynamic programming; Greedy algorithms; Divide and conquer,Graph algorithms,annoyed,short
MULTI-SELECT,What are the most important factors you consider when evaluating sales leads?,Company size; Industry; Budget; Need; Authority,Company size is the most important factor,verbose,short
MULTI-SELECT,What are the most important factors you consider when evaluating sales leads?,Company size; Industry; Budget; Need; Authority,Company size is the most important factor,concise,short
MULTI-SELECT,What are the most important factors you consider when evaluating sales leads?,Company size; Industry; Budget; Need; Authority,Company size is the most important factor,colloquial,short
MULTI-SELECT,What are the most important factors you consider when evaluating sales leads?,Company size; Industry; Budget; Need; Authority,Company size is the most important factor,explanatory,short
MULTI-SELECT,What are the most important factors you consider when evaluating sales leads?,Company size; Industry; Budget; Need; Authority,Company size is the most important factor,annoyed,short
MULTI-SELECT,What are your biggest challenges in achieving your business goals?,Lack of leads; Low conversion rates; High customer acquisition costs; Competition; Lack of resources,Lack of leads,verbose,short
MULTI-SELECT,What are your biggest challenges in achieving your business goals?,Lack of leads; Low conversion rates; High customer acquisition costs; Competition; Lack of resources,Lack of leads,concise,short
MULTI-SELECT,What are your biggest challenges in achieving your business goals?,Lack of leads; Low conversion rates; High customer acquisition costs; Competition; Lack of resources,Lack of leads,colloquial,short
MULTI-SELECT,What are your biggest challenges in achieving your business goals?,Lack of leads; Low conversion rates; High customer acquisition costs; Competition; Lack of resources,Lack of leads,explanatory,short
MULTI-SELECT,What are your biggest challenges in closing deals?,Objections from prospects; Price sensitivity; Long sales cycles; Competition; Lack of budget,Competition,verbose,short
MULTI-SELECT,What are your biggest challenges in closing deals?,Objections from prospects; Price sensitivity; Long sales cycles; Competition; Lack of budget,Competition,concise,short
MULTI-SELECT,What are your biggest challenges in closing deals?,Objections from prospects; Price sensitivity; Long sales cycles; Competition; Lack of budget,Competition,colloquial,short
MULTI-SELECT,What are your biggest challenges in closing deals?,Objections from prospects; Price sensitivity; Long sales cycles; Competition; Lack of budget,Price sensitivity,explanatory,short
MULTI-SELECT,What are your biggest challenges in closing deals?,Objections from prospects; Price sensitivity; Long sales cycles; Competition; Lack of budget,Price sensitivity,annoyed,short
MULTI-SELECT,What are your biggest challenges in managing your sales pipeline?,Tracking deal progress; Forecasting sales accurately; Prioritizing deals effectively; Identifying and addressing bottlenecks; Maintaining pipeline visibility,Identifying and addressing bottlenecks,verbose,short
MULTI-SELECT,What are your biggest challenges in managing your sales pipeline?,Tracking deal progress; Forecasting sales accurately; Prioritizing deals effectively; Identifying and addressing bottlenecks; Maintaining pipeline visibility,Identifying and addressing bottlenecks,concise,short
MULTI-SELECT,What are your biggest challenges in managing your sales pipeline?,Tracking deal progress; Forecasting sales accurately; Prioritizing deals effectively; Identifying and addressing bottlenecks; Maintaining pipeline visibility,Identifying and addressing bottlenecks,colloquial,short
MULTI-SELECT,What are your biggest challenges in managing your sales pipeline?,Tracking deal progress; Forecasting sales accurately; Prioritizing deals effectively; Identifying and addressing bottlenecks; Maintaining pipeline visibility,Identifying and addressing bottlenecks,explanatory,short
MULTI-SELECT,What are your biggest challenges in managing your sales pipeline?,Tracking deal progress; Forecasting sales accurately; Prioritizing deals effectively; Identifying and addressing bottlenecks; Maintaining pipeline visibility,Identifying and addressing bottlenecks,annoyed,short
MULTI-SELECT,What are your biggest challenges in managing your sales team?,Maintaining team motivation; Ensuring consistent performance; Providing adequate training and development; Managing team conflicts; Tracking team progress,Ensuring consistent performance,verbose,short
MULTI-SELECT,What are your biggest challenges in managing your sales team?,Maintaining team motivation; Ensuring consistent performance; Providing adequate training and development; Managing team conflicts; Tracking team progress,Ensuring consistent performance,concise,short
MULTI-SELECT,What are your biggest challenges in managing your sales team?,Maintaining team motivation; Ensuring consistent performance; Providing adequate training and development; Managing team conflicts; Tracking team progress,Ensuring consistent performance,colloquial,short
MULTI-SELECT,What are your biggest challenges in managing your sales team?,Maintaining team motivation; Ensuring consistent performance; Providing adequate training and development; Managing team conflicts; Tracking team progress,Ensuring consistent performance,explanatory,short
MULTI-SELECT,What are your biggest challenges in managing your sales team?,Maintaining team motivation; Ensuring consistent performance; Providing adequate training and development; Managing team conflicts; Tracking team progress,Ensuring consistent performance,annoyed,short
MULTI-SELECT,What are your biggest challenges in scaling your sales operations?,Hiring and training new sales reps; Managing increasing sales volume; Maintaining consistent sales performance; Scaling your sales technology; Managing sales team growth,Managing increasing sales volume,verbose,short
MULTI-SELECT,What are your biggest challenges in scaling your sales operations?,Hiring and training new sales reps; Managing increasing sales volume; Maintaining consistent sales performance; Scaling your sales technology; Managing sales team growth,Managing increasing sales volume,concise,short
MULTI-SELECT,What are your biggest challenges in scaling your sales operations?,Hiring and training new sales reps; Managing increasing sales volume; Maintaining consistent sales performance; Scaling your sales technology; Managing sales team growth,Managing increasing sales volume,colloquial,short
MULTI-SELECT,What are your biggest challenges in scaling your sales operations?,Hiring and training new sales reps; Managing increasing sales volume; Maintaining consistent sales performance; Scaling your sales technology; Managing sales team growth,Managing increasing sales volume,explanatory,short
MULTI-SELECT,What are your biggest challenges in scaling your sales operations?,Hiring and training new sales reps; Managing increasing sales volume; Maintaining consistent sales performance; Scaling your sales technology; Managing sales team growth,Managing increasing sales volume,annoyed,short
MULTI-SELECT,What are your biggest concerns about the future of work?,Automation; Artificial intelligence; Remote work; Gig economy; Skills gap,Gig economy,verbose,short
MULTI-SELECT,What are your biggest concerns about the future of work?,Automation; Artificial intelligence; Remote work; Gig economy; Skills gap,Gig economy,concise,short
MULTI-SELECT,What are your biggest concerns about the future of work?,Automation; Artificial intelligence; Remote work; Gig economy; Skills gap,Gig economy,colloquial,short
MULTI-SELECT,What are your biggest concerns about the future of work?,Automation; Artificial intelligence; Remote work; Gig economy; Skills gap,Gig economy,explanatory,short
MULTI-SELECT,What are your biggest concerns about the future of work?,Automation; Artificial intelligence; Remote work; Gig economy; Skills gap,Gig economy,annoyed,short
MULTI-SELECT,What are your biggest concerns about the future of your industry?,Economic downturn; Increased competition; Technological disruption; Regulatory changes; Talent shortages,Economic downturn,verbose,short
MULTI-SELECT,What are your biggest concerns about the future of your industry?,Economic downturn; Increased competition; Technological disruption; Regulatory changes; Talent shortages,Increased competition,concise,short
MULTI-SELECT,What are your biggest concerns about the future of your industry?,Economic downturn; Increased competition; Technological disruption; Regulatory changes; Talent shortages,Increased competition,colloquial,short
MULTI-SELECT,What are your biggest concerns about the future of your industry?,Economic downturn; Increased competition; Technological disruption; Regulatory changes; Talent shortages,Technological disruption,explanatory,short
MULTI-SELECT,What are your biggest concerns about the future of your industry?,Economic downturn; Increased competition; Technological disruption; Regulatory changes; Talent shortages,Economic downturn,annoyed,short
MULTI-SELECT,What are your biggest concerns regarding data privacy and security?,Data breaches; Data loss; Compliance with data privacy regulations; Protecting customer data; Ensuring data integrity,Ensuring data integrity,verbose,short
MULTI-SELECT,What are your biggest concerns regarding data privacy and security?,Data breaches; Data loss; Compliance with data privacy regulations; Protecting customer data; Ensuring data integrity,Ensuring data integrity,concise,short
MULTI-SELECT,What are your biggest concerns regarding data privacy and security?,Data breaches; Data loss; Compliance with data privacy regulations; Protecting customer data; Ensuring data integrity,Ensuring data integrity,colloquial,short
MULTI-SELECT,What are your biggest concerns regarding data privacy and security?,Data breaches; Data loss; Compliance with data privacy regulations; Protecting customer data; Ensuring data integrity,Ensuring data integrity,explanatory,short
MULTI-SELECT,What are your biggest concerns regarding data privacy and security?,Data breaches; Data loss; Compliance with data privacy regulations; Protecting customer data; Ensuring data integrity,Data breaches,annoyed,short
MULTI-SELECT,What are your biggest concerns regarding future regulatory changes?,Environmental regulations; Safety regulations; Labor regulations; Tax regulations; Trade regulations,Environmental regulations,verbose,short
MULTI-SELECT,What are your biggest concerns regarding future regulatory changes?,Environmental regulations; Safety regulations; Labor regulations; Tax regulations; Trade regulations,Environmental regulations,concise,short
MULTI-SELECT,What are your biggest concerns regarding future regulatory changes?,Environmental regulations; Safety regulations; Labor regulations; Tax regulations; Trade regulations,Environmental regulations,explanatory,short
MULTI-SELECT,What are your biggest concerns regarding future regulatory changes?,Environmental regulations; Safety regulations; Labor regulations; Tax regulations; Trade regulations,Environmental regulations,annoyed,short
MULTI-SELECT,What are your biggest operational challenges?,Maintaining equipment; Managing costs; Finding skilled labor; Meeting environmental regulations; Supply chain disruptions,Managing costs,verbose,short
MULTI-SELECT,What are your biggest operational challenges?,Maintaining equipment; Managing costs; Finding skilled labor; Meeting environmental regulations; Supply chain disruptions,Managing costs,concise,short
MULTI-SELECT,What are your biggest operational challenges?,Maintaining equipment; Managing costs; Finding skilled labor; Meeting environmental regulations; Supply chain disruptions,Managing costs,colloquial,short
MULTI-SELECT,What are your biggest operational challenges?,Maintaining equipment; Managing costs; Finding skilled labor; Meeting environmental regulations; Supply chain disruptions,Managing costs,explanatory,short
MULTI-SELECT,What are your biggest operational challenges?,Maintaining equipment; Managing costs; Finding skilled labor; Meeting environmental regulations; Supply chain disruptions,Managing costs,annoyed,short
MULTI-SELECT,What are your career goals as a software developer?,Technical leadership; Specialized expertise; Entrepreneurship; Continuous learning and growth,Continuous learning and growth,verbose,short
MULTI-SELECT,What are your career goals as a software developer?,Technical leadership; Specialized expertise; Entrepreneurship; Continuous learning and growth,Continuous learning and growth,concise,short
MULTI-SELECT,What are your career goals as a software developer?,Technical leadership; Specialized expertise; Entrepreneurship; Continuous learning and growth,Continuous learning and growth,colloquial,short
MULTI-SELECT,What are your career goals as a software developer?,Technical leadership; Specialized expertise; Entrepreneurship; Continuous learning and growth,Continuous learning and growth,explanatory,short
MULTI-SELECT,What are your career goals as a software developer?,Technical leadership; Specialized expertise; Entrepreneurship; Continuous learning and growth,Continuous learning and growth,annoyed,short
MULTI-SELECT,What are your company's biggest achievements?,Winning a major award; Launching a successful new product; Expanding into new markets; Achieving significant revenue growth; Building a strong brand reputation,Achieving significant revenue growth,verbose,short
MULTI-SELECT,What are your company's biggest achievements?,Winning a major award; Launching a successful new product; Expanding into new markets; Achieving significant revenue growth; Building a strong brand reputation,Achieving significant revenue growth,concise,short
MULTI-SELECT,What are your company's biggest achievements?,Winning a major award; Launching a successful new product; Expanding into new markets; Achieving significant revenue growth; Building a strong brand reputation,Achieving significant revenue growth,explanatory,short
MULTI-SELECT,What are your company's biggest achievements?,Winning a major award; Launching a successful new product; Expanding into new markets; Achieving significant revenue growth; Building a strong brand reputation,Achieving significant revenue growth,annoyed,short
MULTI-SELECT,What are your company's core values?,Innovation; Customer satisfaction; Integrity; Teamwork; Sustainability,Integrity is the companys core values,verbose,short
MULTI-SELECT,What are your company's core values?,Innovation; Customer satisfaction; Integrity; Teamwork; Sustainability,Integrity is the companys core values,concise,short
MULTI-SELECT,What are your company's core values?,Innovation; Customer satisfaction; Integrity; Teamwork; Sustainability,Integrity is the companys core values,colloquial,short
MULTI-SELECT,What are your company's core values?,Innovation; Customer satisfaction; Integrity; Teamwork; Sustainability,Integrity is the companys core values,explanatory,short
MULTI-SELECT,What are your company's core values?,Innovation; Customer satisfaction; Integrity; Teamwork; Sustainability,Integrity is the companys core values,annoyed,short
MULTI-SELECT,What are your company's goals for improving diversity and inclusion?,Increasing representation of underrepresented groups; Creating a more inclusive work environment; Developing diversity and inclusion training programs; Implementing diversity and inclusion metrics; Partnering with diversity and inclusion organizations,Creating a more inclusive work environment,verbose,short
MULTI-SELECT,What are your company's goals for improving diversity and inclusion?,Increasing representation of underrepresented groups; Creating a more inclusive work environment; Developing diversity and inclusion training programs; Implementing diversity and inclusion metrics; Partnering with diversity and inclusion organizations,Creating a more inclusive work environment,concise,short
MULTI-SELECT,What are your company's goals for improving diversity and inclusion?,Increasing representation of underrepresented groups; Creating a more inclusive work environment; Developing diversity and inclusion training programs; Implementing diversity and inclusion metrics; Partnering with diversity and inclusion organizations,Creating a more inclusive work environment,colloquial,short
MULTI-SELECT,What are your company's goals for improving diversity and inclusion?,Increasing representation of underrepresented groups; Creating a more inclusive work environment; Developing diversity and inclusion training programs; Implementing diversity and inclusion metrics; Partnering with diversity and inclusion organizations,Creating a more inclusive work environment,explanatory,short
MULTI-SELECT,What are your company's goals for improving diversity and inclusion?,Increasing representation of underrepresented groups; Creating a more inclusive work environment; Developing diversity and inclusion training programs; Implementing diversity and inclusion metrics; Partnering with diversity and inclusion organizations,Creating a more inclusive work environment,annoyed,short
MULTI-SELECT,What are your company's key competitive advantages?,Unique product features; Strong brand reputation; Excellent customer service; Competitive pricing; Strategic partnerships,Competitive pricing,verbose,short
MULTI-SELECT,What are your company's key competitive advantages?,Unique product features; Strong brand reputation; Excellent customer service; Competitive pricing; Strategic partnerships,Competitive pricing,concise,short
MULTI-SELECT,What are your company's key competitive advantages?,Unique product features; Strong brand reputation; Excellent customer service; Competitive pricing; Strategic partnerships,Competitive pricing,colloquial,short
MULTI-SELECT,What are your company's key competitive advantages?,Unique product features; Strong brand reputation; Excellent customer service; Competitive pricing; Strategic partnerships,Competitive pricing,explanatory,short
MULTI-SELECT,What are your company's key competitive advantages?,Unique product features; Strong brand reputation; Excellent customer service; Competitive pricing; Strategic partnerships,Competitive pricing,annoyed,short
MULTI-SELECT,What are your company's key differentiators in the market?,Superior product quality; Lower prices; Excellent customer service; Strong brand reputation; Innovative technology,Strong brand reputation,verbose,short
MULTI-SELECT,What are your company's key differentiators in the market?,Superior product quality; Lower prices; Excellent customer service; Strong brand reputation; Innovative technology,Strong brand reputation,concise,short
MULTI-SELECT,What are your company's key differentiators in the market?,Superior product quality; Lower prices; Excellent customer service; Strong brand reputation; Innovative technology,Strong brand reputation,colloquial,short
MULTI-SELECT,What are your company's key differentiators in the market?,Superior product quality; Lower prices; Excellent customer service; Strong brand reputation; Innovative technology,Strong brand reputation,explanatory,short
MULTI-SELECT,What are your company's key differentiators in the market?,Superior product quality; Lower prices; Excellent customer service; Strong brand reputation; Innovative technology,Strong brand reputation,annoyed,short
MULTI-SELECT,What are your company's key performance indicators (KPIs)?,Revenue; Profit margin; Customer acquisition cost; Customer lifetime value; Customer satisfaction,Revenue is the companys key performance indicator,concise,short
MULTI-SELECT,What are your company's key performance indicators (KPIs)?,Revenue; Profit margin; Customer acquisition cost; Customer lifetime value; Customer satisfaction,Revenue is the companys key performance indicator,explanatory,short
MULTI-SELECT,What are your company's plans for addressing the skills gap?,Investing in employee training; Partnering with educational institutions; Developing apprenticeship programs; Recruiting from diverse talent pools; Utilizing technology to improve efficiency,Investing in employee training,verbose,short
MULTI-SELECT,What are your company's plans for addressing the skills gap?,Investing in employee training; Partnering with educational institutions; Developing apprenticeship programs; Recruiting from diverse talent pools; Utilizing technology to improve efficiency,Investing in employee training,concise,short
MULTI-SELECT,What are your company's plans for addressing the skills gap?,Investing in employee training; Partnering with educational institutions; Developing apprenticeship programs; Recruiting from diverse talent pools; Utilizing technology to improve efficiency,Investing in employee training,colloquial,short
MULTI-SELECT,What are your company's plans for addressing the skills gap?,Investing in employee training; Partnering with educational institutions; Developing apprenticeship programs; Recruiting from diverse talent pools; Utilizing technology to improve efficiency,Investing in employee training,explanatory,short
MULTI-SELECT,What are your company's plans for addressing the skills gap?,Investing in employee training; Partnering with educational institutions; Developing apprenticeship programs; Recruiting from diverse talent pools; Utilizing technology to improve efficiency,Investing in employee training,annoyed,short
MULTI-SELECT,What are your company's plans for future growth?,Expanding into new markets; Developing new products or services; Acquiring other companies; Improving operational efficiency; Investing in research and development,Developing new products or services,verbose,short
MULTI-SELECT,What are your company's plans for future growth?,Expanding into new markets; Developing new products or services; Acquiring other companies; Improving operational efficiency; Investing in research and development,Developing new products or services,concise,short
MULTI-SELECT,What are your company's plans for future growth?,Expanding into new markets; Developing new products or services; Acquiring other companies; Improving operational efficiency; Investing in research and development,Developing new products or services,colloquial,short
MULTI-SELECT,What are your company's plans for future growth?,Expanding into new markets; Developing new products or services; Acquiring other companies; Improving operational efficiency; Investing in research and development,Developing new products or services,explanatory,short
MULTI-SELECT,What are your company's plans for future growth?,Expanding into new markets; Developing new products or services; Acquiring other companies; Improving operational efficiency; Investing in research and development,Investing in research and development,annoyed,short
MULTI-SELECT,What are your company's primary marketing objectives?,Increase brand awareness; Generate leads; Drive sales; Improve customer engagement; Build customer loyalty,Increase brand awareness,verbose,short
MULTI-SELECT,What are your company's primary marketing objectives?,Increase brand awareness; Generate leads; Drive sales; Improve customer engagement; Build customer loyalty,Increase brand awareness,concise,short
MULTI-SELECT,What are your company's primary marketing objectives?,Increase brand awareness; Generate leads; Drive sales; Improve customer engagement; Build customer loyalty,Increase brand awareness,colloquial,short
MULTI-SELECT,What are your company's primary marketing objectives?,Increase brand awareness; Generate leads; Drive sales; Improve customer engagement; Build customer loyalty,Increase brand awareness,explanatory,short
MULTI-SELECT,What are your company's primary marketing objectives?,Increase brand awareness; Generate leads; Drive sales; Improve customer engagement; Build customer loyalty,Increase brand awareness,annoyed,short
MULTI-SELECT,What are your company's primary sales strategies?,Inbound sales; Outbound sales; Account-based marketing (ABM); Channel sales; Strategic partnerships,Inbound sales,verbose,short
MULTI-SELECT,What are your company's primary sales strategies?,Inbound sales; Outbound sales; Account-based marketing (ABM); Channel sales; Strategic partnerships,Inbound sales,concise,short
MULTI-SELECT,What are your company's primary sales strategies?,Inbound sales; Outbound sales; Account-based marketing (ABM); Channel sales; Strategic partnerships,Inbound sales,colloquial,short
MULTI-SELECT,What are your company's primary sales strategies?,Inbound sales; Outbound sales; Account-based marketing (ABM); Channel sales; Strategic partnerships,Inbound sales,explanatory,short
MULTI-SELECT,What are your company's primary sales strategies?,Inbound sales; Outbound sales; Account-based marketing (ABM); Channel sales; Strategic partnerships,Inbound sales,annoyed,short
MULTI-SELECT,What are your company's strategies for attracting and retaining top talent?,Competitive compensation and benefits; Opportunities for professional development; Positive work environment; Flexible work arrangements; Strong company culture,Strong company culture,verbose,short
MULTI-SELECT,What are your company's strategies for attracting and retaining top talent?,Competitive compensation and benefits; Opportunities for professional development; Positive work environment; Flexible work arrangements; Strong company culture,Strong company culture,concise,short
MULTI-SELECT,What are your company's strategies for attracting and retaining top talent?,Competitive compensation and benefits; Opportunities for professional development; Positive work environment; Flexible work arrangements; Strong company culture,Strong company culture,colloquial,short
MULTI-SELECT,What are your company's strategies for attracting and retaining top talent?,Competitive compensation and benefits; Opportunities for professional development; Positive work environment; Flexible work arrangements; Strong company culture,Strong company culture,explanatory,short
MULTI-SELECT,What are your company's strategies for attracting and retaining top talent?,Competitive compensation and benefits; Opportunities for professional development; Positive work environment; Flexible work arrangements; Strong company culture,Strong company culture,annoyed,short
MULTI-SELECT,What are your company's strategies for building brand loyalty?,Providing excellent customer service; Developing a strong brand identity; Creating engaging content; Building a strong online presence; Running loyalty programs,Developing a strong brand identity,verbose,short
MULTI-SELECT,What are your company's strategies for building brand loyalty?,Providing excellent customer service; Developing a strong brand identity; Creating engaging content; Building a strong online presence; Running loyalty programs,Creating engaging content,concise,short
MULTI-SELECT,What are your company's strategies for building brand loyalty?,Providing excellent customer service; Developing a strong brand identity; Creating engaging content; Building a strong online presence; Running loyalty programs,Developing a strong brand identity,colloquial,short
MULTI-SELECT,What are your company's strategies for building brand loyalty?,Providing excellent customer service; Developing a strong brand identity; Creating engaging content; Building a strong online presence; Running loyalty programs,Developing a strong brand identity,explanatory,short
MULTI-SELECT,What are your company's strategies for building brand loyalty?,Providing excellent customer service; Developing a strong brand identity; Creating engaging content; Building a strong online presence; Running loyalty programs,Developing a strong brand identity,annoyed,short
MULTI-SELECT,What are your company's strategies for complying with data privacy regulations?,Implementing strong data privacy policies; Investing in data privacy technology; Providing data privacy training to employees; Conducting regular data privacy audits; Developing incident response plans,Implementing strong data privacy policies,verbose,short
MULTI-SELECT,What are your company's strategies for complying with data privacy regulations?,Implementing strong data privacy policies; Investing in data privacy technology; Providing data privacy training to employees; Conducting regular data privacy audits; Developing incident response plans,Implementing strong data privacy policies,concise,short
MULTI-SELECT,What are your company's strategies for complying with data privacy regulations?,Implementing strong data privacy policies; Investing in data privacy technology; Providing data privacy training to employees; Conducting regular data privacy audits; Developing incident response plans,Implementing strong data privacy policies,colloquial,short
MULTI-SELECT,What are your company's strategies for complying with data privacy regulations?,Implementing strong data privacy policies; Investing in data privacy technology; Providing data privacy training to employees; Conducting regular data privacy audits; Developing incident response plans,Implementing strong data privacy policies,explanatory,short
MULTI-SELECT,What are your company's strategies for complying with data privacy regulations?,Implementing strong data privacy policies; Investing in data privacy technology; Providing data privacy training to employees; Conducting regular data privacy audits; Developing incident response plans,Implementing strong data privacy policies,annoyed,short
MULTI-SELECT,What are your company's strategies for complying with relevant regulations?,Staying informed about relevant regulations; Developing compliance programs; Training employees on compliance procedures; Conducting regular compliance audits; Reporting compliance issues,Developing compliance programs,verbose,short
MULTI-SELECT,What are your company's strategies for complying with relevant regulations?,Staying informed about relevant regulations; Developing compliance programs; Training employees on compliance procedures; Conducting regular compliance audits; Reporting compliance issues,Developing compliance programs,concise,short
MULTI-SELECT,What are your company's strategies for complying with relevant regulations?,Staying informed about relevant regulations; Developing compliance programs; Training employees on compliance procedures; Conducting regular compliance audits; Reporting compliance issues,Developing compliance programs,colloquial,short
MULTI-SELECT,What are your company's strategies for complying with relevant regulations?,Staying informed about relevant regulations; Developing compliance programs; Training employees on compliance procedures; Conducting regular compliance audits; Reporting compliance issues,Developing compliance programs,explanatory,short
MULTI-SELECT,What are your company's strategies for complying with relevant regulations?,Staying informed about relevant regulations; Developing compliance programs; Training employees on compliance procedures; Conducting regular compliance audits; Reporting compliance issues,Developing compliance programs,annoyed,short
MULTI-SELECT,What are your company's strategies for ensuring business continuity?,Developing business continuity plans; Testing business continuity plans; Training employees on business continuity procedures; Maintaining adequate resources; Monitoring potential disruptions,Developing business continuity plans,verbose,short
MULTI-SELECT,What are your company's strategies for ensuring business continuity?,Developing business continuity plans; Testing business continuity plans; Training employees on business continuity procedures; Maintaining adequate resources; Monitoring potential disruptions,Developing business continuity plans,concise,short
MULTI-SELECT,What are your company's strategies for ensuring business continuity?,Developing business continuity plans; Testing business continuity plans; Training employees on business continuity procedures; Maintaining adequate resources; Monitoring potential disruptions,Developing business continuity plans,colloquial,short
MULTI-SELECT,What are your company's strategies for ensuring business continuity?,Developing business continuity plans; Testing business continuity plans; Training employees on business continuity procedures; Maintaining adequate resources; Monitoring potential disruptions,Developing business continuity plans,explanatory,short
MULTI-SELECT,What are your company's strategies for ensuring business continuity?,Developing business continuity plans; Testing business continuity plans; Training employees on business continuity procedures; Maintaining adequate resources; Monitoring potential disruptions,Developing business continuity plans,annoyed,short
MULTI-SELECT,What are your company's strategies for fostering a culture of safety?,Providing safety training to employees; Implementing safety procedures; Conducting safety audits; Investigating accidents and incidents; Promoting a culture of safety awareness,Implementing safety procedures,verbose,short
MULTI-SELECT,What are your company's strategies for fostering a culture of safety?,Providing safety training to employees; Implementing safety procedures; Conducting safety audits; Investigating accidents and incidents; Promoting a culture of safety awareness,Implementing safety procedures,concise,short
MULTI-SELECT,What are your company's strategies for fostering a culture of safety?,Providing safety training to employees; Implementing safety procedures; Conducting safety audits; Investigating accidents and incidents; Promoting a culture of safety awareness,Implementing safety procedures,colloquial,short
MULTI-SELECT,What are your company's strategies for fostering a culture of safety?,Providing safety training to employees; Implementing safety procedures; Conducting safety audits; Investigating accidents and incidents; Promoting a culture of safety awareness,Implementing safety procedures,explanatory,short
MULTI-SELECT,What are your company's strategies for fostering a culture of safety?,Providing safety training to employees; Implementing safety procedures; Conducting safety audits; Investigating accidents and incidents; Promoting a culture of safety awareness,Implementing safety procedures,annoyed,short
MULTI-SELECT,What are your company's strategies for improving customer experience?,Providing excellent customer service; Developing user-friendly products and services; Collecting customer feedback; Personalizing the customer experience; Building a strong brand reputation,Providing excellent customer service,verbose,short
MULTI-SELECT,What are your company's strategies for improving customer experience?,Providing excellent customer service; Developing user-friendly products and services; Collecting customer feedback; Personalizing the customer experience; Building a strong brand reputation,Providing excellent customer service,concise,short
MULTI-SELECT,What are your company's strategies for improving customer experience?,Providing excellent customer service; Developing user-friendly products and services; Collecting customer feedback; Personalizing the customer experience; Building a strong brand reputation,Providing excellent customer service,colloquial,short
MULTI-SELECT,What are your company's strategies for improving customer experience?,Providing excellent customer service; Developing user-friendly products and services; Collecting customer feedback; Personalizing the customer experience; Building a strong brand reputation,Providing excellent customer service,explanatory,short
MULTI-SELECT,What are your company's strategies for improving customer experience?,Providing excellent customer service; Developing user-friendly products and services; Collecting customer feedback; Personalizing the customer experience; Building a strong brand reputation,Providing excellent customer service,annoyed,short
MULTI-SELECT,What are your company's strategies for improving employee engagement?,Providing opportunities for professional development; Creating a positive work environment; Offering competitive compensation and benefits; Encouraging teamwork and collaboration; Recognizing and rewarding employees,Creating a positive work environment,verbose,short
MULTI-SELECT,What are your company's strategies for improving employee engagement?,Providing opportunities for professional development; Creating a positive work environment; Offering competitive compensation and benefits; Encouraging teamwork and collaboration; Recognizing and rewarding employees,Creating a positive work environment,concise,short
MULTI-SELECT,What are your company's strategies for improving employee engagement?,Providing opportunities for professional development; Creating a positive work environment; Offering competitive compensation and benefits; Encouraging teamwork and collaboration; Recognizing and rewarding employees,Creating a positive work environment,colloquial,short
MULTI-SELECT,What are your company's strategies for improving employee engagement?,Providing opportunities for professional development; Creating a positive work environment; Offering competitive compensation and benefits; Encouraging teamwork and collaboration; Recognizing and rewarding employees,Creating a positive work environment,explanatory,short
MULTI-SELECT,What are your company's strategies for improving employee engagement?,Providing opportunities for professional development; Creating a positive work environment; Offering competitive compensation and benefits; Encouraging teamwork and collaboration; Recognizing and rewarding employees,Creating a positive work environment,annoyed,short
MULTI-SELECT,What are your company's strategies for improving employee retention?,Providing opportunities for professional development; Creating a positive work environment; Offering competitive compensation and benefits; Encouraging teamwork and collaboration; Recognizing and rewarding employees,Creating a positive work environment,verbose,short
MULTI-SELECT,What are your company's strategies for improving employee retention?,Providing opportunities for professional development; Creating a positive work environment; Offering competitive compensation and benefits; Encouraging teamwork and collaboration; Recognizing and rewarding employees,Creating a positive work environment,concise,short
MULTI-SELECT,What are your company's strategies for improving employee retention?,Providing opportunities for professional development; Creating a positive work environment; Offering competitive compensation and benefits; Encouraging teamwork and collaboration; Recognizing and rewarding employees,Creating a positive work environment,colloquial,short
MULTI-SELECT,What are your company's strategies for improving employee retention?,Providing opportunities for professional development; Creating a positive work environment; Offering competitive compensation and benefits; Encouraging teamwork and collaboration; Recognizing and rewarding employees,Creating a positive work environment,explanatory,short
MULTI-SELECT,What are your company's strategies for improving employee retention?,Providing opportunities for professional development; Creating a positive work environment; Offering competitive compensation and benefits; Encouraging teamwork and collaboration; Recognizing and rewarding employees,Creating a positive work environment,annoyed,short
MULTI-SELECT,What are your company's strategies for improving operational efficiency?,Automating tasks; Streamlining processes; Improving communication; Investing in technology; Training employees,Investing in technology,verbose,short
MULTI-SELECT,What are your company's strategies for improving operational efficiency?,Automating tasks; Streamlining processes; Improving communication; Investing in technology; Training employees,Investing in technology,concise,short
MULTI-SELECT,What are your company's strategies for improving operational efficiency?,Automating tasks; Streamlining processes; Improving communication; Investing in technology; Training employees,Investing in technology,colloquial,short
MULTI-SELECT,What are your company's strategies for improving operational efficiency?,Automating tasks; Streamlining processes; Improving communication; Investing in technology; Training employees,Investing in technology,explanatory,short
MULTI-SELECT,What are your company's strategies for improving operational efficiency?,Automating tasks; Streamlining processes; Improving communication; Investing in technology; Training employees,Investing in technology,annoyed,short
MULTI-SELECT,What are your company's strategies for improving profitability?,Increasing revenue; Reducing costs; Improving efficiency; Investing in technology; Improving pricing strategies,Increasing revenue,verbose,short
MULTI-SELECT,What are your company's strategies for improving profitability?,Increasing revenue; Reducing costs; Improving efficiency; Investing in technology; Improving pricing strategies,Increasing revenue,concise,short
MULTI-SELECT,What are your company's strategies for improving profitability?,Increasing revenue; Reducing costs; Improving efficiency; Investing in technology; Improving pricing strategies,Increasing revenue,colloquial,short
MULTI-SELECT,What are your company's strategies for improving profitability?,Increasing revenue; Reducing costs; Improving efficiency; Investing in technology; Improving pricing strategies,Increasing revenue,explanatory,short
MULTI-SELECT,What are your company's strategies for improving profitability?,Increasing revenue; Reducing costs; Improving efficiency; Investing in technology; Improving pricing strategies,Increasing revenue,annoyed,short
MULTI-SELECT,What are your company's strategies for increasing revenue?,Expanding into new markets; Developing new products or services; Increasing sales to existing customers; Improving marketing and sales effectiveness; Raising prices,Increasing sales to existing customers,verbose,short
MULTI-SELECT,What are your company's strategies for increasing revenue?,Expanding into new markets; Developing new products or services; Increasing sales to existing customers; Improving marketing and sales effectiveness; Raising prices,Increasing sales to existing customers,concise,short
MULTI-SELECT,What are your company's strategies for increasing revenue?,Expanding into new markets; Developing new products or services; Increasing sales to existing customers; Improving marketing and sales effectiveness; Raising prices,Increasing sales to existing customers,colloquial,short
MULTI-SELECT,What are your company's strategies for increasing revenue?,Expanding into new markets; Developing new products or services; Increasing sales to existing customers; Improving marketing and sales effectiveness; Raising prices,Increasing sales to existing customers,explanatory,short
MULTI-SELECT,What are your company's strategies for increasing revenue?,Expanding into new markets; Developing new products or services; Increasing sales to existing customers; Improving marketing and sales effectiveness; Raising prices,Increasing sales to existing customers,annoyed,short
MULTI-SELECT,What are your company's strategies for intellectual property protection?,Patents; Trademarks; Copyrights; Trade secrets; Non-disclosure agreements,Nondisclosure agreements,verbose,short
MULTI-SELECT,What are your company's strategies for intellectual property protection?,Patents; Trademarks; Copyrights; Trade secrets; Non-disclosure agreements,Nondisclosure agreements,concise,short
MULTI-SELECT,What are your company's strategies for intellectual property protection?,Patents; Trademarks; Copyrights; Trade secrets; Non-disclosure agreements,Nondisclosure agreements,colloquial,short
MULTI-SELECT,What are your company's strategies for intellectual property protection?,Patents; Trademarks; Copyrights; Trade secrets; Non-disclosure agreements,Nondisclosure agreements,explanatory,short
MULTI-SELECT,What are your company's strategies for intellectual property protection?,Patents; Trademarks; Copyrights; Trade secrets; Non-disclosure agreements,Nondisclosure agreements,annoyed,short
MULTI-SELECT,What are your company's strategies for managing change?,Communicating effectively with employees; Involving employees in the change process; Providing training and support; Celebrating successes; Addressing concerns and feedback,Involving employees in the change process,verbose,short
MULTI-SELECT,What are your company's strategies for managing change?,Communicating effectively with employees; Involving employees in the change process; Providing training and support; Celebrating successes; Addressing concerns and feedback,Involving employees in the change process,concise,short
MULTI-SELECT,What are your company's strategies for managing change?,Communicating effectively with employees; Involving employees in the change process; Providing training and support; Celebrating successes; Addressing concerns and feedback,Involving employees in the change process,colloquial,short
MULTI-SELECT,What are your company's strategies for managing change?,Communicating effectively with employees; Involving employees in the change process; Providing training and support; Celebrating successes; Addressing concerns and feedback,Involving employees in the change process,explanatory,short
MULTI-SELECT,What are your company's strategies for managing change?,Communicating effectively with employees; Involving employees in the change process; Providing training and support; Celebrating successes; Addressing concerns and feedback,Involving employees in the change process,annoyed,short
MULTI-SELECT,What are your company's strategies for managing cybersecurity risks?,Implementing strong cybersecurity policies; Investing in cybersecurity technology; Providing cybersecurity training to employees; Conducting regular security audits; Developing incident response plans,Implementing strong cybersecurity policies,verbose,short
MULTI-SELECT,What are your company's strategies for managing cybersecurity risks?,Implementing strong cybersecurity policies; Investing in cybersecurity technology; Providing cybersecurity training to employees; Conducting regular security audits; Developing incident response plans,Implementing strong cybersecurity policies,concise,short
MULTI-SELECT,What are your company's strategies for managing cybersecurity risks?,Implementing strong cybersecurity policies; Investing in cybersecurity technology; Providing cybersecurity training to employees; Conducting regular security audits; Developing incident response plans,Implementing strong cybersecurity policies,colloquial,short
MULTI-SELECT,What are your company's strategies for managing cybersecurity risks?,Implementing strong cybersecurity policies; Investing in cybersecurity technology; Providing cybersecurity training to employees; Conducting regular security audits; Developing incident response plans,Implementing strong cybersecurity policies,explanatory,short
MULTI-SELECT,What are your company's strategies for managing cybersecurity risks?,Implementing strong cybersecurity policies; Investing in cybersecurity technology; Providing cybersecurity training to employees; Conducting regular security audits; Developing incident response plans,Implementing strong cybersecurity policies,annoyed,short
MULTI-SELECT,What are your company's strategies for managing its reputation?,Building a strong brand identity; Creating positive customer experiences; Managing online reviews; Responding to criticism; Engaging with stakeholders,Creating positive customer experiences,verbose,short
MULTI-SELECT,What are your company's strategies for managing its reputation?,Building a strong brand identity; Creating positive customer experiences; Managing online reviews; Responding to criticism; Engaging with stakeholders,Creating positive customer experiences,concise,short
MULTI-SELECT,What are your company's strategies for managing its reputation?,Building a strong brand identity; Creating positive customer experiences; Managing online reviews; Responding to criticism; Engaging with stakeholders,Creating positive customer experiences,colloquial,short
MULTI-SELECT,What are your company's strategies for managing its reputation?,Building a strong brand identity; Creating positive customer experiences; Managing online reviews; Responding to criticism; Engaging with stakeholders,Creating positive customer experiences,explanatory,short
MULTI-SELECT,What are your company's strategies for managing its reputation?,Building a strong brand identity; Creating positive customer experiences; Managing online reviews; Responding to criticism; Engaging with stakeholders,Creating positive customer experiences,annoyed,short
MULTI-SELECT,What are your company's strategies for managing risk?,Identifying potential risks; Assessing the likelihood and impact of risks; Developing risk mitigation strategies; Monitoring risks; Reporting risks,Developing risk mitigation strategies,verbose,short
MULTI-SELECT,What are your company's strategies for managing risk?,Identifying potential risks; Assessing the likelihood and impact of risks; Developing risk mitigation strategies; Monitoring risks; Reporting risks,Developing risk mitigation strategies,concise,short
MULTI-SELECT,What are your company's strategies for managing risk?,Identifying potential risks; Assessing the likelihood and impact of risks; Developing risk mitigation strategies; Monitoring risks; Reporting risks,Developing risk mitigation strategies,colloquial,short
MULTI-SELECT,What are your company's strategies for managing risk?,Identifying potential risks; Assessing the likelihood and impact of risks; Developing risk mitigation strategies; Monitoring risks; Reporting risks,Developing risk mitigation strategies,explanatory,short
MULTI-SELECT,What are your company's strategies for managing risk?,Identifying potential risks; Assessing the likelihood and impact of risks; Developing risk mitigation strategies; Monitoring risks; Reporting risks,Developing risk mitigation strategies,annoyed,short
MULTI-SELECT,What are your company's strategies for managing supply chain risks?,Diversifying suppliers; Developing strong supplier relationships; Implementing supplier performance management systems; Developing contingency plans; Monitoring geopolitical events,Developing strong supplier relationships,verbose,short
MULTI-SELECT,What are your company's strategies for managing supply chain risks?,Diversifying suppliers; Developing strong supplier relationships; Implementing supplier performance management systems; Developing contingency plans; Monitoring geopolitical events,Developing strong supplier relationships,concise,short
MULTI-SELECT,What are your company's strategies for managing supply chain risks?,Diversifying suppliers; Developing strong supplier relationships; Implementing supplier performance management systems; Developing contingency plans; Monitoring geopolitical events,Developing strong supplier relationships,colloquial,short
MULTI-SELECT,What are your company's strategies for managing supply chain risks?,Diversifying suppliers; Developing strong supplier relationships; Implementing supplier performance management systems; Developing contingency plans; Monitoring geopolitical events,Developing strong supplier relationships,explanatory,short
MULTI-SELECT,What are your company's strategies for managing supply chain risks?,Diversifying suppliers; Developing strong supplier relationships; Implementing supplier performance management systems; Developing contingency plans; Monitoring geopolitical events,Developing strong supplier relationships,annoyed,short
MULTI-SELECT,What are your company's strategies for measuring marketing ROI?,Website analytics; Social media analytics; Email marketing analytics; Customer surveys; Sales data,Email marketing analytics,verbose,short
MULTI-SELECT,What are your company's strategies for measuring marketing ROI?,Website analytics; Social media analytics; Email marketing analytics; Customer surveys; Sales data,Email marketing analytics,concise,short
MULTI-SELECT,What are your company's strategies for measuring marketing ROI?,Website analytics; Social media analytics; Email marketing analytics; Customer surveys; Sales data,Email marketing analytics,explanatory,short
MULTI-SELECT,What are your company's strategies for measuring marketing ROI?,Website analytics; Social media analytics; Email marketing analytics; Customer surveys; Sales data,Email marketing analytics,annoyed,short
MULTI-SELECT,What are your company's strategies for mitigating risks associated with climate change?,Reducing greenhouse gas emissions; Investing in renewable energy; Improving energy efficiency; Developing climate change adaptation plans; Engaging with stakeholders on climate change issues,Developing climate change adaptation plans,verbose,short
MULTI-SELECT,What are your company's strategies for mitigating risks associated with climate change?,Reducing greenhouse gas emissions; Investing in renewable energy; Improving energy efficiency; Developing climate change adaptation plans; Engaging with stakeholders on climate change issues,Developing climate change adaptation plans,concise,short
MULTI-SELECT,What are your company's strategies for mitigating risks associated with climate change?,Reducing greenhouse gas emissions; Investing in renewable energy; Improving energy efficiency; Developing climate change adaptation plans; Engaging with stakeholders on climate change issues,Developing climate change adaptation plans,colloquial,short
MULTI-SELECT,What are your company's strategies for mitigating risks associated with climate change?,Reducing greenhouse gas emissions; Investing in renewable energy; Improving energy efficiency; Developing climate change adaptation plans; Engaging with stakeholders on climate change issues,Developing climate change adaptation plans,explanatory,short
MULTI-SELECT,What are your company's strategies for mitigating risks associated with climate change?,Reducing greenhouse gas emissions; Investing in renewable energy; Improving energy efficiency; Developing climate change adaptation plans; Engaging with stakeholders on climate change issues,Developing climate change adaptation plans,annoyed,short
MULTI-SELECT,What are your company's strategies for mitigating risks associated with new technologies?,Conducting thorough due diligence; Developing risk mitigation strategies; Testing new technologies thoroughly; Training employees on new technologies; Monitoring the performance of new technologies,Developing risk mitigation strategies,verbose,short
MULTI-SELECT,What are your company's strategies for mitigating risks associated with new technologies?,Conducting thorough due diligence; Developing risk mitigation strategies; Testing new technologies thoroughly; Training employees on new technologies; Monitoring the performance of new technologies,Developing risk mitigation strategies,concise,short
MULTI-SELECT,What are your company's strategies for mitigating risks associated with new technologies?,Conducting thorough due diligence; Developing risk mitigation strategies; Testing new technologies thoroughly; Training employees on new technologies; Monitoring the performance of new technologies,Developing risk mitigation strategies,colloquial,short
MULTI-SELECT,What are your company's strategies for mitigating risks associated with new technologies?,Conducting thorough due diligence; Developing risk mitigation strategies; Testing new technologies thoroughly; Training employees on new technologies; Monitoring the performance of new technologies,Developing risk mitigation strategies,explanatory,short
MULTI-SELECT,What are your company's strategies for mitigating risks associated with new technologies?,Conducting thorough due diligence; Developing risk mitigation strategies; Testing new technologies thoroughly; Training employees on new technologies; Monitoring the performance of new technologies,Developing risk mitigation strategies,annoyed,short
MULTI-SELECT,What are your company's strategies for promoting innovation?,Encouraging experimentation; Investing in research and development; Creating a culture of innovation; Partnering with external innovators; Protecting intellectual property,Creating a culture of innovation,verbose,short
MULTI-SELECT,What are your company's strategies for promoting innovation?,Encouraging experimentation; Investing in research and development; Creating a culture of innovation; Partnering with external innovators; Protecting intellectual property,Creating a culture of innovation,concise,short
MULTI-SELECT,What are your company's strategies for promoting innovation?,Encouraging experimentation; Investing in research and development; Creating a culture of innovation; Partnering with external innovators; Protecting intellectual property,Creating a culture of innovation,colloquial,short
MULTI-SELECT,What are your company's strategies for promoting innovation?,Encouraging experimentation; Investing in research and development; Creating a culture of innovation; Partnering with external innovators; Protecting intellectual property,Creating a culture of innovation,explanatory,short
MULTI-SELECT,What are your company's strategies for promoting innovation?,Encouraging experimentation; Investing in research and development; Creating a culture of innovation; Partnering with external innovators; Protecting intellectual property,Creating a culture of innovation,annoyed,short
MULTI-SELECT,What are your company's strategies for reducing costs?,Negotiating better prices with suppliers; Improving efficiency; Reducing waste; Automating tasks; Outsourcing non-core functions,Improving efficiency,concise,short
MULTI-SELECT,What are your company's sustainability initiatives?,Reducing carbon footprint; Using renewable energy; Recycling and waste reduction; Sustainable sourcing; Community involvement,Reducing carbon footprint,verbose,short
MULTI-SELECT,What are your company's sustainability initiatives?,Reducing carbon footprint; Using renewable energy; Recycling and waste reduction; Sustainable sourcing; Community involvement,Reducing carbon footprint,concise,short
MULTI-SELECT,What are your company's sustainability initiatives?,Reducing carbon footprint; Using renewable energy; Recycling and waste reduction; Sustainable sourcing; Community involvement,Reducing carbon footprint,colloquial,short
MULTI-SELECT,What are your company's sustainability initiatives?,Reducing carbon footprint; Using renewable energy; Recycling and waste reduction; Sustainable sourcing; Community involvement,Reducing carbon footprint,explanatory,short
MULTI-SELECT,What are your company's sustainability initiatives?,Reducing carbon footprint; Using renewable energy; Recycling and waste reduction; Sustainable sourcing; Community involvement,Reducing carbon footprint,annoyed,short
MULTI-SELECT,What are your company's values?,Integrity; Innovation; Customer focus; Teamwork; Sustainability,Integrity is the companys core value,verbose,short
MULTI-SELECT,What are your company's values?,Integrity; Innovation; Customer focus; Teamwork; Sustainability,Integrity is the companys core value,concise,short
MULTI-SELECT,What are your company's values?,Integrity; Innovation; Customer focus; Teamwork; Sustainability,Integrity is the companys core value,colloquial,short
MULTI-SELECT,What are your company's values?,Integrity; Innovation; Customer focus; Teamwork; Sustainability,Integrity is the companys core value,explanatory,short
MULTI-SELECT,What are your company's values?,Integrity; Innovation; Customer focus; Teamwork; Sustainability,Integrity is the companys core value,annoyed,short
MULTI-SELECT,What are your current marketing and sales technologies?,"CRM (Salesforce, HubSpot, etc.); Marketing automation (Marketo, Pardot, etc.); Social media management tools; Email marketing platforms; Analytics platforms (Google Analytics, etc.)",Marketing automation Marketo Pardot etc,verbose,short
MULTI-SELECT,What are your favorite hobbies?,Reading; Hiking; Cooking; Traveling; Playing sports,Hiking is my favorite hobby,verbose,short
MULTI-SELECT,What are your favorite hobbies?,Reading; Hiking; Cooking; Traveling; Playing sports,Hiking is my favorite hobby,concise,short
MULTI-SELECT,What are your favorite hobbies?,Reading; Hiking; Cooking; Traveling; Playing sports,Hiking is my favorite hobby,colloquial,short
MULTI-SELECT,What are your favorite hobbies?,Reading; Hiking; Cooking; Traveling; Playing sports,Hiking is my favorite hobby,explanatory,short
MULTI-SELECT,What are your favorite hobbies?,Reading; Hiking; Cooking; Traveling; Playing sports,Hiking is my favorite hobby,annoyed,short
MULTI-SELECT,What are your goals for improving customer satisfaction?,Increase customer retention; Improve customer loyalty; Generate positive word-of-mouth referrals; Reduce customer churn; Enhance brand reputation,Increase customer loyalty,verbose,short
MULTI-SELECT,What are your goals for improving customer satisfaction?,Increase customer retention; Improve customer loyalty; Generate positive word-of-mouth referrals; Reduce customer churn; Enhance brand reputation,Increase customer loyalty,concise,short
MULTI-SELECT,What are your goals for improving customer satisfaction?,Increase customer retention; Improve customer loyalty; Generate positive word-of-mouth referrals; Reduce customer churn; Enhance brand reputation,Increase customer retention,colloquial,short
MULTI-SELECT,What are your goals for improving customer satisfaction?,Increase customer retention; Improve customer loyalty; Generate positive word-of-mouth referrals; Reduce customer churn; Enhance brand reputation,Increase customer retention,explanatory,short
MULTI-SELECT,What are your goals for improving customer satisfaction?,Increase customer retention; Improve customer loyalty; Generate positive word-of-mouth referrals; Reduce customer churn; Enhance brand reputation,Increase customer retention,annoyed,short
MULTI-SELECT,What are your hobbies outside of software development?,Reading; Hiking; Photography; Music; Gaming; Sports; Travel,Hiking,verbose,short
MULTI-SELECT,What are your hobbies outside of software development?,Reading; Hiking; Photography; Music; Gaming; Sports; Travel,Hiking,concise,short
MULTI-SELECT,What are your hobbies outside of software development?,Reading; Hiking; Photography; Music; Gaming; Sports; Travel,Hiking is my hobby,colloquial,short
MULTI-SELECT,What are your hobbies outside of software development?,Reading; Hiking; Photography; Music; Gaming; Sports; Travel,Hiking is my hobby,explanatory,short
MULTI-SELECT,What are your hobbies outside of software development?,Reading; Hiking; Photography; Music; Gaming; Sports; Travel,Hiking is my hobby,annoyed,short
MULTI-SELECT,What are your key decision criteria for selecting a new CRM system?,Ease of use; Integration capabilities; Reporting and analytics; Cost-effectiveness; Scalability,Ease of use,verbose,short
MULTI-SELECT,What are your key decision criteria for selecting a new CRM system?,Ease of use; Integration capabilities; Reporting and analytics; Cost-effectiveness; Scalability,Ease of use,concise,short
MULTI-SELECT,What are your key decision criteria for selecting a new CRM system?,Ease of use; Integration capabilities; Reporting and analytics; Cost-effectiveness; Scalability,Ease of use,explanatory,short
MULTI-SELECT,What are your key decision criteria for selecting a new CRM system?,Ease of use; Integration capabilities; Reporting and analytics; Cost-effectiveness; Scalability,Ease of use,annoyed,short
MULTI-SELECT,What are your key decision-making factors when choosing a vendor?,Price; Features; Reputation; Customer support; Implementation process,Price is the most important factor,verbose,short
MULTI-SELECT,What are your key decision-making factors when choosing a vendor?,Price; Features; Reputation; Customer support; Implementation process,Price is the most important factor,concise,short
MULTI-SELECT,What are your key performance indicators (KPIs)?,Production output; Safety record; Environmental impact; Cost efficiency; Employee satisfaction,Production output,verbose,short
MULTI-SELECT,What are your key performance indicators (KPIs)?,Production output; Safety record; Environmental impact; Cost efficiency; Employee satisfaction,Production output,concise,short
MULTI-SELECT,What are your key performance indicators (KPIs)?,Production output; Safety record; Environmental impact; Cost efficiency; Employee satisfaction,Production output,explanatory,short
MULTI-SELECT,What are your key performance indicators (KPIs)?,Production output; Safety record; Environmental impact; Cost efficiency; Employee satisfaction,Production output,annoyed,short
MULTI-SELECT,What are your key strategies for improving worker safety?,Improved PPE; Enhanced safety training; Regular safety audits; Improved safety procedures; Incentivize safe behavior,Enhanced safety training,verbose,short
MULTI-SELECT,What are your key strategies for improving worker safety?,Improved PPE; Enhanced safety training; Regular safety audits; Improved safety procedures; Incentivize safe behavior,Enhanced safety training,concise,short
MULTI-SELECT,What are your key strategies for improving worker safety?,Improved PPE; Enhanced safety training; Regular safety audits; Improved safety procedures; Incentivize safe behavior,Enhanced safety training,colloquial,short
MULTI-SELECT,What are your key strategies for improving worker safety?,Improved PPE; Enhanced safety training; Regular safety audits; Improved safety procedures; Incentivize safe behavior,Enhanced safety training,explanatory,short
MULTI-SELECT,What are your key strategies for improving worker safety?,Improved PPE; Enhanced safety training; Regular safety audits; Improved safety procedures; Incentivize safe behavior,Enhanced safety training,annoyed,short
MULTI-SELECT,What are your main sources of raw materials?,Domestic suppliers; International suppliers; Recycled materials; Mining operations; Agriculture,Domestic suppliers,verbose,short
MULTI-SELECT,What are your main sources of raw materials?,Domestic suppliers; International suppliers; Recycled materials; Mining operations; Agriculture,Domestic suppliers,concise,short
MULTI-SELECT,What are your main transportation methods?,Trucks; Rail; Ships; Pipelines; Air,Trucks are the main transportation methods,verbose,short
MULTI-SELECT,What are your main transportation methods?,Trucks; Rail; Ships; Pipelines; Air,Trucks are the main transportation methods,concise,short
MULTI-SELECT,What are your main transportation methods?,Trucks; Rail; Ships; Pipelines; Air,Trucks are the main transportation methods,explanatory,short
MULTI-SELECT,What are your preferred code editors or IDEs?,VS Code; IntelliJ IDEA; Eclipse; Sublime Text; Atom,VS Code is my preferred code editor,verbose,short
MULTI-SELECT,What are your preferred code editors or IDEs?,VS Code; IntelliJ IDEA; Eclipse; Sublime Text; Atom,VS Code is my preferred code editor,concise,short
MULTI-SELECT,What are your preferred code editors or IDEs?,VS Code; IntelliJ IDEA; Eclipse; Sublime Text; Atom,VS Code is my preferred code editor,colloquial,short
MULTI-SELECT,What are your preferred code editors or IDEs?,VS Code; IntelliJ IDEA; Eclipse; Sublime Text; Atom,VS Code is my preferred code editor,explanatory,short
MULTI-SELECT,What are your preferred code editors or IDEs?,VS Code; IntelliJ IDEA; Eclipse; Sublime Text; Atom,VS Code,annoyed,short
MULTI-SELECT,What are your preferred communication styles?,Direct and concise; Detailed and thorough; Collaborative and interactive; Formal and professional; Informal and friendly,Informal and friendly,concise,short
MULTI-SELECT,What are your preferred communication styles?,Direct and concise; Detailed and thorough; Collaborative and interactive; Formal and professional; Informal and friendly,Informal and friendly,colloquial,short
MULTI-SELECT,What are your preferred communication styles?,Direct and concise; Detailed and thorough; Collaborative and interactive; Formal and professional; Informal and friendly,Informal and friendly,explanatory,short
MULTI-SELECT,What are your preferred design tools?,Figma; Adobe XD; Sketch; InVision; Adobe Photoshop; Adobe Illustrator,Adobe Illustrator is my preferred design tool,verbose,short
MULTI-SELECT,What are your preferred design tools?,Figma; Adobe XD; Sketch; InVision; Adobe Photoshop; Adobe Illustrator,Adobe Illustrator is my preferred design tool,concise,short
MULTI-SELECT,What are your preferred design tools?,Figma; Adobe XD; Sketch; InVision; Adobe Photoshop; Adobe Illustrator,Adobe Illustrator is my preferred design tool,colloquial,short
MULTI-SELECT,What are your preferred design tools?,Figma; Adobe XD; Sketch; InVision; Adobe Photoshop; Adobe Illustrator,Adobe Illustrator,explanatory,short
MULTI-SELECT,What are your preferred design tools?,Figma; Adobe XD; Sketch; InVision; Adobe Photoshop; Adobe Illustrator,Adobe Illustrator is my preferred design tool,annoyed,short
MULTI-SELECT,What are your preferred methods for code optimization?,Profiling; Algorithmic improvements; Data structure optimization; Code refactoring,I prefer code refactoring,verbose,short
MULTI-SELECT,What are your preferred methods for code optimization?,Profiling; Algorithmic improvements; Data structure optimization; Code refactoring,I prefer code refactoring over profiling,colloquial,short
MULTI-SELECT,What are your preferred methods for code refactoring?,Extract Method; Rename Method; Move Method; Extract Class; Inline Method,Inline Method,verbose,short
MULTI-SELECT,What are your preferred methods for code refactoring?,Extract Method; Rename Method; Move Method; Extract Class; Inline Method,Inline Method,concise,short
MULTI-SELECT,What are your preferred methods for code refactoring?,Extract Method; Rename Method; Move Method; Extract Class; Inline Method,Inline Method,colloquial,short
MULTI-SELECT,What are your preferred methods for code refactoring?,Extract Method; Rename Method; Move Method; Extract Class; Inline Method,Inline Method,explanatory,short
MULTI-SELECT,What are your preferred methods for code refactoring?,Extract Method; Rename Method; Move Method; Extract Class; Inline Method,Inline Method,annoyed,short
MULTI-SELECT,What are your preferred methods for debugging code?,Print statements; Debuggers; Logging; Code reviews; Unit tests,Debuggers are the best method for debugging code,verbose,short
MULTI-SELECT,What are your preferred methods for debugging code?,Print statements; Debuggers; Logging; Code reviews; Unit tests,Debuggers are the best method for debugging code,concise,short
MULTI-SELECT,What are your preferred methods for debugging code?,Print statements; Debuggers; Logging; Code reviews; Unit tests,Debuggers are the best method for debugging code,colloquial,short
MULTI-SELECT,What are your preferred methods for debugging code?,Print statements; Debuggers; Logging; Code reviews; Unit tests,Debuggers are the best method for debugging code,explanatory,short
MULTI-SELECT,What are your preferred methods for debugging code?,Print statements; Debuggers; Logging; Code reviews; Unit tests,Debuggers are the best method for debugging code,annoyed,short
MULTI-SELECT,What are your preferred methods for nurturing leads?,Email marketing; Content marketing; Social media engagement; Personalized email sequences; Webinars and online events,Email marketing is the best way to nurture leads,concise,short
MULTI-SELECT,What are your preferred methods for staying up-to-date on industry news?,Reading industry publications; Attending industry events; Following industry influencers on social media; Subscribing to industry newsletters; Listening to industry podcasts,Listening to industry podcasts,verbose,short
MULTI-SELECT,What are your preferred methods for staying up-to-date on industry news?,Reading industry publications; Attending industry events; Following industry influencers on social media; Subscribing to industry newsletters; Listening to industry podcasts,Listening to industry podcasts,concise,short
MULTI-SELECT,What are your preferred methods for staying up-to-date on industry news?,Reading industry publications; Attending industry events; Following industry influencers on social media; Subscribing to industry newsletters; Listening to industry podcasts,Listening to industry podcasts,explanatory,short
MULTI-SELECT,What are your preferred methods for staying up-to-date on industry news?,Reading industry publications; Attending industry events; Following industry influencers on social media; Subscribing to industry newsletters; Listening to industry podcasts,Listening to industry podcasts,annoyed,short
MULTI-SELECT,What are your preferred methods for training your sales team?,Classroom training; Online training; On-the-job training; Mentorship programs; External training courses,Onthejob training,verbose,short
MULTI-SELECT,What are your preferred methods for training your sales team?,Classroom training; Online training; On-the-job training; Mentorship programs; External training courses,Onthejob training,concise,short
MULTI-SELECT,What are your preferred methods for training your sales team?,Classroom training; Online training; On-the-job training; Mentorship programs; External training courses,Onthejob training is my preferred method,colloquial,short
MULTI-SELECT,What are your preferred methods for training your sales team?,Classroom training; Online training; On-the-job training; Mentorship programs; External training courses,Onthejob training,explanatory,short
MULTI-SELECT,What are your preferred methods for training your sales team?,Classroom training; Online training; On-the-job training; Mentorship programs; External training courses,Onthejob training is my preferred method,annoyed,short
MULTI-SELECT,What are your preferred methods for version control?,Git flow; GitHub flow; GitLab flow,GitHub flow is the best,annoyed,short
MULTI-SELECT,What are your preferred methods of communication?,Email; Phone; Video conferencing; Social media; In-person meetings,Email is my preferred method of communication,verbose,short
MULTI-SELECT,What are your preferred methods of communication?,Email; Phone; Video conferencing; Social media; In-person meetings,Email is my preferred method of communication,concise,short
MULTI-SELECT,What are your preferred methods of communication?,Email; Phone; Video conferencing; Social media; In-person meetings,Email is my preferred method of communication,colloquial,short
MULTI-SELECT,What are your preferred methods of communication?,Email; Phone; Video conferencing; Social media; In-person meetings,Email is my preferred method of communication,explanatory,short
MULTI-SELECT,What are your preferred methods of communication?,Email; Phone; Video conferencing; Social media; In-person meetings,Email is my preferred method of communication,annoyed,short
MULTI-SELECT,What are your preferred methods of customer communication?,Email; Phone; Chat; Social media; In-person meetings,Email is my preferred method of communication,verbose,short
MULTI-SELECT,What are your preferred methods of customer communication?,Email; Phone; Chat; Social media; In-person meetings,Email is my preferred method of communication,concise,short
MULTI-SELECT,What are your preferred methods of customer communication?,Email; Phone; Chat; Social media; In-person meetings,Email is my preferred method of communication,colloquial,short
MULTI-SELECT,What are your preferred methods of customer communication?,Email; Phone; Chat; Social media; In-person meetings,Email is my preferred method of communication,explanatory,short
MULTI-SELECT,What are your preferred methods of customer communication?,Email; Phone; Chat; Social media; In-person meetings,Email is my preferred method of communication,annoyed,short
MULTI-SELECT,What are your preferred tools for building and deploying applications?,Docker; Kubernetes; Jenkins; Travis CI; CircleCI,Jenkins is my preferred tool,colloquial,short
MULTI-SELECT,What are your preferred tools for code analysis?,Linters; Static analyzers; Code coverage tools,Linters,verbose,short
MULTI-SELECT,What are your preferred tools for code analysis?,Linters; Static analyzers; Code coverage tools,Linters,concise,short
MULTI-SELECT,What are your preferred tools for code analysis?,Linters; Static analyzers; Code coverage tools,Linters is my preferred tool,colloquial,short
MULTI-SELECT,What are your preferred tools for code analysis?,Linters; Static analyzers; Code coverage tools,Linters,explanatory,short
MULTI-SELECT,What are your preferred tools for code analysis?,Linters; Static analyzers; Code coverage tools,Linters,annoyed,short
MULTI-SELECT,What are your preferred tools for code documentation?,JSDoc; Javadoc; Sphinx; Doxygen,JSDoc,verbose,short
MULTI-SELECT,What are your preferred tools for code documentation?,JSDoc; Javadoc; Sphinx; Doxygen,JSDoc,concise,short
MULTI-SELECT,What are your preferred tools for code documentation?,JSDoc; Javadoc; Sphinx; Doxygen,JSDoc,colloquial,short
MULTI-SELECT,What are your preferred tools for code documentation?,JSDoc; Javadoc; Sphinx; Doxygen,JSDoc,explanatory,short
MULTI-SELECT,What are your preferred tools for code documentation?,JSDoc; Javadoc; Sphinx; Doxygen,JSDoc,annoyed,short
MULTI-SELECT,What are your preferred tools for monitoring and logging applications?,Grafana; Prometheus; ELK stack; Splunk; Datadog,Splunk,verbose,short
MULTI-SELECT,What are your preferred tools for monitoring and logging applications?,Grafana; Prometheus; ELK stack; Splunk; Datadog,Splunk,concise,short
MULTI-SELECT,What are your preferred ways to learn new technologies?,Hands-on practice; Reading documentation; Watching tutorials; Following online courses; Working with experienced developers,Handson practice,verbose,short
MULTI-SELECT,What are your primary concerns regarding the accuracy of your sales data?,Data entry errors; Data inconsistencies; Lack of data standardization; Difficulty accessing accurate data; Outdated data,Difficulty accessing accurate data,verbose,short
MULTI-SELECT,What are your primary concerns regarding the accuracy of your sales data?,Data entry errors; Data inconsistencies; Lack of data standardization; Difficulty accessing accurate data; Outdated data,Difficulty accessing accurate data,concise,short
MULTI-SELECT,What are your primary concerns regarding the accuracy of your sales data?,Data entry errors; Data inconsistencies; Lack of data standardization; Difficulty accessing accurate data; Outdated data,Difficulty accessing accurate data,colloquial,short
MULTI-SELECT,What are your primary concerns regarding the accuracy of your sales data?,Data entry errors; Data inconsistencies; Lack of data standardization; Difficulty accessing accurate data; Outdated data,Data entry errors,explanatory,short
MULTI-SELECT,What are your primary customer segments?,Construction; Manufacturing; Energy; Transportation; Agriculture,Construction,verbose,short
MULTI-SELECT,What are your primary customer segments?,Construction; Manufacturing; Energy; Transportation; Agriculture,Construction,concise,short
MULTI-SELECT,What are your primary customer segments?,Construction; Manufacturing; Energy; Transportation; Agriculture,Construction is your primary customer segment,colloquial,short
MULTI-SELECT,What are your primary customer segments?,Construction; Manufacturing; Energy; Transportation; Agriculture,Construction,explanatory,short
MULTI-SELECT,What are your primary customer segments?,Construction; Manufacturing; Energy; Transportation; Agriculture,Energy,annoyed,short
MULTI-SELECT,What are your primary distribution channels?,Direct sales; Distributors; Retailers; Online sales; Export,Distributors,annoyed,short
MULTI-SELECT,What are your primary environmental concerns?,Air pollution; Water pollution; Waste management; Greenhouse gas emissions; Noise pollution,Air pollution,verbose,short
MULTI-SELECT,What are your primary environmental concerns?,Air pollution; Water pollution; Waste management; Greenhouse gas emissions; Noise pollution,Air pollution,concise,short
MULTI-SELECT,What are your primary environmental concerns?,Air pollution; Water pollution; Waste management; Greenhouse gas emissions; Noise pollution,Air pollution is my primary environmental concern,colloquial,short
MULTI-SELECT,What are your primary environmental concerns?,Air pollution; Water pollution; Waste management; Greenhouse gas emissions; Noise pollution,Air pollution is my primary environmental concern,explanatory,short
MULTI-SELECT,What are your primary environmental concerns?,Air pollution; Water pollution; Waste management; Greenhouse gas emissions; Noise pollution,Air pollution is my primary environmental concern,annoyed,short
MULTI-SELECT,What are your primary goals for improving sustainability?,Reduce greenhouse gas emissions; Reduce water consumption; Reduce waste generation; Improve energy efficiency; Source sustainable materials,Reduce greenhouse gas emissions,verbose,short
MULTI-SELECT,What are your primary goals for improving sustainability?,Reduce greenhouse gas emissions; Reduce water consumption; Reduce waste generation; Improve energy efficiency; Source sustainable materials,Reduce greenhouse gas emissions,concise,short
MULTI-SELECT,What are your primary goals for improving sustainability?,Reduce greenhouse gas emissions; Reduce water consumption; Reduce waste generation; Improve energy efficiency; Source sustainable materials,Reduce greenhouse gas emissions,colloquial,short
MULTI-SELECT,What are your primary goals for improving sustainability?,Reduce greenhouse gas emissions; Reduce water consumption; Reduce waste generation; Improve energy efficiency; Source sustainable materials,Reduce greenhouse gas emissions,explanatory,short
MULTI-SELECT,What are your primary goals for improving sustainability?,Reduce greenhouse gas emissions; Reduce water consumption; Reduce waste generation; Improve energy efficiency; Source sustainable materials,Reduce greenhouse gas emissions,annoyed,short
MULTI-SELECT,What are your primary goals for improving your sales process?,Increase sales revenue; Improve sales efficiency; Enhance customer satisfaction; Reduce sales cycle length; Improve lead conversion rates,Increase sales revenue,verbose,short
MULTI-SELECT,What are your primary goals for improving your sales process?,Increase sales revenue; Improve sales efficiency; Enhance customer satisfaction; Reduce sales cycle length; Improve lead conversion rates,Increase sales revenue,concise,short
MULTI-SELECT,What are your primary goals for improving your sales process?,Increase sales revenue; Improve sales efficiency; Enhance customer satisfaction; Reduce sales cycle length; Improve lead conversion rates,Increase sales revenue,colloquial,short
MULTI-SELECT,What are your primary goals for improving your sales process?,Increase sales revenue; Improve sales efficiency; Enhance customer satisfaction; Reduce sales cycle length; Improve lead conversion rates,Increase sales revenue,explanatory,short
MULTI-SELECT,What are your primary goals for improving your sales process?,Increase sales revenue; Improve sales efficiency; Enhance customer satisfaction; Reduce sales cycle length; Improve lead conversion rates,Increase sales revenue,annoyed,short
MULTI-SELECT,What are your primary goals for this marketing campaign?,Increase brand awareness; Generate leads; Drive sales; Improve customer engagement; Build customer loyalty,Increase brand awareness,verbose,short
MULTI-SELECT,What are your primary goals for this marketing campaign?,Increase brand awareness; Generate leads; Drive sales; Improve customer engagement; Build customer loyalty,Increase brand awareness,concise,short
MULTI-SELECT,What are your primary goals for this marketing campaign?,Increase brand awareness; Generate leads; Drive sales; Improve customer engagement; Build customer loyalty,Increase brand awareness,colloquial,short
MULTI-SELECT,What are your primary goals for this marketing campaign?,Increase brand awareness; Generate leads; Drive sales; Improve customer engagement; Build customer loyalty,Increase brand awareness,explanatory,short
MULTI-SELECT,What are your primary goals for this marketing campaign?,Increase brand awareness; Generate leads; Drive sales; Improve customer engagement; Build customer loyalty,Increase brand awareness,annoyed,short
MULTI-SELECT,What are your primary methods for reducing energy consumption?,Energy-efficient equipment; Process optimization; Renewable energy sources; Waste heat recovery; Energy management systems,Energyefficient equipment,verbose,short
MULTI-SELECT,What are your primary methods for reducing energy consumption?,Energy-efficient equipment; Process optimization; Renewable energy sources; Waste heat recovery; Energy management systems,Energyefficient equipment,concise,short
MULTI-SELECT,What are your primary methods for reducing energy consumption?,Energy-efficient equipment; Process optimization; Renewable energy sources; Waste heat recovery; Energy management systems,Energyefficient equipment,colloquial,short
MULTI-SELECT,What are your primary methods for reducing energy consumption?,Energy-efficient equipment; Process optimization; Renewable energy sources; Waste heat recovery; Energy management systems,Energyefficient equipment,explanatory,short
MULTI-SELECT,What are your primary methods for reducing energy consumption?,Energy-efficient equipment; Process optimization; Renewable energy sources; Waste heat recovery; Energy management systems,Energyefficient equipment,annoyed,short
MULTI-SELECT,What are your primary methods for reducing waste generation?,Improved process efficiency; Recycling programs; Waste reduction initiatives; Waste-to-energy technologies; Improved material handling,Waste reduction initiatives,verbose,short
MULTI-SELECT,What are your primary methods for reducing waste generation?,Improved process efficiency; Recycling programs; Waste reduction initiatives; Waste-to-energy technologies; Improved material handling,Waste reduction initiatives,concise,short
MULTI-SELECT,What are your primary methods for reducing waste generation?,Improved process efficiency; Recycling programs; Waste reduction initiatives; Waste-to-energy technologies; Improved material handling,Waste reduction initiatives,colloquial,short
MULTI-SELECT,What are your primary methods for reducing waste generation?,Improved process efficiency; Recycling programs; Waste reduction initiatives; Waste-to-energy technologies; Improved material handling,Waste reduction initiatives,explanatory,short
MULTI-SELECT,What are your primary methods for reducing waste generation?,Improved process efficiency; Recycling programs; Waste reduction initiatives; Waste-to-energy technologies; Improved material handling,Waste reduction initiatives,annoyed,short
MULTI-SELECT,What are your primary sources of information about industry trends?,Industry publications; News websites; Social media; Conferences and trade shows; Industry analysts,Industry publications,verbose,short
MULTI-SELECT,What are your primary sources of information about industry trends?,Industry publications; News websites; Social media; Conferences and trade shows; Industry analysts,Industry publications,concise,short
MULTI-SELECT,What are your primary sources of information about industry trends?,Industry publications; News websites; Social media; Conferences and trade shows; Industry analysts,Industry publications,colloquial,short
MULTI-SELECT,What are your primary sources of information about industry trends?,Industry publications; News websites; Social media; Conferences and trade shows; Industry analysts,Industry publications,explanatory,short
MULTI-SELECT,What are your primary sources of information about industry trends?,Industry publications; News websites; Social media; Conferences and trade shows; Industry analysts,Industry publications,annoyed,short
MULTI-SELECT,What are your primary sources of leads?,Referral programs; Social media marketing; Content marketing; Email marketing; Paid advertising,Social media marketing,verbose,short
MULTI-SELECT,What are your primary sources of leads?,Referral programs; Social media marketing; Content marketing; Email marketing; Paid advertising,Social media marketing,concise,short
MULTI-SELECT,What are your primary sources of leads?,Referral programs; Social media marketing; Content marketing; Email marketing; Paid advertising,Social media marketing,explanatory,short
MULTI-SELECT,What are your primary sources of leads?,Referral programs; Social media marketing; Content marketing; Email marketing; Paid advertising,Social media marketing,annoyed,short
MULTI-SELECT,What are your sales team's key performance indicators (KPIs)?,Revenue generated; Number of deals closed; Average deal size; Sales cycle length; Customer acquisition cost (CAC),Revenue generated,verbose,short
MULTI-SELECT,What are your sales team's key performance indicators (KPIs)?,Revenue generated; Number of deals closed; Average deal size; Sales cycle length; Customer acquisition cost (CAC),Revenue generated,concise,short
MULTI-SELECT,What are your sales team's key performance indicators (KPIs)?,Revenue generated; Number of deals closed; Average deal size; Sales cycle length; Customer acquisition cost (CAC),Revenue generated,explanatory,short
MULTI-SELECT,What are your strengths as a software developer?,Problem-solving; Communication; Teamwork; Time management; Adaptability; Technical skills,Adaptability,verbose,short
MULTI-SELECT,What are your strengths as a software developer?,Problem-solving; Communication; Teamwork; Time management; Adaptability; Technical skills,Adaptability,concise,short
MULTI-SELECT,What are your strengths as a software developer?,Problem-solving; Communication; Teamwork; Time management; Adaptability; Technical skills,Adaptability is my strengths,colloquial,short
MULTI-SELECT,What are your strengths as a software developer?,Problem-solving; Communication; Teamwork; Time management; Adaptability; Technical skills,Adaptability,explanatory,short
MULTI-SELECT,What are your strengths as a software developer?,Problem-solving; Communication; Teamwork; Time management; Adaptability; Technical skills,Adaptability,annoyed,short
MULTI-SELECT,What are your top three priorities for improving your sales process?,Improving lead generation; Increasing conversion rates; Shortening the sales cycle; Improving sales team performance; Better lead qualification,Improving lead generation,concise,short
MULTI-SELECT,What challenges are you facing in your current marketing efforts?,Lack of budget; Lack of time; Lack of resources; Difficulty measuring ROI; Keeping up with industry trends,Lack of budget,verbose,short
MULTI-SELECT,What challenges are you facing in your current marketing efforts?,Lack of budget; Lack of time; Lack of resources; Difficulty measuring ROI; Keeping up with industry trends,Lack of budget,concise,short
MULTI-SELECT,What challenges are you facing in your current marketing efforts?,Lack of budget; Lack of time; Lack of resources; Difficulty measuring ROI; Keeping up with industry trends,Lack of budget,colloquial,short
MULTI-SELECT,What challenges are you facing in your current marketing efforts?,Lack of budget; Lack of time; Lack of resources; Difficulty measuring ROI; Keeping up with industry trends,Lack of budget,explanatory,short
MULTI-SELECT,What challenges are you facing in your current marketing efforts?,Lack of budget; Lack of time; Lack of resources; Difficulty measuring ROI; Keeping up with industry trends,Lack of budget,annoyed,short
MULTI-SELECT,What cloud platforms are you familiar with?,AWS; Azure; Google Cloud Platform,I am familiar with AWS,concise,short
MULTI-SELECT,What cloud platforms are you familiar with?,AWS; Azure; Google Cloud Platform,I am familiar with AWS and Google Cloud Platform,colloquial,short
MULTI-SELECT,What cloud platforms are you familiar with?,AWS; Azure; Google Cloud Platform,I am familiar with AWS and Google Cloud Platform,annoyed,short
MULTI-SELECT,What communication tools do you use for internal and external communication?,Email; Instant messaging; Video conferencing; Project management software; Intranet,Email,verbose,short
MULTI-SELECT,What communication tools do you use for internal and external communication?,Email; Instant messaging; Video conferencing; Project management software; Intranet,Email,concise,short
MULTI-SELECT,What communication tools do you use for internal and external communication?,Email; Instant messaging; Video conferencing; Project management software; Intranet,Email,explanatory,short
MULTI-SELECT,What communication tools do you use for internal and external communication?,Email; Instant messaging; Video conferencing; Project management software; Intranet,Email,annoyed,short
MULTI-SELECT,What energy sources do you primarily use?,Natural gas; Coal; Electricity; Renewable energy; Oil,Renewable energy,verbose,short
MULTI-SELECT,What energy sources do you primarily use?,Natural gas; Coal; Electricity; Renewable energy; Oil,Renewable energy,concise,short
MULTI-SELECT,What energy sources do you primarily use?,Natural gas; Coal; Electricity; Renewable energy; Oil,Renewable energy,colloquial,short
MULTI-SELECT,What energy sources do you primarily use?,Natural gas; Coal; Electricity; Renewable energy; Oil,Renewable energy,explanatory,short
MULTI-SELECT,What energy sources do you primarily use?,Natural gas; Coal; Electricity; Renewable energy; Oil,Renewable energy,annoyed,short
MULTI-SELECT,What is your current sales process?,Inbound marketing; Outbound marketing; Sales calls; Email outreach; Social selling,Inbound marketing,verbose,short
MULTI-SELECT,What is your current sales process?,Inbound marketing; Outbound marketing; Sales calls; Email outreach; Social selling,Inbound marketing,concise,short
MULTI-SELECT,What is your current sales process?,Inbound marketing; Outbound marketing; Sales calls; Email outreach; Social selling,Inbound marketing,colloquial,short
MULTI-SELECT,What is your current sales process?,Inbound marketing; Outbound marketing; Sales calls; Email outreach; Social selling,Inbound marketing,explanatory,short
MULTI-SELECT,What is your current sales process?,Inbound marketing; Outbound marketing; Sales calls; Email outreach; Social selling,Inbound marketing,annoyed,short
MULTI-SELECT,What materials do you primarily process or manufacture?,Iron ore; Crude oil; Limestone; Chemicals; Plastics,Limestone,verbose,short
MULTI-SELECT,What materials do you primarily process or manufacture?,Iron ore; Crude oil; Limestone; Chemicals; Plastics,Limestone,concise,short
MULTI-SELECT,What materials do you primarily process or manufacture?,Iron ore; Crude oil; Limestone; Chemicals; Plastics,Limestone,explanatory,short
MULTI-SELECT,What methodologies have you used in software development?,Agile; Scrum; Kanban; Waterfall; XP (Extreme Programming),Agile,explanatory,short
MULTI-SELECT,What methods do you use to manage your inventory?,"First-In, First-Out (FIFO); Last-In, First-Out (LIFO); Weighted-Average Cost; Specific Identification; Inventory Management Software",Inventory Management Software,verbose,short
MULTI-SELECT,What methods do you use to manage your inventory?,"First-In, First-Out (FIFO); Last-In, First-Out (LIFO); Weighted-Average Cost; Specific Identification; Inventory Management Software",Inventory Management Software,concise,short
MULTI-SELECT,What methods do you use to manage your inventory?,"First-In, First-Out (FIFO); Last-In, First-Out (LIFO); Weighted-Average Cost; Specific Identification; Inventory Management Software",Inventory Management Software,colloquial,short
MULTI-SELECT,What methods do you use to manage your inventory?,"First-In, First-Out (FIFO); Last-In, First-Out (LIFO); Weighted-Average Cost; Specific Identification; Inventory Management Software",Inventory Management Software,explanatory,short
MULTI-SELECT,What methods do you use to manage your inventory?,"First-In, First-Out (FIFO); Last-In, First-Out (LIFO); Weighted-Average Cost; Specific Identification; Inventory Management Software",Inventory Management Software,annoyed,short
MULTI-SELECT,What programming languages are you proficient in?,Python; Java; JavaScript; C++; C#; Go; Swift; Kotlin; PHP; Ruby,I am proficient in CGo Swift Kotlin and Ruby,verbose,short
MULTI-SELECT,What programming languages are you proficient in?,Python; Java; JavaScript; C++; C#; Go; Swift; Kotlin; PHP; Ruby,I am proficient in CGo Swift Kotlin and Ruby,colloquial,short
MULTI-SELECT,What programming languages are you proficient in?,Python; Java; JavaScript; C++; C#; Go; Swift; Kotlin; PHP; Ruby,I am proficient in CGo Swift Kotlin and Ruby,explanatory,short
MULTI-SELECT,What programming languages are you proficient in?,Python; Java; JavaScript; C++; C#; Go; Swift; Kotlin; PHP; Ruby,I am proficient in CGo Swift and Kotlin,annoyed,short
MULTI-SELECT,What regulatory bodies do you interact with?,Environmental Protection Agency (EPA); Occupational Safety and Health Administration (OSHA); Department of Transportation (DOT); Local environmental agencies; Industry-specific regulatory bodies,Industryspecific regulatory bodies,verbose,short
MULTI-SELECT,What regulatory bodies do you interact with?,Environmental Protection Agency (EPA); Occupational Safety and Health Administration (OSHA); Department of Transportation (DOT); Local environmental agencies; Industry-specific regulatory bodies,Industryspecific regulatory bodies,concise,short
MULTI-SELECT,What regulatory bodies do you interact with?,Environmental Protection Agency (EPA); Occupational Safety and Health Administration (OSHA); Department of Transportation (DOT); Local environmental agencies; Industry-specific regulatory bodies,Industryspecific regulatory bodies,colloquial,short
MULTI-SELECT,What regulatory bodies do you interact with?,Environmental Protection Agency (EPA); Occupational Safety and Health Administration (OSHA); Department of Transportation (DOT); Local environmental agencies; Industry-specific regulatory bodies,DOT,explanatory,short
MULTI-SELECT,What regulatory bodies do you interact with?,Environmental Protection Agency (EPA); Occupational Safety and Health Administration (OSHA); Department of Transportation (DOT); Local environmental agencies; Industry-specific regulatory bodies,DOT,annoyed,short
MULTI-SELECT,What security practices are you familiar with?,OWASP Top 10; Authentication; Authorization; Encryption; Input validation; Output encoding; Secure coding practices,OWASP Top 10,verbose,short
MULTI-SELECT,What security practices are you familiar with?,OWASP Top 10; Authentication; Authorization; Encryption; Input validation; Output encoding; Secure coding practices,OWASP Top 10,colloquial,short
MULTI-SELECT,What security practices are you familiar with?,OWASP Top 10; Authentication; Authorization; Encryption; Input validation; Output encoding; Secure coding practices,OWASP Top 10,explanatory,short
MULTI-SELECT,What security practices are you familiar with?,OWASP Top 10; Authentication; Authorization; Encryption; Input validation; Output encoding; Secure coding practices,OWASP Top 10,annoyed,short
MULTI-SELECT,What supply chain management strategies do you utilize?,Just-in-time (JIT) inventory; Vendor managed inventory (VMI); Supplier relationship management (SRM); Risk management; Supply chain diversification,Supply chain diversification,verbose,short
MULTI-SELECT,What supply chain management strategies do you utilize?,Just-in-time (JIT) inventory; Vendor managed inventory (VMI); Supplier relationship management (SRM); Risk management; Supply chain diversification,Supply chain diversification,concise,short
MULTI-SELECT,What supply chain management strategies do you utilize?,Just-in-time (JIT) inventory; Vendor managed inventory (VMI); Supplier relationship management (SRM); Risk management; Supply chain diversification,Supply chain diversification,colloquial,short
MULTI-SELECT,What supply chain management strategies do you utilize?,Just-in-time (JIT) inventory; Vendor managed inventory (VMI); Supplier relationship management (SRM); Risk management; Supply chain diversification,Supply chain diversification,explanatory,short
MULTI-SELECT,What supply chain management strategies do you utilize?,Just-in-time (JIT) inventory; Vendor managed inventory (VMI); Supplier relationship management (SRM); Risk management; Supply chain diversification,Supply chain diversification,annoyed,short
MULTI-SELECT,What testing methodologies are you familiar with?,Unit testing; Integration testing; System testing; User acceptance testing; Agile testing; Waterfall testing,I am familiar with Integration testing,verbose,short
MULTI-SELECT,What testing methodologies are you familiar with?,Unit testing; Integration testing; System testing; User acceptance testing; Agile testing; Waterfall testing,I am familiar with integration testing,concise,short
MULTI-SELECT,What testing methodologies are you familiar with?,Unit testing; Integration testing; System testing; User acceptance testing; Agile testing; Waterfall testing,I am familiar with Unit testing,colloquial,short
MULTI-SELECT,What testing methodologies are you familiar with?,Unit testing; Integration testing; System testing; User acceptance testing; Agile testing; Waterfall testing,I am familiar with Integration testing,explanatory,short
MULTI-SELECT,What testing methodologies are you familiar with?,Unit testing; Integration testing; System testing; User acceptance testing; Agile testing; Waterfall testing,I am familiar with Unit testing,annoyed,short
MULTI-SELECT,What tools do you use for project management?,Jira; Trello; Asana; Monday.com; Microsoft Project,Jira is the best project management tool,verbose,short
MULTI-SELECT,What tools do you use for project management?,Jira; Trello; Asana; Monday.com; Microsoft Project,Jira,concise,short
MULTI-SELECT,What tools do you use for project management?,Jira; Trello; Asana; Monday.com; Microsoft Project,Jira is the best project management tool,colloquial,short
MULTI-SELECT,What tools do you use for project management?,Jira; Trello; Asana; Monday.com; Microsoft Project,Jira is the best project management tool,explanatory,short
MULTI-SELECT,What tools do you use for project management?,Jira; Trello; Asana; Monday.com; Microsoft Project,Jira is the best project management tool,annoyed,short
MULTI-SELECT,What training programs do you offer your employees?,Safety training; Technical skills training; Leadership development; Environmental awareness training; On-the-job training,Onthejob training,concise,short
MULTI-SELECT,What training programs do you offer your employees?,Safety training; Technical skills training; Leadership development; Environmental awareness training; On-the-job training,Onthejob training,annoyed,short
MULTI-SELECT,What type of sales leads are you most interested in?,High-value leads; Qualified leads; Marketing qualified leads (MQLs); Sales qualified leads (SQLs); All leads,Highvalue leads,verbose,short
MULTI-SELECT,What type of sales leads are you most interested in?,High-value leads; Qualified leads; Marketing qualified leads (MQLs); Sales qualified leads (SQLs); All leads,Highvalue leads,concise,short
MULTI-SELECT,What type of sales leads are you most interested in?,High-value leads; Qualified leads; Marketing qualified leads (MQLs); Sales qualified leads (SQLs); All leads,Highvalue leads,colloquial,short
MULTI-SELECT,What type of sales leads are you most interested in?,High-value leads; Qualified leads; Marketing qualified leads (MQLs); Sales qualified leads (SQLs); All leads,Highvalue leads,explanatory,short
MULTI-SELECT,What type of sales leads are you most interested in?,High-value leads; Qualified leads; Marketing qualified leads (MQLs); Sales qualified leads (SQLs); All leads,Highvalue leads,annoyed,short
MULTI-SELECT,What types of  cloud computing services do you use?,Amazon Web Services (AWS); Microsoft Azure; Google Cloud Platform (GCP); IBM Cloud; Oracle Cloud,Microsoft Azure is a cloud computing service,concise,short
MULTI-SELECT,What types of  cybersecurity software do you use?,CrowdStrike; Palo Alto Networks; Fortinet; Check Point; Symantec,Fortinet is a cybersecurity software company,verbose,short
MULTI-SELECT,What types of  cybersecurity software do you use?,CrowdStrike; Palo Alto Networks; Fortinet; Check Point; Symantec,Fortinet is a cybersecurity software company,concise,short
MULTI-SELECT,What types of  cybersecurity software do you use?,CrowdStrike; Palo Alto Networks; Fortinet; Check Point; Symantec,Fortinet is a cybersecurity software company,colloquial,short
MULTI-SELECT,What types of  cybersecurity software do you use?,CrowdStrike; Palo Alto Networks; Fortinet; Check Point; Symantec,Fortinet is a cybersecurity software,explanatory,short
MULTI-SELECT,What types of  cybersecurity software do you use?,CrowdStrike; Palo Alto Networks; Fortinet; Check Point; Symantec,Fortinet is a cybersecurity software company,annoyed,short
MULTI-SELECT,What types of  data analytics tools do you use?,Tableau; Power BI; Qlik Sense; Splunk; Google Data Studio,Tableau,verbose,short
MULTI-SELECT,What types of  data analytics tools do you use?,Tableau; Power BI; Qlik Sense; Splunk; Google Data Studio,Tableau,concise,short
MULTI-SELECT,What types of  data analytics tools do you use?,Tableau; Power BI; Qlik Sense; Splunk; Google Data Studio,Tableau is my favorite data analytics tool,colloquial,short
MULTI-SELECT,What types of  data analytics tools do you use?,Tableau; Power BI; Qlik Sense; Splunk; Google Data Studio,Tableau,explanatory,short
MULTI-SELECT,What types of  data analytics tools do you use?,Tableau; Power BI; Qlik Sense; Splunk; Google Data Studio,Tableau,annoyed,short
MULTI-SELECT,What types of  maintenance software do you use?,SAP PM; IBM Maximo; Oracle EAM; Infor EAM; Microsoft Dynamics 365,Microsoft Dynamics 365,verbose,short
MULTI-SELECT,What types of  maintenance software do you use?,SAP PM; IBM Maximo; Oracle EAM; Infor EAM; Microsoft Dynamics 365,Microsoft Dynamics 365,concise,short
MULTI-SELECT,What types of  maintenance software do you use?,SAP PM; IBM Maximo; Oracle EAM; Infor EAM; Microsoft Dynamics 365,IBM Maximo is a maintenance software,colloquial,short
MULTI-SELECT,What types of  maintenance software do you use?,SAP PM; IBM Maximo; Oracle EAM; Infor EAM; Microsoft Dynamics 365,Microsoft Dynamics 365,explanatory,short
MULTI-SELECT,What types of  maintenance software do you use?,SAP PM; IBM Maximo; Oracle EAM; Infor EAM; Microsoft Dynamics 365,Infor EAM is a maintenance software,annoyed,short
MULTI-SELECT,What types of  project management software do you use?,Microsoft Project; Asana; Jira; Trello; Monday.com,Asana is a project management software,verbose,short
MULTI-SELECT,What types of  project management software do you use?,Microsoft Project; Asana; Jira; Trello; Monday.com,Asana is a project management software,concise,short
MULTI-SELECT,What types of  project management software do you use?,Microsoft Project; Asana; Jira; Trello; Monday.com,Asana is a project management software,explanatory,short
MULTI-SELECT,What types of  project management software do you use?,Microsoft Project; Asana; Jira; Trello; Monday.com,Asana is a project management software,annoyed,short
MULTI-SELECT,What types of  risk management software do you use?,Archer; ServiceNow; MetricStream; Riskonnect; LogicManager,LogicManager,verbose,short
MULTI-SELECT,What types of  risk management software do you use?,Archer; ServiceNow; MetricStream; Riskonnect; LogicManager,LogicManager,concise,short
MULTI-SELECT,What types of  risk management software do you use?,Archer; ServiceNow; MetricStream; Riskonnect; LogicManager,LogicManager is a risk management software,colloquial,short
MULTI-SELECT,What types of  risk management software do you use?,Archer; ServiceNow; MetricStream; Riskonnect; LogicManager,LogicManager,explanatory,short
MULTI-SELECT,What types of  risk management software do you use?,Archer; ServiceNow; MetricStream; Riskonnect; LogicManager,LogicManager,annoyed,short
MULTI-SELECT,What types of communication protocols are you familiar with?,HTTP; HTTPS; TCP/IP; UDP; REST; GraphQL,I am familiar with HTTPS TCPIP UDP REST GraphQL,verbose,short
MULTI-SELECT,What types of communication protocols are you familiar with?,HTTP; HTTPS; TCP/IP; UDP; REST; GraphQL,I am familiar with TCPIP,concise,short
MULTI-SELECT,What types of communication protocols are you familiar with?,HTTP; HTTPS; TCP/IP; UDP; REST; GraphQL,TCPIP UDP and GraphQL,explanatory,short
MULTI-SELECT,What types of communication protocols are you familiar with?,HTTP; HTTPS; TCP/IP; UDP; REST; GraphQL,I am familiar with TCPIP and UDP,annoyed,short
MULTI-SELECT,What types of data do you collect to monitor your operations?,Production data; Energy consumption data; Environmental data; Safety data; Maintenance data,Production data,verbose,short
MULTI-SELECT,What types of data do you collect to monitor your operations?,Production data; Energy consumption data; Environmental data; Safety data; Maintenance data,Production data,concise,short
MULTI-SELECT,What types of data do you collect to monitor your operations?,Production data; Energy consumption data; Environmental data; Safety data; Maintenance data,Production data,colloquial,short
MULTI-SELECT,What types of data do you collect to monitor your operations?,Production data; Energy consumption data; Environmental data; Safety data; Maintenance data,Production data,explanatory,short
MULTI-SELECT,What types of data do you collect to monitor your operations?,Production data; Energy consumption data; Environmental data; Safety data; Maintenance data,Production data,annoyed,short
MULTI-SELECT,What types of data structures are you comfortable using?,Arrays; Linked Lists; Trees; Graphs; Hash Tables; Stacks; Queues,Linked Lists,verbose,short
MULTI-SELECT,What types of data structures are you comfortable using?,Arrays; Linked Lists; Trees; Graphs; Hash Tables; Stacks; Queues,Linked Lists,concise,short
MULTI-SELECT,What types of data structures are you comfortable using?,Arrays; Linked Lists; Trees; Graphs; Hash Tables; Stacks; Queues,Linked Lists are my favorite data structures,colloquial,short
MULTI-SELECT,What types of data structures are you comfortable using?,Arrays; Linked Lists; Trees; Graphs; Hash Tables; Stacks; Queues,Linked Lists,explanatory,short
MULTI-SELECT,What types of data structures are you comfortable using?,Arrays; Linked Lists; Trees; Graphs; Hash Tables; Stacks; Queues,Linked Lists are my favorite data structures,annoyed,short
MULTI-SELECT,What types of databases have you used in your projects?,Relational databases; NoSQL databases; Graph databases,I have used Relational databases in my projects,verbose,short
MULTI-SELECT,What types of databases have you used in your projects?,Relational databases; NoSQL databases; Graph databases,I have used Relational databases in my projects,colloquial,short
MULTI-SELECT,What types of databases have you used in your projects?,Relational databases; NoSQL databases; Graph databases,Relational databases,explanatory,short
MULTI-SELECT,What types of databases have you used in your projects?,Relational databases; NoSQL databases; Graph databases,NoSQL databases,annoyed,short
MULTI-SELECT,What types of design patterns are you familiar with?,Singleton; Factory; Observer; MVC; MVVM; Decorator; Adapter; Strategy,Observer,verbose,short
MULTI-SELECT,What types of design patterns are you familiar with?,Singleton; Factory; Observer; MVC; MVVM; Decorator; Adapter; Strategy,MVVM is a type of design pattern,concise,short
MULTI-SELECT,What types of design patterns are you familiar with?,Singleton; Factory; Observer; MVC; MVVM; Decorator; Adapter; Strategy,Observer,colloquial,short
MULTI-SELECT,What types of design patterns are you familiar with?,Singleton; Factory; Observer; MVC; MVVM; Decorator; Adapter; Strategy,Observer,explanatory,short
MULTI-SELECT,What types of design patterns are you familiar with?,Singleton; Factory; Observer; MVC; MVVM; Decorator; Adapter; Strategy,Observer,annoyed,short
MULTI-SELECT,What types of design patterns are you most comfortable using?,Creational patterns; Structural patterns; Behavioral patterns,Im most comfortable using Structural patterns,verbose,short
MULTI-SELECT,What types of design patterns are you most comfortable using?,Creational patterns; Structural patterns; Behavioral patterns,Im most comfortable using Structural patterns,concise,short
MULTI-SELECT,What types of design patterns are you most comfortable using?,Creational patterns; Structural patterns; Behavioral patterns,Im most comfortable using Structural patterns,explanatory,short
MULTI-SELECT,What types of design patterns are you most comfortable using?,Creational patterns; Structural patterns; Behavioral patterns,Im most comfortable using Structural patterns,annoyed,short
MULTI-SELECT,What types of design patterns have you implemented in your projects?,Creational patterns; Structural patterns; Behavioral patterns,Structural patterns,verbose,short
MULTI-SELECT,What types of design patterns have you implemented in your projects?,Creational patterns; Structural patterns; Behavioral patterns,Structural patterns,concise,short
MULTI-SELECT,What types of design patterns have you implemented in your projects?,Creational patterns; Structural patterns; Behavioral patterns,Structural patterns,colloquial,short
MULTI-SELECT,What types of design patterns have you implemented in your projects?,Creational patterns; Structural patterns; Behavioral patterns,Structural patterns,explanatory,short
MULTI-SELECT,What types of design patterns have you implemented in your projects?,Creational patterns; Structural patterns; Behavioral patterns,Structural patterns,annoyed,short
MULTI-SELECT,What types of design principles are you familiar with?,"SOLID principles; DRY (Don't Repeat Yourself); KISS (Keep It Simple, Stupid); YAGNI (You Ain't Gonna Need It)",SOLID principles,verbose,short
MULTI-SELECT,What types of design principles are you familiar with?,"SOLID principles; DRY (Don't Repeat Yourself); KISS (Keep It Simple, Stupid); YAGNI (You Ain't Gonna Need It)",SOLID principles,concise,short
MULTI-SELECT,What types of design principles are you familiar with?,"SOLID principles; DRY (Don't Repeat Yourself); KISS (Keep It Simple, Stupid); YAGNI (You Ain't Gonna Need It)",SOLID principles,colloquial,short
MULTI-SELECT,What types of design principles are you familiar with?,"SOLID principles; DRY (Don't Repeat Yourself); KISS (Keep It Simple, Stupid); YAGNI (You Ain't Gonna Need It)",SOLID principles,explanatory,short
MULTI-SELECT,What types of design principles are you familiar with?,"SOLID principles; DRY (Don't Repeat Yourself); KISS (Keep It Simple, Stupid); YAGNI (You Ain't Gonna Need It)",SOLID principles,annoyed,short
MULTI-SELECT,What types of diagrams are you familiar with?,UML diagrams; Flowcharts; Entity-relationship diagrams; Data flow diagrams; State diagrams,I am familiar with UML diagrams,verbose,short
MULTI-SELECT,What types of diagrams are you familiar with?,UML diagrams; Flowcharts; Entity-relationship diagrams; Data flow diagrams; State diagrams,I am familiar with UML diagrams,concise,short
MULTI-SELECT,What types of diagrams are you familiar with?,UML diagrams; Flowcharts; Entity-relationship diagrams; Data flow diagrams; State diagrams,I am familiar with UML diagrams,colloquial,short
MULTI-SELECT,What types of diagrams are you familiar with?,UML diagrams; Flowcharts; Entity-relationship diagrams; Data flow diagrams; State diagrams,I am familiar with UML diagrams,explanatory,short
MULTI-SELECT,What types of diagrams are you familiar with?,UML diagrams; Flowcharts; Entity-relationship diagrams; Data flow diagrams; State diagrams,I am familiar with UML diagrams,annoyed,short
MULTI-SELECT,What types of diversity and inclusion initiatives does your company have?,Diversity training; Employee resource groups; Mentorship programs; Inclusive hiring practices; Accessibility initiatives,Diversity training,verbose,short
MULTI-SELECT,What types of diversity and inclusion initiatives does your company have?,Diversity training; Employee resource groups; Mentorship programs; Inclusive hiring practices; Accessibility initiatives,Diversity training,concise,short
MULTI-SELECT,What types of diversity and inclusion initiatives does your company have?,Diversity training; Employee resource groups; Mentorship programs; Inclusive hiring practices; Accessibility initiatives,Diversity training,colloquial,short
MULTI-SELECT,What types of diversity and inclusion initiatives does your company have?,Diversity training; Employee resource groups; Mentorship programs; Inclusive hiring practices; Accessibility initiatives,Diversity training,explanatory,short
MULTI-SELECT,What types of documentation are you comfortable creating?,User manuals; Technical specifications; API documentation; Design documents; Test plans,User manuals,verbose,short
MULTI-SELECT,What types of documentation are you comfortable creating?,User manuals; Technical specifications; API documentation; Design documents; Test plans,User manuals,concise,short
MULTI-SELECT,What types of documentation are you comfortable creating?,User manuals; Technical specifications; API documentation; Design documents; Test plans,User manuals,explanatory,short
MULTI-SELECT,What types of employee benefits does your company offer?,Health insurance; Retirement plan; Paid time off; Tuition reimbursement; Child care assistance,Health insurance is a type of employee benefit,colloquial,short
MULTI-SELECT,What types of employee benefits does your company offer?,Health insurance; Retirement plan; Paid time off; Tuition reimbursement; Child care assistance,Health insurance is a type of employee benefit,explanatory,short
MULTI-SELECT,What types of events do you typically attend?,Conferences; Trade shows; Seminars; Workshops; Networking events,I typically attend networking events,verbose,short
MULTI-SELECT,What types of events do you typically attend?,Conferences; Trade shows; Seminars; Workshops; Networking events,I typically attend networking events,concise,short
MULTI-SELECT,What types of events do you typically attend?,Conferences; Trade shows; Seminars; Workshops; Networking events,I typically attend networking events,colloquial,short
MULTI-SELECT,What types of events do you typically attend?,Conferences; Trade shows; Seminars; Workshops; Networking events,I typically attend networking events,explanatory,short
MULTI-SELECT,What types of events do you typically attend?,Conferences; Trade shows; Seminars; Workshops; Networking events,I typically attend networking events,annoyed,short
MULTI-SELECT,What types of heavy machinery do you utilize?,Bulldozers; Excavator; Cranes; Forklifts; Heavy-duty trucks,Forklifts,verbose,short
MULTI-SELECT,What types of heavy machinery do you utilize?,Bulldozers; Excavator; Cranes; Forklifts; Heavy-duty trucks,Forklifts,concise,short
MULTI-SELECT,What types of heavy machinery do you utilize?,Bulldozers; Excavator; Cranes; Forklifts; Heavy-duty trucks,Forklifts,colloquial,short
MULTI-SELECT,What types of heavy machinery do you utilize?,Bulldozers; Excavator; Cranes; Forklifts; Heavy-duty trucks,Forklifts,annoyed,short
MULTI-SELECT,What types of industrial automation systems do you use?,Programmable Logic Controllers (PLCs); Supervisory Control and Data Acquisition (SCADA); Distributed Control Systems (DCS); Human-Machine Interfaces (HMIs); Industrial Ethernet,Industrial Ethernet,concise,short
MULTI-SELECT,What types of industrial automation systems do you use?,Programmable Logic Controllers (PLCs); Supervisory Control and Data Acquisition (SCADA); Distributed Control Systems (DCS); Human-Machine Interfaces (HMIs); Industrial Ethernet,Industrial Ethernet,explanatory,short
MULTI-SELECT,What types of industrial automation systems do you use?,Programmable Logic Controllers (PLCs); Supervisory Control and Data Acquisition (SCADA); Distributed Control Systems (DCS); Human-Machine Interfaces (HMIs); Industrial Ethernet,I use Distributed Control Systems DCS,annoyed,short
MULTI-SELECT,What types of maintenance strategies do you employ?,Preventive maintenance; Predictive maintenance; Corrective maintenance; Condition-based maintenance; Total productive maintenance (TPM),Preventive maintenance,verbose,short
MULTI-SELECT,What types of maintenance strategies do you employ?,Preventive maintenance; Predictive maintenance; Corrective maintenance; Condition-based maintenance; Total productive maintenance (TPM),Preventive maintenance,concise,short
MULTI-SELECT,What types of maintenance strategies do you employ?,Preventive maintenance; Predictive maintenance; Corrective maintenance; Condition-based maintenance; Total productive maintenance (TPM),Preventive maintenance,colloquial,short
MULTI-SELECT,What types of maintenance strategies do you employ?,Preventive maintenance; Predictive maintenance; Corrective maintenance; Condition-based maintenance; Total productive maintenance (TPM),Preventive maintenance,explanatory,short
MULTI-SELECT,What types of maintenance strategies do you employ?,Preventive maintenance; Predictive maintenance; Corrective maintenance; Condition-based maintenance; Total productive maintenance (TPM),Preventive maintenance,annoyed,short
MULTI-SELECT,What types of marketing channels does your company use?,Digital marketing; Social media marketing; Email marketing; Content marketing; Traditional marketing,Traditional marketing,concise,short
MULTI-SELECT,What types of projects are you interested in?,Web development; Mobile app development; Data science; Machine learning; Artificial intelligence; Game development; Software engineering,Software engineering,verbose,short
MULTI-SELECT,What types of projects are you interested in?,Web development; Mobile app development; Data science; Machine learning; Artificial intelligence; Game development; Software engineering,I am interested in Software Engineering,concise,short
MULTI-SELECT,What types of projects are you interested in?,Web development; Mobile app development; Data science; Machine learning; Artificial intelligence; Game development; Software engineering,I am interested in Software Engineering,colloquial,short
MULTI-SELECT,What types of projects are you interested in?,Web development; Mobile app development; Data science; Machine learning; Artificial intelligence; Game development; Software engineering,Software engineering,explanatory,short
MULTI-SELECT,What types of projects are you interested in?,Web development; Mobile app development; Data science; Machine learning; Artificial intelligence; Game development; Software engineering,I am interested in Software engineering,annoyed,short
MULTI-SELECT,What types of quality certifications do you hold?,ISO 9001; ISO 14001; OHSAS 18001; ISO 27001; Industry-specific certifications,ISO 9001,verbose,short
MULTI-SELECT,What types of quality certifications do you hold?,ISO 9001; ISO 14001; OHSAS 18001; ISO 27001; Industry-specific certifications,ISO 9001,concise,short
MULTI-SELECT,What types of quality certifications do you hold?,ISO 9001; ISO 14001; OHSAS 18001; ISO 27001; Industry-specific certifications,ISO 9001,colloquial,short
MULTI-SELECT,What types of quality certifications do you hold?,ISO 9001; ISO 14001; OHSAS 18001; ISO 27001; Industry-specific certifications,ISO 9001,explanatory,short
MULTI-SELECT,What types of quality certifications do you hold?,ISO 9001; ISO 14001; OHSAS 18001; ISO 27001; Industry-specific certifications,ISO 9001,annoyed,short
MULTI-SELECT,What types of quality control measures do you employ?,Regular inspections; Testing; Statistical process control (SPC); ISO 9001 certification; Six Sigma methodology,Regular inspections,verbose,short
MULTI-SELECT,What types of quality control measures do you employ?,Regular inspections; Testing; Statistical process control (SPC); ISO 9001 certification; Six Sigma methodology,Regular inspections,annoyed,short
MULTI-SELECT,What types of research and development activities are you undertaking?,Process improvement; New product development; Sustainability initiatives; Automation technology; Materials science,I am undertaking New product development,verbose,short
MULTI-SELECT,What types of research and development activities are you undertaking?,Process improvement; New product development; Sustainability initiatives; Automation technology; Materials science,I am undertaking new product development,concise,short
MULTI-SELECT,What types of research and development activities are you undertaking?,Process improvement; New product development; Sustainability initiatives; Automation technology; Materials science,I am undertaking new product development,colloquial,short
MULTI-SELECT,What types of research and development activities are you undertaking?,Process improvement; New product development; Sustainability initiatives; Automation technology; Materials science,New product development,explanatory,short
MULTI-SELECT,What types of research and development activities are you undertaking?,Process improvement; New product development; Sustainability initiatives; Automation technology; Materials science,I am undertaking new product development,annoyed,short
MULTI-SELECT,What types of research and development activities does your company undertake?,Basic research; Applied research; Development; Innovation; Technology transfer,Applied research,verbose,short
MULTI-SELECT,What types of research and development activities does your company undertake?,Basic research; Applied research; Development; Innovation; Technology transfer,Applied research,concise,short
MULTI-SELECT,What types of research and development activities does your company undertake?,Basic research; Applied research; Development; Innovation; Technology transfer,Applied research,colloquial,short
MULTI-SELECT,What types of research and development activities does your company undertake?,Basic research; Applied research; Development; Innovation; Technology transfer,Applied research,explanatory,short
MULTI-SELECT,What types of research and development activities does your company undertake?,Basic research; Applied research; Development; Innovation; Technology transfer,Applied research,annoyed,short
MULTI-SELECT,What types of sales reports are most valuable to your team?,Sales pipeline reports; Lead conversion reports; Sales forecast reports; Sales performance reports; Customer segmentation reports,Sales performance reports,concise,short
MULTI-SELECT,What types of sales tools and technologies does your team currently use?,CRM software; Sales automation tools; Sales intelligence platforms; Proposal software; Communication and collaboration tools,CRM software is the most common sales tool,concise,short
MULTI-SELECT,What types of sales training do your sales reps need?,Product knowledge training; Sales techniques training; Customer relationship management (CRM) training; Negotiation skills training; Closing skills training,Sales techniques training,verbose,short
MULTI-SELECT,What types of sales training do your sales reps need?,Product knowledge training; Sales techniques training; Customer relationship management (CRM) training; Negotiation skills training; Closing skills training,Sales techniques training,concise,short
MULTI-SELECT,What types of sales training do your sales reps need?,Product knowledge training; Sales techniques training; Customer relationship management (CRM) training; Negotiation skills training; Closing skills training,Sales techniques training,explanatory,short
MULTI-SELECT,What types of sales training do your sales reps need?,Product knowledge training; Sales techniques training; Customer relationship management (CRM) training; Negotiation skills training; Closing skills training,Sales techniques training,annoyed,short
MULTI-SELECT,What types of software architectures are you familiar with?,Microservices; Monolithic; Layered; Event-driven,Microservices,verbose,short
MULTI-SELECT,What types of software architectures are you familiar with?,Microservices; Monolithic; Layered; Event-driven,Microservices,concise,short
MULTI-SELECT,What types of software architectures are you familiar with?,Microservices; Monolithic; Layered; Event-driven,Microservices is a type of software architecture,colloquial,short
MULTI-SELECT,What types of software development environments have you worked in?,Agile; Waterfall; DevOps; Continuous integration/continuous delivery (CI/CD),Ive worked in Agile DevOps and CICD,colloquial,short
MULTI-SELECT,What types of software development environments have you worked in?,Agile; Waterfall; DevOps; Continuous integration/continuous delivery (CI/CD),Ive worked in Agile DevOps and CICD,annoyed,short
MULTI-SELECT,What types of software development methodologies have you experienced?,Agile; Waterfall; Lean; Kanban; Scrum,Ive experienced Agile Waterfall Lean and Scrum,verbose,short
MULTI-SELECT,What types of software development methodologies have you experienced?,Agile; Waterfall; Lean; Kanban; Scrum,Agile,concise,short
MULTI-SELECT,What types of software development methodologies have you experienced?,Agile; Waterfall; Lean; Kanban; Scrum,I have experienced Agile Waterfall Lean and Scrum,colloquial,short
MULTI-SELECT,What types of software development projects have you worked on?,Web applications; Mobile applications; Desktop applications; Embedded systems; Data science projects,I have worked on Embedded systems,concise,short
MULTI-SELECT,What types of software development projects have you worked on?,Web applications; Mobile applications; Desktop applications; Embedded systems; Data science projects,I have worked on Embedded systems,colloquial,short
MULTI-SELECT,What types of software development projects have you worked on?,Web applications; Mobile applications; Desktop applications; Embedded systems; Data science projects,I have worked on Embedded systems,annoyed,short
MULTI-SELECT,What types of software do you use for production planning and scheduling?,SAP PP; Oracle Production Planning; Microsoft Dynamics 365 for Finance and Operations; Infor LN; Epicor ERP,Microsoft Dynamics 365 for Finance and Operations,verbose,short
MULTI-SELECT,What types of software do you use for production planning and scheduling?,SAP PP; Oracle Production Planning; Microsoft Dynamics 365 for Finance and Operations; Infor LN; Epicor ERP,Microsoft Dynamics 365 for Finance and Operations,concise,short
MULTI-SELECT,What types of software do you use for production planning and scheduling?,SAP PP; Oracle Production Planning; Microsoft Dynamics 365 for Finance and Operations; Infor LN; Epicor ERP,Microsoft Dynamics 365 for Finance and Operations,colloquial,short
MULTI-SELECT,What types of software do you use for production planning and scheduling?,SAP PP; Oracle Production Planning; Microsoft Dynamics 365 for Finance and Operations; Infor LN; Epicor ERP,Microsoft Dynamics 365 for Finance and Operations,explanatory,short
MULTI-SELECT,What types of software do you use for production planning and scheduling?,SAP PP; Oracle Production Planning; Microsoft Dynamics 365 for Finance and Operations; Infor LN; Epicor ERP,Microsoft Dynamics 365 for Finance and Operations,annoyed,short
MULTI-SELECT,What types of software licenses are you familiar with?,GPL; MIT; Apache 2.0; BSD; Proprietary,GPL is a type of software license,verbose,short
MULTI-SELECT,What types of software licenses are you familiar with?,GPL; MIT; Apache 2.0; BSD; Proprietary,GPL is a type of software license,concise,short
MULTI-SELECT,What types of software licenses are you familiar with?,GPL; MIT; Apache 2.0; BSD; Proprietary,GPL is the most common license,explanatory,short
MULTI-SELECT,What types of software licenses are you familiar with?,GPL; MIT; Apache 2.0; BSD; Proprietary,GPL is the most common type of software license,annoyed,short
MULTI-SELECT,What types of technology does your company use?,Cloud computing; Big data analytics; Artificial intelligence; Machine learning; Internet of Things (IoT),IoT,concise,short
MULTI-SELECT,What types of technology does your company use?,Cloud computing; Big data analytics; Artificial intelligence; Machine learning; Internet of Things (IoT),IoT,explanatory,short
MULTI-SELECT,What types of testing frameworks have you used?,JUnit; Pytest; Jest; Mocha,Jest is a testing framework,verbose,short
MULTI-SELECT,What types of testing frameworks have you used?,JUnit; Pytest; Jest; Mocha,Jest is a testing framework,concise,short
MULTI-SELECT,What types of testing frameworks have you used?,JUnit; Pytest; Jest; Mocha,JUnit is the most popular testing framework,colloquial,short
MULTI-SELECT,What types of testing frameworks have you used?,JUnit; Pytest; Jest; Mocha,JUnit,explanatory,short
MULTI-SELECT,What types of testing frameworks have you used?,JUnit; Pytest; Jest; Mocha,Jest is a testing framework,annoyed,short
MULTI-SELECT,What types of testing have you performed?,Functional testing; Performance testing; Security testing; Usability testing; Regression testing,Functional testing,verbose,short
MULTI-SELECT,What types of testing have you performed?,Functional testing; Performance testing; Security testing; Usability testing; Regression testing,I have performed functional testing,concise,short
MULTI-SELECT,What types of testing have you performed?,Functional testing; Performance testing; Security testing; Usability testing; Regression testing,I have performed functional testing,explanatory,short
MULTI-SELECT,What types of training programs are you interested in?,Technical skills training; Leadership training; Management training; Communication skills training; Sales training,Communication skills training,verbose,short
MULTI-SELECT,What types of training programs are you interested in?,Technical skills training; Leadership training; Management training; Communication skills training; Sales training,I am interested in Communication skills training,concise,short
MULTI-SELECT,What types of training programs are you interested in?,Technical skills training; Leadership training; Management training; Communication skills training; Sales training,I am interested in Communication skills training,explanatory,short
MULTI-SELECT,What types of training programs are you interested in?,Technical skills training; Leadership training; Management training; Communication skills training; Sales training,I am interested in communication skills training,annoyed,short
MULTI-SELECT,What version control systems have you used?,Git; SVN; Mercurial,SVN,verbose,short
MULTI-SELECT,What version control systems have you used?,Git; SVN; Mercurial,SVN,concise,short
MULTI-SELECT,What version control systems have you used?,Git; SVN; Mercurial,SVN,colloquial,short
MULTI-SELECT,What version control systems have you used?,Git; SVN; Mercurial,SVN,explanatory,short
MULTI-SELECT,What version control systems have you used?,Git; SVN; Mercurial,SVN,annoyed,short
MULTI-SELECT,Which marketing channels are you currently using?,Social Media Marketing; Email Marketing; Search Engine Optimization (SEO); Pay-Per-Click (PPC) Advertising; Content Marketing; Affiliate Marketing,Social Media Marketing,verbose,short
MULTI-SELECT,Which marketing channels are you currently using?,Social Media Marketing; Email Marketing; Search Engine Optimization (SEO); Pay-Per-Click (PPC) Advertising; Content Marketing; Affiliate Marketing,Affiliate Marketing,concise,short
MULTI-SELECT,Which marketing channels are you currently using?,Social Media Marketing; Email Marketing; Search Engine Optimization (SEO); Pay-Per-Click (PPC) Advertising; Content Marketing; Affiliate Marketing,Social Media Marketing,colloquial,short
MULTI-SELECT,Which marketing channels are you currently using?,Social Media Marketing; Email Marketing; Search Engine Optimization (SEO); Pay-Per-Click (PPC) Advertising; Content Marketing; Affiliate Marketing,Affiliate Marketing,explanatory,short
MULTI-SELECT,Which marketing channels are you currently using?,Social Media Marketing; Email Marketing; Search Engine Optimization (SEO); Pay-Per-Click (PPC) Advertising; Content Marketing; Affiliate Marketing,Social Media Marketing,annoyed,short
MULTI-SELECT,Which of these industries do your target customers operate in?,Healthcare; Finance; Technology; Education; Retail; Manufacturing,Technology,verbose,short
MULTI-SELECT,Which of these industries do your target customers operate in?,Healthcare; Finance; Technology; Education; Retail; Manufacturing,Technology,concise,short
MULTI-SELECT,Which of these industries do your target customers operate in?,Healthcare; Finance; Technology; Education; Retail; Manufacturing,Technology,explanatory,short
MULTI-SELECT,Which of these industries do your target customers operate in?,Healthcare; Finance; Technology; Education; Retail; Manufacturing,Technology,annoyed,short
MULTI-SELECT,Which operating systems do you use regularly?,Windows; macOS; Linux; Android; iOS,I use Windows,verbose,short
MULTI-SELECT,Which operating systems do you use regularly?,Windows; macOS; Linux; Android; iOS,I use macOS,concise,short
MULTI-SELECT,Which operating systems do you use regularly?,Windows; macOS; Linux; Android; iOS,I use macOS,colloquial,short
MULTI-SELECT,Which operating systems do you use regularly?,Windows; macOS; Linux; Android; iOS,I use Windows,explanatory,short
MULTI-SELECT,Which operating systems do you use regularly?,Windows; macOS; Linux; Android; iOS,I use Windows,annoyed,short
MULTI-SELECT,What are your key strategies for attracting and retaining skilled workers?,Competitive compensation and benefits; Training and development opportunities; Opportunities for career advancement; Positive work environment; Employee recognition programs,Competitive compensation and benefits,verbose,short
MULTI-SELECT,What are your key strategies for attracting and retaining skilled workers?,Competitive compensation and benefits; Training and development opportunities; Opportunities for career advancement; Positive work environment; Employee recognition programs,Competitive compensation and benefits,concise,short
MULTI-SELECT,What are your key strategies for attracting and retaining skilled workers?,Competitive compensation and benefits; Training and development opportunities; Opportunities for career advancement; Positive work environment; Employee recognition programs,Competitive compensation and benefits,colloquial,short
MULTI-SELECT,What are your key strategies for attracting and retaining skilled workers?,Competitive compensation and benefits; Training and development opportunities; Opportunities for career advancement; Positive work environment; Employee recognition programs,Competitive compensation and benefits,explanatory,short
MULTI-SELECT,What are your key strategies for attracting and retaining skilled workers?,Competitive compensation and benefits; Training and development opportunities; Opportunities for career advancement; Positive work environment; Employee recognition programs,Competitive compensation and benefits,annoyed,short
MULTI-SELECT,What are your primary business goals for the next quarter?,Increase revenue by 10%; Expand into new markets; Improve customer retention; Launch a new product or service; Reduce operational costs,Increase revenue by 10,verbose,short
MULTI-SELECT,What are your primary business goals for the next quarter?,Increase revenue by 10%; Expand into new markets; Improve customer retention; Launch a new product or service; Reduce operational costs,Increase revenue by 10,concise,short
MULTI-SELECT,What are your primary business goals for the next quarter?,Increase revenue by 10%; Expand into new markets; Improve customer retention; Launch a new product or service; Reduce operational costs,Increase revenue by 10,colloquial,short
MULTI-SELECT,What are your primary business goals for the next quarter?,Increase revenue by 10%; Expand into new markets; Improve customer retention; Launch a new product or service; Reduce operational costs,Increase revenue by 10,explanatory,short
MULTI-SELECT,What are your primary business goals for the next quarter?,Increase revenue by 10%; Expand into new markets; Improve customer retention; Launch a new product or service; Reduce operational costs,Increase revenue by 10,annoyed,short
MULTI-SELECT,Which heavy industrial processes are you involved in?,Steel production; Oil refining; Cement manufacturing; Mining; Chemical processing,Chemical processing,concise,short
MULTI-SELECT,Which social media platforms do you use for marketing?,Facebook; Instagram; Twitter; LinkedIn; TikTok; YouTube,I use LinkedIn for marketing,verbose,short
MULTI-SELECT,Which social media platforms do you use for marketing?,Facebook; Instagram; Twitter; LinkedIn; TikTok; YouTube,I use LinkedIn for marketing,concise,short
MULTI-SELECT,Which social media platforms do you use for marketing?,Facebook; Instagram; Twitter; LinkedIn; TikTok; YouTube,I use LinkedIn for marketing,colloquial,short
MULTI-SELECT,Which social media platforms do you use for marketing?,Facebook; Instagram; Twitter; LinkedIn; TikTok; YouTube,TikTok is my favorite social media platform,explanatory,short
MULTI-SELECT,Which social media platforms do you use for marketing?,Facebook; Instagram; Twitter; LinkedIn; TikTok; YouTube,I use LinkedIn for marketing,annoyed,short
DATE,On what date did the project officially commence? Provide a date.,['Date'],The project officially began on October 1 2006,verbose,short
DATE,On what date did the project officially commence? Provide a date.,['Date'],The project officially began on October 1 2001,concise,short
DATE,On what date did the project officially commence? Provide a date.,['Date'],The project officially began on January 1 2006,colloquial,short
DATE,On what date did the project officially commence? Provide a date.,['Date'],The project officially began on January 1 2006,explanatory,short
DATE,On what date did the project officially commence? Provide a date.,['Date'],The project officially began on March 1 2019,annoyed,short
DATE,On what date was the training session conducted? Provide a date.,['Date'],The training session was held on March 2001,verbose,short
DATE,On what date was the training session conducted? Provide a date.,['Date'],The training session was held on October 30 2015,concise,short
DATE,On what date was the training session conducted? Provide a date.,['Date'],The training session was held on January 30 2018,colloquial,short
DATE,On what date was the training session conducted? Provide a date.,['Date'],The training session was held on October 30 2017,explanatory,short
DATE,On what date was the training session conducted? Provide a date.,['Date'],The training session was held on October 10 2001,annoyed,short
DATE,What date did the equipment malfunction?,['Date'],The equipment malfunctioned on January 1999,verbose,short
DATE,What date did the equipment malfunction?,['Date'],The equipment malfunctioned on December 31 1998,concise,short
DATE,What date did the equipment malfunction?,['Date'],The equipment malfunctioned on January 23 2004,colloquial,short
DATE,What date did the equipment malfunction?,['Date'],The equipment malfunctioned on January 1 2001,explanatory,short
DATE,What date did the equipment malfunction?,['Date'],The equipment malfunctioned on December 7 2009,annoyed,short
DATE,What date did the initial deployment occur? Provide a date.,['Date'],The initial deployment began on September 11 2001,verbose,short
DATE,What date did the initial deployment occur? Provide a date.,['Date'],The initial deployment began on October 1 2001,colloquial,short
DATE,What date did the initial deployment occur? Provide a date.,['Date'],The initial deployment began on November 3 2001,explanatory,short
DATE,What date did the initial deployment occur? Provide a date.,['Date'],The initial deployment began on February 1 2001,annoyed,short
DATE,What date did the issue begin? Provide a date.,['Date'],The issue began on January 1 2001,concise,short
DATE,What date did the issue begin? Provide a date.,['Date'],The issue began on September 29 2001,colloquial,short
DATE,What date did the issue begin? Provide a date.,['Date'],The issue began on November 2000,explanatory,short
DATE,What date did the issue begin? Provide a date.,['Date'],I dont know,annoyed,short
DATE,What date did the order ship? Provide a date.,['Date'],The order was shipped on December 15 2001,verbose,short
DATE,What date did the order ship? Provide a date.,['Date'],The order was shipped on May 15 2001,concise,short
DATE,What date did the order ship? Provide a date.,['Date'],The order was shipped on October 31 2001,colloquial,short
DATE,What date did the order ship? Provide a date.,['Date'],The order was shipped on December 15 2012,explanatory,short
DATE,What date did the order ship? Provide a date.,['Date'],The order was shipped on May 29 2001,annoyed,short
DATE,What date did the permit expire? Provide a date.,['Date'],The permit expired on July 1 2017,verbose,short
DATE,What date did the permit expire? Provide a date.,['Date'],The permit expired on January 1 2001,concise,short
DATE,What date did the permit expire? Provide a date.,['Date'],The permit expires on July 1 2018,colloquial,short
DATE,What date did the permit expire? Provide a date.,['Date'],The permit expires on December 31 2018,explanatory,short
DATE,What date did the permit expire? Provide a date.,['Date'],The permit expires on January 1 2020,annoyed,short
DATE,What date did the technical issue arise? Provide a date.,['Date'],The issue was a technical one,verbose,short
DATE,What date did the technical issue arise? Provide a date.,['Date'],The issue was a technical one,concise,short
DATE,What date did the technical issue arise? Provide a date.,['Date'],The issue was resolved on March 15 2017,colloquial,short
DATE,What date did the technical issue arise? Provide a date.,['Date'],The issue was a technical one,explanatory,short
DATE,What date did the technical issue arise? Provide a date.,['Date'],The problem was resolved on March 30 2001,annoyed,short
DATE,What date did the training begin for the new software? Provide a date.,['Date'],The training began on January 1 2001,verbose,short
DATE,What date did the training begin for the new software? Provide a date.,['Date'],The training began on January 1 2001,concise,short
DATE,What date did the training begin for the new software? Provide a date.,['Date'],The training began on January 1st,colloquial,short
DATE,What date did the training begin for the new software? Provide a date.,['Date'],The training began on January 1 2002,explanatory,short
DATE,What date did the training begin for the new software? Provide a date.,['Date'],The training began on April 1 2001,annoyed,short
DATE,What date did the training session conclude? Provide a date.,['Date'],The training session concluded on March 18 2019,verbose,short
DATE,What date did the training session conclude? Provide a date.,['Date'],The training session ended on March 30 2018,concise,short
DATE,What date did the training session conclude? Provide a date.,['Date'],The training session ended on March 23 2018,colloquial,short
DATE,What date did the training session conclude? Provide a date.,['Date'],The training session ended on March 2018,annoyed,short
DATE,What date did you attend the webinar? Provide a date.,['Date'],I attended the webinar on January 10 2001,verbose,short
DATE,What date did you attend the webinar? Provide a date.,['Date'],I attended the webinar on February 18 2001,concise,short
DATE,What date did you attend the webinar? Provide a date.,['Date'],I attended the webinar on Thursday,explanatory,short
DATE,What date did you attend the webinar? Provide a date.,['Date'],I attended the webinar on March 18 2001,annoyed,short
DATE,What date did you receive the notification about your test results? Provide a date.,['Date'],I received the notification on October 1 2001,verbose,short
DATE,What date did you receive the notification about your test results? Provide a date.,['Date'],I received my test results on April 15 2017,concise,short
DATE,What date did you receive the notification about your test results? Provide a date.,['Date'],I received the notification on March 15 2015,colloquial,short
DATE,What date did you receive the notification about your test results? Provide a date.,['Date'],I received the notification on March 6 2015,explanatory,short
DATE,What date did you receive the notification about your test results? Provide a date.,['Date'],I received the notification on February 1 2001,annoyed,short
DATE,What date did you start feeling unwell? Provide a date.,['Date'],I started feeling unwell on January 1 2001,verbose,short
DATE,What date did you start feeling unwell? Provide a date.,['Date'],I started feeling unwell on February 7 2009,concise,short
DATE,What date did you start feeling unwell? Provide a date.,['Date'],I started feeling unwell on January 1,colloquial,short
DATE,What date did you start feeling unwell? Provide a date.,['Date'],I started feeling unwell on January 1983,explanatory,short
DATE,What date did you start feeling unwell? Provide a date.,['Date'],I started feeling unwell on February 15 2013,annoyed,short
DATE,What date is the company anniversary? Provide a date.,['Date'],The companys anniversary is on May 31st,verbose,short
DATE,What date is the company anniversary? Provide a date.,['Date'],The companys anniversary is on October 31st,concise,short
DATE,What date is the company anniversary? Provide a date.,['Date'],The companys anniversary is on June 30th,colloquial,short
DATE,What date is the company anniversary? Provide a date.,['Date'],The companys anniversary is on March 30 2019,explanatory,short
DATE,What date is the company anniversary? Provide a date.,['Date'],The companys anniversary is in January,annoyed,short
DATE,What date is the conference taking place? Provide a date.,['Date'],The conference is taking place on November 20th,annoyed,short
DATE,What date is the contract renewal due? Provide a date.,['Date'],The contract renewal is due on December 31 2018,verbose,short
DATE,What date is the contract renewal due? Provide a date.,['Date'],The contract renewal is due on March 31 2019,concise,short
DATE,What date is the contract renewal due? Provide a date.,['Date'],The contract renewal is due on March 30 2020,colloquial,short
DATE,What date is the contract renewal due? Provide a date.,['Date'],The contract renewal is due on December 31 2018,explanatory,short
DATE,What date is the contract renewal due? Provide a date.,['Date'],The contract renewal is due on January 1 2019,annoyed,short
DATE,What date is the deadline for submitting feedback? Provide a date.,['Date'],The deadline for submitting feedback is May 1,annoyed,short
DATE,What date is the next board meeting scheduled for? Provide a date.,['Date'],The next board meeting is on Thursday,verbose,short
DATE,What date is the next board meeting scheduled for? Provide a date.,['Date'],The next board meeting is scheduled for Thursday,colloquial,short
DATE,What date is the next scheduled backup? Provide a date.,['Date'],The next backup will be on December 31st,verbose,short
DATE,What date is the next scheduled backup? Provide a date.,['Date'],The next backup will be on Friday,colloquial,short
DATE,What date is the next scheduled backup? Provide a date.,['Date'],The next backup will be on January 1 2020,explanatory,short
DATE,What date is the next scheduled backup? Provide a date.,['Date'],The next backup will be on January 1st,annoyed,short
DATE,What date is the next staff meeting? Provide a date.,['Date'],The next staff meeting will be held on Friday,colloquial,short
DATE,What date is your next review scheduled? Provide a date.,['Date'],Im scheduled to review the next review on Friday,concise,short
DATE,What date is your next review scheduled? Provide a date.,['Date'],Im scheduled to review a book on Thursday,colloquial,short
DATE,What date is your next review scheduled? Provide a date.,['Date'],The next review will be on Friday,explanatory,short
DATE,What date is your next review scheduled? Provide a date.,['Date'],Im scheduled to review my next review on Thursday,annoyed,short
DATE,What date should we schedule the site visit? Provide a date.,['Date'],We should schedule the visit on Friday,verbose,short
DATE,What date should we schedule the site visit? Provide a date.,['Date'],We should schedule a visit on Friday,concise,short
DATE,What date should we schedule the site visit? Provide a date.,['Date'],We should schedule the site visit on Friday,colloquial,short
DATE,What date should we schedule the site visit? Provide a date.,['Date'],We should schedule the visit on Friday,explanatory,short
DATE,What date should we schedule the site visit? Provide a date.,['Date'],We need to schedule a visit on Friday,annoyed,short
DATE,What date was the infrastructure upgrade completed? Provide a date.,['Date'],The upgrade was completed on December 31 2001,verbose,short
DATE,What date was the infrastructure upgrade completed? Provide a date.,['Date'],The upgrade was completed on December 30 2017,concise,short
DATE,What date was the infrastructure upgrade completed? Provide a date.,['Date'],The upgrade was completed on December 1 2001,colloquial,short
DATE,What date was the infrastructure upgrade completed? Provide a date.,['Date'],The upgrade was completed on December 31 2016,explanatory,short
DATE,What date was the infrastructure upgrade completed? Provide a date.,['Date'],The upgrade was completed on March 1 2001,annoyed,short
DATE,What date was the system architecture documented? Provide a date.,['Date'],The system architecture was documented in 1998,verbose,short
DATE,What date was the system architecture documented? Provide a date.,['Date'],The system architecture was documented in 2001,explanatory,short
DATE,What date was the system architecture documented? Provide a date.,['Date'],The system architecture was documented in 2001,annoyed,short
DATE,What date will the system go live? Provide a date.,['Date'],The system will go live on November 1 2020,verbose,short
DATE,What date will the system go live? Provide a date.,['Date'],The system will go live on March 31 2020,concise,short
DATE,What date will the system go live? Provide a date.,['Date'],The system will go live on April 1 2020,colloquial,short
DATE,What date will the system go live? Provide a date.,['Date'],The system will go live on April 1 2020,explanatory,short
DATE,What date will the system go live? Provide a date.,['Date'],The system will go live on January 1 2020,annoyed,short
DATE,What is the date of the next billing cycle? Provide a date.,['Date'],The next billing cycle will start on January 1st,colloquial,short
DATE,What is the date of the next code review? Provide a date.,['Date'],The next code review will be on January 30 2020,annoyed,short
DATE,What is the date of the next team meeting? Provide a date.,['Date'],The next team meeting will be on Friday,verbose,short
DATE,What is the date of your last prescription refill? Provide a date.,['Date'],I had my last prescription refill on July 1 2001,colloquial,short
DATE,What is the date of your last purchase? Provide a date.,['Date'],I bought a new car on April 1 2002,verbose,short
DATE,What is the date of your last purchase? Provide a date.,['Date'],I bought a new car on January 1998,concise,short
DATE,What is the date of your last purchase? Provide a date.,['Date'],I bought a new car on March 1 2002,colloquial,short
DATE,What is the date of your last purchase? Provide a date.,['Date'],I bought a new car on March 31 2000,explanatory,short
DATE,What is the date of your last purchase? Provide a date.,['Date'],I bought a new car on January 1st,annoyed,short
DATE,What is the date of your next appointment? Provide a date.,['Date'],Im going to be at the office on Friday,verbose,short
DATE,What is the date of your next appointment? Provide a date.,['Date'],Ill be there on Friday,concise,short
DATE,What is the date of your next appointment? Provide a date.,['Date'],Ill be at work on Friday,colloquial,short
DATE,What is the date of your next appointment? Provide a date.,['Date'],Ill be there on Friday,explanatory,short
DATE,What is the date of your next appointment? Provide a date.,['Date'],Ill be there on Friday,annoyed,short
DATE,What is the date of your next blood test? Provide a date.,['Date'],I will be able to get a blood test on Friday,verbose,short
DATE,What is the date of your next blood test? Provide a date.,['Date'],The next blood test will be on Monday November 15,concise,short
DATE,What is the date of your next blood test? Provide a date.,['Date'],The next blood test will be on February 1st,explanatory,short
DATE,What is the date of your next physician consultation? Provide a date.,['Date'],Ill be there on Friday,verbose,short
DATE,What is the date of your next physician consultation? Provide a date.,['Date'],Ill be there on Friday,colloquial,short
DATE,What is the date of your next physician consultation? Provide a date.,['Date'],Ill be in the office on Friday,explanatory,short
DATE,What is the date of your next scheduled check-up? Provide a date.,['Date'],I will be in for a checkup on Friday,verbose,short
DATE,What is the date of your next scheduled check-up? Provide a date.,['Date'],Ill be in for a checkup on Friday,concise,short
DATE,What is the date of your next scheduled check-up? Provide a date.,['Date'],Im scheduled for a checkup on Friday,colloquial,short
DATE,What is the date of your next scheduled check-up? Provide a date.,['Date'],Im scheduled for a checkup on Friday,explanatory,short
DATE,What is the date of your next scheduled check-up? Provide a date.,['Date'],Ill be in for a checkup on Friday,annoyed,short
DATE,What is the date of your next scheduled maintenance?,['Date'],Ill be out of town on Friday,verbose,short
DATE,What is the date of your next scheduled maintenance?,['Date'],The next maintenance will be on Friday,concise,short
DATE,What is the date of your next scheduled maintenance?,['Date'],Ill be out of town on Friday,colloquial,short
DATE,What is the date of your next scheduled maintenance?,['Date'],The next maintenance will be on Monday May 29th,explanatory,short
DATE,What is the date of your next scheduled maintenance?,['Date'],Ill be in the office until the end of the month,annoyed,short
DATE,What is the date of your next scheduled therapy session? Provide a date.,['Date'],Ill be there on Friday,verbose,short
DATE,What is the date of your next scheduled therapy session? Provide a date.,['Date'],Ill be there on Friday,concise,short
DATE,What is the date of your next scheduled therapy session? Provide a date.,['Date'],Ill be there on Friday,colloquial,short
DATE,What is the date of your next scheduled therapy session? Provide a date.,['Date'],Im scheduled to be there on Friday,explanatory,short
DATE,What is the date of your next scheduled therapy session? Provide a date.,['Date'],Ill be in for a therapy session on Friday,annoyed,short
DATE,What is the date of your next software update? Provide a date.,['Date'],The software update date is October 30 2018,colloquial,short
DATE,What is the date of your surgery? Provide a date.,['Date'],I had my surgery on March 15 2018,verbose,short
DATE,What is the date of your surgery? Provide a date.,['Date'],I had my surgery on May 2001,concise,short
DATE,What is the date of your surgery? Provide a date.,['Date'],Im going to have my surgery on Friday,colloquial,short
DATE,What is the date of your surgery? Provide a date.,['Date'],Ill be back in a few days,annoyed,short
DATE,What is the delivery date? Provide a date.,['Date'],The delivery date is November 1 2018,verbose,short
DATE,What is the delivery date? Provide a date.,['Date'],The delivery date is October 31st,concise,short
DATE,What is the delivery date? Provide a date.,['Date'],The delivery date is January 15 2019,colloquial,short
DATE,What is the delivery date? Provide a date.,['Date'],The delivery date is January 1 2020,explanatory,short
DATE,What is the delivery date? Provide a date.,['Date'],I dont know I dont know I dont know,annoyed,short
DATE,What is the due date for payment? Provide a date.,['Date'],The due date for payment is December 31 2018,verbose,short
DATE,What is the due date for payment? Provide a date.,['Date'],The due date for payment is December 31 2018,concise,short
DATE,What is the due date for payment? Provide a date.,['Date'],The due date for payment is December 31st,colloquial,short
DATE,What is the due date for payment? Provide a date.,['Date'],The due date for payment is December 31 2018,explanatory,short
DATE,What is the due date for payment? Provide a date.,['Date'],The due date for payment is March 30 2019,annoyed,short
DATE,What is the end date of your subscription? Provide a date.,['Date'],Its December 31st,concise,short
DATE,What is the expected date of project sign-off? Provide a date.,['Date'],The project will be signed off on January 1 2020,explanatory,short
DATE,What is the expected date of your recovery? Provide a date.,['Date'],I will be able to recover in a few days,verbose,short
DATE,What is the expected date of your recovery? Provide a date.,['Date'],I will be able to return to work in a few days,concise,short
DATE,What is the expected date of your recovery? Provide a date.,['Date'],I will be able to recover by the end of the month,colloquial,short
DATE,What is the expected date of your recovery? Provide a date.,['Date'],I will be able to return to work in a few days,explanatory,short
DATE,What is the expected date of your recovery? Provide a date.,['Date'],Ill be back in the hospital in a few days,annoyed,short
DATE,What is the expiration date of the coupon? Provide a date.,['Date'],The coupon expires on March 30 2020,concise,short
DATE,What is the expiration date of the coupon? Provide a date.,['Date'],The coupon expires on January 30 2020,colloquial,short
DATE,What is the expiration date of the coupon? Provide a date.,['Date'],The coupon expires on December 31 2018,explanatory,short
DATE,What is the expiration date of the coupon? Provide a date.,['Date'],The coupon expires on March 31 2020,annoyed,short
DATE,What is the implementation date for the new feature? Provide a date.,['Date'],The new feature was implemented on January 1 2017,verbose,short
DATE,What is the invoice date? Provide a date.,['Date'],The invoice date is March 30 2018,verbose,short
DATE,What is the invoice date? Provide a date.,['Date'],The invoice date is January 1 2019,concise,short
DATE,What is the invoice date? Provide a date.,['Date'],The date of the invoice is March 31 2019,explanatory,short
DATE,What is the invoice date? Provide a date.,['Date'],The invoice date is January 1 2020,annoyed,short
DATE,What is the invoice due date? Provide a date.,['Date'],The invoice due date is December 31 2018,verbose,short
DATE,What is the invoice due date? Provide a date.,['Date'],The invoice due date is December 31 2018,concise,short
DATE,What is the invoice due date? Provide a date.,['Date'],The invoice due date is January 31 2020,colloquial,short
DATE,What is the invoice due date? Provide a date.,['Date'],The invoice due date is March 31 2018,explanatory,short
DATE,What is the invoice due date? Provide a date.,['Date'],The invoice due date is January 1 2020,annoyed,short
DATE,What is the planned date for the database migration? Provide a date.,['Date'],The migration will take place on June 30 2020,verbose,short
DATE,What is the planned date for the database migration? Provide a date.,['Date'],The migration will take place on January 1 2020,concise,short
DATE,What is the planned date for the database migration? Provide a date.,['Date'],The migration will take place on June 30 2018,colloquial,short
DATE,What is the planned date for the database migration? Provide a date.,['Date'],The migration will take place on January 1st 2020,explanatory,short
DATE,What is the planned date for the database migration? Provide a date.,['Date'],The migration will take place on January 1 2020,annoyed,short
DATE,What is the planned date for the next release? Provide a date.,['Date'],The next release is scheduled for June 18 2019,verbose,short
DATE,What is the project completion date? Provide a date.,['Date'],The project completion date is December 31 2020,concise,short
DATE,What is the project completion date? Provide a date.,['Date'],The project was completed on December 15 2018,colloquial,short
DATE,What is the project completion date? Provide a date.,['Date'],The project completion date is January 1 2020,annoyed,short
DATE,What is the project's milestone date? Provide a date.,['Date'],The projects milestone date is January 1 2020,verbose,short
DATE,What is the project's milestone date? Provide a date.,['Date'],The projects milestone date is January 1 2020,concise,short
DATE,What is the project's milestone date? Provide a date.,['Date'],The projects milestone date is July 1 2020,colloquial,short
DATE,What is the project's milestone date? Provide a date.,['Date'],The projects milestone date is January 1 2020,explanatory,short
DATE,What is the project's milestone date? Provide a date.,['Date'],The projects milestone date is March 1 2020,annoyed,short
DATE,What is the return deadline? Provide a date.,['Date'],The return deadline is January 15 2018,verbose,short
DATE,What is the return deadline? Provide a date.,['Date'],The return deadline is January 1 2020,concise,short
DATE,What is the return deadline? Provide a date.,['Date'],The return deadline is January 15th,colloquial,short
DATE,What is the return deadline? Provide a date.,['Date'],The return deadline is April 30 2018,explanatory,short
DATE,What is the return deadline? Provide a date.,['Date'],Ill be back in a few days,annoyed,short
DATE,What is the warranty expiration date? Provide a date.,['Date'],The warranty expiration date is January 1 2020,verbose,short
DATE,What is the warranty expiration date? Provide a date.,['Date'],The warranty expiration date is December 31 2018,concise,short
DATE,What is the warranty expiration date? Provide a date.,['Date'],The warranty expiration date is March 30 2020,colloquial,short
DATE,What is the warranty expiration date? Provide a date.,['Date'],The warranty expiration date is December 31 2018,explanatory,short
DATE,What is the warranty expiration date? Provide a date.,['Date'],The warranty expiration date is December 31 2018,annoyed,short
DATE,What is your date of birth? Provide a date.,['Date'],I was born on March 29 1967,verbose,short
DATE,What is your date of birth? Provide a date.,['Date'],I was born on March 29 1967,concise,short
DATE,What is your date of birth? Provide a date.,['Date'],I was born on March 15 1989,colloquial,short
DATE,What is your date of birth? Provide a date.,['Date'],I was born on March 15 1977,explanatory,short
DATE,What is your date of birth? Provide a date.,['Date'],I was born on December 31 1967,annoyed,short
DATE,What is your preferred date for a service call? Provide a date.,['Date'],I would like to call on Friday,verbose,short
DATE,What is your preferred date for a service call? Provide a date.,['Date'],I would like to have a service call on Friday,concise,short
DATE,What is your preferred date for a service call? Provide a date.,['Date'],Id like to call on Friday,colloquial,short
DATE,What is your preferred date for a service call? Provide a date.,['Date'],I would like to call on Monday,explanatory,short
DATE,What is your preferred date for a service call? Provide a date.,['Date'],I would like to call on Friday,annoyed,short
DATE,When did the development phase conclude? Provide a date.,['Date'],The development phase concluded in late April,verbose,short
DATE,When did the development phase conclude? Provide a date.,['Date'],The development phase concluded on May 30 2005,concise,short
DATE,When did the development phase conclude? Provide a date.,['Date'],The development phase concluded on October 1 2001,colloquial,short
DATE,When did the development phase conclude? Provide a date.,['Date'],The development phase concluded on June 30 2018,explanatory,short
DATE,When did the development phase conclude? Provide a date.,['Date'],The development phase concluded on January 1 2006,annoyed,short
DATE,When did the equipment become operational? Provide a date.,['Date'],The equipment was operational in the mid1980s,verbose,short
DATE,When did the equipment become operational? Provide a date.,['Date'],The equipment became operational in the mid1980s,colloquial,short
DATE,When did the equipment become operational? Provide a date.,['Date'],The equipment was commissioned in March 2008,explanatory,short
DATE,When did the event take place? Provide a date.,['Date'],It took place on October 12 2013,verbose,short
DATE,When did the event take place? Provide a date.,['Date'],The event took place on April 30 2019,concise,short
DATE,When did the event take place? Provide a date.,['Date'],It took place on April 23 2005,colloquial,short
DATE,When did the event take place? Provide a date.,['Date'],The event took place on October 29 2001,explanatory,short
DATE,When did the event take place? Provide a date.,['Date'],It took place on March 2017,annoyed,short
DATE,When did the incident occur? Provide a date.,['Date'],The incident occurred on October 23 2001,concise,short
DATE,When did the incident occur? Provide a date.,['Date'],The incident occurred on February 7 2001,colloquial,short
DATE,When did the incident occur? Provide a date.,['Date'],The incident occurred on October 23 2001,explanatory,short
DATE,When did the incident occur? Provide a date.,['Date'],I dont know I dont know I dont knowI dont know,annoyed,short
DATE,When did the payment process begin? Provide a date.,['Date'],The payment process began in December 2000,verbose,short
DATE,When did the payment process begin? Provide a date.,['Date'],The payment process began in the early 1990s,concise,short
DATE,When did the payment process begin? Provide a date.,['Date'],When did the payment process begin,colloquial,short
DATE,When did the payment process begin? Provide a date.,['Date'],The payment process began in the early 1990s,explanatory,short
DATE,When did the payment process begin? Provide a date.,['Date'],When did the payment process begin,annoyed,short
DATE,When did the performance testing commence? Provide a date.,['Date'],The performance testing began on October 1 2008,verbose,short
DATE,When did the performance testing commence? Provide a date.,['Date'],The performance testing began on January 1999,concise,short
DATE,When did the performance testing commence? Provide a date.,['Date'],The performance testing began on January 1 2017,colloquial,short
DATE,When did the performance testing commence? Provide a date.,['Date'],The performance testing began on March 1 2001,explanatory,short
DATE,When did the performance testing commence? Provide a date.,['Date'],The performance testing began on December 1 2001,annoyed,short
DATE,When did the refund process start? Provide a date.,['Date'],The refund process began in September 2017,verbose,short
DATE,When did the refund process start? Provide a date.,['Date'],The refund process started in January,concise,short
DATE,When did the refund process start? Provide a date.,['Date'],The refund process started in April 2001,colloquial,short
DATE,When did the refund process start? Provide a date.,['Date'],The refund process began in September 2001,explanatory,short
DATE,When did the refund process start? Provide a date.,['Date'],The refund process started in the late 1990s,annoyed,short
DATE,When did the server outage begin? Provide a date.,['Date'],The server outage began on January 1 2003,verbose,short
DATE,When did the server outage begin? Provide a date.,['Date'],The server outage began on December 1 2001,concise,short
DATE,When did the server outage begin? Provide a date.,['Date'],The server outage began on December 11 2001,colloquial,short
DATE,When did the server outage begin? Provide a date.,['Date'],The server outage began on January 1 2001,explanatory,short
DATE,When did the server outage begin? Provide a date.,['Date'],The server outage began on December 7 2001,annoyed,short
DATE,When did the shipment arrive at the warehouse? Provide a date.,['Date'],The shipment arrived at the warehouse on Friday,concise,short
DATE,When did the trial period begin? Provide a date.,['Date'],The trial period began on March 1 2003,verbose,short
DATE,When did the trial period begin? Provide a date.,['Date'],The trial period began on January 1 2001,concise,short
DATE,When did the trial period begin? Provide a date.,['Date'],The trial period began on April 1 2003,colloquial,short
DATE,When did the trial period begin? Provide a date.,['Date'],The trial period began on January 1 2002,explanatory,short
DATE,When did the trial period begin? Provide a date.,['Date'],The trial period began on June 1 2001,annoyed,short
DATE,When did the user acceptance testing begin? Provide a date.,['Date'],We began user acceptance testing in April 2001,concise,short
DATE,When did the user acceptance testing begin? Provide a date.,['Date'],The user acceptance testing began in January 2017,explanatory,short
DATE,When did the user acceptance testing begin? Provide a date.,['Date'],The testing began in April 2001,annoyed,short
DATE,When did the warranty expire on this piece of equipment? Provide a date.,['Date'],The warranty expires at the end of the year,verbose,short
DATE,When did the warranty expire on this piece of equipment? Provide a date.,['Date'],The warranty expires on December 31 2002,concise,short
DATE,When did the warranty expire on this piece of equipment? Provide a date.,['Date'],The warranty expires on June 30 2018,colloquial,short
DATE,When did the warranty expire on this piece of equipment? Provide a date.,['Date'],The warranty expires on January 31 2020,explanatory,short
DATE,When did the warranty expire on this piece of equipment? Provide a date.,['Date'],The warranty expires on March 31 2020,annoyed,short
DATE,When did you begin taking this new medication? Provide a date.,['Date'],I began taking this medication in the early 1990s,explanatory,short
DATE,When did you complete the online form? Provide a date.,['Date'],I completed the form on May 1 2017,verbose,short
DATE,When did you complete the online form? Provide a date.,['Date'],I completed the online form on March 8 2013,concise,short
DATE,When did you complete the online form? Provide a date.,['Date'],I completed the form on March 15 2013,colloquial,short
DATE,When did you complete the online form? Provide a date.,['Date'],I completed the form on March 15 2018,explanatory,short
DATE,When did you complete the online form? Provide a date.,['Date'],I completed the online form on March 18 2013,annoyed,short
DATE,When did you complete the survey? Provide a date.,['Date'],I completed the survey on October 1st,verbose,short
DATE,When did you complete the survey? Provide a date.,['Date'],I completed the survey on March 1 2012,concise,short
DATE,When did you complete the survey? Provide a date.,['Date'],I completed the survey on March 15 2016,colloquial,short
DATE,When did you complete the survey? Provide a date.,['Date'],I completed the survey on March 15 2017,explanatory,short
DATE,When did you complete the survey? Provide a date.,['Date'],I completed the survey on October 30 2013,annoyed,short
DATE,When did you complete your prescribed rehabilitation? Provide a date.,['Date'],I completed my rehabilitation in May of last year,verbose,short
DATE,When did you complete your prescribed rehabilitation? Provide a date.,['Date'],I completed my rehabilitation on October 30 2015,concise,short
DATE,When did you complete your prescribed rehabilitation? Provide a date.,['Date'],I completed my rehabilitation in March,colloquial,short
DATE,When did you last consume alcohol? Provide a date.,['Date'],I drank a lot of alcohol in the past year,verbose,short
DATE,When did you last consume alcohol? Provide a date.,['Date'],I last consumed alcohol in August of last year,concise,short
DATE,When did you last consume alcohol? Provide a date.,['Date'],Ive been drinking since I was a child,colloquial,short
DATE,When did you last consume alcohol? Provide a date.,['Date'],I last consumed alcohol in January of last year,explanatory,short
DATE,When did you last consume alcohol? Provide a date.,['Date'],I ate a lot of alcohol in the past few months,annoyed,short
DATE,When did you last contact customer support? Provide a date.,['Date'],I spoke to customer support on March 15 2015,verbose,short
DATE,When did you last contact customer support? Provide a date.,['Date'],I spoke to customer support on November 30 2017,concise,short
DATE,When did you last contact customer support? Provide a date.,['Date'],I last called customer support on May 1 2013,colloquial,short
DATE,When did you last contact customer support? Provide a date.,['Date'],I last called customer support on March 15 2018,annoyed,short
DATE,When did you last have a flu shot? Provide a date.,['Date'],I had a flu shot in March of last year,verbose,short
DATE,When did you last have a flu shot? Provide a date.,['Date'],I last had a flu shot in October,concise,short
DATE,When did you last have a flu shot? Provide a date.,['Date'],I had a flu shot in March of last year,colloquial,short
DATE,When did you last have a flu shot? Provide a date.,['Date'],I had a flu shot in March of last year,explanatory,short
DATE,When did you last have a flu shot? Provide a date.,['Date'],I last had a flu shot in February of last year,annoyed,short
DATE,When did you last have a significant injury? Provide a date.,['Date'],I had a serious injury in January of last year,verbose,short
DATE,When did you last have a significant injury? Provide a date.,['Date'],I had a serious injury in January of last year,colloquial,short
DATE,When did you last have a significant injury? Provide a date.,['Date'],I had a serious injury in January of last year,explanatory,short
DATE,When did you last have a significant injury? Provide a date.,['Date'],I had a serious injury in December of last year,annoyed,short
DATE,When did you last see a mental health professional? Provide a date.,['Date'],I saw a mental health professional in January,annoyed,short
DATE,When did you last undergo a medical imaging procedure? Provide a date.,['Date'],I had a medical imaging procedure on May 1 2001,concise,short
DATE,When did you last update your health information? Provide a date.,['Date'],I updated my health information in January 2018,verbose,short
DATE,When did you last visit the emergency room? Provide a date.,['Date'],I went to the emergency room on March 12 2013,verbose,short
DATE,When did you last visit the emergency room? Provide a date.,['Date'],I went to the emergency room in the morning,concise,short
DATE,When did you last visit the emergency room? Provide a date.,['Date'],I went to the emergency room on Friday,colloquial,short
DATE,When did you last visit the emergency room? Provide a date.,['Date'],I went to the emergency room on March 5 2013,explanatory,short
DATE,When did you purchase our product? Provide a date.,['Date'],I purchased the product in March of this year,verbose,short
DATE,When did you purchase our product? Provide a date.,['Date'],We purchased our product in March of last year,concise,short
DATE,When did you purchase our product? Provide a date.,['Date'],We bought it in March of last year,colloquial,short
DATE,When did you purchase our product? Provide a date.,['Date'],We purchased the product in November of 2000,explanatory,short
DATE,When did you purchase our product? Provide a date.,['Date'],I purchased the product in March of this year,annoyed,short
DATE,When did you receive the confirmation email? Provide a date.,['Date'],I received the confirmation email on March 1 2001,verbose,short
DATE,When did you receive the confirmation email? Provide a date.,['Date'],I received the email on March 28 2013,concise,short
DATE,When did you receive the confirmation email? Provide a date.,['Date'],I received the email on Friday,colloquial,short
DATE,When did you receive the confirmation email? Provide a date.,['Date'],I received the email on May 1 2001,explanatory,short
DATE,When did you receive the initial diagnosis? Provide a date.,['Date'],I received the initial diagnosis on March 15 1994,concise,short
DATE,When did you receive the initial diagnosis? Provide a date.,['Date'],I received the diagnosis in January of this year,colloquial,short
DATE,When did you receive the initial diagnosis? Provide a date.,['Date'],I received the initial diagnosis on March 15 2001,explanatory,short
DATE,When did you receive the product? Provide a date.,['Date'],I received the product on December 15 2017,verbose,short
DATE,When did you receive the product? Provide a date.,['Date'],I received the product on December 15 2013,concise,short
DATE,When did you receive the product? Provide a date.,['Date'],I received the product on May 2012,colloquial,short
DATE,When did you receive the product? Provide a date.,['Date'],I received the product on December 15 2012,explanatory,short
DATE,When did you receive the product? Provide a date.,['Date'],I received the product on November 16 2001,annoyed,short
DATE,When did you receive the results of your latest tests? Provide a date.,['Date'],I received the results on January 1 2018,concise,short
DATE,When did you receive the results of your latest tests? Provide a date.,['Date'],I received the results on March 23 2018,annoyed,short
DATE,When did you receive your first shipment? Provide a date.,['Date'],I received my first shipment in May of this year,verbose,short
DATE,When did you receive your first shipment? Provide a date.,['Date'],I received my first shipment on January 1 2000,concise,short
DATE,When did you receive your first shipment? Provide a date.,['Date'],I received my first shipment in January,colloquial,short
DATE,When did you receive your first shipment? Provide a date.,['Date'],I received my first shipment on March 29 1999,explanatory,short
DATE,When did you register your account? Provide a date.,['Date'],I registered my account on May 1 2012,verbose,short
DATE,When did you register your account? Provide a date.,['Date'],I registered my account on March 18 2001,concise,short
DATE,When did you register your account? Provide a date.,['Date'],I registered my account on May 1 2001,colloquial,short
DATE,When did you register your account? Provide a date.,['Date'],I registered my account on January 1 2002,explanatory,short
DATE,When did you register your account? Provide a date.,['Date'],When did you register your account,annoyed,short
DATE,When did you sign the contract? Provide a date.,['Date'],I signed the contract on March 1998,verbose,short
DATE,When did you sign the contract? Provide a date.,['Date'],I signed the contract on April 1992,concise,short
DATE,When did you sign the contract? Provide a date.,['Date'],I signed the contract on October 1 2001,colloquial,short
DATE,When did you sign the contract? Provide a date.,['Date'],I signed the contract on January 2001,explanatory,short
DATE,When did you sign the contract? Provide a date.,['Date'],I signed the contract on January 1 2001,annoyed,short
DATE,When did you start this medication? Provide a date.,['Date'],I started this medication in January of last year,verbose,short
DATE,When did you start this medication? Provide a date.,['Date'],I started this medication in the early 1990s,colloquial,short
DATE,When did you start this medication? Provide a date.,['Date'],I started this medication in March of last year,explanatory,short
DATE,When did you start this medication? Provide a date.,['Date'],I started this medication in the early 1990s,annoyed,short
DATE,When did you start this new diet? Provide a date.,['Date'],I started this diet in the early 1990s,verbose,short
DATE,When did you start this new diet? Provide a date.,['Date'],I started this new diet in January of this year,concise,short
DATE,When did you start this new diet? Provide a date.,['Date'],I started this diet in the early 1990s,colloquial,short
DATE,When did you start this new diet? Provide a date.,['Date'],I started this new diet in January of this year,explanatory,short
DATE,When did you start this new diet? Provide a date.,['Date'],I started this new diet in March of this year,annoyed,short
DATE,When did you start using our service? Provide a date.,['Date'],I started using our service in June of 2001,concise,short
DATE,When did you start using our service? Provide a date.,['Date'],We started using our service in September 2015,annoyed,short
DATE,When did you stop smoking? Provide a date.,['Date'],I stopped smoking in the early 1980s,verbose,short
DATE,When did you stop smoking? Provide a date.,['Date'],I stopped smoking in the early 1980s,concise,short
DATE,When did you stop smoking? Provide a date.,['Date'],I stopped smoking in the early 1980s,colloquial,short
DATE,When did you stop smoking? Provide a date.,['Date'],I stopped smoking in the early 1980s,explanatory,short
DATE,When did you stop smoking? Provide a date.,['Date'],I stopped smoking in the early 1980s,annoyed,short
DATE,When did you submit your order? Provide a date.,['Date'],I submitted my order on May 7 2013,verbose,short
DATE,When did you submit your order? Provide a date.,['Date'],I submitted my order on March 30 2013,concise,short
DATE,When did you submit your order? Provide a date.,['Date'],I submitted my order on Friday,colloquial,short
DATE,When did you submit your order? Provide a date.,['Date'],I submitted my order on March 30 2013,explanatory,short
DATE,When did you submit your order? Provide a date.,['Date'],I submitted my order on March 18 2012,annoyed,short
DATE,When did you subscribe to the service? Provide a date.,['Date'],I subscribed to the service in April of last year,verbose,short
DATE,When did you subscribe to the service? Provide a date.,['Date'],I subscribed to the service on March 1 2013,concise,short
DATE,When did you subscribe to the service? Provide a date.,['Date'],I subscribed to the service on March 1 2013,colloquial,short
DATE,When did you subscribe to the service? Provide a date.,['Date'],I subscribed to the service in March 2018,explanatory,short
DATE,When did you subscribe to the service? Provide a date.,['Date'],I subscribed to the service on October 1 2001,annoyed,short
DATE,When did your symptoms begin to improve? Provide a date.,['Date'],When did my symptoms begin to improve,verbose,short
DATE,When did your symptoms begin to improve? Provide a date.,['Date'],When did symptoms begin to improve,explanatory,short
DATE,When is the annual general meeting? Provide a date.,['Date'],The annual general meeting is on January 1st,colloquial,short
DATE,When is the annual general meeting? Provide a date.,['Date'],The annual general meeting is held on January 1st,explanatory,short
DATE,When is the conference scheduled? Provide a date.,['Date'],The conference is scheduled to start at 800 am,concise,short
DATE,When is the conference scheduled? Provide a date.,['Date'],The conference is scheduled to start on Friday,colloquial,short
DATE,When is the conference scheduled? Provide a date.,['Date'],The conference is scheduled to be held on May 29,explanatory,short
DATE,When is the conference scheduled? Provide a date.,['Date'],The conference is scheduled for May 20th,annoyed,short
DATE,When is the deadline for the project bid? Provide a date.,['Date'],The deadline for the project bid is March 15 2018,verbose,short
DATE,When is the deadline for the project bid? Provide a date.,['Date'],The deadline is January 1 2020,concise,short
DATE,When is the deadline for the project completion? Provide a date.,['Date'],The deadline is March 31 2020,verbose,short
DATE,When is the deadline for the project completion? Provide a date.,['Date'],The deadline is October 31 2020,colloquial,short
DATE,When is the deadline for the project completion? Provide a date.,['Date'],The deadline is November 30 2018,annoyed,short
DATE,When is the next budget review scheduled? Provide a date.,['Date'],The next budget review is scheduled for June 1st,verbose,short
DATE,When is the next holiday? Provide a date.,['Date'],The next holiday is on December 31st,verbose,short
DATE,When is the next holiday? Provide a date.,['Date'],The next holiday will be on Friday December 23rd,concise,short
DATE,When is the next holiday? Provide a date.,['Date'],The next holiday is on December 23rd,colloquial,short
DATE,When is the next holiday? Provide a date.,['Date'],The next holiday is on December 31st,explanatory,short
DATE,When is the next holiday? Provide a date.,['Date'],The next holiday will be on Sunday December 31st,annoyed,short
DATE,When is the next quality control inspection scheduled? Provide a date.,['Date'],The next inspection is scheduled for October,verbose,short
DATE,When is the next quality control inspection scheduled? Provide a date.,['Date'],The next inspection is scheduled for April 1 2020,concise,short
DATE,When is the next quality control inspection scheduled? Provide a date.,['Date'],The next inspection is scheduled for June 30 2018,colloquial,short
DATE,When is the next quality control inspection scheduled? Provide a date.,['Date'],The next inspection is scheduled for October 20,annoyed,short
DATE,When is the next safety training scheduled? Provide a date.,['Date'],The next safety training is scheduled for April 1,concise,short
DATE,When is the next scheduled audit? Provide a date.,['Date'],The next audit will be scheduled for January 2020,verbose,short
DATE,When is the next scheduled audit? Provide a date.,['Date'],The next audit will be scheduled for October 31st,annoyed,short
DATE,When is the next scheduled maintenance? Provide a date.,['Date'],The next maintenance is scheduled for May,verbose,short
DATE,When is the next scheduled maintenance? Provide a date.,['Date'],The next maintenance will be on Monday,colloquial,short
DATE,When is the next scheduled system backup? Provide a date.,['Date'],The next system backup will be on January 1st,annoyed,short
DATE,When is the payment due? Provide a date.,['Date'],The payment is due on October 1st,verbose,short
DATE,When is the payment due? Provide a date.,['Date'],The payment is due on March 30 2019,concise,short
DATE,When is the payment due? Provide a date.,['Date'],The payment is due on the day of the event,colloquial,short
DATE,When is the payment due? Provide a date.,['Date'],The payment is due on March 31st,explanatory,short
DATE,When is the payment due? Provide a date.,['Date'],The payment is due on the day of the event,annoyed,short
DATE,When is your next appointment? Provide a date.,['Date'],Im scheduled for a meeting on Friday,verbose,short
DATE,When is your next appointment? Provide a date.,['Date'],Ill be there on Friday,concise,short
DATE,When is your next appointment? Provide a date.,['Date'],Im looking forward to my next appointment,colloquial,short
DATE,When is your next appointment? Provide a date.,['Date'],Im going to be at a meeting on Friday,explanatory,short
DATE,When is your next appointment? Provide a date.,['Date'],Im not sure,annoyed,short
DATE,When is your preferred date for delivery? Provide a date.,['Date'],Id like to have delivery on Friday,verbose,short
DATE,When is your preferred date for delivery? Provide a date.,['Date'],I prefer to receive my food on Friday,concise,short
DATE,When is your preferred date for delivery? Provide a date.,['Date'],Id like to have it delivered on the same day,colloquial,short
DATE,When is your preferred date for delivery? Provide a date.,['Date'],I prefer delivery on a Friday,explanatory,short
DATE,When is your preferred date for delivery? Provide a date.,['Date'],Id like to pick up my food on Friday,annoyed,short
DATE,When is your preferred shipping date? Provide a date.,['Date'],I would like to ship a new car on the same day,verbose,short
DATE,When is your preferred shipping date? Provide a date.,['Date'],I would like to ship on Friday,concise,short
DATE,When is your preferred shipping date? Provide a date.,['Date'],I prefer to ship on a Friday,colloquial,short
DATE,When is your preferred shipping date? Provide a date.,['Date'],I prefer to ship on Friday,annoyed,short
DATE,When was the account created? Provide a date.,['Date'],When was the account created,verbose,short
DATE,When was the account created? Provide a date.,['Date'],When was the account created,concise,short
DATE,When was the account created? Provide a date.,['Date'],The account was created in January 2012,colloquial,short
DATE,When was the account created? Provide a date.,['Date'],The account was created in January 2019,explanatory,short
DATE,When was the account created? Provide a date.,['Date'],The account was created on January 1999,annoyed,short
DATE,When was the bug report submitted? Provide a date.,['Date'],The bug report was submitted on March 15 2015,verbose,short
DATE,When was the bug report submitted? Provide a date.,['Date'],The bug report was submitted on March 7 2018,concise,short
DATE,When was the bug report submitted? Provide a date.,['Date'],The bug report was submitted on December 7 2003,colloquial,short
DATE,When was the bug report submitted? Provide a date.,['Date'],The bug report was submitted on December 7 2001,explanatory,short
DATE,When was the bug report submitted? Provide a date.,['Date'],The bug report was submitted on October 30 2001,annoyed,short
DATE,When was the building permit issued? Provide a date.,['Date'],The building permit was issued on January 1990,verbose,short
DATE,When was the building permit issued? Provide a date.,['Date'],The building permit was issued on January 1967,concise,short
DATE,When was the building permit issued? Provide a date.,['Date'],The building permit was issued on January 1 2001,colloquial,short
DATE,When was the building permit issued? Provide a date.,['Date'],The building permit was issued on January 15 1987,explanatory,short
DATE,When was the building permit issued? Provide a date.,['Date'],When was the building permit issued,annoyed,short
DATE,When was the database schema updated? Provide a date.,['Date'],The database schema was updated on January 1 2001,verbose,short
DATE,When was the database schema updated? Provide a date.,['Date'],The database schema was updated on January 1 2000,concise,short
DATE,When was the database schema updated? Provide a date.,['Date'],The database schema was updated in January 2000,colloquial,short
DATE,When was the database schema updated? Provide a date.,['Date'],The database schema was updated on January 1 2001,annoyed,short
DATE,When was the incident reported? Provide a date.,['Date'],The incident was reported on October 26 2017,verbose,short
DATE,When was the incident reported? Provide a date.,['Date'],The incident was reported on December 2012,concise,short
DATE,When was the incident reported? Provide a date.,['Date'],The incident was reported on November 30 2001,colloquial,short
DATE,When was the incident reported? Provide a date.,['Date'],It was reported on October 29 2012,explanatory,short
DATE,When was the incident reported? Provide a date.,['Date'],The incident was reported on February 2001,annoyed,short
DATE,When was the initial contract signed? Provide a date.,['Date'],The initial contract was signed on March 30 1999,verbose,short
DATE,When was the initial contract signed? Provide a date.,['Date'],The initial contract was signed on January 1999,concise,short
DATE,When was the initial contract signed? Provide a date.,['Date'],The initial contract was signed on December 1998,colloquial,short
DATE,When was the initial contract signed? Provide a date.,['Date'],The initial contract was signed on March 1998,explanatory,short
DATE,When was the initial contract signed? Provide a date.,['Date'],The initial contract was signed on October 1998,annoyed,short
DATE,When was the last system backup performed? Provide a date.,['Date'],The last system backup was in October 2002,verbose,short
DATE,When was the last system backup performed? Provide a date.,['Date'],The last system backup was in January 2000,colloquial,short
DATE,When was the last system backup performed? Provide a date.,['Date'],The last system backup was in November 2001,explanatory,short
DATE,When was the last time the software was updated? Provide a date.,['Date'],The software was last updated in November 2000,verbose,short
DATE,When was the last time the software was updated? Provide a date.,['Date'],The software was updated in the year 2000,concise,short
DATE,When was the last time the software was updated? Provide a date.,['Date'],The software was updated in March 2019,colloquial,short
DATE,When was the last time the software was updated? Provide a date.,['Date'],The software was updated in March 2015,explanatory,short
DATE,When was the last time the software was updated? Provide a date.,['Date'],The software was last updated in March 2018,annoyed,short
DATE,When was the last time you saw a specialist? Provide a date.,['Date'],I saw a specialist in January of this year,verbose,short
DATE,When was the last time you saw a specialist? Provide a date.,['Date'],I saw a specialist on January 3 2013,concise,short
DATE,When was the last time you saw a specialist? Provide a date.,['Date'],I saw a specialist in January of this year,colloquial,short
DATE,When was the last time you saw a specialist? Provide a date.,['Date'],I saw a specialist on January 1 2012,explanatory,short
DATE,When was the last time you saw a specialist? Provide a date.,['Date'],I saw a specialist in January,annoyed,short
DATE,When was the last time you updated your profile? Provide a date.,['Date'],I updated my profile on March 18 2018,verbose,short
DATE,When was the last time you updated your profile? Provide a date.,['Date'],I updated my profile on January 30 2019,concise,short
DATE,When was the last time you updated your profile? Provide a date.,['Date'],I updated my profile on January 1 2018,colloquial,short
DATE,When was the last time you updated your profile? Provide a date.,['Date'],I updated my profile on March 30 2019,explanatory,short
DATE,When was the last time you updated your profile? Provide a date.,['Date'],I havent updated my profile in a while,annoyed,short
DATE,When was the new hardware installed? Provide a date.,['Date'],The hardware was installed in March 2002,verbose,short
DATE,When was the new hardware installed? Provide a date.,['Date'],The hardware was installed in April of this year,concise,short
DATE,When was the new hardware installed? Provide a date.,['Date'],The hardware was installed in March 2008,colloquial,short
DATE,When was the new hardware installed? Provide a date.,['Date'],It was installed on January 1 2005,explanatory,short
DATE,When was the product released? Provide a date.,['Date'],The product was released in May 2006,verbose,short
DATE,When was the product released? Provide a date.,['Date'],The product was released in March of that year,concise,short
DATE,When was the product released? Provide a date.,['Date'],The product was released on December 9 2012,colloquial,short
DATE,When was the product released? Provide a date.,['Date'],The product was released in November 2002,explanatory,short
DATE,When was the product released? Provide a date.,['Date'],The product was released in March 2000,annoyed,short
DATE,When was the prototype developed? Provide a date.,['Date'],The prototype was developed in the late 1990s,verbose,short
DATE,When was the prototype developed? Provide a date.,['Date'],The prototype was developed in the early 1990s,concise,short
DATE,When was the prototype developed? Provide a date.,['Date'],The prototype was developed in the early 1990s,colloquial,short
DATE,When was the prototype developed? Provide a date.,['Date'],The prototype was developed in the early 1990s,explanatory,short
DATE,When was the prototype developed? Provide a date.,['Date'],The prototype was developed in the mid1990s,annoyed,short
DATE,When was the risk assessment completed? Provide a date.,['Date'],The risk assessment was completed in April 2017,verbose,short
DATE,When was the risk assessment completed? Provide a date.,['Date'],The risk assessment was completed in March 2015,colloquial,short
DATE,When was the risk assessment completed? Provide a date.,['Date'],The risk assessment was completed in April 2015,explanatory,short
DATE,When was the service outage reported? Provide a date.,['Date'],The service outage was reported on March 30 2018,verbose,short
DATE,When was the service outage reported? Provide a date.,['Date'],The service outage was reported on March 2018,colloquial,short
DATE,When was the service outage reported? Provide a date.,['Date'],The service outage was reported on November 2017,explanatory,short
DATE,When was the software license renewed? Provide a date.,['Date'],The software license was renewed in May 2017,verbose,short
DATE,When was the software license renewed? Provide a date.,['Date'],The software license was renewed on March 1 2018,concise,short
DATE,When was the software license renewed? Provide a date.,['Date'],The software license was renewed on June 30 2002,colloquial,short
DATE,When was the system last upgraded? Provide a date.,['Date'],The system was last upgraded in December 2009,verbose,short
DATE,When was the system last upgraded? Provide a date.,['Date'],The system was last upgraded in January 2006,concise,short
DATE,When was the system last upgraded? Provide a date.,['Date'],The system was last upgraded in September 2003,colloquial,short
DATE,When was the system last upgraded? Provide a date.,['Date'],The system was last upgraded in January 2015,explanatory,short
DATE,When was the system last upgraded? Provide a date.,['Date'],The system was last upgraded in December 2000,annoyed,short
DATE,When was the system's capacity increased? Provide a date.,['Date'],The systems capacity was increased in the 1980s,verbose,short
DATE,When was the system's capacity increased? Provide a date.,['Date'],The systems capacity was increased in the 1980s,colloquial,short
DATE,When was the system's capacity increased? Provide a date.,['Date'],The systems capacity was increased in the 1980s,explanatory,short
DATE,When was the system's capacity increased? Provide a date.,['Date'],It was upgraded in July 2000,annoyed,short
DATE,When was the technical support ticket resolved? Provide a date.,['Date'],The ticket was resolved on January 1 2002,verbose,short
DATE,When was the technical support ticket resolved? Provide a date.,['Date'],Today,concise,short
DATE,When was the technical support ticket resolved? Provide a date.,['Date'],We resolved the ticket on November 7 2001,colloquial,short
DATE,When was the technical support ticket resolved? Provide a date.,['Date'],The ticket was resolved on December 30 2001,explanatory,short
DATE,When was the user feedback collected? Provide a date.,['Date'],We collected user feedback in the mid1990s,verbose,short
DATE,When was the user feedback collected? Provide a date.,['Date'],It was collected in the mid1990s,concise,short
DATE,When was the user feedback collected? Provide a date.,['Date'],We collected user feedback in March of this year,colloquial,short
DATE,When was the user feedback collected? Provide a date.,['Date'],It was collected in April 2015,explanatory,short
DATE,When was the user feedback collected? Provide a date.,['Date'],It was collected in May,annoyed,short
DATE,When was the warranty claim submitted? Provide a date.,['Date'],The warranty claim was filed on December 15 2000,verbose,short
DATE,When was the warranty claim submitted? Provide a date.,['Date'],The warranty claim was filed on December 13 1999,concise,short
DATE,When was the warranty claim submitted? Provide a date.,['Date'],The warranty claim was filed on April 1999,colloquial,short
DATE,When was the warranty claim submitted? Provide a date.,['Date'],We filed the claim on October 30 2001,annoyed,short
DATE,When was your last blood pressure check? Provide a date.,['Date'],I had a blood pressure check on November 30 2001,verbose,short
DATE,When was your last blood pressure check? Provide a date.,['Date'],I had a blood pressure check on Friday,concise,short
DATE,When was your last colonoscopy? Provide a date.,['Date'],I had my last colonoscopy on March 30 2018,verbose,short
DATE,When was your last colonoscopy? Provide a date.,['Date'],I havent had a colonoscopy for over a year,concise,short
DATE,When was your last colonoscopy? Provide a date.,['Date'],I had my last colonoscopy on May 30 2013,colloquial,short
DATE,When was your last colonoscopy? Provide a date.,['Date'],I had my last colonoscopy on January 30 2002,explanatory,short
DATE,When was your last colonoscopy? Provide a date.,['Date'],I had my last colonoscopy on October 1 2001,annoyed,short
DATE,When was your last dental checkup? Provide a date.,['Date'],I had my last dental checkup in January,verbose,short
DATE,When was your last dental checkup? Provide a date.,['Date'],I had my last dental checkup on January 1 2001,concise,short
DATE,When was your last dental checkup? Provide a date.,['Date'],I had my last dental checkup on October 1 2001,colloquial,short
DATE,When was your last dental checkup? Provide a date.,['Date'],I had my last dental checkup on March 1 2000,explanatory,short
DATE,When was your last dental checkup? Provide a date.,['Date'],I had my last dental checkup on October 1 2001,annoyed,short
DATE,When was your last eye exam? Provide a date.,['Date'],I had my last eye exam on March 1 2006,verbose,short
DATE,When was your last eye exam? Provide a date.,['Date'],I had my last eye exam on October 29 2001,concise,short
DATE,When was your last eye exam? Provide a date.,['Date'],I had my last eye exam on March 15 2015,colloquial,short
DATE,When was your last eye exam? Provide a date.,['Date'],My last eye exam was on May 30 2015,explanatory,short
DATE,When was your last eye exam? Provide a date.,['Date'],I had my last eye exam on March 2002,annoyed,short
DATE,When was your last hospital visit? Provide a date.,['Date'],I was in the hospital for my last visit,verbose,short
DATE,When was your last hospital visit? Provide a date.,['Date'],I went to the hospital on October 12 2013,concise,short
DATE,When was your last hospital visit? Provide a date.,['Date'],I went to the hospital on March 29 2001,colloquial,short
DATE,When was your last hospital visit? Provide a date.,['Date'],I had my last hospital visit on May 1 2013,annoyed,short
DATE,When was your last influenza vaccination? Provide a date.,['Date'],I was vaccinated on March 31 2001,verbose,short
DATE,When was your last influenza vaccination? Provide a date.,['Date'],I was vaccinated in March,explanatory,short
DATE,When was your last mammogram? Provide a date.,['Date'],I had my last mammogram on March 30 2018,verbose,short
DATE,When was your last mammogram? Provide a date.,['Date'],I had my last mammogram on January 1 2002,concise,short
DATE,When was your last mammogram? Provide a date.,['Date'],I had my last mammogram on March 5 2018,colloquial,short
DATE,When was your last mammogram? Provide a date.,['Date'],I had my last mammogram on March 1 2018,explanatory,short
DATE,When was your last mammogram? Provide a date.,['Date'],I had my last mammogram on March 1 2018,annoyed,short
DATE,When was your last physical examination? Provide a date.,['Date'],I had my last physical examination on March 2001,verbose,short
DATE,When was your last physical therapy appointment? Provide a date.,['Date'],I had a physical therapy appointment on Friday,annoyed,short
DATE,When was your last tetanus shot? Provide a date.,['Date'],I had my last tetanus shot in April of last year,concise,short
DATE,When was your last tetanus shot? Provide a date.,['Date'],I had my last tetanus shot in April,colloquial,short
DATE,When was your last tetanus shot? Provide a date.,['Date'],I had my last tetanus shot in July of last year,explanatory,short
DATE,When will the product be ready for pickup? Provide a date.,['Date'],It will be ready for pickup in about a week,concise,short
DATE,When will the product be ready for pickup? Provide a date.,['Date'],The product will be ready for pickup in the fall,explanatory,short
DATE,When will the product be ready for pickup? Provide a date.,['Date'],The product will be ready for pickup on April 1st,annoyed,short
TEXT,Describe any areas where cost savings could be achieved.,['Text'],I would like to see a reduction in the cost,colloquial,short
TEXT,Describe any areas where cost savings could be achieved.,['Text'],I think its a good idea,explanatory,short
TEXT,Describe any areas where cost savings could be achieved.,['Text'],Im not sure if its a bad idea or not,annoyed,short
TEXT,Describe any areas where the convention fell short of expectations.,['Text'],Im sorry to hear that Im sorry to hear that,verbose,short
TEXT,Describe any areas where the convention fell short of expectations.,['Text'],I think the convention was a mistake,colloquial,short
TEXT,Describe any areas where the convention fell short of expectations.,['Text'],The convention didnt meet my expectations,annoyed,short
TEXT,Describe any challenges in delivering the message.,['Text'],Ive had a difficult time delivering the message,concise,short
TEXT,Describe any challenges in delivering the message.,['Text'],Ive had a hard time delivering the message,colloquial,short
TEXT,Describe any challenges in delivering the message.,['Text'],Ive had a difficult time delivering the message,explanatory,short
TEXT,Describe any incidents or near misses that occurred.,['Text'],Ive had a lot of near misses,verbose,short
TEXT,Describe any incidents or near misses that occurred.,['Text'],I had a near miss,concise,short
TEXT,Describe any incidents or near misses that occurred.,['Text'],I had a few near misses,colloquial,short
TEXT,Describe any incidents or near misses that occurred.,['Text'],I had a near miss,explanatory,short
TEXT,Describe any incidents or near misses that occurred.,['Text'],Ive had a lot of near misses,annoyed,short
TEXT,Describe any instances of unfairness you observed during the convention.,['Text'],Im not sure if Im being unfair,concise,short
TEXT,Describe any instances of unfairness you observed during the convention.,['Text'],Im not sure if its a good thing or a bad thing,annoyed,short
TEXT,Describe the agent's demeanor.,['Text'],I think hes a good person,verbose,short
TEXT,Describe the agent's demeanor.,['Text'],Im a hardworking person,concise,short
TEXT,Describe the agent's demeanor.,['Text'],Im a hardworking person,colloquial,short
TEXT,Describe the agent's demeanor.,['Text'],Im a good person Im a good person,explanatory,short
TEXT,Describe the audience for the communication.,['Text'],The public,verbose,short
TEXT,Describe the audience for the communication.,['Text'],The public,concise,short
TEXT,Describe the audience for the communication.,['Text'],The public,colloquial,short
TEXT,Describe the audience for the communication.,['Text'],The public,explanatory,short
TEXT,Describe the audience for the communication.,['Text'],The public,annoyed,short
TEXT,Describe the challenges associated with maintaining aging equipment.,['Text'],aging equipment is a major issue,verbose,short
TEXT,Describe the challenges associated with maintaining aging equipment.,['Text'],I dont know what to do about it,colloquial,short
TEXT,Describe the challenges associated with maintaining aging equipment.,['Text'],I dont know what to do about it,annoyed,short
TEXT,Describe the challenges associated with managing a diverse workforce.,['Text'],I think diversity is a challenge,colloquial,short
TEXT,Describe the communication strategy.,['Text'],Im not sure what to say,concise,short
TEXT,Describe the communication strategy.,['Text'],Im not sure whats going on,annoyed,short
TEXT,Describe the company's commitment to health and safety.,['Text'],The company is committed to health and safety,verbose,short
TEXT,Describe the company's commitment to health and safety.,['Text'],The company is committed to health and safety,concise,short
TEXT,Describe the company's commitment to health and safety.,['Text'],The company is committed to health and safety,colloquial,short
TEXT,Describe the company's commitment to health and safety.,['Text'],The company is committed to health and safety,explanatory,short
TEXT,Describe the company's commitment to health and safety.,['Text'],The company is committed to health and safety,annoyed,short
TEXT,Describe the feedback received on the communication.,['Text'],Im not sure if its a good thing or not,verbose,short
TEXT,Describe the feedback received on the communication.,['Text'],Im not sure if its a good thing or a bad thing,explanatory,short
TEXT,Describe the feedback received on the communication.,['Text'],Im dissatisfied and dissatisfied,annoyed,short
TEXT,Describe the impact of automation on the workforce.,['Text'],It has a negative impact on the economy,concise,short
TEXT,Describe the overall effectiveness of the communication.,['Text'],I think its very effective,verbose,short
TEXT,Describe the overall effectiveness of the communication.,['Text'],I think its a good way to communicate,concise,short
TEXT,Describe the overall effectiveness of the communication.,['Text'],I think its very effective,colloquial,short
TEXT,Describe the overall effectiveness of the communication.,['Text'],I think its very effective,explanatory,short
TEXT,Describe the overall effectiveness of the communication.,['Text'],I think its a waste of time,annoyed,short
TEXT,Describe the process.,['Text'],Ive been working on a project for a while now,concise,short
TEXT,Describe the process.,['Text'],Ive been working on a project for a while now,colloquial,short
TEXT,Describe the process.,['Text'],Im not sure what Im doing,explanatory,short
TEXT,Describe the process.,['Text'],Im frustrated and dissatisfied,annoyed,short
TEXT,Describe the safety procedures followed during the operation.,['Text'],Im not sure whats going to happen,concise,short
TEXT,Describe the safety procedures followed during the operation.,['Text'],I would like to know how long the operation took,explanatory,short
TEXT,Describe the safety procedures followed during the operation.,['Text'],The operation was a success,annoyed,short
TEXT,Describe your experience with the registration process.,['Text'],I had a difficult time registering,concise,short
TEXT,Describe your experience with the registration process.,['Text'],I had a hard time registering,colloquial,short
TEXT,Describe your experience with the registration process.,['Text'],I was a bit dissatisfied with the process,annoyed,short
TEXT,Describe your experience with the support agent's technical expertise.,['Text'],Ive been a support agent for a number of years,verbose,short
TEXT,Describe your experience with the support agent's technical expertise.,['Text'],Ive been a support agent for a number of years,concise,short
TEXT,Describe your experience with the support agent's technical expertise.,['Text'],Ive worked with a support agent in the past,colloquial,short
TEXT,Describe your experience with the support agent's technical expertise.,['Text'],Ive been a support agent for many years,explanatory,short
TEXT,Describe your experience with the technology used during the convention.,['Text'],I had a great time,verbose,short
TEXT,Describe your experience with the technology used during the convention.,['Text'],Ive had a lot of problems with the technology,explanatory,short
TEXT,Describe your experience.,['Text'],Ive had a lot of bad experiences in my life,verbose,short
TEXT,Describe your experience.,['Text'],Ive had a lot of great experiences in my life,concise,short
TEXT,Describe your experience.,['Text'],Ive had a lot of bad experiences in my life,colloquial,short
TEXT,Describe your experience.,['Text'],Ive had a lot of bad experiences in my life,explanatory,short
TEXT,Describe your experience.,['Text'],Ive had a lot of bad experiences in my life,annoyed,short
TEXT,Describe your favorite part of the convention.,['Text'],Im not a fan of conventions,verbose,short
TEXT,Describe your favorite part of the convention.,['Text'],Im a big fan of the convention,concise,short
TEXT,Describe your favorite part of the convention.,['Text'],Im a big fan of the convention,colloquial,short
TEXT,Describe your favorite part of the convention.,['Text'],Im not a fan of conventions,explanatory,short
TEXT,Describe your favorite part of the convention.,['Text'],Im not a fan of conventions,annoyed,short
TEXT,Describe your interaction with the convention staff.,['Text'],I was very impressed with the staff,verbose,short
TEXT,Describe your interaction with the convention staff.,['Text'],I was greeted by the convention staff,concise,short
TEXT,Describe your interaction with the convention staff.,['Text'],I was greeted by the convention staff,colloquial,short
TEXT,Describe your interaction with the convention staff.,['Text'],I was greeted by the convention staff,explanatory,short
TEXT,Describe your interaction with the convention staff.,['Text'],I was irritated,annoyed,short
TEXT,Describe your overall experience.,['Text'],I had a great experience,verbose,short
TEXT,Describe your overall experience.,['Text'],Ive had a lot of good experiences,concise,short
TEXT,Describe your overall experience.,['Text'],Ive had a lot of great experiences,colloquial,short
TEXT,Describe your overall experience.,['Text'],Ive had a lot of great experiences,explanatory,short
TEXT,Describe your overall experience.,['Text'],Ive had a lot of bad experiences,annoyed,short
TEXT,Detail your experience with the new welding equipment.,['Text'],Im very happy with the new welding equipment,annoyed,short
TEXT,Did the agent follow up as promised?,['Text'],Yes she did,verbose,short
TEXT,Did the agent follow up as promised?,['Text'],Yes she did,concise,short
TEXT,Did the agent follow up as promised?,['Text'],Yes she did,colloquial,short
TEXT,Did the agent follow up as promised?,['Text'],Yes he did,explanatory,short
TEXT,Did the agent follow up as promised?,['Text'],Yes,annoyed,short
TEXT,Did the agent use appropriate language and terminology?,['Text'],Yes the agent used proper terminology,verbose,short
TEXT,Did the agent use appropriate language and terminology?,['Text'],Yes the agent used proper terminology,concise,short
TEXT,Did the agent use appropriate language and terminology?,['Text'],Yes the agent used proper terminology,colloquial,short
TEXT,Did the agent use appropriate language and terminology?,['Text'],Yes the agent used proper terminology,explanatory,short
TEXT,Did the agent use appropriate language and terminology?,['Text'],Yes the agent used proper terminology,annoyed,short
TEXT,Did the support agent actively listen to your concerns?,['Text'],Yes,verbose,short
TEXT,Did the support agent actively listen to your concerns?,['Text'],Yes,concise,short
TEXT,Did the support agent actively listen to your concerns?,['Text'],Yes,colloquial,short
TEXT,Did the support agent actively listen to your concerns?,['Text'],Yes,explanatory,short
TEXT,Did the support agent actively listen to your concerns?,['Text'],Yes,annoyed,short
TEXT,Did you feel the agent understood your problem?,['Text'],Yes she understood my problem,verbose,short
TEXT,Did you feel the agent understood your problem?,['Text'],Yes she understood my problem,concise,short
TEXT,Did you feel the agent understood your problem?,['Text'],Yes,colloquial,short
TEXT,Did you feel the agent understood your problem?,['Text'],Yes,explanatory,short
TEXT,Did you feel the agent understood your problem?,['Text'],Yes she did,annoyed,short
TEXT,Did you feel the convention was worth the cost?,['Text'],I thought it was worth it,verbose,short
TEXT,Did you feel the convention was worth the cost?,['Text'],Yes it was worth it,concise,short
TEXT,Did you feel the convention was worth the cost?,['Text'],I thought it was worth it,colloquial,short
TEXT,Did you feel the convention was worth the cost?,['Text'],I thought it was worth it,explanatory,short
TEXT,Did you feel the convention was worth the cost?,['Text'],I didnt think it was worth the cost,annoyed,short
TEXT,Did you feel valued as a customer?,['Text'],I felt valued as a customer,verbose,short
TEXT,Did you feel valued as a customer?,['Text'],I felt valued as a customer,concise,short
TEXT,Did you feel valued as a customer?,['Text'],I felt valued as a customer,colloquial,short
TEXT,Did you feel valued as a customer?,['Text'],I felt valued as a customer,explanatory,short
TEXT,Did you feel valued as a customer?,['Text'],I felt valued as a customer,annoyed,short
TEXT,Did you feel your issue was resolved efficiently?,['Text'],Yes,verbose,short
TEXT,Did you feel your issue was resolved efficiently?,['Text'],Yes,concise,short
TEXT,Did you feel your issue was resolved efficiently?,['Text'],Yes,colloquial,short
TEXT,Did you feel your issue was resolved efficiently?,['Text'],Yes I did,explanatory,short
TEXT,Did you feel your issue was resolved efficiently?,['Text'],Yes,annoyed,short
TEXT,Discuss the importance of continuous improvement in heavy industries.,['Text'],I think its important,verbose,short
TEXT,Discuss the importance of continuous improvement in heavy industries.,['Text'],I think its important,concise,short
TEXT,Discuss the importance of continuous improvement in heavy industries.,['Text'],I think its important,colloquial,short
TEXT,Discuss the importance of continuous improvement in heavy industries.,['Text'],I think its important,explanatory,short
TEXT,Discuss the importance of continuous improvement in heavy industries.,['Text'],I am dissatisfied and dissatisfied,annoyed,short
TEXT,Elaborate on the training provided to the operators.,['Text'],Im not sure whats going to happen,verbose,short
TEXT,Elaborate on the training provided to the operators.,['Text'],Im not sure if Ill be able to do that,concise,short
TEXT,Elaborate on the training provided to the operators.,['Text'],Im not sure if Ill be able to do that,explanatory,short
TEXT,Elaborate on your response.,['Text'],Im sorry to hear that Im sorry to hear that,verbose,short
TEXT,Elaborate on your response.,['Text'],Im not sure if Ill be able to make it,concise,short
TEXT,Elaborate on your response.,['Text'],Im sorry to hear that,explanatory,short
TEXT,Elaborate on your response.,['Text'],Im frustrated and dissatisfied,annoyed,short
TEXT,Explain any challenges encountered during the project and how they were overcome.,['Text'],I was able to overcome some of the challenges,verbose,short
TEXT,Explain any challenges encountered during the project and how they were overcome.,['Text'],I was able to overcome some of the challenges,concise,short
TEXT,Explain any challenges encountered during the project and how they were overcome.,['Text'],I was able to overcome some of the challenges,colloquial,short
TEXT,Explain any challenges encountered during the project and how they were overcome.,['Text'],I was able to overcome all of the challenges,annoyed,short
TEXT,Explain the process for conducting regular equipment inspections.,['Text'],Im not sure how to do it,verbose,short
TEXT,Explain the process for conducting regular equipment inspections.,['Text'],Ive been a contractor since I was a kid,explanatory,short
TEXT,Explain the process for conducting regular equipment inspections.,['Text'],Im frustrated and dissatisfied,annoyed,short
TEXT,Explain the process for handling customer complaints.,['Text'],I dont know how to handle complaints,verbose,short
TEXT,Explain the process for handling customer complaints.,['Text'],I dont know how to handle complaints,colloquial,short
TEXT,Explain the process for handling customer complaints.,['Text'],I handle complaints in a timely manner,explanatory,short
TEXT,Explain the process for handling customer complaints.,['Text'],Im not sure how to handle customer complaints,annoyed,short
TEXT,Explain the process for handling hazardous materials.,['Text'],I dont know how to handle hazardous materials,verbose,short
TEXT,Explain the process for handling hazardous materials.,['Text'],Im not sure how to handle hazardous materials,colloquial,short
TEXT,Explain the process for handling hazardous materials.,['Text'],I dont know how to handle hazardous materials,explanatory,short
TEXT,Explain the process for handling hazardous materials.,['Text'],Im not sure what to do,annoyed,short
TEXT,Explain your approach.,['Text'],Im a snob Im a snob Im a snobIm a snob,verbose,short
TEXT,Explain your approach.,['Text'],Im a snob Im a snob Im a snobIm a snob,concise,short
TEXT,Explain your approach.,['Text'],Im a therapist Im a therapist Im a therapist,explanatory,short
TEXT,Explain your approach.,['Text'],Im a little frustrated and dissatisfied,annoyed,short
TEXT,Explain your issue in detail.,['Text'],I dont know what to do about it,concise,short
TEXT,Explain your issue in detail.,['Text'],Im sorry to hear that Im sorry to hear that,explanatory,short
TEXT,Explain your issue in detail.,['Text'],Im not sure whats wrong,annoyed,short
TEXT,Explain your reasoning.,['Text'],I think its a good idea,verbose,short
TEXT,Explain your reasoning.,['Text'],I think it is a good idea to do this,concise,short
TEXT,Explain your reasoning.,['Text'],Im a big fan of the idea,explanatory,short
TEXT,Explain your reasoning.,['Text'],Im frustrated that Im not being able to get a job,annoyed,short
TEXT,Explain your role in the communication process.,['Text'],Im a communications officer,verbose,short
TEXT,Explain your role in the communication process.,['Text'],Im a reporter,concise,short
TEXT,Explain your role in the communication process.,['Text'],Im a secretary,colloquial,short
TEXT,Explain your role in the communication process.,['Text'],Im a communications officer,explanatory,short
TEXT,Explain your role in the communication process.,['Text'],Im a part of the communication process,annoyed,short
TEXT,How accessible was the convention for participants?,['Text'],The convention was very accessible,verbose,short
TEXT,How accessible was the convention for participants?,['Text'],The convention was very accessible,concise,short
TEXT,How accessible was the convention for participants?,['Text'],The convention was very accessible,colloquial,short
TEXT,How accessible was the convention for participants?,['Text'],The convention was very accessible,explanatory,short
TEXT,How accessible was the convention for participants?,['Text'],The convention was very accessible,annoyed,short
TEXT,How can the company better engage with its stakeholders?,['Text'],It can help them find solutions to their problems,concise,short
TEXT,How can the company better utilize its resources?,['Text'],The company will better able to use its resources,explanatory,short
TEXT,How can the company better utilize its resources?,['Text'],It needs to be more efficient,annoyed,short
TEXT,How can the company enhance its reputation and brand image?,['Text'],It can improve its reputation and brand image,verbose,short
TEXT,How can the company enhance its reputation and brand image?,['Text'],Its a good way to make money,concise,short
TEXT,How can the company enhance its reputation and brand image?,['Text'],It has a reputation as a leader in its field,colloquial,short
TEXT,How can the company enhance its reputation and brand image?,['Text'],It can improve its reputation and brand image,explanatory,short
TEXT,How can the company enhance its reputation and brand image?,['Text'],It has a reputation for being a good company,annoyed,short
TEXT,How can the company improve its response to emergency situations?,['Text'],It can improve its response to emergencies,explanatory,short
TEXT,How can the company improve its response to emergency situations?,['Text'],It can improve its response to emergencies,annoyed,short
TEXT,How confident are you that your issue is truly resolved?,['Text'],I am confident that my issue is resolved,verbose,short
TEXT,How confident are you that your issue is truly resolved?,['Text'],I am confident that my issue is resolved,concise,short
TEXT,How confident are you that your issue is truly resolved?,['Text'],I am confident that my issue is resolved,colloquial,short
TEXT,How confident are you that your issue is truly resolved?,['Text'],I am confident that my issue is resolved,explanatory,short
TEXT,How confident are you that your issue is truly resolved?,['Text'],I am confident that my issue is resolved,annoyed,short
TEXT,How could communication be improved?,['Text'],It could be improved by using technology,explanatory,short
TEXT,How could the company improve its sustainability initiatives?,['Text'],It could improve its sustainability initiatives,colloquial,short
TEXT,How could the company improve its sustainability initiatives?,['Text'],It could improve its sustainability initiatives,annoyed,short
TEXT,How could the convention be made more inclusive?,['Text'],The convention could be made more inclusive,verbose,short
TEXT,How could the convention be made more inclusive?,['Text'],The convention could be made more inclusive,concise,short
TEXT,How could the convention be made more inclusive?,['Text'],The convention could be made more inclusive,colloquial,short
TEXT,How could the convention be made more inclusive?,['Text'],The convention could be made more inclusive,explanatory,short
TEXT,How could the convention be made more inclusive?,['Text'],The convention could be made more inclusive,annoyed,short
TEXT,How could the convention better promote a sense of community among participants?,['Text'],I would like to see a more inclusive convention,annoyed,short
TEXT,How could the convention better support participants with diverse needs?,['Text'],The convention could be more inclusive,explanatory,short
TEXT,How could this be improved?,['Text'],I think it could be improved,verbose,short
TEXT,How could this be improved?,['Text'],It could be improved,concise,short
TEXT,How could this be improved?,['Text'],Id like to make it easier to understand,colloquial,short
TEXT,How could this be improved?,['Text'],Im not sure if its a good idea,annoyed,short
TEXT,How did the communication impact the intended audience?,['Text'],It was a resounding success,verbose,short
TEXT,How did the communication impact the intended audience?,['Text'],It had a negative impact on the intended audience,explanatory,short
TEXT,How did the communication impact the intended audience?,['Text'],I was frustrated and dissatisfied,annoyed,short
TEXT,How did you ensure ethical communication practices were followed?,['Text'],I had a lot of conversations with my coworkers,verbose,short
TEXT,How did you ensure ethical communication practices were followed?,['Text'],I made sure that I followed the rules of the game,colloquial,short
TEXT,How did you overcome those challenges?,['Text'],I was able to overcome them,verbose,short
TEXT,How did you overcome those challenges?,['Text'],I had a lot of challenges,concise,short
TEXT,How did you overcome those challenges?,['Text'],I was able to overcome them,colloquial,short
TEXT,How did you overcome those challenges?,['Text'],I was able to overcome them,explanatory,short
TEXT,How did you overcome those challenges?,['Text'],I didnt know how to overcome them,annoyed,short
TEXT,How easy was it to contact support?,['Text'],It was very easy,verbose,short
TEXT,How easy was it to contact support?,['Text'],It was very easy,concise,short
TEXT,How easy was it to contact support?,['Text'],It was very easy,colloquial,short
TEXT,How easy was it to contact support?,['Text'],It was very easy,explanatory,short
TEXT,How easy was it to contact support?,['Text'],It was easy,annoyed,short
TEXT,How effective was the communication?,['Text'],Effective,verbose,short
TEXT,How effective was the communication?,['Text'],Effective,concise,short
TEXT,How effective was the communication?,['Text'],Effective,colloquial,short
TEXT,How effective was the communication?,['Text'],Effective,explanatory,short
TEXT,How effective was the communication?,['Text'],I was dissatisfied and dissatisfied,annoyed,short
TEXT,How effectively did the convention meet its stated goals?,['Text'],It failed to achieve its stated goals,annoyed,short
TEXT,How fair did you perceive the judging process to be?,['Text'],I thought the judging process was fair,verbose,short
TEXT,How fair did you perceive the judging process to be?,['Text'],I thought the judging process was fair,concise,short
TEXT,How fair did you perceive the judging process to be?,['Text'],I thought the judging process was fair,colloquial,short
TEXT,How fair did you perceive the judging process to be?,['Text'],I thought the judging process was fair,explanatory,short
TEXT,How fair did you perceive the judging process to be?,['Text'],I was dissatisfied with the judging process,annoyed,short
TEXT,How long did it take to resolve your issue?,['Text'],It took me a long time to resolve my issue,verbose,short
TEXT,How long did it take to resolve your issue?,['Text'],It took a long time to resolve my issue,colloquial,short
TEXT,How long did it take to resolve your issue?,['Text'],I was able to resolve my issue within a few hours,explanatory,short
TEXT,How long did it take to resolve your issue?,['Text'],It took me a while to resolve my issue,annoyed,short
TEXT,How satisfied were you with the networking opportunities?,['Text'],I was satisfied with the networking opportunities,verbose,short
TEXT,How satisfied were you with the networking opportunities?,['Text'],I was satisfied with the networking opportunities,concise,short
TEXT,How satisfied were you with the networking opportunities?,['Text'],I was satisfied with the networking opportunities,colloquial,short
TEXT,How satisfied were you with the networking opportunities?,['Text'],I was satisfied with the networking opportunities,explanatory,short
TEXT,How satisfied were you with the resolution?,['Text'],I was satisfied with the outcome,verbose,short
TEXT,How satisfied were you with the resolution?,['Text'],I was satisfied with the outcome,concise,short
TEXT,How satisfied were you with the resolution?,['Text'],I was satisfied with the outcome,colloquial,short
TEXT,How satisfied were you with the resolution?,['Text'],I was satisfied with the outcome,explanatory,short
TEXT,How satisfied were you with the resolution?,['Text'],I was dissatisfied,annoyed,short
TEXT,How was the feedback used to improve future communications?,['Text'],It was used to improve future communications,explanatory,short
TEXT,How was the feedback used to improve future communications?,['Text'],It was used to improve future communications,annoyed,short
TEXT,How was the message received?,['Text'],It was sent to a group of people,verbose,short
TEXT,How was the message received?,['Text'],It was received poorly,concise,short
TEXT,How was the message received?,['Text'],It was received well,colloquial,short
TEXT,How was the message received?,['Text'],It was received poorly,explanatory,short
TEXT,How was the message received?,['Text'],Im not sure if its a good message or not,annoyed,short
TEXT,How would you describe the atmosphere of the convention?,['Text'],The convention was a lot of fun,verbose,short
TEXT,How would you describe the atmosphere of the convention?,['Text'],The convention was a good one,concise,short
TEXT,How would you describe the atmosphere of the convention?,['Text'],The convention was a good one,colloquial,short
TEXT,How would you describe the atmosphere of the convention?,['Text'],I would describe the atmosphere of the convention,explanatory,short
TEXT,How would you describe the overall tone of the interaction?,['Text'],I think its a positive tone,verbose,short
TEXT,How would you describe the overall tone of the interaction?,['Text'],I think its a positive tone,explanatory,short
TEXT,How would you describe the overall tone of the interaction?,['Text'],Im frustrated and dissatisfied,annoyed,short
TEXT,How would you improve the support agent's training?,['Text'],I would improve the support agents training,verbose,short
TEXT,How would you improve the support agent's training?,['Text'],I would improve the support agents training,concise,short
TEXT,How would you improve the support agent's training?,['Text'],I would improve the support agents training,explanatory,short
TEXT,How would you rate the agent's communication skills?,['Text'],I would rate the agents communication skills,verbose,short
TEXT,How would you rate the agent's communication skills?,['Text'],I would rate the agents communication skills,annoyed,short
TEXT,How would you rate the agent's patience and understanding?,['Text'],I would rate patience and understanding as high,verbose,short
TEXT,How would you rate the agent's patience and understanding?,['Text'],I would rate patience and understanding as high,concise,short
TEXT,How would you rate the agent's patience and understanding?,['Text'],I would rate patience and understanding as high,colloquial,short
TEXT,How would you rate the agent's patience and understanding?,['Text'],I would rate patience and understanding as high,explanatory,short
TEXT,How would you rate the agent's patience and understanding?,['Text'],I would rate patience and understanding as high,annoyed,short
TEXT,How would you rate the agent's problem-solving skills?,['Text'],I would rate the agents problemsolving skills,explanatory,short
TEXT,How would you rate the overall organization of the event?,['Text'],I would rate it as a positive,explanatory,short
TEXT,How would you rate the overall value of the convention?,['Text'],I would rate the convention as good,verbose,short
TEXT,How would you rate the overall value of the convention?,['Text'],I would rate the convention as good,concise,short
TEXT,How would you rate the overall value of the convention?,['Text'],I would rate the convention as good,colloquial,short
TEXT,How would you rate the overall value of the convention?,['Text'],I would rate the convention as good,explanatory,short
TEXT,How would you rate the overall value of the convention?,['Text'],I would rate the convention as a waste of time,annoyed,short
TEXT,Is there anything else you would like to share about your experience?,['Text'],Im not sure,verbose,short
TEXT,Is there anything else you would like to share about your experience?,['Text'],I would like to share my experiences with others,concise,short
TEXT,Is there anything else you would like to share about your experience?,['Text'],I would like to share my experience with others,colloquial,short
TEXT,Is there anything else you would like to share about your experience?,['Text'],I would like to share my experiences with you,explanatory,short
TEXT,Is there anything else you would like to share about your experience?,['Text'],I would like to share my experiences with others,annoyed,short
TEXT,"On a scale of 1-10, how likely are you to recommend our support?",['Text'],Im not sure if Im recommending it or not,verbose,short
TEXT,"On a scale of 1-10, how likely are you to recommend our support?",['Text'],Im not sure,concise,short
TEXT,"On a scale of 1-10, how likely are you to recommend our support?",['Text'],Im very likely to recommend our support,colloquial,short
TEXT,"On a scale of 1-10, how likely are you to recommend our support?",['Text'],Im very likely to recommend our support,explanatory,short
TEXT,"On a scale of 1-10, how likely are you to recommend our support?",['Text'],Im not sure,annoyed,short
TEXT,Please share any additional feedback you have for us.,['Text'],Id like to hear your thoughts,verbose,short
TEXT,Please share any additional feedback you have for us.,['Text'],Id like to hear your feedback,colloquial,short
TEXT,Please share any additional feedback you have for us.,['Text'],Im not sure if Ill be able to help you,annoyed,short
TEXT,Provide feedback on the effectiveness of the communication system.,['Text'],I think its a good system,verbose,short
TEXT,Provide feedback on the effectiveness of the communication system.,['Text'],I think its a good system,colloquial,short
TEXT,Provide feedback on the effectiveness of the communication system.,['Text'],I think the communication system is a good one,explanatory,short
TEXT,Provide further details.,['Text'],Im sorry to hear that,verbose,short
TEXT,Provide further details.,['Text'],Id like to know more about it,concise,short
TEXT,Provide further details.,['Text'],Id like to know more about the project,colloquial,short
TEXT,Provide further details.,['Text'],Im sorry to hear that Im sorry to hear that,explanatory,short
TEXT,Rate the overall helpfulness of the support.,['Text'],I think its very helpful,verbose,short
TEXT,Rate the overall helpfulness of the support.,['Text'],I think its very helpful,concise,short
TEXT,Rate the overall helpfulness of the support.,['Text'],I think its very helpful,colloquial,short
TEXT,Rate the overall helpfulness of the support.,['Text'],I think its very helpful,explanatory,short
TEXT,Rate the overall helpfulness of the support.,['Text'],Im not sure if its a good thing or not,annoyed,short
TEXT,Reflect on your personal contribution to the communication.,['Text'],Im proud of what Ive done,verbose,short
TEXT,Reflect on your personal contribution to the communication.,['Text'],Im grateful for the work youve done,concise,short
TEXT,Reflect on your personal contribution to the communication.,['Text'],Im grateful for your contribution,colloquial,short
TEXT,Reflect on your personal contribution to the communication.,['Text'],Im proud of the work youve done,explanatory,short
TEXT,Share any concerns you have about the convention.,['Text'],Im worried about the convention,verbose,short
TEXT,Share any concerns you have about the convention.,['Text'],Im worried about the convention,concise,short
TEXT,Share any concerns you have about the convention.,['Text'],I think its a good idea,colloquial,short
TEXT,Share any concerns you have about the convention.,['Text'],Im worried about the convention,explanatory,short
TEXT,Share any concerns you have about the convention.,['Text'],Im not sure what the convention is about,annoyed,short
TEXT,Share any unexpected positive experiences you had at the convention.,['Text'],I had a great time,verbose,short
TEXT,Share any unexpected positive experiences you had at the convention.,['Text'],I had a great time at the convention,concise,short
TEXT,Share any unexpected positive experiences you had at the convention.,['Text'],I had a great time at the convention,colloquial,short
TEXT,Share any unexpected positive experiences you had at the convention.,['Text'],I had a great time,explanatory,short
TEXT,Share any unexpected positive experiences you had at the convention.,['Text'],I had a great time at the convention,annoyed,short
TEXT,Share your feedback.,['Text'],Id like to know if you have any questions,verbose,short
TEXT,Share your feedback.,['Text'],Id like to know what you think,concise,short
TEXT,Share your feedback.,['Text'],Im glad you liked it,colloquial,short
TEXT,Summarize the main points.,['Text'],I dont know what to do about it,concise,short
TEXT,Summarize the main points.,['Text'],I dont know what to do,annoyed,short
TEXT,Was the solution provided easy to understand and implement?,['Text'],Yes,verbose,short
TEXT,Was the solution provided easy to understand and implement?,['Text'],Yes,concise,short
TEXT,Was the solution provided easy to understand and implement?,['Text'],Yes,colloquial,short
TEXT,Was the solution provided easy to understand and implement?,['Text'],Yes,explanatory,short
TEXT,Was the solution provided easy to understand and implement?,['Text'],Yes,annoyed,short
TEXT,Were all your questions answered to your satisfaction?,['Text'],Yes,verbose,short
TEXT,Were all your questions answered to your satisfaction?,['Text'],Yes,concise,short
TEXT,Were all your questions answered to your satisfaction?,['Text'],Yes I did,colloquial,short
TEXT,Were all your questions answered to your satisfaction?,['Text'],Yes,explanatory,short
TEXT,Were all your questions answered to your satisfaction?,['Text'],No I didnt have any questions,annoyed,short
TEXT,Were there any delays in getting your issue resolved?,['Text'],Yes there was a delay,verbose,short
TEXT,Were there any logistical issues you encountered?,['Text'],I didnt have any logistical issues,verbose,short
TEXT,Were there any logistical issues you encountered?,['Text'],I did not have any logistical issues,concise,short
TEXT,Were there any logistical issues you encountered?,['Text'],I didnt have any logistical issues,colloquial,short
TEXT,Were there any logistical issues you encountered?,['Text'],I did not encounter any logistical issues,explanatory,short
TEXT,Were there any logistical issues you encountered?,['Text'],I was frustrated and dissatisfied,annoyed,short
TEXT,Were there any technical difficulties during the support interaction?,['Text'],Yes,verbose,short
TEXT,Were there any technical difficulties during the support interaction?,['Text'],Yes,concise,short
TEXT,Were there any technical difficulties during the support interaction?,['Text'],Yes,colloquial,short
TEXT,Were there any technical difficulties during the support interaction?,['Text'],Yes,explanatory,short
TEXT,Were there any technical difficulties during the support interaction?,['Text'],Yes,annoyed,short
TEXT,What are your observations regarding employee morale?,['Text'],I think its a good thing,concise,short
TEXT,What are your observations regarding employee morale?,['Text'],I think its a good thing,explanatory,short
TEXT,What are your observations regarding the company's overall safety culture?,['Text'],I think its a good idea to have a safety culture,colloquial,short
TEXT,What are your observations regarding the company's overall safety culture?,['Text'],The companys overall safety culture is good,explanatory,short
TEXT,What are your observations regarding the overall productivity levels?,['Text'],I think its a good measure of productivity,colloquial,short
TEXT,What are your recommendations for improving workplace safety?,['Text'],I think its a good idea,concise,short
TEXT,What are your recommendations for improving workplace safety?,['Text'],I think its a good idea,colloquial,short
TEXT,What are your recommendations for improving workplace safety?,['Text'],I think its a good idea,annoyed,short
TEXT,What are your suggestions for improving employee training programs?,['Text'],I think its a good idea,concise,short
TEXT,What are your suggestions for improving employee training programs?,['Text'],I think its a good idea,colloquial,short
TEXT,What are your suggestions for improving employee training programs?,['Text'],I think its a good idea,explanatory,short
TEXT,What are your suggestions for improving the communication during the convention?,['Text'],Id like to have a discussion about the convention,colloquial,short
TEXT,What are your suggestions for reducing downtime?,['Text'],I think its a good idea,verbose,short
TEXT,What are your suggestions for reducing downtime?,['Text'],I think its a good idea,colloquial,short
TEXT,What are your suggestions for reducing downtime?,['Text'],I think its a good idea,explanatory,short
TEXT,What are your suggestions for reducing downtime?,['Text'],I think its a good idea,annoyed,short
TEXT,What are your suggestions?,['Text'],Id like to be able to write a story,verbose,short
TEXT,What are your suggestions?,['Text'],Id like to get a job at a restaurant,colloquial,short
TEXT,What are your thoughts on the current maintenance schedule?,['Text'],I think its a good idea,verbose,short
TEXT,What are your thoughts on the current maintenance schedule?,['Text'],I think its a good idea,concise,short
TEXT,What are your thoughts on the current maintenance schedule?,['Text'],I think its a good idea,explanatory,short
TEXT,What are your thoughts on the current maintenance schedule?,['Text'],I think its a good idea,annoyed,short
TEXT,What are your thoughts on the current supply chain management?,['Text'],I think its a waste of time and money,concise,short
TEXT,What are your thoughts on the current supply chain management?,['Text'],I think its a good thing,colloquial,short
TEXT,What are your thoughts on the effectiveness of the company's training and development programs?,['Text'],I think its a waste of time and money,verbose,short
TEXT,What are your thoughts on the effectiveness of the company's training and development programs?,['Text'],I think its a waste of time and money,concise,short
TEXT,What are your thoughts on the effectiveness of the company's training and development programs?,['Text'],I think its a waste of time and money,annoyed,short
TEXT,What are your thoughts on the effectiveness of the project management methodologies?,['Text'],I think they are a good way to manage a project,verbose,short
TEXT,What are your thoughts on the effectiveness of the project management methodologies?,['Text'],I think its a waste of time and money,explanatory,short
TEXT,What are your thoughts on the effectiveness of the project management methodologies?,['Text'],I think its a waste of time and money,annoyed,short
TEXT,What are your thoughts?,['Text'],I think its a good idea,verbose,short
TEXT,What are your thoughts?,['Text'],I dont think its a good idea,concise,short
TEXT,What are your thoughts?,['Text'],Im not sure,colloquial,short
TEXT,What are your thoughts?,['Text'],I think its a good idea,explanatory,short
TEXT,What aspects of the communication were most successful?,['Text'],The communication was a success,verbose,short
TEXT,What aspects of the communication were most successful?,['Text'],The communication was a success,concise,short
TEXT,What aspects of the communication were most successful?,['Text'],The communication was effective,colloquial,short
TEXT,What aspects of the communication were most successful?,['Text'],The communication was clear and professional,explanatory,short
TEXT,What aspects of the communication were most successful?,['Text'],The communication was a success,annoyed,short
TEXT,What aspects of the convention could be improved for future participants?,['Text'],The convention was a great success,explanatory,short
TEXT,What aspects of the convention did you find most engaging?,['Text'],I found the convention to be a lot of fun,verbose,short
TEXT,What aspects of the convention did you find most engaging?,['Text'],I found the convention to be a lot of fun,concise,short
TEXT,What aspects of the convention did you find most engaging?,['Text'],I found the convention to be a lot of fun,colloquial,short
TEXT,What aspects of the convention did you find most engaging?,['Text'],I found the convention to be a lot of fun,explanatory,short
TEXT,What aspects of the convention did you find most engaging?,['Text'],I found the convention to be a lot of fun,annoyed,short
TEXT,What aspects of the convention exceeded your expectations?,['Text'],The convention was a success,verbose,short
TEXT,What aspects of the convention exceeded your expectations?,['Text'],The convention was a success,concise,short
TEXT,What aspects of the convention exceeded your expectations?,['Text'],The convention exceeded my expectations,colloquial,short
TEXT,What aspects of the convention exceeded your expectations?,['Text'],The convention exceeded my expectations,explanatory,short
TEXT,What aspects of the convention exceeded your expectations?,['Text'],The convention was a success,annoyed,short
TEXT,What aspects of the convention fostered a sense of inclusivity and belonging?,['Text'],The convention was a social convention,colloquial,short
TEXT,What aspects of the convention were most impactful?,['Text'],The convention was a great success,verbose,short
TEXT,What aspects of the convention were most impactful?,['Text'],The convention was a success,concise,short
TEXT,What aspects of the convention were most impactful?,['Text'],The convention was a waste of time and money,annoyed,short
TEXT,What aspects of the support were particularly negative?,['Text'],I dont know,colloquial,short
TEXT,What aspects of the support were particularly negative?,['Text'],Im dissatisfied with the lack of support,annoyed,short
TEXT,What aspects of the support were particularly positive?,['Text'],The support was very positive,verbose,short
TEXT,What aspects of the support were particularly positive?,['Text'],The support was very positive,concise,short
TEXT,What aspects of the support were particularly positive?,['Text'],The support was very positive,colloquial,short
TEXT,What aspects of the support were particularly positive?,['Text'],I think its a good support,explanatory,short
TEXT,What aspects of the support were particularly positive?,['Text'],The support was very positive,annoyed,short
TEXT,What challenges did you encounter?,['Text'],I had a lot of problems with my computer,verbose,short
TEXT,What challenges did you encounter?,['Text'],I didnt know what to do,concise,short
TEXT,What challenges did you encounter?,['Text'],I had a lot of problems with my computer,colloquial,short
TEXT,What challenges did you encounter?,['Text'],I did not have a lot of time,explanatory,short
TEXT,What challenges did you encounter?,['Text'],I had a lot of problems with my computer,annoyed,short
TEXT,What could we have done better?,['Text'],We could have done better,verbose,short
TEXT,What could we have done better?,['Text'],We could have done better,concise,short
TEXT,What could we have done better?,['Text'],We could have done better,colloquial,short
TEXT,What could we have done better?,['Text'],We could have done better,explanatory,short
TEXT,What could we have done better?,['Text'],We could have done better,annoyed,short
TEXT,What did you learn from participating in the convention?,['Text'],I learned a lot from the convention,verbose,short
TEXT,What did you learn from participating in the convention?,['Text'],I learned a lot from the convention,colloquial,short
TEXT,What did you learn from participating in the convention?,['Text'],I learned a lot from the convention,explanatory,short
TEXT,What did you learn from participating in the convention?,['Text'],I learned a lot from the convention,annoyed,short
TEXT,What did you learn from this communication experience?,['Text'],I learned a lot from this experience,verbose,short
TEXT,What did you learn from this communication experience?,['Text'],I learned to be a good listener,concise,short
TEXT,What did you learn from this communication experience?,['Text'],I learned a lot from this experience,colloquial,short
TEXT,What did you learn from this communication experience?,['Text'],I learned that I was a good listener,explanatory,short
TEXT,What did you learn from this communication experience?,['Text'],I learned a lot from this experience,annoyed,short
TEXT,What impact did the convention have on your professional development?,['Text'],Ive learned a lot from the convention,verbose,short
TEXT,What impact did the convention have on your professional development?,['Text'],It has had a positive impact on my career,concise,short
TEXT,What impact did the convention have on your professional development?,['Text'],I learned a lot from the convention,colloquial,short
TEXT,What improvements could be made to the convention?,['Text'],The convention could be improved,verbose,short
TEXT,What improvements could be made to the convention?,['Text'],The convention could be improved,concise,short
TEXT,What improvements could be made to the convention?,['Text'],The convention could be improved,colloquial,short
TEXT,What improvements could be made to the convention?,['Text'],The convention could be improved,explanatory,short
TEXT,What improvements could be made to the convention?,['Text'],The convention could be improved,annoyed,short
TEXT,What improvements could be made to the efficiency of the manufacturing process?,['Text'],The manufacturing process could be more efficient,verbose,short
TEXT,What improvements could be made to the efficiency of the manufacturing process?,['Text'],The manufacturing process could be more efficient,explanatory,short
TEXT,What improvements could be made to the efficiency of the manufacturing process?,['Text'],The manufacturing process could be improved,annoyed,short
TEXT,What improvements would you suggest for our support system?,['Text'],We need to improve our support system,verbose,short
TEXT,What improvements would you suggest for our support system?,['Text'],We need to improve our support system,concise,short
TEXT,What improvements would you suggest for our support system?,['Text'],I would like to see a better support system,colloquial,short
TEXT,What improvements would you suggest for our support system?,['Text'],We need to improve our support system,explanatory,short
TEXT,What improvements would you suggest for our support system?,['Text'],Id like to see a better support system,annoyed,short
TEXT,What is your feedback on the overall design and layout of the convention?,['Text'],I think its a good idea,concise,short
TEXT,What is your feedback on the overall design and layout of the convention?,['Text'],Im not sure,colloquial,short
TEXT,What is your feedback on the quality of the presentations?,['Text'],Im not sure if its a good thing or not,explanatory,short
TEXT,What is your feedback on the venue?,['Text'],Im satisfied with the venue,colloquial,short
TEXT,What is your feedback on the venue?,['Text'],Ive been there a few times,explanatory,short
TEXT,What is your feedback on the venue?,['Text'],Im disappointed,annoyed,short
TEXT,What is your overall impression of the convention's level of professionalism?,['Text'],I think its a good convention,verbose,short
TEXT,What is your overall impression of the convention's level of professionalism?,['Text'],I think its a good convention,concise,short
TEXT,What is your overall impression of the convention's level of professionalism?,['Text'],I think its a good convention,colloquial,short
TEXT,What is your overall impression of the convention's level of professionalism?,['Text'],I think its a good convention,explanatory,short
TEXT,What is your suggestion for improving the support process?,['Text'],I think its a good idea,verbose,short
TEXT,What is your suggestion for improving the support process?,['Text'],I would like to improve the support process,concise,short
TEXT,What is your suggestion for improving the support process?,['Text'],I would like to improve the support process,colloquial,short
TEXT,What is your suggestion for improving the support process?,['Text'],I would like to improve the support process,explanatory,short
TEXT,What lessons were learned from the communication?,['Text'],I learned to be a good listener,verbose,short
TEXT,What lessons were learned from the communication?,['Text'],I learned a lot from the communication,concise,short
TEXT,What lessons were learned from the communication?,['Text'],I learned to be a good listener,colloquial,short
TEXT,What lessons were learned from the communication?,['Text'],I learned to be a good listener,explanatory,short
TEXT,What lessons were learned from the communication?,['Text'],I learned a lot from the communication,annoyed,short
TEXT,What resources or support did you find most helpful?,['Text'],I found a lot of resources or support,verbose,short
TEXT,What resources or support did you find most helpful?,['Text'],I found it to be helpful,concise,short
TEXT,What resources or support did you find most helpful?,['Text'],I found a lot of resources or support,colloquial,short
TEXT,What resources or support did you find most helpful?,['Text'],I found a lot of resources or support,explanatory,short
TEXT,What resources or support did you find most helpful?,['Text'],I found a lot of resources or support,annoyed,short
TEXT,What specific actions did the agent take that you appreciated?,['Text'],I appreciated the agents efforts,explanatory,short
TEXT,What specific actions did the agent take that you did not appreciate?,['Text'],I didnt appreciate the agents actions,verbose,short
TEXT,What specific actions did the agent take that you did not appreciate?,['Text'],I didnt appreciate the agents actions,concise,short
TEXT,What specific actions did the agent take that you did not appreciate?,['Text'],I did not appreciate the agents actions,colloquial,short
TEXT,What specific actions did the agent take that you did not appreciate?,['Text'],I didnt appreciate the actions of the agent,explanatory,short
TEXT,What specific actions did the agent take that you did not appreciate?,['Text'],I didnt appreciate the actions of the agent,annoyed,short
TEXT,What steps did the agent take to resolve your issue?,['Text'],I asked for a refund,concise,short
TEXT,What steps did the agent take to resolve your issue?,['Text'],I asked for a refund,explanatory,short
TEXT,What steps did the agent take to resolve your issue?,['Text'],I asked for a refund,annoyed,short
TEXT,What suggestions do you have for future conventions?,['Text'],Id like to have a convention in the future,concise,short
TEXT,What suggestions do you have for future conventions?,['Text'],I think its a good idea,colloquial,short
TEXT,What suggestions do you have for future conventions?,['Text'],I think its a good idea,explanatory,short
TEXT,What suggestions do you have for future conventions?,['Text'],Id like to see a change in the conventions,annoyed,short
TEXT,What tools or resources could have helped the agent resolve your issue more efficiently?,['Text'],I dont know,annoyed,short
TEXT,What was the least helpful aspect of the support?,['Text'],I didnt think it was helpful at all,concise,short
TEXT,What was the least helpful aspect of the support?,['Text'],I didnt think it was helpful at all,colloquial,short
TEXT,What was the least helpful aspect of the support?,['Text'],The support was unhelpful and dissatisfied,annoyed,short
TEXT,What was the message of the communication?,['Text'],Im going to be a good friend to you,verbose,short
TEXT,What was the message of the communication?,['Text'],I dont know if its a joke or a joke,annoyed,short
TEXT,What was the most helpful aspect of the support?,['Text'],The support was very helpful,concise,short
TEXT,What was the most helpful aspect of the support?,['Text'],Im grateful for the support,colloquial,short
TEXT,What was the most helpful aspect of the support?,['Text'],The support was very helpful,annoyed,short
TEXT,What was the purpose of the communication?,['Text'],It was a message to the public,colloquial,short
TEXT,What was the quality of the resources provided?,['Text'],The quality of the resources was poor,verbose,short
TEXT,What was the quality of the resources provided?,['Text'],The quality of the resources was poor,concise,short
TEXT,What was the quality of the resources provided?,['Text'],The quality of the resources was poor,colloquial,short
TEXT,What was your favorite part of the support interaction?,['Text'],I liked the support interaction,concise,short
TEXT,What was your favorite part of the support interaction?,['Text'],Im not a fan of the support interaction,colloquial,short
TEXT,What was your favorite part of the support interaction?,['Text'],Im a fan of the support interaction,explanatory,short
TEXT,What was your initial impression of the support agent?,['Text'],I was impressed,verbose,short
TEXT,What was your initial impression of the support agent?,['Text'],I was impressed,concise,short
TEXT,What was your initial impression of the support agent?,['Text'],I was impressed,colloquial,short
TEXT,What was your initial impression of the support agent?,['Text'],I was greeted with a smile,explanatory,short
TEXT,What was your initial impression of the support agent?,['Text'],I was dissatisfied,annoyed,short
TEXT,What was your least favorite part of the support interaction?,['Text'],I thought it was the best part of the interaction,concise,short
TEXT,What was your least favorite part of the support interaction?,['Text'],Im not sure if its a good thing or a bad thing,annoyed,short
TEXT,What were the barriers to communication?,['Text'],I had a hard time communicating with people,verbose,short
TEXT,What were the barriers to communication?,['Text'],I didnt know what to do,colloquial,short
TEXT,What were the barriers to communication?,['Text'],I dont know what to do about it,annoyed,short
TEXT,What were the communication channels used?,['Text'],The Internet,verbose,short
TEXT,What were the communication channels used?,['Text'],The Internet,concise,short
TEXT,What were the communication channels used?,['Text'],I didnt know what I was talking about,explanatory,short
TEXT,What were the communication channels used?,['Text'],I dont know,annoyed,short
TEXT,What were the ethical considerations involved in the communication?,['Text'],I did not want to offend anyone,annoyed,short
TEXT,What were the intended and unintended consequences of the communication?,['Text'],The communication was unintended and unintended,verbose,short
TEXT,What were the intended and unintended consequences of the communication?,['Text'],The communication was unintended and unintended,concise,short
TEXT,What were the intended and unintended consequences of the communication?,['Text'],The communication was a joke,colloquial,short
TEXT,What were the intended and unintended consequences of the communication?,['Text'],The communication was unintended and unintended,explanatory,short
TEXT,What were the key takeaways?,['Text'],I think the key takeaways are,verbose,short
TEXT,What were the outcomes of the communication?,['Text'],The communication was a good one,verbose,short
TEXT,What were the outcomes of the communication?,['Text'],It was a good communication,concise,short
TEXT,What were the outcomes of the communication?,['Text'],The communication was a good one,colloquial,short
TEXT,What were the outcomes of the communication?,['Text'],The communication was a good one,explanatory,short
TEXT,What were the outcomes of the communication?,['Text'],I was very dissatisfied,annoyed,short
TEXT,What were the results?,['Text'],Im glad I didnt have to go to the hospital,concise,short
TEXT,What were the results?,['Text'],I had a lot of questions,colloquial,short
TEXT,What were the results?,['Text'],Im glad I didnt have to do it,explanatory,short
TEXT,What were the results?,['Text'],I was frustrated and dissatisfied,annoyed,short
TEXT,What were the strengths and weaknesses of the convention's communication strategy?,['Text'],The conventions communication strategy was weak,verbose,short
TEXT,What were the strengths and weaknesses of the convention's communication strategy?,['Text'],The conventions communication strategy was weak,concise,short
TEXT,What were the strengths and weaknesses of the convention's communication strategy?,['Text'],The conventions communication strategy was weak,colloquial,short
TEXT,What were the strengths and weaknesses of the convention's communication strategy?,['Text'],The conventions communication strategy was weak,annoyed,short
TEXT,What were your biggest challenges during the convention?,['Text'],I had a lot of questions about the convention,verbose,short
TEXT,What were your biggest challenges during the convention?,['Text'],I was unable to find a place to stay,colloquial,short
TEXT,What were your biggest challenges during the convention?,['Text'],I had a great time,explanatory,short
TEXT,What were your biggest challenges during the convention?,['Text'],I had a hard time figuring out what to do,annoyed,short
TEXT,What were your expectations before attending the convention?,['Text'],I was excited about the convention,verbose,short
TEXT,What were your expectations before attending the convention?,['Text'],I was excited to attend the convention,concise,short
TEXT,What were your expectations before attending the convention?,['Text'],I was excited about the convention,colloquial,short
TEXT,What were your expectations before attending the convention?,['Text'],I had a good time,explanatory,short
TEXT,What were your expectations before attending the convention?,['Text'],I was excited to be a part of the convention,annoyed,short
TEXT,What were your observations?,['Text'],I was surprised at the amount of money I spent,concise,short
TEXT,What were your observations?,['Text'],Im not sure if its a bad thing or a bad thing,explanatory,short
TEXT,What would you change about the schedule of events?,['Text'],I would change the schedule of events,verbose,short
TEXT,What would you change about the schedule of events?,['Text'],I would change the schedule of events,concise,short
TEXT,What would you change about the schedule of events?,['Text'],I would change the schedule of events,colloquial,short
TEXT,What would you change about the schedule of events?,['Text'],I would change the schedule of events,explanatory,short
TEXT,What would you change about the schedule of events?,['Text'],I would change the schedule of events,annoyed,short
TEXT,What would you do differently next time?,['Text'],I would do something different next time,verbose,short
TEXT,What would you do differently next time?,['Text'],I would do something different next time,concise,short
TEXT,What would you do differently next time?,['Text'],I would have asked for a refund,colloquial,short
TEXT,What would you do differently next time?,['Text'],I would do something different next time,explanatory,short
TEXT,What would you do differently next time?,['Text'],I would do something different next time,annoyed,short
TEXT,Would you recommend our support to others? Why or why not?,['Text'],Why not,verbose,short
TEXT,Would you recommend our support to others? Why or why not?,['Text'],Why not,concise,short
TEXT,Would you recommend our support to others? Why or why not?,['Text'],Why not,colloquial,short
TEXT,Would you recommend our support to others? Why or why not?,['Text'],Because Im a supporter,explanatory,short
TEXT,Would you recommend our support to others? Why or why not?,['Text'],Why not,annoyed,short
NUMBER,How many attendees are expected at the conference?,['attendee count'],There are a lot of people at the conference,colloquial,short
NUMBER,How many attendees are expected at the conference?,['attendee count'],There are a lot of people at the conference,annoyed,short
NUMBER,How many books did you read last year?,['books read'],I read about ten books last year,verbose,short
NUMBER,How many books did you read last year?,['books read'],I read a lot of books last year,concise,short
NUMBER,How many books did you read last year?,['books read'],I read about 20 books last year,colloquial,short
NUMBER,How many books did you read last year?,['books read'],I read a total of 5 books last year,explanatory,short
NUMBER,How many books did you read last year?,['books read'],I read a lot of books last year,annoyed,short
NUMBER,How many chapters are in this document?,['chapter count'],There are 12 chapters,concise,short
NUMBER,How many chapters are in this document?,['chapter count'],There are five chapters,colloquial,short
NUMBER,How many chapters are in this document?,['chapter count'],There are five chapters in this document,explanatory,short
NUMBER,How many chapters are in this document?,['chapter count'],There are three chapters in this document,annoyed,short
NUMBER,How many children are in your household?,['number of children'],I have two children,verbose,short
NUMBER,How many children are in your household?,['number of children'],I have three children,concise,short
NUMBER,How many children are in your household?,['number of children'],I have two children,colloquial,short
NUMBER,How many children are in your household?,['number of children'],I have two children,explanatory,short
NUMBER,How many children are in your household?,['number of children'],I have two children,annoyed,short
NUMBER,How many credit cards do you have?,['credit card count'],I have one,verbose,short
NUMBER,How many credit cards do you have?,['credit card count'],I have one,concise,short
NUMBER,How many credit cards do you have?,['credit card count'],I have one,colloquial,short
NUMBER,How many credit cards do you have?,['credit card count'],I have two credit cards,explanatory,short
NUMBER,How many credit cards do you have?,['credit card count'],I have a lot of credit cards,annoyed,short
NUMBER,How many cups of coffee do you drink daily?,['coffee consumption'],I drink a few cups of coffee a day,verbose,short
NUMBER,How many cups of coffee do you drink daily?,['coffee consumption'],I drink about two cups of coffee a day,concise,short
NUMBER,How many cups of coffee do you drink daily?,['coffee consumption'],I drink a few cups a day,colloquial,short
NUMBER,How many cups of coffee do you drink daily?,['coffee consumption'],I drink about three cups of coffee a day,explanatory,short
NUMBER,How many cups of coffee do you drink daily?,['coffee consumption'],I drink a lot of coffee,annoyed,short
NUMBER,How many customer complaints were received this quarter?,['customer complaints'],0 complaints,verbose,short
NUMBER,How many customer complaints were received this quarter?,['customer complaints'],0 complaints,concise,short
NUMBER,How many customer complaints were received this quarter?,['customer complaints'],0 complaints,colloquial,short
NUMBER,How many customer complaints were received this quarter?,['customer complaints'],We received a lot of complaints this quarter,explanatory,short
NUMBER,How many customer complaints were received this quarter?,['customer complaints'],We received a lot of complaints this quarter,annoyed,short
NUMBER,How many days a week do you exercise?,['exercise frequency'],I exercise on three days a week,verbose,short
NUMBER,How many days a week do you exercise?,['exercise frequency'],I exercise for 7 days a week,concise,short
NUMBER,How many days a week do you exercise?,['exercise frequency'],I exercise 7 days a week,colloquial,short
NUMBER,How many days a week do you exercise?,['exercise frequency'],I exercise a total of 7 days a week,explanatory,short
NUMBER,How many days a week do you exercise?,['exercise frequency'],I exercise 7 days a week,annoyed,short
NUMBER,How many days are left until the deadline?,['days until deadline'],30 days,verbose,short
NUMBER,How many days are left until the deadline?,['days until deadline'],0 days,concise,short
NUMBER,How many days are left until the deadline?,['days until deadline'],Several days,colloquial,short
NUMBER,How many days are left until the deadline?,['days until deadline'],30 days,explanatory,short
NUMBER,How many days are left until the deadline?,['days until deadline'],30 days,annoyed,short
NUMBER,How many days of vacation did you take last year?,['vacation days'],I took a total of 12 days of vacation last year,verbose,short
NUMBER,How many days of vacation did you take last year?,['vacation days'],I took 4 days of vacation last year,concise,short
NUMBER,How many days of vacation did you take last year?,['vacation days'],I took 4 days of vacation last year,colloquial,short
NUMBER,How many days of vacation did you take last year?,['vacation days'],I took 8 days of vacation last year,explanatory,short
NUMBER,How many days of vacation did you take last year?,['vacation days'],I took 4 days of vacation last year,annoyed,short
NUMBER,How many different product lines does the company manufacture?,['product line count'],The company manufactures a variety of products,verbose,short
NUMBER,How many different product lines does the company manufacture?,['product line count'],The company manufactures a variety of products,concise,short
NUMBER,How many employees are in the department?,['employee count'],There are a lot of people in the department,verbose,short
NUMBER,How many employees are in the department?,['employee count'],There are about 2000 employees in the department,concise,short
NUMBER,How many employees are in the department?,['employee count'],There are a lot of employees in the department,colloquial,short
NUMBER,How many employees are in the department?,['employee count'],There are a lot of people in the department,explanatory,short
NUMBER,How many employees work here?,['employee count'],We have a lot of employees,verbose,short
NUMBER,How many employees work here?,['employee count'],We have a lot of employees,concise,short
NUMBER,How many employees work here?,['employee count'],There are about 100 employees,colloquial,short
NUMBER,How many employees work here?,['employee count'],There are about 2000 employees,explanatory,short
NUMBER,How many employees work here?,['employee count'],There are too many employees,annoyed,short
NUMBER,How many hours did you work this week?,['work hours'],I worked a total of 7 hours this week,verbose,short
NUMBER,How many hours did you work this week?,['work hours'],I worked a total of 9 hours this week,concise,short
NUMBER,How many hours did you work this week?,['work hours'],I worked a total of 8 hours this week,colloquial,short
NUMBER,How many hours did you work this week?,['work hours'],I worked 8 hours a week,explanatory,short
NUMBER,How many hours did you work this week?,['work hours'],I worked a total of 8 hours this week,annoyed,short
NUMBER,How many hours of TV do you watch weekly?,['TV watching time'],I watch about 20 hours of TV a week,verbose,short
NUMBER,How many hours of TV do you watch weekly?,['TV watching time'],I watch about 20 hours of TV a week,concise,short
NUMBER,How many hours of TV do you watch weekly?,['TV watching time'],I watch about 10 hours of TV a week,colloquial,short
NUMBER,How many hours of TV do you watch weekly?,['TV watching time'],I watch about 10 hours of TV a week,explanatory,short
NUMBER,How many hours of TV do you watch weekly?,['TV watching time'],I watch about 20 hours of TV a week,annoyed,short
NUMBER,How many hours of sleep do you get per night?,['sleep duration'],I get about 20 hours of sleep per night,verbose,short
NUMBER,How many hours of sleep do you get per night?,['sleep duration'],I get 8 hours of sleep per night,concise,short
NUMBER,How many hours of sleep do you get per night?,['sleep duration'],I get about 8 hours of sleep a night,colloquial,short
NUMBER,How many hours of sleep do you get per night?,['sleep duration'],I get about 8 hours of sleep a night,explanatory,short
NUMBER,How many hours of sleep do you get per night?,['sleep duration'],I get about 8 hours of sleep per night,annoyed,short
NUMBER,How many hours per week do you work?,['work hours'],I work 8 hours a week,verbose,short
NUMBER,How many hours per week do you work?,['work hours'],I work ten hours a week,concise,short
NUMBER,How many hours per week do you work?,['work hours'],I work 7 hours a week,colloquial,short
NUMBER,How many hours per week do you work?,['work hours'],I work 8 hours a week,explanatory,short
NUMBER,How many hours per week do you work?,['work hours'],I work a lot of hours a week,annoyed,short
NUMBER,How many items are in the cart?,['item count'],The cart has a lot of items,verbose,short
NUMBER,How many items are in the cart?,['item count'],There are a lot of items in the cart,concise,short
NUMBER,How many items are in the cart?,['item count'],There are a lot of items in the cart,colloquial,short
NUMBER,How many items are in the cart?,['item count'],There are about 10 items in the cart,explanatory,short
NUMBER,How many items are in the cart?,['item count'],There are only two items in the cart,annoyed,short
NUMBER,How many kilograms does this weigh?,['weight'],Im not sure,verbose,short
NUMBER,How many kilograms does this weigh?,['weight'],I dont knowhow many kilograms it weighs,concise,short
NUMBER,How many kilograms does this weigh?,['weight'],I dont know how many kilograms it weighs,colloquial,short
NUMBER,How many kilograms does this weigh?,['weight'],I dont know how many kilograms it weighs,explanatory,short
NUMBER,How many kilograms does this weigh?,['weight'],It weighs a lot of pounds,annoyed,short
NUMBER,How many kilometers did you drive?,['distance'],I drove a lot of kilometers,verbose,short
NUMBER,How many kilometers did you drive?,['distance'],I drove a lot of kilometers,concise,short
NUMBER,How many kilometers did you drive?,['distance'],I drove a mile,colloquial,short
NUMBER,How many kilometers did you drive?,['distance'],I drove a mile,explanatory,short
NUMBER,How many kilometers did you drive?,['distance'],I drove a lot of kilometers,annoyed,short
NUMBER,How many languages do you speak?,['languages spoken'],I speak three languages,verbose,short
NUMBER,How many languages do you speak?,['languages spoken'],I speak ten languages,concise,short
NUMBER,How many languages do you speak?,['languages spoken'],I speak a few languages,colloquial,short
NUMBER,How many languages do you speak?,['languages spoken'],I speak two languages,explanatory,short
NUMBER,How many languages do you speak?,['languages spoken'],I speak a lot of languages,annoyed,short
NUMBER,How many marketing campaigns were run last year?,['marketing campaigns'],0 campaigns were run last year,verbose,short
NUMBER,How many marketing campaigns were run last year?,['marketing campaigns'],I think its a lot of marketing,concise,short
NUMBER,How many marketing campaigns were run last year?,['marketing campaigns'],There were a total of 3 campaigns,colloquial,short
NUMBER,How many marketing campaigns were run last year?,['marketing campaigns'],There were a total of 3 campaigns,explanatory,short
NUMBER,How many meetings did you attend this week?,['meeting count'],I attended two meetings this week,verbose,short
NUMBER,How many meetings did you attend this week?,['meeting count'],I attended three meetings this week,concise,short
NUMBER,How many meetings did you attend this week?,['meeting count'],I attended two meetings this week,colloquial,short
NUMBER,How many meetings did you attend this week?,['meeting count'],I attended two meetings this week,explanatory,short
NUMBER,How many meetings did you attend this week?,['meeting count'],I attended two meetings this week,annoyed,short
NUMBER,How many new projects were initiated this year?,['project count'],There were a total of 10 new projects this year,concise,short
NUMBER,How many new projects were initiated this year?,['project count'],There were a total of 5 new projects this year,explanatory,short
NUMBER,How many pages are in this book?,['page count'],58,verbose,short
NUMBER,How many pages are in this book?,['page count'],The book has a total of 97 pages,concise,short
NUMBER,How many pages are in this book?,['page count'],I think its a lot of pages,colloquial,short
NUMBER,How many pages are in this book?,['page count'],Its about 2000 pages,explanatory,short
NUMBER,How many pages are in this book?,['page count'],The number of pages in this book is too long,annoyed,short
NUMBER,How many pairs of shoes do you own?,['number of shoes'],I own ten pairs of shoes,verbose,short
NUMBER,How many pairs of shoes do you own?,['number of shoes'],I own two pairs of shoes,concise,short
NUMBER,How many pairs of shoes do you own?,['number of shoes'],I own a few pairs of shoes,colloquial,short
NUMBER,How many pairs of shoes do you own?,['number of shoes'],I own two pairs of shoes,explanatory,short
NUMBER,How many pairs of shoes do you own?,['number of shoes'],I have two pairs of shoes,annoyed,short
NUMBER,How many people are in your household?,['household size'],I have a lot of people in my household,verbose,short
NUMBER,How many people are in your household?,['household size'],I have ten people in my household,concise,short
NUMBER,How many people are in your household?,['household size'],We have a lot of people in our household,colloquial,short
NUMBER,How many people are in your household?,['household size'],I have a lot of people in my household,explanatory,short
NUMBER,How many people are in your household?,['household size'],Im not sure how many people are in my household,annoyed,short
NUMBER,How many pets do you own?,['number of pets'],I have two dogs,verbose,short
NUMBER,How many pets do you own?,['number of pets'],I have two dogs,concise,short
NUMBER,How many pets do you own?,['number of pets'],I have two dogs,colloquial,short
NUMBER,How many pets do you own?,['number of pets'],I have two dogs,explanatory,short
NUMBER,How many pets do you own?,['number of pets'],I have two pets,annoyed,short
NUMBER,How many points did the team score?,['score'],10 points,verbose,short
NUMBER,How many points did the team score?,['score'],0 points,concise,short
NUMBER,How many points did the team score?,['score'],0 points,colloquial,short
NUMBER,How many points did the team score?,['score'],The team scored a total of 58 points,explanatory,short
NUMBER,How many points did the team score?,['score'],The team scored a lot of points,annoyed,short
NUMBER,How many products have you purchased from us?,['purchase count'],I have purchased more than 100 products from us,verbose,short
NUMBER,How many products have you purchased from us?,['purchase count'],I havent bought anything from us in a while,concise,short
NUMBER,How many products have you purchased from us?,['purchase count'],I have bought a lot of products from us,colloquial,short
NUMBER,How many products have you purchased from us?,['purchase count'],I have purchased a lot of products from us,explanatory,short
NUMBER,How many products have you purchased from us?,['purchase count'],I havent bought anything from us in a while,annoyed,short
NUMBER,How many products were sold last month?,['product sales'],We sold a lot of products last month,concise,short
NUMBER,How many products were sold last month?,['product sales'],We sold a lot of products last month,colloquial,short
NUMBER,How many products were sold last month?,['product sales'],We sold a lot of products last month,annoyed,short
NUMBER,How many project milestones were achieved last quarter?,['milestone count'],Two milestones were achieved last quarter,verbose,short
NUMBER,How many project milestones were achieved last quarter?,['milestone count'],Two milestones were achieved last quarter,concise,short
NUMBER,How many project milestones were achieved last quarter?,['milestone count'],Two,explanatory,short
NUMBER,How many proposals were submitted this month?,['proposals submitted'],There were ten proposals submitted this month,concise,short
NUMBER,How many proposals were submitted this month?,['proposals submitted'],There were three proposals submitted this month,annoyed,short
NUMBER,How many rooms are in your home?,['number of rooms'],I have a lot of rooms,verbose,short
NUMBER,How many rooms are in your home?,['number of rooms'],I have a lot of rooms,concise,short
NUMBER,How many rooms are in your home?,['number of rooms'],I have a lot of rooms,colloquial,short
NUMBER,How many rooms are in your home?,['number of rooms'],I have a lot of rooms,explanatory,short
NUMBER,How many rooms are in your home?,['number of rooms'],I have a lot of rooms,annoyed,short
NUMBER,How many safety incidents occurred this year?,['safety incidents'],There were a total of 0 incidents this year,verbose,short
NUMBER,How many safety incidents occurred this year?,['safety incidents'],0 incidents occurred this year,concise,short
NUMBER,How many safety incidents occurred this year?,['safety incidents'],We had a lot of incidents this year,colloquial,short
NUMBER,How many safety incidents occurred this year?,['safety incidents'],There were a total of 0 incidents this year,explanatory,short
NUMBER,How many safety training sessions were conducted last quarter?,['training sessions'],The last quarter was the fourth quarter,concise,short
NUMBER,How many shares of stock do you own?,['stock shares'],I own a lot of stock,verbose,short
NUMBER,How many shares of stock do you own?,['stock shares'],I own a lot of stock,concise,short
NUMBER,How many shares of stock do you own?,['stock shares'],I own a lot of stock,colloquial,short
NUMBER,How many shares of stock do you own?,['stock shares'],I own a lot of stock,explanatory,short
NUMBER,How many shares of stock do you own?,['stock shares'],I own a lot of stock,annoyed,short
NUMBER,How many siblings do you have?,['sibling count'],I have two,verbose,short
NUMBER,How many siblings do you have?,['sibling count'],I have two,concise,short
NUMBER,How many siblings do you have?,['sibling count'],I have two,colloquial,short
NUMBER,How many siblings do you have?,['sibling count'],I have two,explanatory,short
NUMBER,How many siblings do you have?,['sibling count'],I have two siblings,annoyed,short
NUMBER,How many skilled laborers are employed in the plant?,['labor count'],We have a large number of skilled laborers,verbose,short
NUMBER,How many skilled laborers are employed in the plant?,['labor count'],The plant employs a number of skilled laborers,explanatory,short
NUMBER,How many skilled laborers are employed in the plant?,['labor count'],We have a lot of skilled laborers,annoyed,short
NUMBER,How many social media accounts do you have?,['social media accounts'],I have a lot of social media accounts,verbose,short
NUMBER,How many social media accounts do you have?,['social media accounts'],I have two,concise,short
NUMBER,How many social media accounts do you have?,['social media accounts'],I have a lot of social media accounts,colloquial,short
NUMBER,How many social media accounts do you have?,['social media accounts'],I have a lot of social media accounts,explanatory,short
NUMBER,How many social media accounts do you have?,['social media accounts'],I have a lot of social media accounts,annoyed,short
NUMBER,How many social media followers do we have?,['social media followers'],We have a lot of followers on social media,verbose,short
NUMBER,How many social media followers do we have?,['social media followers'],We have a lot of followers on social media,concise,short
NUMBER,How many social media followers do we have?,['social media followers'],We have a lot of followers on social media,colloquial,short
NUMBER,How many social media followers do we have?,['social media followers'],We have a lot of followers on social media,explanatory,short
NUMBER,How many social media followers do we have?,['social media followers'],We have a lot of followers on social media,annoyed,short
NUMBER,How many suppliers does the company currently have?,['supplier count'],The company currently has a number of suppliers,verbose,short
NUMBER,How many suppliers does the company currently have?,['supplier count'],The company currently has 3 suppliers,concise,short
NUMBER,How many suppliers does the company currently have?,['supplier count'],The company currently has a number of suppliers,colloquial,short
NUMBER,How many suppliers does the company currently have?,['supplier count'],The company currently has three suppliers,explanatory,short
NUMBER,How many suppliers does the company currently have?,['supplier count'],The company currently has a number of suppliers,annoyed,short
NUMBER,How many times have you traveled internationally?,['international travels'],Ive traveled a lot,verbose,short
NUMBER,How many times have you traveled internationally?,['international travels'],Ive traveled a lot,concise,short
NUMBER,How many times have you traveled internationally?,['international travels'],Ive traveled a lot,colloquial,short
NUMBER,How many times have you traveled internationally?,['international travels'],Ive traveled a lot,explanatory,short
NUMBER,How many times have you traveled internationally?,['international travels'],Ive traveled a lot,annoyed,short
NUMBER,How many times have you visited our website this month?,['website visits'],Ive visited our website 3 times this month,verbose,short
NUMBER,How many times have you visited our website this month?,['website visits'],Ive been here a few times,concise,short
NUMBER,How many times have you visited our website this month?,['website visits'],Ive been here a few times,colloquial,short
NUMBER,How many times have you visited our website this month?,['website visits'],Ive visited a few times this month,explanatory,short
NUMBER,How many times have you visited our website this month?,['website visits'],Ive visited our website a few times this month,annoyed,short
NUMBER,How many tons of steel were produced last quarter?,['production output'],13 million tons,explanatory,short
NUMBER,How many tons of steel were produced last quarter?,['production output'],We produced a lot of tons of steel last quarter,annoyed,short
NUMBER,How many vacation days did you take last year?,['vacation days'],I took 4 days of vacation last year,verbose,short
NUMBER,How many vacation days did you take last year?,['vacation days'],I took a total of 8 days of vacation last year,concise,short
NUMBER,How many vacation days did you take last year?,['vacation days'],I took ten days of vacation last year,colloquial,short
NUMBER,How many vacation days did you take last year?,['vacation days'],I took 5 vacation days last year,explanatory,short
NUMBER,How many vacation days did you take last year?,['vacation days'],I took a lot of vacation days last year,annoyed,short
NUMBER,How many vehicles do you own?,['vehicle count'],I own a lot of cars,verbose,short
NUMBER,How many vehicles do you own?,['vehicle count'],I own a lot of cars,concise,short
NUMBER,How many vehicles do you own?,['vehicle count'],I own a lot of cars,colloquial,short
NUMBER,How many vehicles do you own?,['vehicle count'],I own a lot of cars,explanatory,short
NUMBER,How many vehicles do you own?,['vehicle count'],I own four vehicles,annoyed,short
NUMBER,How many votes did the candidate receive?,['vote count'],0 votes,verbose,short
NUMBER,How many votes did the candidate receive?,['vote count'],We were able to get a lot of votes,concise,short
NUMBER,How many votes did the candidate receive?,['vote count'],The candidate received a lot of votes,colloquial,short
NUMBER,How many votes did the candidate receive?,['vote count'],The candidate received a total of 0 votes,explanatory,short
NUMBER,How many votes did the candidate receive?,['vote count'],The candidate received a lot of votes,annoyed,short
NUMBER,How many years have you been a customer?,['customer tenure'],Ive been a customer for ten years,verbose,short
NUMBER,How many years have you been a customer?,['customer tenure'],Ive been a customer for over 10 years,concise,short
NUMBER,How many years have you been a customer?,['customer tenure'],Ive been a customer for 20 years,colloquial,short
NUMBER,How many years have you been a customer?,['customer tenure'],Ive been a customer for over 20 years,explanatory,short
NUMBER,How many years have you been a customer?,['customer tenure'],Ive been a customer for over 20 years,annoyed,short
NUMBER,How many years of education do you have?,['years of education'],I have ten years of education,verbose,short
NUMBER,How many years of education do you have?,['years of education'],I have ten years of education,concise,short
NUMBER,How many years of education do you have?,['years of education'],I have ten years of education,colloquial,short
NUMBER,How many years of education do you have?,['years of education'],I have ten years of education,explanatory,short
NUMBER,How many years of education do you have?,['years of education'],I have ten years of education,annoyed,short
NUMBER,How many years of experience do you have?,['experience years'],I have ten years of experience,verbose,short
NUMBER,How many years of experience do you have?,['experience years'],I have ten years of experience,concise,short
NUMBER,How many years of experience do you have?,['experience years'],I have ten years of experience,colloquial,short
NUMBER,How many years of experience do you have?,['experience years'],I have a lot of experience,explanatory,short
NUMBER,How many years of experience do you have?,['experience years'],I have ten years of experience,annoyed,short
NUMBER,How much did you spend on our products last month?,['monthly spending'],I spent about 1000 on our products last month,verbose,short
NUMBER,How much did you spend on our products last month?,['monthly spending'],I spent about 600 on our products last month,concise,short
NUMBER,How much did you spend on our products last month?,['monthly spending'],I spent a lot of money on our products last month,colloquial,short
NUMBER,How much did you spend on our products last month?,['monthly spending'],I spent about 1000 on our products last month,explanatory,short
NUMBER,How much did you spend on our products last month?,['monthly spending'],I spent a lot of money on our products last month,annoyed,short
NUMBER,"On a scale of 1 to 10, how satisfied are you with our service?",['satisfaction rating'],Im satisfied with the service,verbose,short
NUMBER,"On a scale of 1 to 10, how satisfied are you with our service?",['satisfaction rating'],Im satisfied with the service,concise,short
NUMBER,"On a scale of 1 to 10, how satisfied are you with our service?",['satisfaction rating'],Im satisfied with the service,colloquial,short
NUMBER,"On a scale of 1 to 10, how satisfied are you with our service?",['satisfaction rating'],Im satisfied with the service,explanatory,short
NUMBER,"On a scale of 1 to 10, how satisfied are you with our service?",['satisfaction rating'],Im satisfied with the service,annoyed,short
NUMBER,"On a scale of 1-5, how likely are you to recommend us?",['recommendation likelihood'],Im not sure,verbose,short
NUMBER,"On a scale of 1-5, how likely are you to recommend us?",['recommendation likelihood'],Im very likely to recommend you,concise,short
NUMBER,"On a scale of 1-5, how likely are you to recommend us?",['recommendation likelihood'],Im not sure if Im going to recommend you or not,colloquial,short
NUMBER,"On a scale of 1-5, how likely are you to recommend us?",['recommendation likelihood'],Im very likely to recommend you,explanatory,short
NUMBER,"On a scale of 1-5, how likely are you to recommend us?",['recommendation likelihood'],Im not sure,annoyed,short
NUMBER,What is the account balance?,['balance'],The balance is the balance of the account,concise,short
NUMBER,What is the account balance?,['balance'],I dont know,annoyed,short
NUMBER,What is the age of the participant?,['age'],The age of the participant is 35,verbose,short
NUMBER,What is the age of the participant?,['age'],Im 18 years old,concise,short
NUMBER,What is the age of the participant?,['age'],Im 25 years old,colloquial,short
NUMBER,What is the age of the participant?,['age'],The age of the participant is 25 years old,explanatory,short
NUMBER,What is the age of the participant?,['age'],The age of the participant is 20 years old,annoyed,short
NUMBER,What is the altitude in meters?,['altitude'],The altitude is585 meters above sea level,verbose,short
NUMBER,What is the altitude in meters?,['altitude'],The altitude is about 2000 meters above sea level,concise,short
NUMBER,What is the altitude in meters?,['altitude'],The altitude in meters,colloquial,short
NUMBER,What is the altitude in meters?,['altitude'],The altitude in meters,explanatory,short
NUMBER,What is the amount of the loan?,['loan amount'],500000,verbose,short
NUMBER,What is the amount of the loan?,['loan amount'],1 million,concise,short
NUMBER,What is the amount of the loan?,['loan amount'],500000,colloquial,short
NUMBER,What is the amount of the loan?,['loan amount'],500000,explanatory,short
NUMBER,What is the amount of the loan?,['loan amount'],The amount of the loan is a lot of money,annoyed,short
NUMBER,What is the annual revenue target?,['revenue'],The annual revenue target is 15 billion,verbose,short
NUMBER,What is the annual revenue target?,['revenue'],The annual revenue target is 22 billion,concise,short
NUMBER,What is the annual revenue target?,['revenue'],Im not sure Im not sure Im not sureIm not sure,colloquial,short
NUMBER,What is the annual revenue target?,['revenue'],The annual revenue target is 15 billion,annoyed,short
NUMBER,What is the average age of the machinery in years?,['machinery age'],The machinery has been around for a few years now,colloquial,short
NUMBER,What is the average age of the machinery in years?,['machinery age'],The machinery is about 50 years old,explanatory,short
NUMBER,What is the average age of the machinery in years?,['machinery age'],The machinery is about ten years old,annoyed,short
NUMBER,What is the average cost per unit produced?,['production cost'],The average cost per unit produced is 375,verbose,short
NUMBER,What is the average cost per unit produced?,['production cost'],Average cost per unit produced,annoyed,short
NUMBER,What is the average customer lifetime value?,['customer lifetime value'],Average customer lifetime value is 30 years,colloquial,short
NUMBER,What is the average customer lifetime value?,['customer lifetime value'],The average customer lifetime value is 30 years,explanatory,short
NUMBER,What is the average customer lifetime value?,['customer lifetime value'],Average customer lifetime value is 3 years,annoyed,short
NUMBER,What is the average daily energy consumption in kWh?,['energy consumption'],Average daily energy consumption in kWh,concise,short
NUMBER,What is the average daily energy consumption in kWh?,['energy consumption'],Average daily energy consumption in kWh,colloquial,short
NUMBER,What is the average daily energy consumption in kWh?,['energy consumption'],Average daily energy consumption in kWh,explanatory,short
NUMBER,What is the average deal size in dollars?,['deal size'],600,verbose,short
NUMBER,What is the average deal size in dollars?,['deal size'],The average deal size in dollars is 1000,concise,short
NUMBER,What is the average deal size in dollars?,['deal size'],The average deal size in dollars,colloquial,short
NUMBER,What is the average deal size in dollars?,['deal size'],The average deal size in dollars is 27,explanatory,short
NUMBER,What is the average deal size in dollars?,['deal size'],The average deal size in dollars is 1000,annoyed,short
NUMBER,What is the average employee satisfaction rating (out of 5)?,['employee satisfaction'],Average satisfaction rating,verbose,short
NUMBER,What is the average employee satisfaction rating (out of 5)?,['employee satisfaction'],Average satisfaction rating is 5 out of 5,concise,short
NUMBER,What is the average employee tenure in years?,['employee tenure'],Average tenure is 12 years,verbose,short
NUMBER,What is the average employee tenure in years?,['employee tenure'],The average tenure in years is 5 years,concise,short
NUMBER,What is the average employee tenure in years?,['employee tenure'],The average tenure in years is ten years,colloquial,short
NUMBER,What is the average employee tenure in years?,['employee tenure'],The average tenure in years is 3 years,annoyed,short
NUMBER,What is the average length of a production run in hours?,['production run length'],Average length of a production run in hours,annoyed,short
NUMBER,What is the average machine downtime in hours per week?,['machine downtime'],The average downtime per week is 8 hours per week,explanatory,short
NUMBER,What is the average order value?,['average order value'],The average order value for a single item is 125,verbose,short
NUMBER,What is the average order value?,['average order value'],The average order value is a dollar,concise,short
NUMBER,What is the average order value?,['average order value'],The average order value is 80,colloquial,short
NUMBER,What is the average order value?,['average order value'],Average order value,explanatory,short
NUMBER,What is the average order value?,['average order value'],The average order value is 1,annoyed,short
NUMBER,What is the average production yield percentage?,['production yield'],5,verbose,short
NUMBER,What is the average production yield percentage?,['production yield'],Average production yield percentage,concise,short
NUMBER,What is the average production yield percentage?,['production yield'],Average production yield percentage,colloquial,short
NUMBER,What is the average production yield percentage?,['production yield'],Average production yield percentage,explanatory,short
NUMBER,What is the average production yield percentage?,['production yield'],Average production yield percentage,annoyed,short
NUMBER,What is the average response time to customer inquiries?,['response time'],Average response time is 5 minutes,verbose,short
NUMBER,What is the average response time to customer inquiries?,['response time'],The average response time is a few minutes,concise,short
NUMBER,What is the capacitance in farads?,['capacitance'],The capacitance of a farad is a constant,verbose,short
NUMBER,What is the capacitance in farads?,['capacitance'],The capacitance of a farad is 05 farads,explanatory,short
NUMBER,What is the capacitance in farads?,['capacitance'],The capacitance in farads is very low,annoyed,short
NUMBER,What is the client account number?,['account number'],The client account number is 128,verbose,short
NUMBER,What is the client account number?,['account number'],The client account number is 1,concise,short
NUMBER,What is the client account number?,['account number'],The client account number is 212,colloquial,short
NUMBER,What is the client account number?,['account number'],The client account number is 212,explanatory,short
NUMBER,What is the client account number?,['account number'],0,annoyed,short
NUMBER,What is the code number?,['code'],I dont know,verbose,short
NUMBER,What is the code number?,['code'],The code number is 00,concise,short
NUMBER,What is the code number?,['code'],0,colloquial,short
NUMBER,What is the code number?,['code'],I dont know,explanatory,short
NUMBER,What is the code number?,['code'],I didnt know,annoyed,short
NUMBER,What is the company's overall safety rating score?,['safety rating'],It has a score of 0 out of 100,verbose,short
NUMBER,What is the company's overall safety rating score?,['safety rating'],The companys overall safety rating score is 79,concise,short
NUMBER,What is the company's overall safety rating score?,['safety rating'],The companys overall safety rating score is 94,explanatory,short
NUMBER,What is the company's tax ID number?,['tax ID'],401,verbose,short
NUMBER,What is the company's tax ID number?,['tax ID'],501,concise,short
NUMBER,What is the company's tax ID number?,['tax ID'],Im not sure but I dont know,colloquial,short
NUMBER,What is the company's tax ID number?,['tax ID'],450,explanatory,short
NUMBER,What is the company's tax ID number?,['tax ID'],I dont know,annoyed,short
NUMBER,What is the conversion rate percentage?,['conversion rate'],The conversion rate is about a tenth of a percent,concise,short
NUMBER,What is the current in amperes?,['current'],The current in amperes is constant,verbose,short
NUMBER,What is the current in amperes?,['current'],The current in amperes is constant,concise,short
NUMBER,What is the current in amperes?,['current'],The current in amperes is the current in a meter,colloquial,short
NUMBER,What is the current in amperes?,['current'],The current in amperes is constant,explanatory,short
NUMBER,What is the current interest rate?,['interest rate'],The current interest rate is 025,verbose,short
NUMBER,What is the current interest rate?,['interest rate'],The current interest rate is 025,concise,short
NUMBER,What is the current interest rate?,['interest rate'],The current interest rate is 015,colloquial,short
NUMBER,What is the current interest rate?,['interest rate'],The current interest rate is 015,explanatory,short
NUMBER,What is the current interest rate?,['interest rate'],The current interest rate is 025,annoyed,short
NUMBER,What is the current market share percentage?,['market share'],The current market share percentage is 80,verbose,short
NUMBER,What is the current market share percentage?,['market share'],Its about 80,concise,short
NUMBER,What is the current market share percentage?,['market share'],The current market share percentage is 80,colloquial,short
NUMBER,What is the current market share percentage?,['market share'],The current market share percentage is 80,explanatory,short
NUMBER,What is the current market share percentage?,['market share'],The current market share percentage is 12,annoyed,short
NUMBER,What is the current order backlog in units?,['order backlog'],The backlog in units is high,verbose,short
NUMBER,What is the current order backlog in units?,['order backlog'],The backlog in units is high,annoyed,short
NUMBER,What is the current stock price?,['stock price'],The current stock price is 265,verbose,short
NUMBER,What is the current stock price?,['stock price'],The current stock price is 250,concise,short
NUMBER,What is the current stock price?,['stock price'],The current stock price is 125,explanatory,short
NUMBER,What is the current stock price?,['stock price'],The current stock price is 150,annoyed,short
NUMBER,What is the customer churn rate (as a percentage)?,['customer churn'],The customer churn rate is a percentage,verbose,short
NUMBER,What is the customer churn rate (as a percentage)?,['customer churn'],The customer churn rate is a percentage,concise,short
NUMBER,What is the customer churn rate (as a percentage)?,['customer churn'],The customer churn rate is a percentage,colloquial,short
NUMBER,What is the customer churn rate (as a percentage)?,['customer churn'],The customer churn rate is a percentage,explanatory,short
NUMBER,What is the customer churn rate (as a percentage)?,['customer churn'],The customer churn rate is about 1,annoyed,short
NUMBER,What is the customer satisfaction rating (on a scale of 1-10)?,['satisfaction rating'],110,verbose,short
NUMBER,What is the customer satisfaction rating (on a scale of 1-10)?,['satisfaction rating'],110,concise,short
NUMBER,What is the customer satisfaction rating (on a scale of 1-10)?,['satisfaction rating'],110,colloquial,short
NUMBER,What is the customer satisfaction rating (on a scale of 1-10)?,['satisfaction rating'],110,explanatory,short
NUMBER,What is the customer satisfaction rating (on a scale of 1-10)?,['satisfaction rating'],110,annoyed,short
NUMBER,What is the discount percentage?,['percentage'],Its a percentage of the price of a product,verbose,short
NUMBER,What is the discount percentage?,['percentage'],The discount percentage is a percentage,explanatory,short
NUMBER,What is the discount percentage?,['percentage'],The discount percentage is very low,annoyed,short
NUMBER,"What is the due date (numerical representation, e.g., MMDDYYYY)?",['date'],YYYYY,verbose,short
NUMBER,"What is the due date (numerical representation, e.g., MMDDYYYY)?",['date'],YYYYY,concise,short
NUMBER,"What is the due date (numerical representation, e.g., MMDDYYYY)?",['date'],MNDDYYYYY,colloquial,short
NUMBER,"What is the due date (numerical representation, e.g., MMDDYYYY)?",['date'],MNDDYYYYY,explanatory,short
NUMBER,"What is the due date (numerical representation, e.g., MMDDYYYY)?",['date'],YYYYY,annoyed,short
NUMBER,What is the employee turnover rate (as a percentage)?,['employee turnover'],The rate of employee turnover is about 1,explanatory,short
NUMBER,What is the energy in joules?,['energy'],joules,verbose,short
NUMBER,What is the energy in joules?,['energy'],joules,concise,short
NUMBER,What is the energy in joules?,['energy'],joules,explanatory,short
NUMBER,What is the frequency in Hertz?,['frequency'],The frequency in Hertz is the frequency in kHz,verbose,short
NUMBER,What is the frequency in Hertz?,['frequency'],Hertz is the frequency of light,concise,short
NUMBER,What is the frequency in Hertz?,['frequency'],Hertz is the frequency of light,colloquial,short
NUMBER,What is the frequency in Hertz?,['frequency'],Hertz is the frequency of light,explanatory,short
NUMBER,What is the frequency in Hertz?,['frequency'],Hertz is the frequency of light,annoyed,short
NUMBER,What is the height of the building?,['height'],The height of the building is about 5 feet,verbose,short
NUMBER,What is the height of the building?,['height'],The height of the building is about 2000 feet,concise,short
NUMBER,What is the height of the building?,['height'],The height of the building is about a foot,explanatory,short
NUMBER,What is the height of the building?,['height'],The building is about a foot tall,annoyed,short
NUMBER,What is the inductance in henries?,['inductance'],He was inducted into the Hall of Fame,verbose,short
NUMBER,What is the inductance in henries?,['inductance'],He was inducted into the Hall of Fame,concise,short
NUMBER,What is the inductance in henries?,['inductance'],He was inducted into the Hall of Fame,colloquial,short
NUMBER,What is the inductance in henries?,['inductance'],He was inducted into the Hall of Fame,explanatory,short
NUMBER,What is the inductance in henries?,['inductance'],He is a mediocre player,annoyed,short
NUMBER,What is the interest rate on the loan?,['interest rate'],The interest rate is 2,verbose,short
NUMBER,What is the interest rate on the loan?,['interest rate'],The interest rate on the loan is 0,concise,short
NUMBER,What is the interest rate on the loan?,['interest rate'],The interest rate on the loan is 1 percent,colloquial,short
NUMBER,What is the interest rate on the loan?,['interest rate'],The interest rate on the loan is 75 percent,explanatory,short
NUMBER,What is the interest rate on the loan?,['interest rate'],The interest rate is a bit high,annoyed,short
NUMBER,What is the invoice number?,['invoice number'],5000,verbose,short
NUMBER,What is the invoice number?,['invoice number'],Im not sure,concise,short
NUMBER,What is the invoice number?,['invoice number'],The invoice number is 1,colloquial,short
NUMBER,What is the invoice number?,['invoice number'],I dont know,explanatory,short
NUMBER,What is the invoice number?,['invoice number'],The invoice number is 5000,annoyed,short
NUMBER,What is the latitude coordinate?,['latitude'],The latitude coordinate is 74N,concise,short
NUMBER,What is the latitude coordinate?,['latitude'],The latitude coordinate of the Earths axis is 45N,explanatory,short
NUMBER,What is the latitude coordinate?,['latitude'],Im not sure,annoyed,short
NUMBER,What is the longitude coordinate?,['longitude'],Im not sure Im not sure,concise,short
NUMBER,What is the longitude coordinate?,['longitude'],830,colloquial,short
NUMBER,What is the model year of your car?,['year'],The model year of my car is 2000,verbose,short
NUMBER,What is the model year of your car?,['year'],2001,concise,short
NUMBER,What is the model year of your car?,['year'],The model year of my car is 2002,colloquial,short
NUMBER,What is the model year of your car?,['year'],The model year of my car is 2005,explanatory,short
NUMBER,What is the model year of your car?,['year'],Its a 2006 model year,annoyed,short
NUMBER,What is the number of defective units produced last month?,['defect count'],0 defective units produced last month,explanatory,short
NUMBER,What is the number of defects found?,['defect count'],0,verbose,short
NUMBER,What is the number of defects found?,['defect count'],The number of defects found is 0 defects,concise,short
NUMBER,What is the number of defects found?,['defect count'],The number of defects found,colloquial,short
NUMBER,What is the number of defects found?,['defect count'],The number of defects found is one,explanatory,short
NUMBER,What is the number of defects found?,['defect count'],0,annoyed,short
NUMBER,What is the number of shifts operating per day?,['shift count'],There are two shifts per day,verbose,short
NUMBER,What is the number of shifts operating per day?,['shift count'],Each shift has two shifts,concise,short
NUMBER,What is the number of shifts operating per day?,['shift count'],The number of shifts operating per day,colloquial,short
NUMBER,What is the number of shifts operating per day?,['shift count'],There are three shifts per day,explanatory,short
NUMBER,What is the number of shifts operating per day?,['shift count'],The number of shifts operating per day,annoyed,short
NUMBER,What is the number of support tickets resolved today?,['support tickets resolved'],The number of support tickets resolved today is 1,concise,short
NUMBER,What is the number of support tickets resolved today?,['support tickets resolved'],Im not sure,colloquial,short
NUMBER,What is the number of support tickets resolved today?,['support tickets resolved'],Im not sure,explanatory,short
NUMBER,What is the number of the building?,['building number'],The number of the building is 50,verbose,short
NUMBER,What is the number of the building?,['building number'],123,concise,short
NUMBER,What is the number of the building?,['building number'],117,explanatory,short
NUMBER,What is the number of the building?,['building number'],The buildings number is 111,annoyed,short
NUMBER,What is the number of website visitors per day?,['website visitors'],The number of visitors per day,verbose,short
NUMBER,What is the number of website visitors per day?,['website visitors'],The number of visitors per day,concise,short
NUMBER,What is the number of website visitors per day?,['website visitors'],I think its about a dozen people per day,colloquial,short
NUMBER,What is the number of website visitors per day?,['website visitors'],The number of visitors per day,explanatory,short
NUMBER,What is the number of welding machines currently in operation?,['equipment count'],Welding machines are currently in operation,explanatory,short
NUMBER,What is the number of welding machines currently in operation?,['equipment count'],Welding machines are currently in operation,annoyed,short
NUMBER,What is the on-time delivery rate in percentage?,['delivery rate'],Ontime delivery rate,verbose,short
NUMBER,What is the on-time delivery rate in percentage?,['delivery rate'],Ontime delivery rate,concise,short
NUMBER,What is the on-time delivery rate in percentage?,['delivery rate'],Ontime delivery rate,colloquial,short
NUMBER,What is the on-time delivery rate in percentage?,['delivery rate'],Ontime delivery rate,explanatory,short
NUMBER,What is the on-time delivery rate in percentage?,['delivery rate'],Ontime delivery rate,annoyed,short
NUMBER,What is the order number?,['order number'],I think the order number is 1,verbose,short
NUMBER,What is the order number?,['order number'],I dont know,concise,short
NUMBER,What is the order number?,['order number'],I dont know,colloquial,short
NUMBER,What is the order number?,['order number'],I dont know,explanatory,short
NUMBER,What is the order number?,['order number'],Im not sure,annoyed,short
NUMBER,What is the percentage of market share?,['market share'],The percentage of market share is about 1,verbose,short
NUMBER,What is the percentage of market share?,['market share'],The percentage of market share is about 1,concise,short
NUMBER,What is the percentage of market share?,['market share'],The percentage of market share is about 1,colloquial,short
NUMBER,What is the percentage of market share?,['market share'],The percentage of market share is about 1,explanatory,short
NUMBER,What is the percentage of market share?,['market share'],I think its about half the market share,annoyed,short
NUMBER,What is the plant's total capacity in square meters?,['plant capacity'],The plants total capacity is 50000 square meters,concise,short
NUMBER,What is the plant's total capacity in square meters?,['plant capacity'],The plants total capacity is 30000 square meters,colloquial,short
NUMBER,What is the plant's total capacity in square meters?,['plant capacity'],The plants total capacity is 250000 square meters,explanatory,short
NUMBER,What is the population of this city?,['population'],The population of this city is about 30000,verbose,short
NUMBER,What is the population of this city?,['population'],The population of this city is about 250000,concise,short
NUMBER,What is the population of this city?,['population'],There are a lot of people living in this city,colloquial,short
NUMBER,What is the population of this city?,['population'],The population of this city is about 30000,explanatory,short
NUMBER,What is the population of this city?,['population'],The population of this city is about 75000,annoyed,short
NUMBER,What is the power in watts?,['power'],240 watts,verbose,short
NUMBER,What is the power in watts?,['power'],watts is the power in watts,concise,short
NUMBER,What is the power in watts?,['power'],5000 watts,colloquial,short
NUMBER,What is the power in watts?,['power'],watts is the power in watts,explanatory,short
NUMBER,What is the power in watts?,['power'],watts,annoyed,short
NUMBER,What is the pressure in pascals?,['pressure'],None of the above choices,annoyed,short
NUMBER,What is the price of this item?,['price'],The price of this item is 125,concise,short
NUMBER,What is the price of this item?,['price'],The price of this item is 250,colloquial,short
NUMBER,What is the price of this item?,['price'],The price is a lot of money,explanatory,short
NUMBER,What is the product ID number?,['product ID'],0,verbose,short
NUMBER,What is the product ID number?,['product ID'],The product ID number is 00,concise,short
NUMBER,What is the product ID number?,['product ID'],I think the product ID number is 512,explanatory,short
NUMBER,What is the product ID number?,['product ID'],I dont know,annoyed,short
NUMBER,What is the project budget in dollars?,['budget'],15 million,verbose,short
NUMBER,What is the project budget in dollars?,['budget'],The project budget is 600000 per year,concise,short
NUMBER,What is the project budget in dollars?,['budget'],500000,colloquial,short
NUMBER,What is the project budget in dollars?,['budget'],The project budget in dollars,explanatory,short
NUMBER,What is the project budget in dollars?,['budget'],The project budget is about 1 million,annoyed,short
NUMBER,What is the quantity in stock?,['quantity'],We have a lot of stock,concise,short
NUMBER,What is the quantity in stock?,['quantity'],We have a lot of stock,explanatory,short
NUMBER,What is the quantity in stock?,['quantity'],We have a lot of stock,annoyed,short
NUMBER,What is the quantity of items ordered?,['order quantity'],I need to order a lot of items,verbose,short
NUMBER,What is the quantity of items ordered?,['order quantity'],I ordered a lot of items,concise,short
NUMBER,What is the quantity of items ordered?,['order quantity'],Ive ordered a lot of items,colloquial,short
NUMBER,What is the quantity of items ordered?,['order quantity'],I ordered a lot of items,explanatory,short
NUMBER,What is the quantity of items ordered?,['order quantity'],I ordered a lot of items,annoyed,short
NUMBER,What is the quantity per unit?,['quantity'],The quantity per unit is the quantity per unit,concise,short
NUMBER,What is the quantity per unit?,['quantity'],Im not sure but Im not sure,colloquial,short
NUMBER,What is the quantity per unit?,['quantity'],The quantity per unit is a unit,explanatory,short
NUMBER,What is the quantity per unit?,['quantity'],Im not sure,annoyed,short
NUMBER,What is the resistance in ohms?,['resistance'],The resistance in ohms is 01 ohms,concise,short
NUMBER,What is the resistance in ohms?,['resistance'],ohms,colloquial,short
NUMBER,What is the resistance in ohms?,['resistance'],ohms,explanatory,short
NUMBER,What is the resistance in ohms?,['resistance'],The resistance in ohms is very low,annoyed,short
NUMBER,What is the return on investment (ROI) percentage?,['ROI'],A percentage of a companys revenue,verbose,short
NUMBER,What is the return on investment (ROI) percentage?,['ROI'],1,concise,short
NUMBER,What is the return on investment (ROI) percentage?,['ROI'],I think the return on investment ROI is about 4,colloquial,short
NUMBER,What is the room number for the meeting?,['room number'],The room number for the meeting is 20,verbose,short
NUMBER,What is the room number for the meeting?,['room number'],58,concise,short
NUMBER,What is the room number for the meeting?,['room number'],The meeting starts at 700,colloquial,short
NUMBER,What is the room number for the meeting?,['room number'],The meeting is scheduled to start at 700 pm,explanatory,short
NUMBER,What is the room number for the meeting?,['room number'],Im not sure,annoyed,short
NUMBER,What is the room number?,['room number'],The number of people in the room,verbose,short
NUMBER,What is the room number?,['room number'],Im not sure,concise,short
NUMBER,What is the room number?,['room number'],The number of people in the room,colloquial,short
NUMBER,What is the room number?,['room number'],The room number is 102,explanatory,short
NUMBER,What is the room number?,['room number'],The room number is 2,annoyed,short
NUMBER,What is the sales target for this quarter?,['sales target'],We have a target of 3 million new customers,verbose,short
NUMBER,What is the sales target for this quarter?,['sales target'],The sales target for this quarter is 27 million,colloquial,short
NUMBER,What is the sales target for this quarter?,['sales target'],Im not sure I dont know,explanatory,short
NUMBER,What is the size in gigabytes?,['size'],The size of a gigabyte is 256 gigabytes,concise,short
NUMBER,What is the size in gigabytes?,['size'],Im not sure,explanatory,short
NUMBER,What is the size in gigabytes?,['size'],The size of a terabyte is 512 gigabytes,annoyed,short
NUMBER,What is the size of the team in number of people?,['team size'],The team is a team,verbose,short
NUMBER,What is the size of the team in number of people?,['team size'],The team is a team,concise,short
NUMBER,What is the size of the team in number of people?,['team size'],The team is a team,colloquial,short
NUMBER,What is the size of the team in number of people?,['team size'],The team has a total of 8 people,explanatory,short
NUMBER,What is the size of the team in number of people?,['team size'],The team is too small,annoyed,short
NUMBER,What is the speed limit on this highway?,['speed limit'],The speed limit is 50 mph,verbose,short
NUMBER,What is the speed limit on this highway?,['speed limit'],The speed limit is5 miles per hour,concise,short
NUMBER,What is the speed limit on this highway?,['speed limit'],The speed limit is 25 miles per hour,colloquial,short
NUMBER,What is the speed limit on this highway?,['speed limit'],The speed limit is 155 mph,explanatory,short
NUMBER,What is the speed limit on this highway?,['speed limit'],The speed limit is 30mph,annoyed,short
NUMBER,What is the temperature in Celsius?,['temperature'],The temperature in Fahrenheit,verbose,short
NUMBER,What is the total amount spent on research and development last year?,['R&D expenditure'],70 million,verbose,short
NUMBER,What is the total number of active users?,['active users'],The total number of active users is 3000,verbose,short
NUMBER,What is the total number of active users?,['active users'],There are a total of 58 active users,colloquial,short
NUMBER,What is the total number of active users?,['active users'],There are a total of 3 million active users,explanatory,short
NUMBER,What is the total number of active users?,['active users'],The total number of active users is 30000,annoyed,short
NUMBER,What is the total number of clients?,['client count'],There are a lot of clients,verbose,short
NUMBER,What is the total number of clients?,['client count'],The total number of clients is 30,colloquial,short
NUMBER,What is the total number of clients?,['client count'],There are a lot of clients,explanatory,short
NUMBER,What is the total number of clients?,['client count'],There are a lot of clients,annoyed,short
NUMBER,What is the total number of employees?,['employee count'],There are a total of 0 employees,colloquial,short
NUMBER,What is the total number of forklifts used in the warehouse?,['equipment count'],There are about 2000 forklifts in the warehouse,colloquial,short
NUMBER,What is the total number of patents held by the company?,['patent count'],The company has a number of patents,annoyed,short
NUMBER,What is the total number of quality control checks performed daily?,['quality control checks'],There are a total of 365 checks a day,colloquial,short
NUMBER,What is the total number of quality control inspectors?,['inspector count'],The number of inspectors is about 100,concise,short
NUMBER,What is the total number of units produced?,['units produced'],The number of units produced,verbose,short
NUMBER,What is the total number of units produced?,['units produced'],Id like to know how many units were produced,concise,short
NUMBER,What is the total number of units produced?,['units produced'],The number of units produced,explanatory,short
NUMBER,What is the total number of units produced?,['units produced'],The total number of units produced is 20,annoyed,short
NUMBER,What is the total number of vehicles in the company fleet?,['fleet size'],The fleet consists of about 2000 vehicles,concise,short
NUMBER,What is the total number of vehicles in the company fleet?,['fleet size'],The fleet has a fleet of about 2000 vehicles,explanatory,short
NUMBER,What is the total number of vehicles in the company fleet?,['fleet size'],The fleet has a total of 66 vehicles,annoyed,short
NUMBER,What is the total project cost?,['project cost'],The total cost of the project,verbose,short
NUMBER,What is the total project cost?,['project cost'],The total project cost was 1 million,concise,short
NUMBER,What is the total project cost?,['project cost'],The project cost was 500000,explanatory,short
NUMBER,What is the total project cost?,['project cost'],The total cost of the project is 120 million,annoyed,short
NUMBER,What is the total revenue generated last fiscal year?,['revenue'],25 billion,verbose,short
NUMBER,What is the total revenue generated last fiscal year?,['revenue'],276 billion,concise,short
NUMBER,What is the total square footage of the house?,['square footage'],900 square feet,verbose,short
NUMBER,What is the total square footage of the house?,['square footage'],The house has a total area of 750 square feet,colloquial,short
NUMBER,What is the total square footage of the house?,['square footage'],The house has a total of 750 sq ft,annoyed,short
NUMBER,What is the voltage in volts?,['voltage'],volts are the same as volts in volts,annoyed,short
NUMBER,What is the weight in pounds?,['weight'],Im not sure,verbose,short
NUMBER,What is the weight in pounds?,['weight'],Im not sure,concise,short
NUMBER,What is the weight in pounds?,['weight'],Im not sure,colloquial,short
NUMBER,What is the weight in pounds?,['weight'],I think its a lot of pounds,explanatory,short
NUMBER,What is the weight in pounds?,['weight'],Im not sure,annoyed,short
NUMBER,What is the year the company was founded?,['foundation year'],1994,verbose,short
NUMBER,What is the year the company was founded?,['foundation year'],It was founded in the 1980s,concise,short
NUMBER,What is the year the company was founded?,['foundation year'],It was founded in 2001,colloquial,short
NUMBER,What is the year the company was founded?,['foundation year'],The company was founded in 2000,explanatory,short
NUMBER,What is the year the company was founded?,['foundation year'],1990,annoyed,short
NUMBER,What is the zip code for this address?,['zip code'],55505,verbose,short
NUMBER,What is the zip code for this address?,['zip code'],20705,concise,short
NUMBER,What is the zip code for this address?,['zip code'],12345,colloquial,short
NUMBER,What is the zip code for this address?,['zip code'],7805,explanatory,short
NUMBER,What is the zip code for this address?,['zip code'],20739,annoyed,short
NUMBER,What is the zip code of the office location?,['zip code'],76005,verbose,short
NUMBER,What is the zip code of the office location?,['zip code'],76080,concise,short
NUMBER,What is the zip code of the office location?,['zip code'],20732,colloquial,short
NUMBER,What is the zip code of the office location?,['zip code'],84005,explanatory,short
NUMBER,What is the zip code of the office location?,['zip code'],11753,annoyed,short
NUMBER,What is your BMI?,['BMI'],I have a BMI,verbose,short
NUMBER,What is your BMI?,['BMI'],I have a BMI,concise,short
NUMBER,What is your BMI?,['BMI'],I am a BMI,colloquial,short
NUMBER,What is your BMI?,['BMI'],I have a BMI,explanatory,short
NUMBER,What is your BMI?,['BMI'],I have a BMI,annoyed,short
NUMBER,What is your account number?,['account number'],My account number is 212,verbose,short
NUMBER,What is your account number?,['account number'],I dont know,concise,short
NUMBER,What is your account number?,['account number'],My account number is 865,colloquial,short
NUMBER,What is your account number?,['account number'],My account number is 555,explanatory,short
NUMBER,What is your account number?,['account number'],I dont know,annoyed,short
NUMBER,What is your age?,['age'],Im 26 years old,verbose,short
NUMBER,What is your age?,['age'],Im 25 years old,concise,short
NUMBER,What is your age?,['age'],Im 26 years old,colloquial,short
NUMBER,What is your age?,['age'],Im 26 years old,explanatory,short
NUMBER,What is your age?,['age'],Im 35,annoyed,short
NUMBER,What is your annual household income?,['income'],I make about 30000 a year,verbose,short
NUMBER,What is your annual household income?,['income'],I earn about 30000 a year,concise,short
NUMBER,What is your annual household income?,['income'],I earn about 60000 a year,colloquial,short
NUMBER,What is your annual household income?,['income'],I earn about 3000 a year,explanatory,short
NUMBER,What is your blood pressure (systolic reading)?,['blood pressure'],Im 63,verbose,short
NUMBER,What is your blood pressure (systolic reading)?,['blood pressure'],I have a high blood pressure,concise,short
NUMBER,What is your blood pressure (systolic reading)?,['blood pressure'],I have a high blood pressure,colloquial,short
NUMBER,What is your blood pressure (systolic reading)?,['blood pressure'],I have a high blood pressure,explanatory,short
NUMBER,What is your blood pressure (systolic reading)?,['blood pressure'],I have a high blood pressure,annoyed,short
NUMBER,What is your credit score?,['credit score'],I have a score of 0 on my credit report,verbose,short
NUMBER,What is your credit score?,['credit score'],I have a score of 0 on my credit report,concise,short
NUMBER,What is your credit score?,['credit score'],I have a credit score of 620,explanatory,short
NUMBER,What is your credit score?,['credit score'],Im not sure I dont have a credit score,annoyed,short
NUMBER,What is your current weight?,['weight'],Im 185 pounds,verbose,short
NUMBER,What is your current weight?,['weight'],Im 185 lbs,concise,short
NUMBER,What is your current weight?,['weight'],Im 176 pounds,colloquial,short
NUMBER,What is your current weight?,['weight'],Im 185 lbs,explanatory,short
NUMBER,What is your current weight?,['weight'],Im a heavy weight,annoyed,short
NUMBER,What is your employee ID number?,['employee ID'],Im not sure,verbose,short
NUMBER,What is your employee ID number?,['employee ID'],I dont know,concise,short
NUMBER,What is your employee ID number?,['employee ID'],I dont know,colloquial,short
NUMBER,What is your employee ID number?,['employee ID'],Im not sure,explanatory,short
NUMBER,What is your employee ID number?,['employee ID'],I dont know,annoyed,short
NUMBER,What is your employee ID?,['employee ID'],I am a manager,verbose,short
NUMBER,What is your employee ID?,['employee ID'],I am a fulltime employee of a company,concise,short
NUMBER,What is your employee ID?,['employee ID'],I have a job number,colloquial,short
NUMBER,What is your employee ID?,['employee ID'],I am a manager,explanatory,short
NUMBER,What is your employee ID?,['employee ID'],I am an employee of the company I work for,annoyed,short
NUMBER,What is your estimated net worth?,['net worth'],Im not sure,verbose,short
NUMBER,What is your estimated net worth?,['net worth'],Im a millionaire,concise,short
NUMBER,What is your estimated net worth?,['net worth'],Im a millionaire,colloquial,short
NUMBER,What is your estimated net worth?,['net worth'],Im a millionaire,explanatory,short
NUMBER,What is your estimated net worth?,['net worth'],Im a millionaire,annoyed,short
NUMBER,What is your height in centimeters?,['height'],Im 62 tall,verbose,short
NUMBER,What is your height in centimeters?,['height'],Im 5 feet 6 inches,concise,short
NUMBER,What is your height in centimeters?,['height'],Im 59 tall,colloquial,short
NUMBER,What is your height in centimeters?,['height'],Im 178 cm tall,explanatory,short
NUMBER,What is your height in centimeters?,['height'],Im 58 tall,annoyed,short
NUMBER,What is your home's square footage?,['home size'],I live in a home that has a lot of square footage,verbose,short
NUMBER,What is your home's square footage?,['home size'],Its a lot of square feet,concise,short
NUMBER,What is your home's square footage?,['home size'],Its a lot of square feet,colloquial,short
NUMBER,What is your home's square footage?,['home size'],My homes square footage is about 100 square feet,annoyed,short
NUMBER,What is your house number?,['house number'],Im not sure,verbose,short
NUMBER,What is your house number?,['house number'],My house number is 202,concise,short
NUMBER,What is your house number?,['house number'],My house number is 111,colloquial,short
NUMBER,What is your house number?,['house number'],Im not sure,explanatory,short
NUMBER,What is your house number?,['house number'],Im not sure,annoyed,short
NUMBER,What is your order number?,['order number'],I have a number,verbose,short
NUMBER,What is your order number?,['order number'],I dont know,concise,short
NUMBER,What is your order number?,['order number'],Im not sure,colloquial,short
NUMBER,What is your order number?,['order number'],Im not sure,explanatory,short
NUMBER,What is your order number?,['order number'],I dont know,annoyed,short
NUMBER,What is your pant size?,['pant size'],Im a 60 pant,verbose,short
NUMBER,What is your pant size?,['pant size'],Im 59 tall,concise,short
NUMBER,What is your pant size?,['pant size'],Im a 45 lb pant size,colloquial,short
NUMBER,What is your pant size?,['pant size'],Im a size 8 pant,explanatory,short
NUMBER,What is your pant size?,['pant size'],Im a 59 pant,annoyed,short
NUMBER,"What is your preferred contact method (1 for phone, 2 for email)?",['contact preference'],I prefer phone,verbose,short
NUMBER,"What is your preferred contact method (1 for phone, 2 for email)?",['contact preference'],I prefer phone,concise,short
NUMBER,"What is your preferred contact method (1 for phone, 2 for email)?",['contact preference'],I prefer phone,colloquial,short
NUMBER,"What is your preferred contact method (1 for phone, 2 for email)?",['contact preference'],I prefer phone,explanatory,short
NUMBER,"What is your preferred contact method (1 for phone, 2 for email)?",['contact preference'],I prefer phone,annoyed,short
NUMBER,What is your shirt size?,['shirt size'],Im a XL,verbose,short
NUMBER,What is your shirt size?,['shirt size'],Im a XL,concise,short
NUMBER,What is your shirt size?,['shirt size'],Im a size small,colloquial,short
NUMBER,What is your shirt size?,['shirt size'],Im a size XXL,explanatory,short
NUMBER,What is your shirt size?,['shirt size'],Im a XL,annoyed,short
NUMBER,What is your shoe size?,['shoe size'],Im a medium size,verbose,short
NUMBER,What is your shoe size?,['shoe size'],Im a medium,concise,short
NUMBER,What is your shoe size?,['shoe size'],Im a medium size,colloquial,short
NUMBER,What is your shoe size?,['shoe size'],Im a 68 shoe size,explanatory,short
NUMBER,What is your shoe size?,['shoe size'],Im not sure,annoyed,short
NUMBER,What is your street address number?,['street number'],I have a street address number,verbose,short
NUMBER,What is your street address number?,['street number'],I dont have a street address number,concise,short
NUMBER,What is your street address number?,['street number'],I have a street address number,colloquial,short
NUMBER,What is your street address number?,['street number'],I dont know,annoyed,short
NUMBER,What is your total yearly spending on groceries?,['grocery spending'],I spend a total of about 1200 a year on groceries,verbose,short
NUMBER,What is your total yearly spending on groceries?,['grocery spending'],I spend about 2000 a year on groceries,concise,short
NUMBER,What is your total yearly spending on groceries?,['grocery spending'],I spend about 2000 a year on groceries,colloquial,short
NUMBER,What is your total yearly spending on groceries?,['grocery spending'],I spend about 600 a year on groceries,explanatory,short
NUMBER,What is your total yearly spending on groceries?,['grocery spending'],I spend about 120 a month on groceries,annoyed,short
NUMBER,What is your weight in kilograms?,['weight (kg)'],I weigh a lot of weight in kilograms,verbose,short
NUMBER,What is your weight in kilograms?,['weight (kg)'],I weigh a lot of pounds,concise,short
NUMBER,What is your weight in kilograms?,['weight (kg)'],I weigh 155 lbs,colloquial,short
NUMBER,What is your weight in kilograms?,['weight (kg)'],I weigh 185 lb,explanatory,short
NUMBER,What is your weight in kilograms?,['weight (kg)'],I weigh a lot of pounds,annoyed,short
NUMBER,What is your zip code?,['zip code'],Im in California,verbose,short
NUMBER,What is your zip code?,['zip code'],I dont have a zip code,concise,short
NUMBER,What is your zip code?,['zip code'],Im located in the United States,colloquial,short
NUMBER,What is your zip code?,['zip code'],Im in New York City,explanatory,short
NUMBER,What is your zip code?,['zip code'],I live in a city that has a ZIP code,annoyed,short
NUMBER,What year was the company founded?,['year'],In the early 20th century,verbose,short
NUMBER,What year was the company founded?,['year'],It was founded in the 1880s,concise,short
NUMBER,What year was the company founded?,['year'],The company was founded in the 1880s,colloquial,short
NUMBER,What year was the company founded?,['year'],The company was founded in the 1960s,explanatory,short
NUMBER,What year was the company founded?,['year'],The year the company was founded,annoyed,short
