question,answer,context
TEXT>Describe any areas where cost savings could be achieved.>Text> Significant cost savings could be realized by renegotiating contracts with suppliers, particularly for high-volume items.  A thorough review of our energy consumption and implementation of energy-efficient technologies could also yield substantial reductions. Finally, streamlining our internal processes and eliminating redundancies would contribute to overall cost efficiency.>Supplier negotiation
TEXT>Describe any areas where cost savings could be achieved.>Text> Reduce supplier costs, improve energy efficiency, cut redundancies.>Cost reduction strategies>concise
TEXT>Describe any areas where cost savings could be achieved.>Text>  Dude, we could totally save a ton of cash by haggling with those suppliers, you know?  And maybe switch to some energy-saving stuff.  Plus
TEXT>Describe any areas where cost savings could be achieved.>Text> Cost savings can be achieved through a multi-pronged approach. Firstly, a comprehensive audit of existing contracts can identify areas for negotiation and potential price reductions from suppliers. Secondly, investing in energy-efficient equipment and practices can significantly reduce utility costs over time.  Finally
TEXT>Describe any areas where cost savings could be achieved.>Text>  Well, obviously we need to look at our spending.  Negotiating better deals with suppliers is a start.  And seriously, someone needs to figure out why our energy bills are so high.>Supplier negotiation
TEXT>Describe any areas where the company could improve its compliance with regulatory requirements.>Text>  Dude, they're really slacking on keeping up with all the rules, especially the data stuff.  Need better training and more checks
TEXT>Describe any areas where the company could improve its compliance with regulatory requirements.>Text>  Improved compliance could be achieved through a comprehensive review of all applicable regulations, followed by a gap analysis to identify areas needing attention. Subsequently, targeted training programs and updated procedures should be implemented and regularly audited to ensure ongoing compliance.>Regulatory review & implementation>explanatory
TEXT>Describe any challenges in delivering the message.>Text>  The biggest challenge was ensuring the message's clarity and impact despite the limitations of the text format.  Nuance and tone are difficult to convey effectively in writing, risking misinterpretation.  Furthermore, reaching the intended audience and ensuring message delivery required careful consideration of their preferences and accessibility.>Clarity
TEXT>Describe any incidents or near misses that occurred.>Text> During the project, a significant near miss occurred when a critical component malfunctioned, nearly causing a system-wide failure.  Fortunately
TEXT>Describe any incidents or near misses that occurred.>Text>  Yeah, we almost had a total meltdown with the new software.  It was a close one, but we patched it up before anything went really wrong.  Whew!>Software near crash averted>colloquial
TEXT>Describe any incidents or near misses that occurred.>Text> There was one instance where a data entry error was almost overlooked, potentially leading to incorrect calculations and reporting. However, the error was detected during a routine check
TEXT>Describe any instances of unfairness you observed during the convention.>Text> The biggest issue was the disproportionate media coverage given to the keynote speakers.  Smaller, equally important workshops and discussions were barely mentioned, leaving attendees feeling their contributions were undervalued. This created an uneven playing field and a sense of unfairness among participants.>Unequal media coverage>verbose
TEXT>Describe any instances of unfairness you observed during the convention.>Text>  Dude, it was totally rigged!  Some people got way more time to speak than others, no matter how good their points were.  Not cool.>Unfair speaking times>colloquial
TEXT>Describe the agent's demeanor.>Text>  They were polite, I'll give them that, but a little too slow for my liking.  Could have been more efficient.>Polite but slow>annoyed
TEXT>Describe the audience for the communication.>Text> The intended audience is likely young adults aged 18-25, highly active on social media platforms.  They are tech-savvy and prefer short, engaging content.  Their interests span entertainment
TEXT>Describe the audience for the communication.>Text>  Like, people who are glued to their phones, ya know?  Probably younger folks.>Phone-addicted youth>colloquial
TEXT>Describe the challenges associated with maintaining aging equipment.>Text> Maintaining aging equipment presents numerous challenges.  Finding replacement parts becomes increasingly difficult and expensive as manufacturers discontinue support.  Furthermore, older equipment is often less efficient and more prone to breakdowns, leading to increased downtime and maintenance costs.>Parts
TEXT>Describe the challenges associated with maintaining aging equipment.>Text>  Higher repair costs, obsolete parts, increased downtime.>Cost
TEXT>Describe the challenges associated with maintaining aging equipment.>Text>  It's a nightmare, man!  Parts are hard to find, everything's breaking down all the time
TEXT>Describe the challenges associated with maintaining aging equipment.>Text> Aging equipment is challenging to maintain due to several factors.  Obsolescence leads to difficulty sourcing replacement components and specialized expertise.  This often results in increased maintenance expenses and prolonged periods of equipment unavailability.>Obsolescence, Expertise, Costs>explanatory
TEXT>Describe the challenges associated with maintaining aging equipment.>Text> It's a constant battle.  The parts are impossible to find, and when you do, they're ridiculously overpriced.  Then the thing breaks down again a week later!>Parts issues
TEXT>Describe the challenges associated with managing a diverse workforce.>Text> Communication barriers, conflicting work styles, and potential for bias create significant management hurdles.>Management Difficulties in Diverse Teams>concise
TEXT>Describe the challenges associated with managing a diverse workforce.>Text>  So, you've got people from all walks of life, right?  It's tricky getting everyone on the same page
TEXT>Describe the challenges associated with managing a diverse workforce.>Text> It's not easy, okay?  You have to deal with so many different perspectives and communication styles, and making sure everyone feels valued and respected takes a lot of effort and careful planning.  It's not just about ticking boxes; it's about actually building a cohesive team.>Challenges of Inclusion & Cohesion>annoyed
TEXT>Describe the communication strategy.>Text>  Yo, we're going with texts, dude.  Keep your phone handy!>Text-based communication>colloquial
TEXT>Describe the company's approach to data analytics and its application in decision-making.>Text> Our company utilizes a data-driven approach, employing advanced analytics techniques like predictive modeling and machine learning to identify trends and patterns within our vast datasets.  These insights directly inform strategic decision-making across all departments, from marketing and sales to product development and operations.  This allows us to make more informed
TEXT>Describe the company's approach to data analytics and its application in decision-making.>Text>  Yeah, so we're all about the numbers, right? We crunch data to see what's working and what's not
TEXT>Describe the company's approach to data analytics and its application in decision-making.>Text>  The company's data analytics strategy involves collecting and analyzing various data sources to understand customer behavior, market trends, and internal operational efficiency. This analysis is then translated into actionable insights which guide strategic and operational decisions
TEXT>Describe the company's approach to risk management.>Text> Our company employs a multi-layered risk management approach, integrating risk assessment into all stages of project development and operations.  We utilize a combination of qualitative and quantitative methods to identify, analyze
TEXT>Describe the company's approach to risk management.>Text> Proactive risk identification, analysis, and mitigation across all operations.>Proactive risk management>concise
TEXT>Describe the company's approach to risk management.>Text> The company's risk management strategy is founded on a systematic process involving the identification of potential risks, a thorough analysis of their likelihood and impact, and the development of appropriate mitigation plans.  These plans are regularly reviewed and updated to reflect changing circumstances. This ensures continuous improvement in risk management practices.>Systematic risk assessment and mitigation>explanatory
TEXT>Describe the company's approach to risk management.>Text>  We have a risk management program, it's documented somewhere.  I'm sure it's quite comprehensive, though I don't personally deal with it.  It's the compliance department's responsibility.>Compliance-driven risk management>annoyed
TEXT>Describe the company's commitment to health and safety.>Text> Our company prioritizes the health and safety of our employees above all else.  We invest significantly in safety training, equipment, and preventative measures
TEXT>Describe the company's commitment to health and safety.>Text>  We maintain a strong commitment to health and safety through training, equipment, and proactive measures.>Safety is a priority>concise
TEXT>Describe the company's commitment to health and safety.>Text>  Yeah, we're all about safety here.  Lots of training, good gear
TEXT>Describe the company's commitment to health and safety.>Text>  Our commitment to health and safety is demonstrated through a multifaceted approach. This includes rigorous safety training programs for all employees, the provision of appropriate personal protective equipment (PPE), and a system for reporting and addressing safety concerns.  These measures aim to minimize workplace hazards and foster a safe working environment.>Multifaceted safety approach>explanatory
TEXT>Describe the company's efforts to foster a culture of continuous learning and development.>Text> Our company champions continuous learning through various initiatives.  We offer tuition reimbursement for relevant courses, provide access to online learning platforms, and encourage employees to attend industry conferences and workshops.  Mentorship programs and internal knowledge-sharing sessions further enhance skill development.>Multiple learning programs>verbose
TEXT>Describe the company's efforts to foster a culture of continuous learning and development.>Text> We provide tuition reimbursement, online learning platforms, and encourage professional development activities.>Funding & resources for learning>concise
TEXT>Describe the company's efforts to foster a culture of continuous learning and development.>Text>  Yeah, we're pretty big on learning here.  They pay for classes, got all sorts of online training stuff
TEXT>Describe the company's efforts to foster a culture of continuous learning and development.>Text>  We have a tuition reimbursement program,  various online training modules, and occasionally send people to conferences.  It's part of our stated goals
TEXT>Describe the environmental impact of the operations.>Text> Our operations generate greenhouse gas emissions primarily from fuel combustion in our vehicles and energy consumption in our facilities.  We also produce wastewater and solid waste requiring proper treatment and disposal.  Mitigation efforts include investing in renewable energy and implementing waste reduction programs.>GHG emissions, waste, mitigation>verbose
TEXT>Describe the environmental impact of the operations.>Text> Greenhouse gas emissions, waste generation, and resource depletion.>Environmental impacts summary>concise
TEXT>Describe the environmental impact of the operations.>Text>  So, yeah, we burn a bit of fuel
TEXT>Describe the environmental impact of the operations.>Text> The environmental impact stems from various sources including energy consumption leading to carbon emissions, waste disposal contributing to landfill burden, and potential water pollution from industrial processes.  These impacts are being addressed through sustainability initiatives aimed at reducing our environmental footprint.  Further improvements are ongoing.>Energy
TEXT>Describe the environmental impact of the operations.>Text>  It's complicated, okay?  We have emissions, waste issues
TEXT>Describe the feedback received on the communication.>Text> The feedback was overwhelmingly positive, praising the clarity and conciseness of the message.  Several recipients mentioned the ease with which they understood the key takeaways.  A few minor suggestions for improvement were also offered regarding formatting.>Positive feedback, minor formatting suggestions>verbose
TEXT>Describe the feedback received on the communication.>Text>  It was pretty good, people got it, but a couple folks wanted some tweaks.>Good
TEXT>Describe the feedback received on the communication.>Text> The communication received generally favorable feedback.  Specific comments included appreciation for the timely delivery and the comprehensive nature of the information.  However, a few points were raised regarding potential ambiguity in certain sections.>Good reception, minor ambiguity noted>explanatory
TEXT>Describe the feedback received on the communication.>Text>  The response was alright, I guess. A few people had problems understanding parts of it, so we need to clarify things. It wasn't a disaster
TEXT>Describe the impact of automation on the workforce.>Text> Automation's impact on the workforce is multifaceted.  It's leading to job displacement in some sectors, requiring retraining and adaptation for many workers.  However, it also creates new roles in areas like technology maintenance and development
TEXT>Describe the impact of automation on the workforce.>Text> Increased efficiency, job losses in some areas, new jobs in others.>Automation: Efficiency and job shifts>concise
TEXT>Describe the impact of automation on the workforce.>Text>  So, automation, right?  It's like
TEXT>Describe the impact of automation on the workforce.>Text>  It's complicated.  Lots of people are losing their jobs because of machines.  And while some say new jobs are created, it's not always a fair trade-off, especially for those who lack the skills to transition.>Automation: Job losses outweigh gains>annoyed
TEXT>Describe the impact of global economic conditions on the company's operations.>Text> Global economic downturns significantly impact our supply chain, increasing material costs and potentially causing delays.  Reduced consumer spending directly affects sales, necessitating adjustments to our production and marketing strategies.  Furthermore
TEXT>Describe the impact of global economic conditions on the company's operations.>Text> Global economic conditions influence material costs, sales, and currency exchange impacting profitability.>Economic conditions affect costs
TEXT>Describe the impact of global economic conditions on the company's operations.>Text>  Yeah, so, the economy's a mess
TEXT>Describe the impact of global economic conditions on the company's operations.>Text>  The current global economic climate presents challenges in several key areas. Increased inflation leads to higher input costs and reduced consumer purchasing power.  This necessitates careful resource allocation and strategic pricing adjustments to maintain profitability.>Inflation, input costs, and consumer spending impact profitability.>explanatory
TEXT>Describe the impact of global economic conditions on the company's operations.>Text>  It's complicated.  Global economic fluctuations affect everything ¢?? our sourcing, our sales, and our bottom line.  We're constantly having to adapt to unpredictable market shifts.>Global economics affect sourcing
TEXT>Describe the impact of recent technological advancements on the industry.>Text> Recent technological advancements have revolutionized many industries, leading to increased automation, improved efficiency
TEXT>Describe the impact of recent technological advancements on the industry.>Text>  Dude, tech's totally changed everything, right?  Like
TEXT>Describe the impact of recent technological advancements on the industry.>Text>  Technological advancements, such as AI and machine learning, are significantly impacting industrial processes by increasing efficiency and accuracy.  This leads to cost reductions and the development of new products and services.  However
TEXT>Describe the impact of recent technological advancements on the industry.>Text>  It's all about automation and AI, isn't it?  Everyone keeps talking about it like it's some magic bullet.  It's changing things, yes
TEXT>Describe the overall effectiveness of the communication.>Text> The communication was largely effective in conveying the necessary information, although some aspects could have been clearer.  The recipient understood the main points, but there was room for improvement in terms of conciseness and clarity.  Overall
TEXT>Describe the overall effectiveness of the communication.>Text> It got the message across, pretty much.  Coulda been better, but it worked.>Message conveyed
TEXT>Describe the overall effectiveness of the communication.>Text> The communication successfully transmitted the core message to the intended audience.  However,  minor ambiguities could have been avoided with more precise wording.  A revised version might enhance overall comprehension.>Successful core message, minor ambiguities>explanatory
TEXT>Describe the overall effectiveness of the communication.>Text>  It was okay, I guess.  Could have been a lot better organized.  It was understandable, but a bit clumsy.>Understandable
TEXT>Describe the process.>Text> First, gather all necessary materials.  Then, carefully follow each step in the instructions
TEXT>Describe the process.>Text> Gather materials, follow instructions, review work.>Concise process steps>concise
TEXT>Describe the process.>Text>  Okay, so you get your stuff together, right? Then you just do what it says
TEXT>Describe the process.>Text> The process involves three key phases: preparation, execution, and verification.  Preparation involves gathering necessary resources. Execution entails following the outlined steps. Verification ensures the successful completion and accuracy of the process.>Three-phase process>explanatory
TEXT>Describe the quality control measures implemented.>Text> We implemented a multi-stage quality control process involving rigorous testing at each production phase.  This included automated checks for errors, manual reviews by our quality assurance team, and final verification before product release.  Customer feedback is also actively monitored and incorporated into future quality improvements.>Multi-stage QC process>verbose
TEXT>Describe the quality control measures implemented.>Text> Automated checks, manual reviews, and customer feedback analysis.>Automated & manual checks plus feedback>concise
TEXT>Describe the quality control measures implemented.>Text>  We got automated checks, then a bunch of people looked at stuff, and we even check what customers say
TEXT>Describe the safety procedures followed during the operation.>Text>  Before starting, we conducted a thorough risk assessment, identifying potential hazards and implementing control measures.  During the operation
TEXT>Describe the safety procedures followed during the operation.>Text> Risk assessment, PPE use, regular safety checks.>Key safety elements>concise
TEXT>Describe the safety procedures followed during the operation.>Text>  Yeah, so we did a pre-op risk thing, made sure everyone had their safety gear on
TEXT>Describe the safety procedures followed during the operation.>Text>  Safety procedures included a preliminary risk assessment to identify and mitigate potential hazards.  Personal protective equipment (PPE) appropriate for the operation was mandatory for all personnel.  The process was monitored consistently to ensure adherence to safety regulations and immediate responses to any identified risks.>Risk assessment, PPE, and monitoring>explanatory
TEXT>Describe the safety procedures followed during the operation.>Text>  We followed the safety procedures, as always.  Risk assessment was done, everyone wore the right gear
TEXT>Describe your experience with the registration process.>Text>  Piece of cake, man!  Took like, two minutes tops.>Quick and easy registration>colloquial
TEXT>Describe your experience with the support agent's technical expertise.>Text>  I expected better.  While they eventually solved the problem, it took longer than it should have and their explanations weren't always the clearest.> Problem solved, but slowly>annoyed
TEXT>Describe your experience with the technology used during the convention.>Text> The technology at the convention was a mixed bag. The registration system using the app was smooth and efficient, but the Wi-Fi was unreliable in several breakout sessions, leading to some frustration with presentations relying on online resources.  Overall
TEXT>Describe your experience with the technology used during the convention.>Text>  The app was pretty sweet, but the internet crapped out a few times, you know?  Total buzzkill during some talks.>App good
TEXT>Describe your experience with the technology used during the convention.>Text> The convention utilized a mobile application for registration and scheduling, which functioned well. However, the wireless internet access was inconsistent throughout the venue
TEXT>Describe your experience.>Text> My experience has been a rollercoaster of learning and growth.  I've faced challenges that pushed me beyond my comfort zone, forcing me to adapt and evolve.  Ultimately, it's been a rewarding journey of self-discovery.>Personal growth journey>verbose
TEXT>Describe your experience.>Text>  It's been a wild ride, let me tell you!  Ups and downs, you know?> Life's ups and downs>colloquial
TEXT>Describe your experience.>Text> My experience encompasses a broad range of situations, both positive and negative, which have contributed to my overall development and understanding of the world. These experiences have shaped my perspectives and informed my decision-making processes.>Broad range of experiences shaping perspective>explanatory
TEXT>Describe your experience.>Text>  It's been a mixed bag, to put it mildly.  Some good, some bad
TEXT>Describe your interaction with the convention staff.>Text> The convention staff were incredibly helpful and friendly.  They readily answered all my questions, even the ones I felt were a bit silly, and went out of their way to assist with directions and finding specific areas within the convention center.  I had a very positive experience interacting with them.>Positive interaction with helpful staff>verbose
TEXT>Describe your interaction with the convention staff.>Text> Mostly helpful, a few slow responses at registration.>Mostly good, some slowness>concise
TEXT>Describe your interaction with the convention staff.>Text>  Staff were alright, some were super chill, others seemed a bit overwhelmed. Got my badge sorted pretty quick though
TEXT>Describe your interaction with the convention staff.>Text> My interactions with the convention staff were largely positive, characterized by their efficiency in resolving inquiries related to event schedules and venue navigation.  However, there was one instance where a staff member seemed less informed than others. Overall
TEXT>Describe your interaction with the convention staff.>Text>  The people at the information desk weren't very efficient. I had to wait a long time to get a simple question answered, and the response I got wasn't all that helpful.  It wasn't a disaster, but definitely could have been better.>Inefficient and unhelpful staff>annoyed
TEXT>Describe your overall experience.>Text> My overall experience has been a positive one, filled with learning and growth. I've encountered challenges, but overcoming them has been rewarding.  I'm looking forward to future opportunities.>Positive learning experience>verbose
TEXT>Describe your overall experience.>Text> My overall experience has been a positive one, filled with learning and growth. I've encountered challenges, but overcoming them has been rewarding.  I'm looking forward to future opportunities.>Positive and detailed experience>verbose
TEXT>Describe your overall experience.>Text> It's been a fascinating journey filled with both exhilarating highs and challenging lows.  The learning curve has been steep, but the rewards have been significant.  Overall, I'm quite satisfied with my progress.>Positive learning experience>verbose
TEXT>Describe your overall experience.>Text> It's been a fascinating journey filled with both exhilarating highs and challenging lows.  The learning curve has been steep, but the rewards have been significant.  Overall, I'm quite satisfied with my progress.>Positive and detailed experience>verbose
TEXT>Describe your overall experience.>Text> It's been a wild ride, that's for sure!  Lots of ups and downs.>Generally positive, some room for improvement>colloquial
TEXT>Describe your overall experience.>Text>  Pretty good, all things considered.  Could be better, but hey
TEXT>Describe your overall experience.>Text>  Pretty good, all things considered.  Could be better, but hey
TEXT>Describe your overall experience.>Text> My overall experience has been largely positive, marked by significant growth and a deepening understanding of the task at hand.  There have been some areas for improvement, but these have contributed to the learning process.  I am confident in my continued development.>Valuable learning process>explanatory
TEXT>Describe your overall experience.>Text> My overall experience has been largely positive, marked by significant growth and a deepening understanding of the task at hand.  There have been some areas for improvement, but these have contributed to the learning process.  I am confident in my continued development.>Positive growth and learning>explanatory
TEXT>Describe your overall experience.>Text>  It's been alright, I guess. Could have been better.> Mixed feelings, could be better>annoyed
TEXT>Describe your overall experience.>Text>  It's been alright, I guess. Could have been better.>Mixed experience, some frustration>annoyed
TEXT>Describe your overall experience.>Text>  It's been alright, I suppose.  Could have been smoother.  A bit frustrating at times.> Mixed feelings, could be better>annoyed
TEXT>Describe your overall experience.>Text>  It's been alright, I suppose.  Could have been smoother.  A bit frustrating at times.>Mixed experience, some frustration>annoyed
TEXT>Detail your experience with the new welding equipment.>Text> The new welding equipment is a significant improvement over the old.  The digital controls are much more precise, leading to cleaner welds, and the reduced vibration makes for a far more comfortable working experience. Overall
TEXT>Detail your experience with the new welding equipment.>Text>  Dude, this new welder is awesome!  Way more accurate than the old clunker, and my hands don't hurt nearly as much after a long day.> Great improvement
TEXT>Detail your experience with the new welding equipment.>Text>  It's okay, I guess.  The controls are different, and I had to spend a whole day getting used to them. It's not terrible
TEXT>Did the agent follow up as promised?>Text> Yes, but it was a day late.  I had to remind them.>Late follow-up, but completed>annoyed
TEXT>Did the agent use appropriate language and terminology?>Text> Yes, the agent's language was professional and appropriate for the context of the interaction.  Technical terms were used accurately and explained clearly when necessary, ensuring understanding. The overall tone was polite and respectful.>Appropriate language and terminology used>verbose
TEXT>Did the agent use appropriate language and terminology?>Text> Yeah, they talked like a normal person, you know?  No weird jargon.>Normal
TEXT>Did the agent use appropriate language and terminology?>Text> The agent employed appropriate language, selecting terminology easily understood by the recipient.  Complex concepts were simplified, and jargon was avoided unless clearly defined. This facilitated a smooth and efficient interaction.>Clear and understandable language>explanatory
TEXT>Did the agent use appropriate language and terminology?>Text>  Yes, but it could have been more concise.  Too much explanation in places.>Appropriate, but could be improved>annoyed
TEXT>Did the support agent actively listen to your concerns?>Text>  Yes, they listened, but their solutions didn't address the root of the problem.>Listened but ineffective solution>annoyed
TEXT>Did you feel the convention was worth the cost?>Text>  Overall, the convention was a worthwhile investment.  The networking opportunities alone justified the expense, and I learned a great deal from the workshops.  I would definitely consider attending again in the future.>Positive experience
TEXT>Did you feel the convention was worth the cost?>Text>  Yeah, it was pricey but totally worth it, met some awesome people.> Positive despite cost>colloquial
TEXT>Did you feel the convention was worth the cost?>Text>  The cost of the convention was significant, but the return on investment in terms of professional development and networking was substantial.  The knowledge gained and connections made will likely lead to future opportunities.  Therefore, I believe it was a good use of resources.> ROI justified cost>explanatory
TEXT>Did you feel the convention was worth the cost?>Text>  It was expensive, and I'm still paying it off.  I guess it was okay, but I'm not sure it was *that* valuable.> Expensive
TEXT>Did you feel valued as a customer?>Text> Yes, I felt very valued.  The staff went above and beyond to assist me with my issue, and I really appreciated their proactive and helpful attitude.  I will definitely be returning.>Positive experience
TEXT>Did you feel valued as a customer?>Text>  They were okay, I guess.  Could have been better, but it wasn't a terrible experience.> Adequate but not great service>annoyed
TEXT>Did you feel your issue was resolved efficiently?>Text> Yes, I felt the issue was resolved efficiently.  The representative was knowledgeable and addressed my concerns promptly. The entire process was straightforward and easy to understand.>Efficient resolution, knowledgeable representative>verbose
TEXT>Did you feel your issue was resolved efficiently?>Text> While the initial response time was a bit slow, the subsequent actions to resolve the problem were efficient. The solution implemented worked perfectly, and I'm satisfied with the outcome.>Efficient solution despite slow initial response>explanatory
TEXT>Did you feel your issue was resolved efficiently?>Text> It took longer than it should have, but I guess it's done now.>Inefficient, but eventually resolved>annoyed
TEXT>Discuss the importance of continuous improvement in heavy industries.>Text>  Continuous improvement is vital for heavy industries' profitability, safety, and competitiveness.>Profit
TEXT>Discuss the importance of continuous improvement in heavy industries.>Text>  Dude, in heavy industry, you gotta keep things moving forward
TEXT>Discuss the importance of continuous improvement in heavy industries.>Text> Continuous improvement methodologies like Lean and Six Sigma are vital for optimizing processes in heavy industries. By identifying and eliminating waste, improving efficiency, and reducing defects
TEXT>Elaborate on the training provided to the operators.>Text> Operators receive comprehensive training encompassing both theoretical and practical aspects of operation.  This includes classroom instruction on safety protocols, equipment functionality, and troubleshooting techniques
TEXT>Elaborate on the training provided to the operators.>Text>  Safety, equipment operation, troubleshooting
TEXT>Elaborate on the training provided to the operators.>Text>  So, they get the whole safety spiel,  learn how to use the machines
TEXT>Elaborate on the training provided to the operators.>Text>  They get the standard training, obviously.  Safety procedures, how to use the equipment
TEXT>Elaborate on your response.>Text>  Dude, what response?  You gotta tell me what I'm supposed to be elaborating on, man!> Request for context>colloquial
TEXT>Elaborate on your response.>Text>  To elaborate effectively, I need the initial statement or answer that this question refers to.  Without that context, a detailed explanation is impossible.  Please provide the necessary information.> Context is key to elaboration>explanatory
TEXT>Explain the company's strategy for attracting and retaining talent.>Text> Our talent acquisition strategy focuses on building a strong employer brand through showcasing our company culture and values on various platforms.  We offer competitive compensation and benefits packages, complemented by robust professional development opportunities to foster employee growth and retention.  Furthermore, we prioritize creating a positive and inclusive work environment to attract and retain top talent.>Employer branding
TEXT>Explain the company's strategy for attracting and retaining talent.>Text> Competitive pay, benefits, professional development
TEXT>Explain the company's strategy for attracting and retaining talent.>Text>  We're trying to be awesome to work for, you know?  Good pay, cool perks
TEXT>Explain the company's strategy for attracting and retaining talent.>Text> The company utilizes a multi-pronged approach to attract and retain talent. This includes competitive salaries and benefits, investment in employee training and development programs, and a focus on fostering a positive and collaborative work culture.  These initiatives are designed to attract top candidates and encourage long-term employee commitment.>Multi-pronged approach: compensation
TEXT>Explain the company's strategy for attracting and retaining talent.>Text>  It's a combination of things, really. We offer competitive salaries, sure
TEXT>Explain the process for conducting regular equipment inspections.>Text> Regular equipment inspections involve a systematic approach.  First, develop a checklist specific to each piece of equipment, noting critical components and safety features. Then
TEXT>Explain the process for conducting regular equipment inspections.>Text> Create checklists, inspect equipment using checklists, document findings and repairs.>Checklist-based Inspection>concise
TEXT>Explain the process for conducting regular equipment inspections.>Text>  So, you know, you gotta have a checklist
TEXT>Explain the process for conducting regular equipment inspections.>Text>  It's really straightforward.  You make a list of what to check, go through the list,  note any problems
TEXT>Explain the process for handling customer complaints.>Text>  The process begins with actively listening to the customer's complaint, showing empathy and understanding.  Next, we work to identify the root cause of the issue and offer a solution
TEXT>Explain the process for handling customer complaints.>Text> Acknowledge, investigate, resolve
TEXT>Explain the process for handling customer complaints.>Text>  So, like, first you gotta hear 'em out
TEXT>Explain the process for handling customer complaints.>Text>  Effective complaint handling involves a structured approach.  This includes acknowledging the customer's concern, thoroughly investigating the problem to determine the cause, and implementing a fair and timely resolution.  Finally
TEXT>Explain the process for handling customer complaints.>Text>  Listen to the complaint, find out what happened, and fix it.  If they're still upset
TEXT>Explain the process for handling hazardous materials.>Text> Handling hazardous materials requires strict adherence to safety protocols.  This includes proper identification of the material, using appropriate personal protective equipment (PPE), and following specific procedures for containment
TEXT>Was the solution provided easy to understand and implement?>Text> The solution was presented in a clear and logical manner, making it relatively easy to follow.  The implementation was straightforward, requiring only minor adjustments to fit my specific needs.  Overall
TEXT>Was the solution provided easy to understand and implement?>Text> It was fine, I suppose.  Could have been better explained in a couple of places, but it worked eventually.>Minor issues
TEXT>Were all your questions answered to your satisfaction?>Text> Mostly, yes.  A few minor points remain unclear, but overall I'm satisfied with the information provided.  I may need to follow up on those later.>Mostly satisfied
TEXT>Were all your questions answered to your satisfaction?>Text> Yeah, pretty much, dude.  Good enough.>Sufficiently answered.>colloquial
TEXT>Were all your questions answered to your satisfaction?>Text>  My questions were answered adequately.  The responses provided sufficient detail for me to understand the concepts involved. Further clarification might be beneficial on a couple of points, but the overall answers were satisfactory.>Adequate answers, some room for improvement.>explanatory
TEXT>Were all your questions answered to your satisfaction?>Text>  Most were answered, but some weren't fully addressed.  It's frustrating when things are only partially explained.>Partially answered, some frustration.>annoyed
TEXT>Were there any delays in getting your issue resolved?>Text> Yes, there were significant delays.  The initial response was slow, and then there were several missed deadlines before the issue was finally resolved.  It took much longer than expected.>Significant delays
TEXT>Were there any delays in getting your issue resolved?>Text> Yes, considerable delays.>Yes, delays>concise
TEXT>Were there any delays in getting your issue resolved?>Text> Yeah, it took forever!  Like, way longer than they said it would.>Long delays
TEXT>Were there any delays in getting your issue resolved?>Text> Yes, it took far too long.  I had to follow up repeatedly to get any updates.>Excessive delays, needed repeated follow-ups>annoyed
TEXT>Were there any logistical issues you encountered?>Text> Yes, we encountered significant challenges in coordinating the delivery of materials across multiple geographically dispersed locations.  Unexpected delays at customs significantly impacted our timeline, and a shortage of qualified personnel further complicated matters.  This resulted in a project delay of approximately two weeks.>Delivery & Personnel Issues>verbose
TEXT>Were there any logistical issues you encountered?>Text> We experienced several logistical hurdles. Primarily, the unforeseen weather conditions caused significant disruptions to our transport schedules.  Secondly, a lack of clear communication between different teams resulted in some duplicated efforts and wasted resources.>Weather & Communication Issues>explanatory
TEXT>Were there any technical difficulties during the support interaction?>Text> Yes, there were a few technical difficulties.  The initial connection was slow, and at one point
TEXT>Were there any technical difficulties during the support interaction?>Text> Yeah, the whole thing was a bit laggy, you know?  Took ages to get anything done.>Laggy connection>colloquial
TEXT>Were there any technical difficulties during the support interaction?>Text> Yes, the connection kept dropping, which was incredibly frustrating and made it take much longer than it should have.>Intermittent connection>annoyed
TEXT>What are the key challenges facing the heavy industries sector?>Text> Heavy industries are grappling with the transition to a low-carbon economy, facing pressure to reduce emissions and adopt sustainable practices.  This necessitates significant investments in new technologies and processes, alongside navigating increasingly stringent environmental regulations.  Furthermore
TEXT>What are the key challenges facing the heavy industries sector?>Text>  Decarbonization, cost pressures, and supply chain instability.>Economic & environmental pressures>concise
TEXT>What are the key challenges facing the heavy industries sector?>Text>  It's tough out there, ya know?  Meeting those green goals is costing a fortune, and getting the parts we need is a nightmare. Plus
TEXT>What are the key challenges facing the heavy industries sector?>Text> The heavy industries sector is confronted by significant challenges related to environmental sustainability, requiring substantial investment in decarbonization technologies.  Economic pressures from fluctuating material costs and global competition also pose considerable difficulties.  Finally, the availability and reliability of skilled labor is a persistent concern.>Environmental
TEXT>What are the key challenges facing the heavy industries sector?>Text>  It's not just one thing!  We've got emissions regulations squeezing us, sky-high energy costs, and unreliable suppliers making things incredibly difficult.  And don't even get me started on finding qualified workers.>Multiple pressures on heavy industry>annoyed
TEXT>What are your observations regarding employee morale?>Text> Employee morale seems relatively high at the moment, with good team collaboration and a positive overall atmosphere.  However, there are some pockets of concern within specific departments that warrant further investigation. We should proactively address these to maintain a strong positive work environment.>High morale
TEXT>What are your observations regarding employee morale?>Text>  Morale's pretty good,  most folks seem happy, but you know
TEXT>What are your observations regarding employee morale?>Text>  Based on recent surveys and informal observations, employee morale appears to be average.  There's a noticeable lack of enthusiasm in some teams, possibly linked to recent workload increases.  Addressing this imbalance is crucial.>Average morale
TEXT>What are your observations regarding employee morale?>Text>  It's a mixed bag, frankly.  Some teams are doing fine, others are clearly struggling.  Management needs to be more attentive to the issues.>Mixed morale
TEXT>What are your observations regarding the company's overall safety culture?>Text>  Safety's kinda hit and miss, you know? Some teams are really on it, others... not so much. Needs some work
TEXT>What are your observations regarding the company's overall safety culture?>Text>  Based on observations, the company demonstrates a commitment to safety through documented policies and procedures.  However, the effectiveness of these initiatives relies heavily on consistent enforcement and active participation from all employees.  Further evaluation is needed to assess areas for improvement.>Policies exist
TEXT>What are your recommendations for improving the overall performance of the company?>Text> To significantly boost company performance, we need a three-pronged approach: firstly, invest in employee training and development to enhance skills and productivity; secondly
TEXT>What are your recommendations for improving the overall performance of the company?>Text> Improve employee training, streamline operations, and utilize data analytics.>Efficiency and data>concise
TEXT>What are your recommendations for improving the overall performance of the company?>Text> Dude, we gotta get better training for everyone, fix the slow parts of the workflow
TEXT>What are your recommendations for improving the overall performance of the company?>Text> Enhancing company performance requires a multifaceted strategy.  Investing in employee development improves skills and morale, leading to increased productivity.  Simultaneously, optimizing internal processes and leveraging data analytics allows for more efficient resource allocation and informed decision-making.> Employee dev
TEXT>What are your recommendations for improving the overall performance of the company?>Text>  Look, it's pretty obvious. Better training, less red tape
TEXT>What are your recommendations for improving workplace safety?>Text>  Implementing comprehensive safety training programs for all employees is crucial, covering specific hazards and emergency procedures.  Regular safety inspections and audits should be conducted to identify and rectify potential risks promptly.  Finally, fostering a strong safety culture where employees feel empowered to report hazards without fear of reprisal is essential.>Training
TEXT>What are your recommendations for improving workplace safety?>Text> Improve safety training, conduct regular inspections, and promote a strong safety culture.>Safety improvements summary>concise
TEXT>What are your recommendations for improving workplace safety?>Text>  Dude, seriously, more training!  And
TEXT>What are your recommendations for improving workplace safety?>Text>  Workplace safety improvements require a multi-faceted approach.  This includes providing thorough safety training tailored to specific job roles and potential hazards, followed by regular equipment maintenance and inspections.  A strong reporting system, encouraging proactive hazard identification by employees
TEXT>What are your recommendations for improving workplace safety?>Text>  It's really not rocket science, is it?  Better training, more frequent inspections
TEXT>What are your suggestions for improving employee training programs?>Text> To enhance employee training, incorporate more hands-on activities and real-world case studies.  Regular feedback and opportunities for peer learning should also be integrated to foster a supportive learning environment.  Finally,  assessing training effectiveness through post-training evaluations is crucial for identifying areas for improvement.>Hands-on
TEXT>What are your suggestions for improving employee training programs?>Text>  Focus on practical application, personalized learning, and regular assessment.>Practical
TEXT>What are your suggestions for improving employee training programs?>Text>  Make it less boring, you know?  Like, actually use stuff they'll use on the job
TEXT>What would you do differently next time?>Text>  Dude, I'd totally prep more.  Like, way more.>Better preparation>colloquial
TEXT>What would you do differently next time?>Text> I believe a more structured approach would have improved the outcome.  Specifically, breaking down the task into smaller, manageable steps would have facilitated better progress tracking and prevented feeling overwhelmed. This would lead to a more efficient workflow.>Structured approach & smaller steps>explanatory
TEXT>Would you recommend our support to others? Why or why not?>Text> Yes, I would definitely recommend your support.  The team was incredibly responsive and helpful in resolving my issue quickly and efficiently.  They went above and beyond to ensure my satisfaction.>Positive recommendation, detailed explanation>verbose
TEXT>Would you recommend our support to others? Why or why not?>Text> I would recommend your support based on my positive experience.  The agents were knowledgeable and patient, guiding me through the solution process. This resulted in a quick resolution to my problem.>Positive recommendation, process explanation>explanatory
TEXT>Would you recommend our support to others? Why or why not?>Text>  Yes, it was fine, I guess.  But it took longer than expected.>Slightly negative
DATE>On what date did the project officially commence? Provide a date.>Date>  It kicked off on the tenth of June, twenty-twenty-one, mate.>10-06-2021>colloquial
DATE>On what date was the training session conducted? Provide a date.>Date>  It was, like,  June tenth
DATE>What date did the equipment malfunction?>Date>  It went belly up on the fifth of June, last year.  Bummer, right?>05-06-2022>colloquial
DATE>What date did the equipment malfunction?>Date> The malfunction occurred on August 1st, 2024. This date is significant because it falls within the projected maintenance window, but the failure was unexpected.  Further investigation is underway.>01-08-2024>explanatory
DATE>What date did the permit expire? Provide a date.>Date>  It ran out on the tenth of March, twenty-twenty-three, mate.>10-03-2023>colloquial
DATE>What date did the training session conclude? Provide a date.>Date>  It finished on the fourteenth of June, last year.  Yeah, a while ago now.>14-06-2022>colloquial
DATE>What date did you attend the webinar? Provide a date.>Date>  Yeah, it was on the fifth of June, last year.  Good stuff!>05-06-2022>colloquial
DATE>What date did you receive the notification about your test results? Provide a date.>Date>  Got the email on the seventh of March, like, ages ago!>07-03-2024>colloquial
DATE>What date did you receive the notification about your test results? Provide a date.>Date> My notification arrived on the 18th of June, 2023. This was later than initially anticipated, causing some unnecessary stress. The delay was explained
DATE>What date did you start feeling unwell? Provide a date.>Date> I believe I first noticed symptoms developing on the 1st of January, 2024.  It was a gradual onset, but that's when I started to feel significantly different.  I've been keeping a record of my health since then.>01-01-2024>explanatory
DATE>What date is the company anniversary? Provide a date.>Date>  It's way back, man ¢??  the twelfth of June, nineteen ninety-two.>12-06-1992>colloquial
DATE>What date is the conference taking place? Provide a date.>Date> It's on the twelfth of November, next year, yeah?  See ya there!>12-11-2024>colloquial
DATE>What date is the contract renewal due? Provide a date.>Date> It's due on the fourteenth of February, next year, yeah?>14-02-2024>colloquial
DATE>What date is the contract renewal due? Provide a date.>Date> It's due on the fourteenth of February, next year, yeah?>12-06-2024>colloquial
DATE>What date is the contract renewal due? Provide a date.>Date> It's due on the twelfth of June, next year, innit?  Don't forget!>14-02-2024>colloquial
DATE>What date is the contract renewal due? Provide a date.>Date> It's due on the twelfth of June, next year, innit?  Don't forget!>12-06-2024>colloquial
DATE>What date is the end of the probationary period? Provide a date.>Date>  It's over on the thirtieth of June, next year, mate.  Don't forget!>30-06-2024>colloquial
DATE>What date is the next scheduled backup? Provide a date.>Date>  Next backup's on the eleventh of June, next year, yeah?>11-06-2025>colloquial
DATE>What date is the next staff meeting? Provide a date.>Date>  Next meeting's on the eighteenth of June, next year, yeah?>18-06-2025>colloquial
DATE>What date is the next team-building exercise? Provide a date.>Date> It's on the tenth of November, next year, mate!  Don't forget!>10-11-2024>colloquial
DATE>What date was the final testing report submitted? Provide a date.>Date>  It was handed in on the fourteenth of March, last year, mate.>14-03-2022>colloquial
DATE>What date was the infrastructure upgrade completed? Provide a date.>Date>  It wrapped up on the fourteenth of September, last year, mate.  Took ages!>14-09-2022>colloquial
DATE>What date was the requirement specification finalized? Provide a date.>Date>  It was finalized on the tenth of August, last year, mate.  Pretty sure.>10-08-2022>colloquial
DATE>What date was the system architecture documented? Provide a date.>Date>  It was documented on the twenty-seventh of June, last year, mate.>27-06-2022>colloquial
DATE>What date will the system go live? Provide a date.>Date>  It's goin' live on the twelfth of next month, mate.  So, yeah.>12-11-2024>colloquial
DATE>What is the cut-off date for registering for the event? Provide a date.>Date> The registration period closes on December 12th, 2024.  This date is firm, and no exceptions will be made for late submissions.  Please plan accordingly.>12-12-2024>explanatory
DATE>When was your last dental checkup? Provide a date.>Date>  It was two thousand and twenty-one, December the twelfth.  I keep a record, you know.>12-12-2021>annoyed
DATE>When was your last eye exam? Provide a date.>Date>  Last eye test?  Oh, it was ages ago, sometime in June twenty-twenty-one.>15-06-2021>colloquial
DATE>When was your last hospital visit? Provide a date.>Date>  Oh, ages ago, mate.  Think it was  August twelfth
DATE>When was your last hospital visit? Provide a date.>Date> I was admitted to the hospital on the 7th of December last year,2022, for a minor procedure.  My recovery was swift and uneventful.  I was discharged the following day.>07-12-2022>explanatory
DATE>When was your last influenza vaccination? Provide a date.>Date>  Got mine done ages ago, like,  November 2020.  Can't remember the exact day though!>15-11-2020>colloquial
DATE>When was your last mammogram? Provide a date.>Date>  Last mammogram?  Oh, it was ages ago, sometime in April twenty-twenty-one.>15-04-2021>colloquial
DATE>When was your last physical examination? Provide a date.>Date>  Oh, it was ages ago, mate.  Think it was sometime in October last year
DATE>When was your last physical therapy appointment? Provide a date.>Date> My last physical therapy appointment was on the twenty-seventh of March this year.  It was a Tuesday, if I recall correctly.  I'm feeling much better now, thankfully.>27-03-2024>verbose
DATE>When was your last physical therapy appointment? Provide a date.>Date>  Oh, it was ages ago, mate.  Think it was sometime in July
DATE>When was your last pneumonia vaccination? Provide a date.>Date> I received my pneumonia vaccination on March tenth, two thousand and twenty-three. This was in accordance with my doctor's recommendation, following my last one three years prior.  I keep a record of all my vaccinations.>10-03-2023>explanatory
DATE>When was your last tetanus shot? Provide a date.>Date>  Oh, ages ago, mate.  Think it was sometime in nineteen ninety-eight.  Can't remember the exact day though.>01-01-1998>colloquial
NUMBER>How many attendees are expected at the conference?>attendee count>  Like, a thousand people, maybe a bit more
NUMBER>How many attendees are expected at the conference?>attendee count> The projected attendee count is based on a combination of early bird registrations and sponsor commitments.  We are estimating approximately 750 attendees, plus or minus 50, depending on last-minute registrations.  This should give us a good working number.>750 attendees>explanatory
NUMBER>How many books did you read last year?>books read>  Oh, like, a bunch
NUMBER>How many chapters are in this document?>chapter count>  There are, like, five chapters
NUMBER>How many children are in your household?>number of children>  There are two children living in my household. They are both under the age of ten.  This is a busy, though rewarding, situation.>2 children>explanatory
NUMBER>How many customer complaints were received this quarter?>customer complaints>  We got, like, fifty-two complaints this time around.  Not great
NUMBER>How many days a week do you exercise?>exercise frequency>  Like, maybe three or four times a week?  Depends on my schedule, ya know?>3 days>colloquial
NUMBER>How many days are left until the deadline?>days until deadline>  Like, twelve days to go, man.  Don't forget!>12 days>colloquial
NUMBER>How many days are left until the deadline?>day count>  Dude, like, only seven days left!  Better hurry!>7 days>colloquial
NUMBER>How many days of vacation did you take last year?>vacation days>  Took, like, five days off
NUMBER>How many different product lines does the company manufacture?>product line count>  After reviewing our manufacturing records, we've identified a total of seven distinct product lines currently in production. These lines encompass a wide variety of products, each catering to a specific market segment.  This number is subject to change based on future product development.>7 product lines>verbose
NUMBER>How many different product lines does the company manufacture?>product line count>  There's like, seven, I think.  Pretty sure.>7 product lines>colloquial
NUMBER>How many employees are in the department?>employee count>  There's like, forty-two people in the department, give or take a few.>42 employees>colloquial
NUMBER>How many employees work here?>employee count> The employee count is currently at 312. This figure includes full-time, part-time, and contract employees as of last week¢??s payroll.  It may increase soon.>312 employees>explanatory
NUMBER>How many hours did you work this week?>work hours>  Like, forty-two hours, man.  Crazy busy week.>42 hours>colloquial
NUMBER>How many hours of TV do you watch weekly?>TV watching time> I try to limit my screen time, but I probably end up watching about ten hours of TV a week.  It's mostly documentaries and news, though.  I'm aiming to reduce that number soon.>10 hours>verbose
NUMBER>How many hours of TV do you watch weekly?>TV watching time>  Like, maybe five hours?  Could be more, could be less
NUMBER>How many hours of TV do you watch weekly?>TV watching time>  I watch television for approximately 2 hours each weekday evening and 4 hours on the weekend, totaling 14 hours per week. This accounts for my regular viewing habits, but occasionally I may watch more or less.>14 hours>explanatory
NUMBER>How many hours of sleep do you get per night?>sleep duration>  Like, seven or eight, depends on the day
NUMBER>How many hours of training were provided to employees last year?>training hours>  Yeah, it was like, a whole bunch of training.  I'd guess around two thousand hours
NUMBER>How many hours per week do you work?>work hours>  Oh, about thirty-five hours a week, give or take.>35 hours>colloquial
NUMBER>How many items are in the cart?>item count>  There's like, twenty-three things in there, man.>23 items>colloquial
NUMBER>How many kilograms does this weigh?>weight>  It weighs, like, fifty kilos
NUMBER>How many kilometers did you drive?>distance>  Oh, like, maybe thirty kilometers?  Just a quick hop.>30 km>colloquial
NUMBER>How many languages do you speak?>languages spoken> I have been trained on a massive dataset of text and code, encompassing a wide range of languages.  The precise number is difficult to quantify, but it's certainly in the hundreds. This allows me to translate and generate text in many different languages.>hundreds of languages>explanatory
NUMBER>How many marketing campaigns were run last year?>marketing campaigns>  Like, a bunch, maybe thirty-five?  It was a busy year!>35 campaigns>colloquial
NUMBER>How many meetings did you attend this week?>meeting count> I had a rather busy week, attending a total of five meetings.  They covered a variety of topics, from project updates to team building.  It was a productive
NUMBER>How many meetings did you attend this week?>meeting count>  Like, a whole bunch, maybe four?>4 meetings>colloquial
NUMBER>How many new projects were initiated this year?>project count>  Like, a bunch, man.  Twenty-five new projects
NUMBER>How many pages are in this book?>page count>  It's got, like, a gazillion pages...okay
NUMBER>How many pairs of shoes do you own?>number of shoes>  Like, maybe five pairs?  Could be more, I lose track.>5 pairs>colloquial
NUMBER>How many pairs of shoes do you own?>number of shoes> I own two pairs of everyday shoes, one pair of dress shoes, and two pairs of sneakers for different activities.  That makes a total of five pairs.>5 pairs>explanatory
NUMBER>How many people are in your household?>household size> There are four people living in my household; myself, my spouse, and our two children. We've lived here for five years now.>4 people>verbose
NUMBER>How many people are in your household?>household size> Just me and the dog, really.  So, two
NUMBER>How many pets do you own?>number of pets>  I currently share my home with one pet, a rather spoiled Persian cat.  I'm considering adding another in the future, but for now
NUMBER>What is the total number of units produced?>units produced>  So, like, we churned out a cool 500 units
NUMBER>What is the total number of units produced?>units produced> The final production count, after accounting for rejects and rework, was 8
NUMBER>What is the total number of vehicles in the company fleet?>fleet size> The company fleet size is currently documented as being comprised of two hundred and fifty-three vehicles. This includes all cars, trucks, and vans currently in operation.  This figure is subject to change.>253 vehicles>verbose
NUMBER>What is the total number of vehicles in the company fleet?>fleet size>  There's like, a gazillion vehicles in the fleet, maybe 300 or so?  Hard to say for sure.>300 vehicles>colloquial
NUMBER>What is the total project cost?>project cost> The total expenditure for this project, encompassing all direct and indirect costs, comes to a substantial sum.  After careful accounting
NUMBER>What is the total project cost?>project cost> $750,000>$750,000>concise
NUMBER>What is the total project cost?>project cost>  The project cost?  It's like, three million bucks, man.>$3
NUMBER>What is the total project cost?>project cost> The project cost is calculated by summing all expenses incurred during its lifecycle.  This includes material costs, labor, and overhead.  The total project cost is five hundred thousand dollars.>$500
NUMBER>What is the total revenue generated last fiscal year?>revenue> Last fiscal year was quite successful.  Our total revenue reached a remarkable one hundred and fifty million dollars. This represents a significant increase compared to the previous year.>$150,0,000>verbose
NUMBER>What is the total revenue generated last fiscal year?>revenue> $23,750,000>$23
NUMBER>What is the total revenue generated last fiscal year?>revenue>  Revenue last year?  Dude, it was like, five million bucks.>$5
NUMBER>What is the total revenue generated last fiscal year?>revenue> The total revenue generated during the last fiscal year amounted to $87,200,000. This figure encompasses all income streams for the company.  It's a key performance indicator.>$87
NUMBER>What is the total revenue generated last fiscal year?>revenue> The revenue for last fiscal year was ninety-two point five million dollars.  Is there anything else?>$92,500,000>annoyed
NUMBER>What is the total square footage of the house?>square footage> The total area of the house, encompassing all floors and habitable spaces, measures two thousand and fifty square feet.  This includes the living areas
NUMBER>What is the total square footage of the house?>square footage>  The house?  It's like, two thousand, three hundred square feet
NUMBER>What is the voltage in volts?>voltage> The voltage could be many things, depending on the circuit.  Let's say, for the sake of example
NUMBER>What is the voltage in volts?>voltage>  Dude, it's like, twelve volts
NUMBER>What is the weight in pounds?>weight> The weight, in pounds, is one hundred and fifty.  This is a reasonable weight for many adults.  It's just an example
NUMBER>What is the zip code for this address?>zip code>  It's, like,  two-zero-one-oh-oh.  You know
NUMBER>What is the zip code of the office location?>zip code>  It's, like,  five zero three zero three.  Pretty standard
NUMBER>What is your BMI?>BMI>  It's around twenty-three, I think.  Pretty average, right?>23 kg/m?>colloquial
NUMBER>What is your account number?>account number> My account number, as requested, is three million
NUMBER>What is your account number?>account number>  It's, like,987654321
NUMBER>What is your age?>age> I am twenty-seven years old.  This is my current age, and it changes every year, of course.  I hope this is what you're looking for.>27 years>verbose
NUMBER>What is your age?>age>  I'm like, thirty-five, give or take a year.  >35 years>colloquial
NUMBER>What is your annual household income?>income> Our combined annual household income, after taxes and deductions, comes to seventy-five thousand dollars.  This includes both my salary and my spouse's earnings. We're quite comfortable.>$75
NUMBER>What is your annual household income?>income> $62,000>$62,000>concise
NUMBER>What is your annual household income?>income>  Somewhere around eighty-five large, I guess.  Pretty good, huh?>$85
NUMBER>What is your annual household income?>income> My income is $48,000 per year, and my partner earns $30
NUMBER>What is your annual household income?>income>  It's none of your business, but if you must know, it's one hundred thousand dollars.>$100
NUMBER>What is your blood pressure (systolic reading)?>blood pressure> My blood pressure is currently a bit elevated, I believe.  The systolic reading, as you requested
NUMBER>What is your blood pressure (systolic reading)?>blood pressure> My systolic blood pressure, the top number in a reading, is ninety-five millimeters of mercury at this moment.  This is considered within the normal range for many adults.>95 mmHg>explanatory
NUMBER>What is your credit score?>credit score>  It's like,  a really solid seven-fifty.  Pretty sweet, right?>750>colloquial
NUMBER>What is your current weight?>weight>  I weigh, like, a buck seventy.  Give or take.>170 lbs>colloquial
NUMBER>What is your employee ID number?>employee ID>  It's, like,9876543
NUMBER>What is your employee ID number?>employee ID>  My employee ID is five million, four hundred thirty-two thousand, one hundred.  Could we please move on?>5432100>annoyed
NUMBER>What is your employee ID?>employee ID> My employee identification number, as requested, is three thousand and forty-two.  I hope this is the information you require.  Please let me know if you need anything else.>3042>verbose
NUMBER>What is your estimated net worth?>net worth>  My estimated net worth is quite low, as I am a large language model and do not possess any assets or liabilities in the traditional sense.  Therefore, my net worth is effectively zero.>$0>verbose
NUMBER>What is your estimated net worth?>net worth>  As a large language model, I don't own any property or have any financial accounts.  My existence is purely digital, and thus my net worth is nil.  Therefore
NUMBER>What is your height in centimeters?>height>  I'm like, a hundred and sixty centimeters tall, I guess.>160 cm>colloquial
NUMBER>What is your home's square footage?>home size>  It's a pretty big place, around three thousand square feet, I'd say.>3000 sq ft>colloquial
NUMBER>What is your house number?>house number>  It's, like,  fourteen B.  You know
NUMBER>What is your preferred contact method (1 for phone, 2 for email)?>contact preference> I much prefer to receive communication via email.  It allows me to respond at my convenience and keeps a record of our correspondence. Therefore, my preferred method is email.>2>verbose
NUMBER>What is your preferred contact method (1 for phone, 2 for email)?>contact preference>  Email's way better, dude.>2>colloquial
NUMBER>What is your preferred contact method (1 for phone, 2 for email)?>contact preference>  While I can be reached by phone, I find email to be a more efficient communication method for detailed discussions.  Email allows me to carefully consider my response before sending.  This improves clarity and reduces misunderstandings.>2>explanatory
NUMBER>What is your street address number?>street number>  It's, like, seventy-two.  Yeah
NUMBER>What is your weight in kilograms?>weight (kg)> My weight fluctuates slightly, but a reasonable estimate of my weight in kilograms would be seventy.  I don't have a physical body, so this is a metaphorical weight.>70 kg>verbose
NUMBER>What is your weight in kilograms?>weight (kg)>  I weigh, like, eighty kilograms
NUMBER>What is your weight in kilograms?>weight (kg)>  As a large language model, I don't possess a physical form and therefore don't have a weight. However, if we were to assign a metaphorical weight based on the data I process
NUMBER>What is your zip code?>zip code>  It's, like,94107
NUMBER>What year was the company founded?>year>  It was, like, way back in two thousand and one
SINGLE-SELECT>Are you currently using a similar product?>Yes; No> Yes, I'm currently utilizing a similar product for data analysis, and it has been quite helpful in streamlining my workflow.  The features are comparable
SINGLE-SELECT>Are you currently using a similar product?>Yes; No> No, I am not currently using a similar product.  My current workflow does not require one, but I am aware of several on the market.  I might consider one in the future.>No>explanatory
SINGLE-SELECT>Are you familiar with DevOps practices?>Yes; No> Yes, I am familiar with DevOps practices.  My knowledge encompasses various aspects, including CI/CD pipelines
SINGLE-SELECT>Are you familiar with DevOps practices?>Yes; No> Yes, I have been trained on and processed a large dataset of information regarding DevOps practices. This includes common tools, methodologies
SINGLE-SELECT>Communication frequency>Daily; Weekly; Bi-weekly; Monthly>  Weekly would be sufficient, but if it absolutely has to be more often, then fine.>Weekly>annoyed
SINGLE-SELECT>Do you have any accessibility needs that affect communication?>Yes; No>  Due to a visual impairment, I find it easier to communicate when information is presented in a clear, concise manner
SINGLE-SELECT>Do you have any specific requirements for this project?>Yes; No> Yes, this project has several specific requirements, including a detailed project proposal
SINGLE-SELECT>Do you have any specific requirements for this project?>Yes; No> No, there aren't any specific requirements for this project at this time.  The scope is quite open-ended, allowing for creativity and innovative solutions.  Further requirements may be defined later.>No>explanatory
SINGLE-SELECT>Do you prefer synchronous or asynchronous communication?>Synchronous; Asynchronous; Both> I find synchronous communication, like a phone call, to be more efficient for immediate problem-solving. However
SINGLE-SELECT>Do you prefer synchronous or asynchronous communication?>Synchronous; Asynchronous; Both>  Depends, ya know?  Sometimes you need that instant chat, other times email's fine.>Both>colloquial
SINGLE-SELECT>Do you prefer to communicate in writing or verbally?>Writing; Verbally; Both equally> I find writing allows for more precise and considered communication, enabling me to structure my thoughts effectively before conveying them.  Verbal communication is great for quick exchanges, but can sometimes lack the nuance writing offers.  Therefore
SINGLE-SELECT>How clear is our communication?>Very Clear; Clear; Somewhat Clear; Unclear; Very Unclear>  The communication was adequate, though some points could have benefited from further clarification to ensure complete understanding by all parties.  Overall, the message was mostly conveyed.>Somewhat Clear>explanatory
SINGLE-SELECT>How comfortable are you using technology for communication?>Very Comfortable; Comfortable; Somewhat Comfortable; Uncomfortable>  I'm okay with it, I guess.  Could be better, could be worse.>Somewhat Comfortable>colloquial
SINGLE-SELECT>How comfortable are you using technology for communication?>Very Comfortable; Comfortable; Somewhat Comfortable; Uncomfortable> I find technology for communication to be manageable, although I sometimes encounter challenges with certain interfaces or platforms.  However, I am generally able to use the technology effectively.  I'm improving all the time.>Somewhat Comfortable>explanatory
SINGLE-SELECT>How do you handle creative block?>Take a break; Seek inspiration from others; Experiment with new techniques; Change my environment; Try a different approach> When I hit a creative wall, stepping away for a bit is crucial.  A walk, a cup of tea
SINGLE-SELECT>How do you handle creative block?>Take a break; Seek inspiration from others; Experiment with new techniques; Change my environment; Try a different approach>  Dude, I just gotta bounce ¢?? go for a walk, grab some coffee
SINGLE-SELECT>How do you handle creative block?>Take a break; Seek inspiration from others; Experiment with new techniques; Change my environment; Try a different approach> Creative block often stems from a fixed mindset.  Trying a different approach, like switching from writing prose to poetry, can help break free from the mental rut and unlock new ideas.>Try a different approach>explanatory
SINGLE-SELECT>How do you stay current with design trends?>Design Blogs; Design Magazines; Social Media; Industry Conferences; Design Workshops> I have to subscribe to design magazines; it's the only reliable way I've found to get consistent, in-depth information about current trends.  It's a bit of a chore, but necessary.>Design Magazines>annoyed
SINGLE-SELECT>How important is it for you to receive a response to your communications?>Very Important; Important; Somewhat Important; Not Important>  Dude, yeah, gotta get a reply
SINGLE-SELECT>How important is it for you to receive a response to your communications?>Very Important; Important; Somewhat Important; Not Important>  A timely response is important for maintaining productivity and preventing misunderstandings.  Without feedback, it's difficult to move forward on projects.  Therefore, responses are necessary for effective workflow.>Important>explanatory
SINGLE-SELECT>How important is it to you that communication is documented?>Very Important; Important; Somewhat Important; Not Important>  Yeah, it's pretty important to keep a paper trail, you know?  Makes things way less messy.>Important>colloquial
SINGLE-SELECT>How important is it to you that communication is documented?>Very Important; Important; Somewhat Important; Not Important>  It depends on the context, but ideally, yes
SINGLE-SELECT>How important is it to you that communication is transparent?>Very Important; Important; Somewhat Important; Not Important> Transparency in communication is absolutely critical for me.  Without it, misunderstandings and conflict are inevitable, hindering productivity and trust.  I need to know what's going on to make informed decisions.>Very Important>verbose
SINGLE-SELECT>How important is it to you that communication is transparent?>Very Important; Important; Somewhat Important; Not Important>  Yeah, gotta be pretty transparent, right?  Otherwise
SINGLE-SELECT>How important is it to you that communication is transparent?>Very Important; Important; Somewhat Important; Not Important>  Open communication is somewhat important to me. While I understand the value of transparency, some details might not always need to be shared, depending on the context. It's about finding a balance.>Somewhat Important>explanatory
SINGLE-SELECT>How many employees does your company have?>1-10; 11-50; 51-100; 101-500; 500+>  We're a pretty small outfit, like, under 10 people.>1-10>colloquial
SINGLE-SELECT>How many people are typically involved in your team's communications?>1-5; 6-10; 11-20; More than 20>  It's usually just a small group, like, me and four others
SINGLE-SELECT>How much time do you typically spend communicating with our team each week?>Less than 1 hour; 1-3 hours; 3-5 hours; More than 5 hours>  Yeah, probably less than an hour, just quick chats here and there.>Less than 1 hour>colloquial
SINGLE-SELECT>How often do you feel your communication is misunderstood?>Very Often; Often; Sometimes; Rarely; Never> I find that my communication is often misinterpreted, leading to unnecessary clarifications and sometimes even conflict.  It's frustrating, but I'm working on improving my clarity.  I aim for better results in the future.>Often>verbose
SINGLE-SELECT>How often do you feel your communication is misunderstood?>Very Often; Often; Sometimes; Rarely; Never>  It's a crapshoot, sometimes I get my point across, sometimes... not so much.>Sometimes>colloquial
SINGLE-SELECT>How often do you need updates?>Daily; Weekly; Monthly; As needed>  Dude, I need 'em every day, gotta stay in the loop!>Daily>colloquial
SINGLE-SELECT>How often do you need updates?>Daily; Weekly; Monthly; As needed>  Weekly updates would be sufficient, but honestly, anything less is unacceptable.>Weekly>annoyed
SINGLE-SELECT>How satisfied are you with our current service?>Very Satisfied; Satisfied; Neutral; Dissatisfied; Very Dissatisfied> It's alright, I guess. Could be better, but it's not terrible.>Neutral>colloquial
SINGLE-SELECT>How satisfied are you with our current service?>Very Satisfied; Satisfied; Neutral; Dissatisfied; Very Dissatisfied> I am generally satisfied with the service, although there have been a few minor hiccups.  Overall, it's been a positive experience and has met my expectations.  I would recommend your service.>Satisfied>explanatory
SINGLE-SELECT>How would you describe the tone of our communication?>Professional; Friendly; Informal; Formal>  Given the clear and concise nature of our exchanges, and the absence of casual language, I believe our communication style has been appropriately professional.  The tone has been respectful and task-oriented.>Professional>explanatory
"SINGLE-SELECT>How would you describe the tone of our communication?>Professional; Friendly; Informal; Formal>""  Well"," it depends on what you consider """"our communication"""".  If you mean *this* exchange"," it seems overly formal."">Formal>annoyed"
SINGLE-SELECT>How would you rate the overall effectiveness of our communication?>Excellent; Good; Fair; Poor> While some minor issues arose, overall our communication has been satisfactory.  We were able to resolve most problems efficiently and maintain a productive workflow.  Improvements could be made, but the current state is acceptable.>Good>explanatory
SINGLE-SELECT>How would you rate your experience with our customer support?>Excellent; Good; Fair; Poor> My experience with your customer support was truly excellent.  The representative was helpful, efficient, and resolved my issue quickly. I was very satisfied with the entire interaction.>Excellent>verbose
SINGLE-SELECT>How would you rate your experience with our customer support?>Excellent; Good; Fair; Poor> It was alright, I guess.  Coulda been better, but it worked out.>Fair>colloquial
SINGLE-SELECT>Level of communication detail>High; Medium; Low>  Dude, it was super detailed, way too much info!>High>colloquial
SINGLE-SELECT>Level of communication detail>High; Medium; Low> The communication provided a moderate amount of detail, sufficient for comprehension but not overly verbose.  All necessary information was included, while avoiding unnecessary elaboration.  The level was appropriate for the context.>Medium>explanatory
SINGLE-SELECT>Preferred time for communication>Morning; Afternoon; Evening> Mornings are best for me, as I'm most alert and focused then.  I find I can respond more effectively and efficiently to communications at that time.  Later in the day, my energy levels tend to dip.>Morning>verbose
SINGLE-SELECT>Primary language for communication>English; Spanish; French; German; Mandarin> My primary language for communication is English.  It's the language I use most often for work, social interactions, and everyday life.  I'm fluent in several other languages
SINGLE-SELECT>What are your career goals in the art and design industry?>Freelance Artist; In-house Designer; Art Director; Creative Director; Start my own Design Agency>  I'd rather be a Creative Director, it's more strategic.  I want to work on broader campaigns, not just specific elements.>Creative Director>annoyed
SINGLE-SELECT>What are your preferred methods for gathering user feedback?>User Interviews; Surveys; Usability Testing; A/B Testing; Heatmaps> Heatmaps are fine, I suppose.  But they only show what people look at, not *why*.  I need more context.>Heatmaps>annoyed
SINGLE-SELECT>What are your top three priorities for this year?>Revenue Growth; Cost Reduction; Customer Acquisition; Product Development> Gotta get more peeps using our stuff, so Customer Acquisition, dude.>Customer Acquisition>colloquial
SINGLE-SELECT>What aspect of design are you most passionate about?>Visual Communication; User Experience; Branding; Interaction Design; Motion Graphics> Motion graphics.  It's the most dynamic and expressive option, and frankly, the other choices seem a bit...static.>Motion Graphics>annoyed
SINGLE-SELECT>What geographic region are you located in?>North America; Europe; Asia; South America; Africa; Australia> I am a large language model, and I don't have a physical location.  However, my servers are located in a data center somewhere in North America.  Therefore
SINGLE-SELECT>What geographic region are you located in?>North America; Europe; Asia; South America; Africa; Australia> As a large language model, I don't have a physical presence. My computations are performed across a network of servers, primarily located within the geographic boundaries of North America.  Therefore
SINGLE-SELECT>What inspires your artistic creations?>Nature; People; Abstract Concepts; Dreams; Current Events> Dreams, man, totally fuel my creativity.  Crazy stuff in there.>Dreams>colloquial
SINGLE-SELECT>What is your age range?>18-24; 25-34; 35-44; 45-54; 55+> I'm in my late twenties, so yeah, 25-34.>25-34>colloquial
SINGLE-SELECT>What is your biggest accomplishment in the art and design industry?>Winning a design award; Getting featured in a design publication; Successfully launching a design project; Building a strong portfolio; Establishing a loyal client base>  Getting featured in a design magazine?  Yeah, that was pretty huge for me, really boosted my profile.>Getting featured in a design publication>colloquial
SINGLE-SELECT>What is your biggest challenge in the art and design industry?>Competition; Finding Clients; Balancing Creative Vision and Client Needs; Time Management; Pricing your services> The biggest hurdle I face is consistently balancing my artistic vision with what clients actually want.  It's a constant negotiation, finding the sweet spot where both are satisfied.  Sometimes compromise is necessary, and that can be challenging.>Balancing Creative Vision and Client Needs>verbose
SINGLE-SELECT>What is your biggest communication challenge?>Lack of clarity; Lack of responsiveness; Misunderstandings; Information overload; Other> My biggest communication challenge is definitely a lack of clarity.  Often, the information I receive is vague or ambiguous, making it difficult to understand the intended message. This leads to wasted time and potential errors.>Lack of clarity>verbose
SINGLE-SELECT>What is your biggest design pet peeve?>Inconsistent Branding; Poor Typography; Cluttered Designs; Lack of Accessibility; Poor User Experience>  Cluttered designs, man!  So much stuff everywhere, it's a headache.>Cluttered Designs>colloquial
SINGLE-SELECT>What is your biggest inspiration for your designs?>Nature; Architecture; Music; Literature; Technology> Music, dude.  The rhythm and flow, it's totally what gets my creative juices going.>Music>colloquial
SINGLE-SELECT>What is your biggest inspiration for your designs?>Nature; Architecture; Music; Literature; Technology> Literature, I suppose.  The imagery and symbolism in stories and novels often influence my work, though I find it a less direct inspiration than others.>Literature>annoyed
SINGLE-SELECT>What is your budget for this project?>Under $10,000; $10,000 - $50
SINGLE-SELECT>What is your budget for this project?>Under $10,000; $10,000 - $50
SINGLE-SELECT>What is your budget for this project?>Under $10,000; $10,000 - $50
SINGLE-SELECT>What is your budget for this project?>Under $10,000; $10,000 - $50
SINGLE-SELECT>What is your budget for this project?>Under $10,000; $10,000 - $50
"SINGLE-SELECT>What is your company's annual revenue?>Under $1 million; $1 million - $10 million; $10 million - $100 million; Over $100 million>"" As a large language model", I don't have a company in the traditional sense.  However, if I were to extrapolate based on the resources used to train and operate me
SINGLE-SELECT>What is your company's mission?>Profit Maximization; Social Impact; Environmental Sustainability; Customer Satisfaction>  Dude, it's all about making bank, you know?  Profit's the name of the game.>Profit Maximization>colloquial
SINGLE-SELECT>What is your department?>Sales; Marketing; IT; Finance; Other> My department is Finance.  We handle all aspects of the company's financial operations, including budgeting, forecasting
SINGLE-SELECT>What is your experience with CI/CD pipelines?>Beginner; Intermediate; Advanced> My experience with CI/CD pipelines is intermediate. I can design, implement, and maintain pipelines for moderately complex projects
SINGLE-SELECT>What is your experience with CI/CD pipelines?>Beginner; Intermediate; Advanced> I've worked extensively with CI/CD,  it's not exactly rocket science, but I've handled complex scenarios and integrations.  So
SINGLE-SELECT>What is your experience with GraphQL APIs?>Beginner; Intermediate; Advanced> I've worked with GraphQL APIs on a few small projects, primarily focusing on fetching data for simple applications.  I understand the basic concepts, but I haven't tackled any complex queries or schema designs yet.  I'm still learning the intricacies of the technology.>Beginner>verbose
SINGLE-SELECT>What is your experience with GraphQL APIs?>Beginner; Intermediate; Advanced>  I've messed around with GraphQL a bit,  got some stuff working, but I'm no expert.>Intermediate>colloquial
SINGLE-SELECT>What is your experience with GraphQL APIs?>Beginner; Intermediate; Advanced> My experience with GraphQL APIs is currently at an intermediate level. I can comfortably construct queries, understand schema definitions, and implement GraphQL in various applications.  I am familiar with common patterns and best practices.>Intermediate>explanatory
SINGLE-SELECT>What is your experience with RESTful APIs?>Beginner; Intermediate; Advanced> I've worked with RESTful APIs on a few projects, understanding the basic concepts like HTTP methods and status codes.  I can build simple APIs, but more complex scenarios require further study. I'm comfortable with common formats like JSON.>Beginner>verbose
SINGLE-SELECT>What is your experience with RESTful APIs?>Beginner; Intermediate; Advanced>  I've messed around with REST APIs a bit, know the basics, but wouldn't call myself an expert.  Still learning!>Beginner>colloquial
SINGLE-SELECT>What is your experience with RESTful APIs?>Beginner; Intermediate; Advanced> My experience with RESTful APIs is currently at an intermediate level. I'm proficient in designing, developing, and consuming RESTful APIs
SINGLE-SELECT>What is your experience with blockchain technology?>Beginner; Intermediate; Advanced> I'm kinda new to this whole blockchain thing,  still figuring it out, ya know?>Beginner>colloquial
SINGLE-SELECT>What type of art education have you received?>Formal Education (BFA, MFA); Self-taught; Workshops and Courses; Apprenticeship; Online Courses> My art education primarily consists of various workshops and courses taken over the years.  These targeted specific skills and techniques, allowing me to explore different mediums and expand my artistic abilities. This approach allowed for focused learning in areas of particular interest to me.>Workshops and Courses>explanatory
SINGLE-SELECT>What type of design projects are you currently working on?>Branding Projects; Website Designs; Mobile App Designs; Illustration Projects; Graphic Design Projects> I'm currently immersed in a challenging branding project for a new sustainable fashion company.  It involves developing a logo, color palette, and overall brand identity that reflects their values.  The project is quite involved and requires extensive research.>Branding Projects>verbose
SINGLE-SELECT>What type of design projects do you enjoy the most?>Branding; Web Design; Packaging Design; Illustration; Typography> I find illustration to be the most creatively fulfilling. The freedom to express ideas visually, without the constraints of functionality, is incredibly liberating. It allows me to explore diverse styles and techniques.>Illustration>explanatory
SINGLE-SELECT>What type of design thinking methodology do you prefer?>Human-centered Design; Design Thinking; Lean UX; Double Diamond; Agile Design>  Gotta go with Double Diamond, man.  It's all about that diverging and converging, ya know?>Double Diamond>colloquial
SINGLE-SELECT>What type of feedback are you most interested in receiving on your work?>Constructive Criticism; Positive Reinforcement; Peer Reviews; Client Feedback; Public Opinion> I find public opinion to be the most valuable type of feedback, as it reflects how my work is received by a broader audience. This helps me understand the impact and effectiveness of my work from a wider perspective, beyond a select group.  This informs future projects.>Public Opinion>explanatory
SINGLE-SELECT>What version control system do you use?>Git; SVN; Mercurial> We use Git, dude. It's the best, right?>Git>colloquial
SINGLE-SELECT>Your role in the company>CEO; Marketing Manager; Sales Representative; Customer Service; Engineer> I'm the Chief Executive Officer, responsible for the overall strategic direction and performance of the company.  My duties include setting the vision, making major decisions
SINGLE-SELECT>Your role in the company>CEO; Marketing Manager; Sales Representative; Customer Service; Engineer> I work in Customer Service, ensuring our clients have a positive experience with our products and services. This involves resolving issues, answering questions
MULTI-SELECT>What algorithms are you familiar with?>Sorting algorithms; Searching algorithms; Graph algorithms; Dynamic programming; Greedy algorithms; Divide and conquer>I'm familiar with a wide range of algorithms, including sorting algorithms like merge sort and quicksort, and searching algorithms such as binary search and breadth-first search.  My knowledge also extends to graph algorithms.>[Sorting algorithms
MULTI-SELECT>What algorithms are you familiar with?>Sorting algorithms; Searching algorithms; Graph algorithms; Dynamic programming; Greedy algorithms; Divide and conquer>Sorting, searching, and graph algorithms.>[Sorting algorithms
MULTI-SELECT>What algorithms are you familiar with?>Sorting algorithms; Searching algorithms; Graph algorithms; Dynamic programming; Greedy algorithms; Divide and conquer>I know a bunch of those, like the sorting and searching ones, plus some graph stuff and dynamic programming too.>[Sorting algorithms
MULTI-SELECT>What algorithms are you familiar with?>Sorting algorithms; Searching algorithms; Graph algorithms; Dynamic programming; Greedy algorithms; Divide and conquer>My algorithm knowledge encompasses several categories.  I'm proficient in sorting and searching algorithms, and I also understand the fundamentals of dynamic programming and greedy algorithms.  These are crucial for solving many computational problems.>[Sorting algorithms, Searching algorithms
MULTI-SELECT>What algorithms are you familiar with?>Sorting algorithms; Searching algorithms; Graph algorithms; Dynamic programming; Greedy algorithms; Divide and conquer>I know about sorting, searching, and divide and conquer algorithms.  Is that enough detail for you?>[Sorting algorithms
MULTI-SELECT>What are some of the key challenges facing your business?>Competition; Economic conditions; Technology changes; Regulations; Finding and retaining talent>Our biggest hurdle is definitely keeping up with technological advancements.  This necessitates constant retraining and investment, and simultaneously, we face stiff competition from more agile tech companies.  Economic downturns also exacerbate these challenges.>Technology changes
MULTI-SELECT>What are some of the key challenges facing your business?>Competition; Economic conditions; Technology changes; Regulations; Finding and retaining talent>It's a tough market, right?  The economy's kinda wobbly, and  finding good people is a nightmare! Plus
MULTI-SELECT>What are some of the key challenges facing your business?>Competition; Economic conditions; Technology changes; Regulations; Finding and retaining talent>The current regulatory landscape presents significant challenges to our operations, impacting our costs and strategic planning.  This is compounded by the need to adapt to rapid technological changes in our industry.  These factors all contribute to a difficult business climate.>Regulations, Technology changes>explanatory
MULTI-SELECT>What are some of the key challenges facing your business?>Competition; Economic conditions; Technology changes; Regulations; Finding and retaining talent>It's a combination of things, really.  The economy isn't helping, and frankly
MULTI-SELECT>What are the most important factors you consider when evaluating sales leads?>Company size; Industry; Budget; Need; Authority>Need and budget are paramount.  A company might be large (Company size) and in a desirable industry (Industry), but without a clear need and the budget to address it, the lead isn't worthwhile. Authority is also important for closing deals.>Need
MULTI-SELECT>What are the most important factors you consider when evaluating sales leads?>Company size; Industry; Budget; Need; Authority>Gotta have a need, right? And the dough to pay for it.  Size and industry are cool, but those other two are the deal-breakers.>Need
MULTI-SELECT>What are the most important factors you consider when evaluating sales leads?>Company size; Industry; Budget; Need; Authority>The most crucial factors are the prospect's demonstrable need for my product or service and their financial capacity (Budget) to make a purchase.  Authority ensures we're talking to the right decision-maker.>Need, Budget, Authority>explanatory
MULTI-SELECT>What are the most important factors you consider when evaluating sales leads?>Company size; Industry; Budget; Need; Authority>Seriously, it's all about whether they actually *need* what I'm selling and if they have the money (Budget).  The rest is secondary.>Need, Budget>annoyed
MULTI-SELECT>What are the most important metrics you track to measure sales success?>Revenue; Conversion rate; Customer lifetime value (CLTV); Customer acquisition cost (CAC); Average deal size>Revenue is the ultimate measure of sales success.  However, understanding the conversion rate helps optimize the sales funnel, and Customer Lifetime Value (CLTV) provides insight into long-term profitability.>Revenue
MULTI-SELECT>What are the most important metrics you track to measure sales success?>Revenue; Conversion rate; Customer lifetime value (CLTV); Customer acquisition cost (CAC); Average deal size>Revenue, CLTV, CAC.>Revenue
MULTI-SELECT>What are the most important metrics you track to measure sales success?>Revenue; Conversion rate; Customer lifetime value (CLTV); Customer acquisition cost (CAC); Average deal size>Gotta track the dough (Revenue), right?  But also how many peeps actually buy (Conversion rate) and how much they spend overall (CLTV).>Revenue, Conversion rate
MULTI-SELECT>What are the most important metrics you track to measure sales success?>Revenue; Conversion rate; Customer lifetime value (CLTV); Customer acquisition cost (CAC); Average deal size>To comprehensively assess sales success, one must consider revenue as the primary indicator of financial performance.  Supplementary metrics such as customer acquisition cost (CAC) and average deal size offer valuable insights into efficiency and profitability.>Revenue, Customer acquisition cost (CAC)
MULTI-SELECT>What are the most important metrics you track to measure sales success?>Revenue; Conversion rate; Customer lifetime value (CLTV); Customer acquisition cost (CAC); Average deal size>It's not rocket science.  Revenue is obviously key, but you also need to look at the average deal size to understand deal quality.>Revenue, Average deal size>annoyed
MULTI-SELECT>What are your biggest challenges in achieving your business goals?>Lack of leads; Low conversion rates; High customer acquisition costs; Competition; Lack of resources>Our biggest hurdle is definitely the high customer acquisition costs.  It's difficult to justify the expense, especially when coupled with the lack of leads we're currently experiencing.  This makes it hard to reach our growth targets.>High customer acquisition costs, Lack of leads>verbose
MULTI-SELECT>What are your biggest challenges in achieving your business goals?>Lack of leads; Low conversion rates; High customer acquisition costs; Competition; Lack of resources>It's a real struggle, you know?  Not enough people even know we exist (lack of leads!), and the few that do
MULTI-SELECT>What are your biggest challenges in achieving your business goals?>Lack of leads; Low conversion rates; High customer acquisition costs; Competition; Lack of resources>The primary challenge is a combination of factors.  We're facing stiff competition, and despite our marketing efforts, we're seeing low conversion rates
MULTI-SELECT>What are your biggest challenges in achieving your business goals?>Lack of leads; Low conversion rates; High customer acquisition costs; Competition; Lack of resources>It's frustrating!  We're lacking resources and the competition is brutal. It makes it really difficult to get even a decent number of leads.>Lack of resources, Competition, Lack of leads>annoyed
MULTI-SELECT>What are your biggest challenges in closing deals?>Objections from prospects; Price sensitivity; Long sales cycles; Competition; Lack of budget>The biggest hurdles I face are usually objections from prospects, coupled with their price sensitivity.  Often, these factors prolong the sales cycle
"MULTI-SELECT>What are your biggest challenges in closing deals?>Objections from prospects; Price sensitivity; Long sales cycles; Competition; Lack of budget>""Yeah"," it's usually getting past the """"too expensive"""" bit.  And sometimes the whole process just drags on forever."">Price sensitivity", Long sales cycles>colloquial
MULTI-SELECT>What are your biggest challenges in closing deals?>Objections from prospects; Price sensitivity; Long sales cycles; Competition; Lack of budget>Price sensitivity is a major obstacle,  because it often leads to long sales cycles as we work to find a mutually agreeable solution. This is further complicated by the presence of strong competition.>Price sensitivity, Long sales cycles
MULTI-SELECT>What are your biggest challenges in closing deals?>Objections from prospects; Price sensitivity; Long sales cycles; Competition; Lack of budget>It's frustrating when prospects are constantly raising objections, especially when they're clearly just focused on the bottom line and aren't willing to consider the value proposition.>Objections from prospects, Price sensitivity>annoyed
MULTI-SELECT>What are your biggest challenges in managing your sales pipeline?>Tracking deal progress; Forecasting sales accurately; Prioritizing deals effectively; Identifying and addressing bottlenecks; Maintaining pipeline visibility>My biggest challenges revolve around accurately forecasting sales and effectively prioritizing deals.  Keeping track of everything in the pipeline is a constant juggling act, which makes long-term prediction difficult. This also impacts my ability to identify and address bottlenecks in a timely manner.>Forecasting sales accurately, Prioritizing deals effectively
MULTI-SELECT>What are your biggest challenges in managing your sales pipeline?>Tracking deal progress; Forecasting sales accurately; Prioritizing deals effectively; Identifying and addressing bottlenecks; Maintaining pipeline visibility>Yeah, it's tough keeping tabs on everything.  Forecasting is a nightmare, and knowing what to focus on first is a real head-scratcher.>Tracking deal progress
MULTI-SELECT>What are your biggest challenges in managing your sales pipeline?>Tracking deal progress; Forecasting sales accurately; Prioritizing deals effectively; Identifying and addressing bottlenecks; Maintaining pipeline visibility>The most significant difficulties I face involve accurately predicting future sales and efficiently managing my time across various deals.  This often leads to a lack of visibility into the overall pipeline health and can hinder my ability to proactively address potential problems.>Forecasting sales accurately, Prioritizing deals effectively, Maintaining pipeline visibility>explanatory
MULTI-SELECT>What are your biggest challenges in managing your sales pipeline?>Tracking deal progress; Forecasting sales accurately; Prioritizing deals effectively; Identifying and addressing bottlenecks; Maintaining pipeline visibility>It's a constant struggle to keep the pipeline moving smoothly.  Accurately forecasting is a major issue, and keeping track of every deal's progress is a drain on my time.  It impacts everything.>Forecasting sales accurately, Tracking deal progress>annoyed
MULTI-SELECT>What are your biggest challenges in managing your sales team?>Maintaining team motivation; Ensuring consistent performance; Providing adequate training and development; Managing team conflicts; Tracking team progress>My biggest challenges revolve around maintaining team motivation and ensuring consistent performance.  It's a constant juggling act to keep everyone engaged and hitting their targets.  Providing adequate training is also a significant factor in achieving this.>Maintaining team motivation, Ensuring consistent performance, Providing adequate training and development>verbose
MULTI-SELECT>What are your biggest challenges in managing your sales team?>Maintaining team motivation; Ensuring consistent performance; Providing adequate training and development; Managing team conflicts; Tracking team progress>Keeping 'em motivated is tough, and sometimes they just butt heads.  Tracking progress is a pain too.>Maintaining team motivation, Managing team conflicts
MULTI-SELECT>What are your biggest challenges in managing your sales team?>Maintaining team motivation; Ensuring consistent performance; Providing adequate training and development; Managing team conflicts; Tracking team progress>The primary challenge is ensuring consistent performance across the sales team. This often necessitates providing adequate training and development to address skill gaps and boost individual performance.  Effective conflict management is also crucial.>Ensuring consistent performance, Providing adequate training and development, Managing team conflicts>explanatory
MULTI-SELECT>What are your biggest challenges in managing your sales team?>Maintaining team motivation; Ensuring consistent performance; Providing adequate training and development; Managing team conflicts; Tracking team progress>It's a constant struggle to keep them all on track and performing consistently.  The training is never-ending and dealing with interpersonal conflicts wastes valuable time.>Ensuring consistent performance, Providing adequate training and development, Managing team conflicts>annoyed
MULTI-SELECT>What are your biggest challenges in scaling your sales operations?>Hiring and training new sales reps; Managing increasing sales volume; Maintaining consistent sales performance; Scaling your sales technology; Managing sales team growth>Our biggest hurdle in scaling sales is definitely hiring and training new representatives to meet our growth targets.  It's a time-consuming process to find the right people and ensure they're adequately prepared.  On top of that, we're struggling to manage the increasing sales volume.>Hiring and training new sales reps, Managing increasing sales volume>verbose
MULTI-SELECT>What are your biggest challenges in scaling your sales operations?>Hiring and training new sales reps; Managing increasing sales volume; Maintaining consistent sales performance; Scaling your sales technology; Managing sales team growth>Hiring and training, and managing sales volume are the biggest challenges.>Hiring and training new sales reps, Managing increasing sales volume>concise
MULTI-SELECT>What are your biggest challenges in scaling your sales operations?>Hiring and training new sales reps; Managing increasing sales volume; Maintaining consistent sales performance; Scaling your sales technology; Managing sales team growth>Keeping up with the sales is nuts!  Finding and training good people is a nightmare, and the tech is always lagging.>Hiring and training new sales reps, Scaling your sales technology
MULTI-SELECT>What are your biggest challenges in scaling your sales operations?>Hiring and training new sales reps; Managing increasing sales volume; Maintaining consistent sales performance; Scaling your sales technology; Managing sales team growth>It's incredibly difficult to keep everything running smoothly as we grow.  The sales tech needs upgrading, and the sheer volume of sales is making things chaotic.  Training new people properly is also a constant struggle.>Scaling your sales technology, Managing increasing sales volume
MULTI-SELECT>What are your biggest concerns about the future of work?>Automation; Artificial intelligence; Remote work; Gig economy; Skills gap>My biggest concerns revolve around automation and the skills gap.  Automation threatens job displacement, and the skills gap means many workers lack the skills needed for the new jobs created. This combination creates significant societal instability.>Automation, Skills gap>verbose
MULTI-SELECT>What are your biggest concerns about the future of work?>Automation; Artificial intelligence; Remote work; Gig economy; Skills gap>AI and automation, dude.  It's gonna be a real mess if we don't figure things out.>Artificial intelligence, Automation>colloquial
MULTI-SELECT>What are your biggest concerns about the future of your industry?>Economic downturn; Increased competition; Technological disruption; Regulatory changes; Talent shortages>My biggest concerns are the looming economic downturn and the potential for increased competition.  These factors, combined, could severely impact profitability and market share.  Addressing these challenges proactively is crucial for survival.>Economic downturn
MULTI-SELECT>What are your biggest concerns about the future of your industry?>Economic downturn; Increased competition; Technological disruption; Regulatory changes; Talent shortages>Dude, it's gotta be the tech stuff, right?  That and finding enough good people to work here.  It's a nightmare.>Technological disruption
MULTI-SELECT>What are your biggest concerns about the future of your industry?>Economic downturn; Increased competition; Technological disruption; Regulatory changes; Talent shortages>Regulatory changes are a significant concern, as they can dramatically alter the operating landscape and create unforeseen costs.  This uncertainty, coupled with technological disruption
MULTI-SELECT>What are your biggest concerns regarding data privacy and security?>Data breaches; Data loss; Compliance with data privacy regulations; Protecting customer data; Ensuring data integrity>My biggest concerns revolve around data breaches and protecting customer data.  A breach can lead to significant financial and reputational damage, while failing to protect customer data is ethically unacceptable.  Compliance with regulations is also crucial to avoid legal repercussions.>Data breaches, Protecting customer data
MULTI-SELECT>What are your biggest concerns regarding data privacy and security?>Data breaches; Data loss; Compliance with data privacy regulations; Protecting customer data; Ensuring data integrity>Data loss is a total nightmare, and keeping up with all those privacy rules is a pain.>Data loss, Compliance with data privacy regulations>colloquial
MULTI-SELECT>What are your biggest concerns regarding data privacy and security?>Data breaches; Data loss; Compliance with data privacy regulations; Protecting customer data; Ensuring data integrity>Protecting customer data is paramount, as a breach could severely harm their trust and expose them to risk.  This necessitates strict adherence to data privacy regulations and robust security measures to prevent data loss. Data integrity is equally important.>Protecting customer data, Compliance with data privacy regulations
MULTI-SELECT>What are your biggest concerns regarding future regulatory changes?>Environmental regulations; Safety regulations; Labor regulations; Tax regulations; Trade regulations>Dude, tax regulations are a nightmare, and trade regulations are just adding fuel to the fire!>Tax regulations
MULTI-SELECT>What are your biggest concerns regarding future regulatory changes?>Environmental regulations; Safety regulations; Labor regulations; Tax regulations; Trade regulations>Labor regulations are a significant concern, as they impact employment opportunities and wages.  Changes to these regulations could lead to either increased costs for businesses or decreased compensation for workers, depending on the nature of the changes.  This creates uncertainty and potentially instability in the labor market.>Labor regulations>explanatory
MULTI-SELECT>What are your biggest concerns regarding future regulatory changes?>Environmental regulations; Safety regulations; Labor regulations; Tax regulations; Trade regulations>Frankly, I'm worried about the cumulative effect of all these regulations.  Environmental, safety
MULTI-SELECT>What are your biggest operational challenges?>Maintaining equipment; Managing costs; Finding skilled labor; Meeting environmental regulations; Supply chain disruptions>Our biggest operational challenges are multifaceted.  Maintaining aging equipment is a constant struggle, and finding skilled labor to keep up with demand is incredibly difficult.  These issues directly impact our ability to manage costs effectively.>Maintaining equipment, Finding skilled labor
MULTI-SELECT>What are your biggest operational challenges?>Maintaining equipment; Managing costs; Finding skilled labor; Meeting environmental regulations; Supply chain disruptions>The primary operational challenges we face are managing costs amidst persistent supply chain disruptions.  These disruptions directly impact our ability to maintain equipment and meet production deadlines.  Finding qualified personnel adds to the complexity.>Managing costs, Supply chain disruptions, Finding skilled labor>explanatory
MULTI-SELECT>What are your biggest operational challenges?>Maintaining equipment; Managing costs; Finding skilled labor; Meeting environmental regulations; Supply chain disruptions>It's a constant battle.  Between the rising costs, unreliable suppliers, and the never-ending paperwork for environmental regulations
MULTI-SELECT>What are your career goals as a software developer?>Technical leadership; Specialized expertise; Entrepreneurship; Continuous learning and growth>My primary career goal is to become a technical leader, guiding and mentoring teams to build innovative and impactful software.  I also aspire to continuously learn and grow, staying abreast of the latest technologies and best practices.  This will allow me to contribute effectively to the long-term success of my team and company.>Technical leadership
MULTI-SELECT>What are your career goals as a software developer?>Technical leadership; Specialized expertise; Entrepreneurship; Continuous learning and growth>Yeah, I wanna be the boss, calling the shots.  But I also gotta keep learning new stuff
MULTI-SELECT>What are your career goals as a software developer?>Technical leadership; Specialized expertise; Entrepreneurship; Continuous learning and growth>I aim for specialized expertise in a niche area of software development, allowing me to become a highly sought-after expert.  This deep knowledge will provide strong career stability and opportunities.  Continuous learning will be key to staying at the forefront of my field.>Specialized expertise, Continuous learning and growth>explanatory
MULTI-SELECT>What are your career goals as a software developer?>Technical leadership; Specialized expertise; Entrepreneurship; Continuous learning and growth>I'm focused on building my own company. That requires a lot of learning, obviously.>Entrepreneurship, Continuous learning and growth>annoyed
MULTI-SELECT>What are your company's biggest achievements?>Winning a major award; Launching a successful new product; Expanding into new markets; Achieving significant revenue growth; Building a strong brand reputation>Our biggest achievement has been the launch of our successful new product, which has driven significant revenue growth and solidified our brand reputation.  This success has also allowed us to expand into new markets.>Launching a successful new product, Achieving significant revenue growth
MULTI-SELECT>What are your company's biggest achievements?>Winning a major award; Launching a successful new product; Expanding into new markets; Achieving significant revenue growth; Building a strong brand reputation>Dude, totally nailing that new product launch!  It's been huge for sales and our brand image.>Launching a successful new product, Achieving significant revenue growth
MULTI-SELECT>What are your company's biggest achievements?>Winning a major award; Launching a successful new product; Expanding into new markets; Achieving significant revenue growth; Building a strong brand reputation>We've experienced considerable success across several key areas.  The launch of a new product line has resulted in significant revenue growth, and this has strengthened our brand.  Further expansion into new markets is also a key accomplishment.>Launching a successful new product, Achieving significant revenue growth
MULTI-SELECT>What are your company's biggest achievements?>Winning a major award; Launching a successful new product; Expanding into new markets; Achieving significant revenue growth; Building a strong brand reputation>Well, we've certainly seen some revenue growth, thanks to that new product. But it's not just one thing; a strong brand reputation is also vital for long-term success.>Launching a successful new product
MULTI-SELECT>What are your company's core values?>Innovation; Customer satisfaction; Integrity; Teamwork; Sustainability>Our company deeply values innovation and customer satisfaction above all else.  We believe that by constantly innovating and prioritizing our customers' needs, we can achieve sustainable growth and maintain our integrity. Teamwork is also essential to our success.>Innovation, Customer satisfaction
MULTI-SELECT>What are your company's core values?>Innovation; Customer satisfaction; Integrity; Teamwork; Sustainability>Innovation, customer satisfaction, and integrity.>Innovation
MULTI-SELECT>What are your company's core values?>Innovation; Customer satisfaction; Integrity; Teamwork; Sustainability>Yeah, it's all about being new and improved (innovation!), keeping the peeps happy (customer satisfaction!)
MULTI-SELECT>What are your company's core values?>Innovation; Customer satisfaction; Integrity; Teamwork; Sustainability>Our core values are built on a foundation of integrity and teamwork.  These principles guide our pursuit of innovation and customer satisfaction, allowing us to contribute to sustainability in our industry.  We strive to incorporate these values into every aspect of our operations.>Integrity, Teamwork
MULTI-SELECT>What are your company's core values?>Innovation; Customer satisfaction; Integrity; Teamwork; Sustainability>Our core values?  It's innovation,  teamwork, and sustainability
MULTI-SELECT>What are your company's goals for improving diversity and inclusion?>Increasing representation of underrepresented groups; Creating a more inclusive work environment; Developing diversity and inclusion training programs; Implementing diversity and inclusion metrics; Partnering with diversity and inclusion organizations>Our primary goal is to increase the representation of underrepresented groups at all levels of the company.  This will be achieved through targeted recruitment and mentorship programs, alongside creating a more inclusive work environment.  We also plan to implement diversity and inclusion metrics to track our progress.>Increasing representation of underrepresented groups, Creating a more inclusive work environment
MULTI-SELECT>What are your company's goals for improving diversity and inclusion?>Increasing representation of underrepresented groups; Creating a more inclusive work environment; Developing diversity and inclusion training programs; Implementing diversity and inclusion metrics; Partnering with diversity and inclusion organizations>Increase representation, improve inclusivity, and track progress with metrics.>Increasing representation of underrepresented groups
MULTI-SELECT>What are your company's goals for improving diversity and inclusion?>Increasing representation of underrepresented groups; Creating a more inclusive work environment; Developing diversity and inclusion training programs; Implementing diversity and inclusion metrics; Partnering with diversity and inclusion organizations>We wanna get more people from different backgrounds, make things feel fairer for everyone, and actually *measure* if we're doing a good job.>Increasing representation of underrepresented groups
MULTI-SELECT>What are your company's goals for improving diversity and inclusion?>Increasing representation of underrepresented groups; Creating a more inclusive work environment; Developing diversity and inclusion training programs; Implementing diversity and inclusion metrics; Partnering with diversity and inclusion organizations>We aim to foster a truly inclusive workplace by increasing the representation of underrepresented groups through strategic recruitment and internal development.  This will be supported by comprehensive diversity and inclusion training and the establishment of measurable goals.  Our commitment involves partnering with relevant organizations to best achieve these goals.>Increasing representation of underrepresented groups, Creating a more inclusive work environment, Developing diversity and inclusion training programs
MULTI-SELECT>What are your company's goals for improving diversity and inclusion?>Increasing representation of underrepresented groups; Creating a more inclusive work environment; Developing diversity and inclusion training programs; Implementing diversity and inclusion metrics; Partnering with diversity and inclusion organizations>We're focusing on increasing representation and developing training programs ¢?? it's not just about numbers, it's about creating a genuinely inclusive environment.  We'll be tracking our progress, of course.>Increasing representation of underrepresented groups
MULTI-SELECT>What are your company's key competitive advantages?>Unique product features; Strong brand reputation; Excellent customer service; Competitive pricing; Strategic partnerships>Our key competitive advantages stem from a combination of factors.  We offer unique product features that stand out from the competition, coupled with excellent customer service that fosters strong brand loyalty.  This, in turn
MULTI-SELECT>What are your company's key competitive advantages?>Unique product features; Strong brand reputation; Excellent customer service; Competitive pricing; Strategic partnerships>It's gotta be our awesome products, right?  Plus, people really dig our customer service.>Unique product features
MULTI-SELECT>What are your company's key competitive advantages?>Unique product features; Strong brand reputation; Excellent customer service; Competitive pricing; Strategic partnerships>Our competitive edge lies in a strategic combination of superior product design (unique product features) and a dedication to building lasting relationships with our customers (excellent customer service). This, combined with strategic partnerships, allows us to efficiently reach our target market.>Unique product features
MULTI-SELECT>What are your company's key competitive advantages?>Unique product features; Strong brand reputation; Excellent customer service; Competitive pricing; Strategic partnerships>Well, obviously our unique product features are a big draw.  But don't underestimate the power of our strong brand reputation.>Unique product features, Strong brand reputation>annoyed
MULTI-SELECT>What are your company's key differentiators in the market?>Superior product quality; Lower prices; Excellent customer service; Strong brand reputation; Innovative technology>Our company stands out due to its unwavering commitment to superior product quality and excellent customer service.  These two pillars, combined with a strong brand reputation, ensure customer loyalty and continued success. We believe this holistic approach sets us apart.>Superior product quality
MULTI-SELECT>What are your company's key differentiators in the market?>Superior product quality; Lower prices; Excellent customer service; Strong brand reputation; Innovative technology>We totally rock at customer service, and our prices are killer!>Excellent customer service, Lower prices>colloquial
MULTI-SELECT>What are your company's key differentiators in the market?>Superior product quality; Lower prices; Excellent customer service; Strong brand reputation; Innovative technology>Our key differentiators are a combination of innovative technology and superior product quality. This allows us to offer a product that is both cutting-edge and reliable, leading to strong customer satisfaction and a positive brand image.>Innovative technology, Superior product quality>explanatory
MULTI-SELECT>What are your company's key differentiators in the market?>Superior product quality; Lower prices; Excellent customer service; Strong brand reputation; Innovative technology>It's a combination of factors, really.  Our strong brand reputation, combined with consistently superior product quality
MULTI-SELECT>What are your company's key performance indicators (KPIs)?>Revenue; Profit margin; Customer acquisition cost; Customer lifetime value; Customer satisfaction>Our company's key performance indicators are multifaceted, focusing on both financial health and customer relationships.  We prioritize revenue and profit margin as indicators of our success, but also track customer acquisition cost and customer lifetime value to ensure sustainable growth.  Customer satisfaction is crucial for long-term success.>Revenue
MULTI-SELECT>What are your company's key performance indicators (KPIs)?>Revenue; Profit margin; Customer acquisition cost; Customer lifetime value; Customer satisfaction>Revenue, profit margin, and customer satisfaction are our key KPIs.>Revenue
MULTI-SELECT>What are your company's key performance indicators (KPIs)?>Revenue; Profit margin; Customer acquisition cost; Customer lifetime value; Customer satisfaction>We keep a close eye on how much dough we're bringing in (Revenue), how much we're actually pocketing after expenses (Profit margin), and whether peeps are happy with our stuff (Customer satisfaction).>Revenue
MULTI-SELECT>What are your company's key performance indicators (KPIs)?>Revenue; Profit margin; Customer acquisition cost; Customer lifetime value; Customer satisfaction>To assess our overall performance, we use a combination of financial and customer-centric KPIs.  Revenue and profit margin directly reflect our financial success, while customer acquisition cost and customer lifetime value help us understand the efficiency and profitability of acquiring and retaining customers.>Revenue
MULTI-SELECT>What are your company's key performance indicators (KPIs)?>Revenue; Profit margin; Customer acquisition cost; Customer lifetime value; Customer satisfaction>The main ones are revenue and profit margin, obviously. We also look at customer acquisition cost because that's important for growth.>Revenue, Profit margin
MULTI-SELECT>What are your company's key strategies for retaining customers?>Excellent customer service; Loyalty programs; Regular customer communication; Proactive problem solving; Building strong relationships>We prioritize excellent customer service and building strong relationships to foster loyalty.  Regular communication keeps customers engaged, and proactive problem-solving minimizes frustrations. This multifaceted approach ensures customer retention.>Excellent customer service, Building strong relationships
MULTI-SELECT>What are your company's key strategies for retaining customers?>Excellent customer service; Loyalty programs; Regular customer communication; Proactive problem solving; Building strong relationships>We gotta keep those peeps happy, right? So, awesome service
MULTI-SELECT>What are your company's key strategies for retaining customers?>Excellent customer service; Loyalty programs; Regular customer communication; Proactive problem solving; Building strong relationships>Our customer retention strategy is based on a foundation of excellent customer service, complemented by loyalty programs to incentivize repeat business.  We proactively address issues and maintain open communication to strengthen customer relationships.>Excellent customer service, Loyalty programs
MULTI-SELECT>What are your company's key strategies for retaining customers?>Excellent customer service; Loyalty programs; Regular customer communication; Proactive problem solving; Building strong relationships>It's a combination of things, really.  Good service is a must, but we also do loyalty programs and try to stay in contact.  Problem-solving is crucial too.>Excellent customer service
MULTI-SELECT>What are your company's plans for addressing the skills gap?>Investing in employee training; Partnering with educational institutions; Developing apprenticeship programs; Recruiting from diverse talent pools; Utilizing technology to improve efficiency>We are committed to bridging the skills gap through a multi-pronged approach. This includes significant investment in employee training programs to upskill our existing workforce and partnering with local educational institutions to cultivate a pipeline of skilled graduates.  We also believe in recruiting from diverse talent pools to bring in fresh perspectives and new skills.>Investing in employee training, Partnering with educational institutions, Recruiting from diverse talent pools>verbose
MULTI-SELECT>What are your company's plans for addressing the skills gap?>Investing in employee training; Partnering with educational institutions; Developing apprenticeship programs; Recruiting from diverse talent pools; Utilizing technology to improve efficiency>We're totally boosting our training programs and hooking up with colleges, you know?  It's all about getting the right people.>Investing in employee training, Partnering with educational institutions>colloquial
MULTI-SELECT>What are your company's plans for addressing the skills gap?>Investing in employee training; Partnering with educational institutions; Developing apprenticeship programs; Recruiting from diverse talent pools; Utilizing technology to improve efficiency>To address the skills gap, we are focusing on several key strategies.  Firstly, we're developing robust apprenticeship programs to provide hands-on experience and training. Secondly
MULTI-SELECT>What are your company's plans for addressing the skills gap?>Investing in employee training; Partnering with educational institutions; Developing apprenticeship programs; Recruiting from diverse talent pools; Utilizing technology to improve efficiency>We're doing what we can.  It involves training our people,  but also finding new recruits from a wider range of backgrounds. We also want to improve our internal processes using technology.>Investing in employee training, Recruiting from diverse talent pools
MULTI-SELECT>What are your company's plans for future growth?>Expanding into new markets; Developing new products or services; Acquiring other companies; Improving operational efficiency; Investing in research and development>We're focusing on expanding into new markets, particularly in Asia, while simultaneously investing heavily in research and development to create innovative new products.  This dual approach will drive significant growth over the next five years.>Expanding into new markets
MULTI-SELECT>What are your company's plans for future growth?>Expanding into new markets; Developing new products or services; Acquiring other companies; Improving operational efficiency; Investing in research and development>We're gonna be branching out, ya know? New places, new stuff!  Plus
MULTI-SELECT>What are your company's plans for future growth?>Expanding into new markets; Developing new products or services; Acquiring other companies; Improving operational efficiency; Investing in research and development>Our primary growth strategy involves a multifaceted approach. We plan to expand into new markets to increase our customer base, and we are also developing new products and services to meet evolving customer needs.  Improving operational efficiency will be crucial to support this growth.>Expanding into new markets, Developing new products or services
MULTI-SELECT>What are your company's plans for future growth?>Expanding into new markets; Developing new products or services; Acquiring other companies; Improving operational efficiency; Investing in research and development>We're looking at several options, including new markets and maybe some acquisitions.  It's a complex process.>Expanding into new markets, Acquiring other companies>annoyed
MULTI-SELECT>What are your company's primary marketing objectives?>Increase brand awareness; Generate leads; Drive sales; Improve customer engagement; Build customer loyalty>Our primary marketing objectives are to increase brand awareness and generate leads.  By building a strong brand presence and attracting potential customers, we aim to ultimately drive sales.  This two-pronged approach will help us achieve sustainable growth.>Increase brand awareness, Generate leads
MULTI-SELECT>What are your company's primary marketing objectives?>Increase brand awareness; Generate leads; Drive sales; Improve customer engagement; Build customer loyalty>Gotta get the name out there, you know?  And, like
MULTI-SELECT>What are your company's primary marketing objectives?>Increase brand awareness; Generate leads; Drive sales; Improve customer engagement; Build customer loyalty>Our main goals are to improve customer engagement and build customer loyalty.  This will lead to repeat business and positive word-of-mouth marketing, which will in turn increase sales and brand awareness.  It's a holistic approach.>Improve customer engagement, Build customer loyalty
MULTI-SELECT>What are your company's primary marketing objectives?>Increase brand awareness; Generate leads; Drive sales; Improve customer engagement; Build customer loyalty>We need to generate more leads and improve customer engagement.  It's that simple.  More leads equals more sales.>Generate leads, Improve customer engagement, Drive sales>annoyed
MULTI-SELECT>What are your company's primary methods for generating leads?>Inbound marketing; Outbound marketing; Content marketing; Social media marketing; Paid advertising>We primarily rely on inbound marketing strategies, such as creating high-quality content to attract and engage potential customers.  We also supplement this with targeted social media marketing to reach a wider audience.  Paid advertising campaigns play a smaller, supporting role.>Inbound marketing
MULTI-SELECT>What are your company's primary methods for generating leads?>Inbound marketing; Outbound marketing; Content marketing; Social media marketing; Paid advertising>We're all about inbound marketing, ya know?  Content's king, and social media helps spread the word.  Sometimes we do some paid ads
MULTI-SELECT>What are your company's primary methods for generating leads?>Inbound marketing; Outbound marketing; Content marketing; Social media marketing; Paid advertising>Our lead generation strategy is multifaceted.  We leverage inbound marketing techniques, focusing on valuable content creation, to attract organic traffic.   We also utilize paid advertising to accelerate lead generation when needed.>Inbound marketing
MULTI-SELECT>What are your company's primary methods for generating leads?>Inbound marketing; Outbound marketing; Content marketing; Social media marketing; Paid advertising>It depends on the campaign, but we usually use a mix of inbound and outbound marketing, with content and social media also involved.  Sometimes paid ads are necessary.>Inbound marketing
MULTI-SELECT>What are your company's primary revenue streams?>Product sales; Service revenue; Subscription fees; Licensing fees; Advertising revenue>Our company generates revenue primarily through product sales and subscription fees.  These two streams represent the bulk of our income, with a smaller contribution from service revenue.  We are currently exploring other avenues for revenue diversification.>Product sales, Service revenue
MULTI-SELECT>What are your company's primary revenue streams?>Product sales; Service sales; Subscription fees; Licensing fees; Advertising revenue>Our company generates revenue primarily through product sales, with a smaller but significant contribution from service sales. We are also exploring subscription fees as a future growth area.>Product sales, Service sales
MULTI-SELECT>What are your company's primary revenue streams?>Product sales; Service revenue; Subscription fees; Licensing fees; Advertising revenue>We make our dough selling stuff,  plus subscriptions are a big deal for us.>Product sales, Subscription fees>colloquial
MULTI-SELECT>What are your company's primary revenue streams?>Product sales; Service sales; Subscription fees; Licensing fees; Advertising revenue>We mostly make money selling our stuff, but also from fixing it for people.>Product sales, Service sales>colloquial
MULTI-SELECT>What are your company's primary revenue streams?>Product sales; Service revenue; Subscription fees; Licensing fees; Advertising revenue>Our main revenue streams are derived from the sale of our products and the licensing of our intellectual property.  We also have a smaller but growing revenue stream from service contracts related to our products. This diverse model provides stability.>Product sales, Licensing fees, Service revenue>explanatory
MULTI-SELECT>What are your company's primary revenue streams?>Product sales; Service sales; Subscription fees; Licensing fees; Advertising revenue>Our main revenue stream is derived from the sale of our products.  Supplementary income comes from providing related services to our customers.  Licensing fees are a smaller, emerging source of revenue.>Product sales, Service sales
MULTI-SELECT>What are your company's primary revenue streams?>Product sales; Service revenue; Subscription fees; Licensing fees; Advertising revenue>It's primarily product sales.  We also get some money from subscriptions, though it's not as significant.>Product sales, Subscription fees>annoyed
MULTI-SELECT>What are your company's primary revenue streams?>Product sales; Service sales; Subscription fees; Licensing fees; Advertising revenue>It's product sales, obviously.  And we do some service contracts, too.>Product sales
MULTI-SELECT>What are your company's primary sales methodologies?>Solution selling; Consultative selling; Value selling; Relationship selling; Transactional selling>We primarily utilize a consultative selling approach, focusing on understanding our clients' needs before proposing solutions.  This often incorporates elements of value selling to highlight the long-term benefits of our offerings.  Relationship selling is also crucial for building trust and fostering long-term partnerships.>Consultative selling, Value selling
"MULTI-SELECT>What are your company's primary sales methodologies?>Solution selling; Consultative selling; Value selling; Relationship selling; Transactional selling>""We mostly do the whole """"consultative"""" thing", ya know? Figure out what they need, then sell 'em the solution. Sometimes it's just a straight-up transaction
MULTI-SELECT>What are your company's primary sales methodologies?>Solution selling; Consultative selling; Value selling; Relationship selling; Transactional selling>Our sales strategy centers on understanding the customer's unique challenges and tailoring solutions to address them (consultative selling).  We emphasize the return on investment and long-term value our products deliver (value selling). This approach fosters strong client relationships.>Consultative selling, Value selling, Relationship selling>explanatory
MULTI-SELECT>What are your company's primary sales methodologies?>Solution selling; Consultative selling; Value selling; Relationship selling; Transactional selling>We use a mix of approaches, depending on the client and situation.  It's not as simple as picking one.  Sometimes it's solution selling, sometimes consultative
MULTI-SELECT>What are your company's primary sales strategies?>Inbound sales; Outbound sales; Account-based marketing (ABM); Channel sales; Strategic partnerships>We primarily focus on inbound sales through content marketing and SEO,  supplemented by strategic partnerships to reach a wider audience.  We also utilize account-based marketing for key enterprise accounts.>Inbound sales, Account-based marketing (ABM)
MULTI-SELECT>What are your company's primary sales strategies?>Inbound sales; Outbound sales; Account-based marketing (ABM); Channel sales; Strategic partnerships>Inbound, ABM, and strategic partnerships.>Inbound sales
MULTI-SELECT>What are your company's primary sales strategies?>Inbound sales; Outbound sales; Account-based marketing (ABM); Channel sales; Strategic partnerships>We mostly rely on people finding us (inbound), but we also work with some big names (strategic partnerships) and really target some key accounts (ABM).>Inbound sales, Account-based marketing (ABM)
MULTI-SELECT>What are your company's primary sales strategies?>Inbound sales; Outbound sales; Account-based marketing (ABM); Channel sales; Strategic partnerships>Our sales approach is multifaceted.  We leverage inbound strategies to attract qualified leads, while simultaneously pursuing outbound sales efforts to key prospects and nurturing relationships through strategic partnerships. Account-based marketing helps focus our resources.>Inbound sales, Outbound sales
MULTI-SELECT>What are your company's primary sales strategies?>Inbound sales; Outbound sales; Account-based marketing (ABM); Channel sales; Strategic partnerships>We use a combination of methods. It's not just one thing.  Inbound, outbound, and partnerships are all part of it.  We also do some ABM.>Inbound sales
MULTI-SELECT>What are your company's strategies for attracting and retaining top talent?>Competitive compensation and benefits; Opportunities for professional development; Positive work environment; Flexible work arrangements; Strong company culture>We attract and retain top talent by offering a competitive compensation and benefits package, coupled with ample opportunities for professional development.  A positive work environment and flexible work arrangements further enhance employee satisfaction and loyalty.>Competitive compensation and benefits, Opportunities for professional development
MULTI-SELECT>What are your company's strategies for attracting and retaining top talent?>Competitive compensation and benefits; Opportunities for professional development; Positive work environment; Flexible work arrangements; Strong company culture>Competitive salaries, growth opportunities, and a good work culture are key.>Competitive compensation and benefits
MULTI-SELECT>What are your company's strategies for attracting and retaining top talent?>Competitive compensation and benefits; Opportunities for professional development; Positive work environment; Flexible work arrangements; Strong company culture>We keep awesome people around by paying them well, giving them chances to learn new stuff, and making sure the vibe is good.  Plus
MULTI-SELECT>What are your company's strategies for attracting and retaining top talent?>Competitive compensation and benefits; Opportunities for professional development; Positive work environment; Flexible work arrangements; Strong company culture>Our strategy centers on providing a comprehensive package that includes competitive compensation and benefits, along with a strong emphasis on professional development.  This, combined with a positive work environment
MULTI-SELECT>What are your company's strategies for attracting and retaining top talent?>Competitive compensation and benefits; Opportunities for professional development; Positive work environment; Flexible work arrangements; Strong company culture>It's a combination of things, really.  We offer competitive pay and benefits, naturally
MULTI-SELECT>What are your company's strategies for building brand loyalty?>Providing excellent customer service; Developing a strong brand identity; Creating engaging content; Building a strong online presence; Running loyalty programs>We focus on delivering exceptional customer service, creating a memorable brand experience, and building a strong online presence through engaging content.  These combined strategies nurture lasting relationships with our customers.  Loyalty programs are also vital to this.>Providing excellent customer service
MULTI-SELECT>What are your company's strategies for building brand loyalty?>Providing excellent customer service; Developing a strong brand identity; Creating engaging content; Building a strong online presence; Running loyalty programs>Dude, we totally nail the customer service thing, plus we're all over social media.  It's a winning combo!>Providing excellent customer service
MULTI-SELECT>What are your company's strategies for building brand loyalty?>Providing excellent customer service; Developing a strong brand identity; Creating engaging content; Building a strong online presence; Running loyalty programs>Our brand loyalty strategy is multifaceted. We invest heavily in providing excellent customer service and creating engaging content to build relationships with our customers.  A strong online presence reinforces our brand identity and complements these efforts.>Providing excellent customer service, Creating engaging content, Building a strong online presence
MULTI-SELECT>What are your company's strategies for building brand loyalty?>Providing excellent customer service; Developing a strong brand identity; Creating engaging content; Building a strong online presence; Running loyalty programs>It's a combination of things, really.  We prioritize customer service,  have a solid online presence
MULTI-SELECT>What are your company's strategies for complying with data privacy regulations?>Implementing strong data privacy policies; Investing in data privacy technology; Providing data privacy training to employees; Conducting regular data privacy audits; Developing incident response plans>Our company prioritizes data privacy by implementing robust policies, providing comprehensive employee training, and regularly auditing our systems to ensure compliance.  We also invest in cutting-edge technology to safeguard sensitive information.  These measures help us proactively address potential vulnerabilities.>Implementing strong data privacy policies
MULTI-SELECT>What are your company's strategies for complying with data privacy regulations?>Implementing strong data privacy policies; Investing in data privacy technology; Providing data privacy training to employees; Conducting regular data privacy audits; Developing incident response plans>We use strong policies, tech solutions, employee training
MULTI-SELECT>What are your company's strategies for complying with data privacy regulations?>Implementing strong data privacy policies; Investing in data privacy technology; Providing data privacy training to employees; Conducting regular data privacy audits; Developing incident response plans>We're all over data privacy, dude!  We got policies, training for everyone
MULTI-SELECT>What are your company's strategies for complying with data privacy regulations?>Implementing strong data privacy policies; Investing in data privacy technology; Providing data privacy training to employees; Conducting regular data privacy audits; Developing incident response plans>To maintain compliance, we have established comprehensive data privacy policies and procedures.  We supplement these with regular employee training programs and utilize advanced data privacy technologies.  Furthermore, we conduct periodic audits to identify and rectify any weaknesses in our systems.>Implementing strong data privacy policies
MULTI-SELECT>What are your company's strategies for complying with data privacy regulations?>Implementing strong data privacy policies; Investing in data privacy technology; Providing data privacy training to employees; Conducting regular data privacy audits; Developing incident response plans>We take data privacy seriously.  It's not just policies; we invest in technology, train our staff, and conduct thorough audits. We also have a plan in place to deal with any incidents.>Implementing strong data privacy policies
MULTI-SELECT>What are your company's strategies for complying with relevant regulations?>Staying informed about relevant regulations; Developing compliance programs; Training employees on compliance procedures; Conducting regular compliance audits; Reporting compliance issues>We maintain a robust compliance program encompassing several key strategies.  This includes staying informed about new regulations and training our employees on the proper procedures.  Regular audits help us ensure consistent adherence to these regulations.>Staying informed about relevant regulations, Developing compliance programs, Training employees on compliance procedures
MULTI-SELECT>What are your company's strategies for complying with relevant regulations?>Staying informed about relevant regulations; Developing compliance programs; Training employees on compliance procedures; Conducting regular compliance audits; Reporting compliance issues>We stay informed, develop programs, train staff
MULTI-SELECT>What are your company's strategies for complying with relevant regulations?>Staying informed about relevant regulations; Developing compliance programs; Training employees on compliance procedures; Conducting regular compliance audits; Reporting compliance issues>We keep tabs on the rules, got training programs for everyone, check in on things regularly to make sure we're doing okay
MULTI-SELECT>What are your company's strategies for complying with relevant regulations?>Staying informed about relevant regulations; Developing compliance programs; Training employees on compliance procedures; Conducting regular compliance audits; Reporting compliance issues>Our company prioritizes regulatory compliance through a multi-faceted approach.  We actively monitor changes in regulations, implement comprehensive training, and conduct thorough audits to identify and address any potential non-compliance. This ensures we meet our obligations.>Staying informed about relevant regulations
MULTI-SELECT>What are your company's strategies for complying with relevant regulations?>Staying informed about relevant regulations; Developing compliance programs; Training employees on compliance procedures; Conducting regular compliance audits; Reporting compliance issues>We have a whole compliance department for this.  They keep track of everything, train people, and do audits. We report problems as needed. It¢??s all very formal and structured.>Developing compliance programs
MULTI-SELECT>What are your company's strategies for ensuring business continuity?>Developing business continuity plans; Testing business continuity plans; Training employees on business continuity procedures; Maintaining adequate resources; Monitoring potential disruptions>We prioritize comprehensive business continuity planning, including regular testing and employee training.  Maintaining sufficient resources and proactively monitoring potential disruptions are also key components of our strategy.  This multi-faceted approach ensures our resilience against unforeseen events.>Developing business continuity plans, Testing business continuity plans
MULTI-SELECT>What are your company's strategies for ensuring business continuity?>Developing business continuity plans; Testing business continuity plans; Training employees on business continuity procedures; Maintaining adequate resources; Monitoring potential disruptions>Developing, testing, and training; plus resource management and disruption monitoring.>Developing business continuity plans
MULTI-SELECT>What are your company's strategies for ensuring business continuity?>Developing business continuity plans; Testing business continuity plans; Training employees on business continuity procedures; Maintaining adequate resources; Monitoring potential disruptions>We've got plans, we test 'em, we train everyone
MULTI-SELECT>What are your company's strategies for ensuring business continuity?>Developing business continuity plans; Testing business continuity plans; Training employees on business continuity procedures; Maintaining adequate resources; Monitoring potential disruptions>Our strategy is built upon a foundation of detailed business continuity plans which undergo rigorous testing.  Employee training ensures preparedness, while resource management and disruption monitoring allow for proactive mitigation of risks.  This ensures a smooth continuation of operations.>Developing business continuity plans, Testing business continuity plans
MULTI-SELECT>What are your company's strategies for ensuring business continuity?>Developing business continuity plans; Testing business continuity plans; Training employees on business continuity procedures; Maintaining adequate resources; Monitoring potential disruptions>It's all about having a plan, testing it, making sure everyone knows what to do
MULTI-SELECT>What are your company's strategies for fostering a culture of safety?>Providing safety training to employees; Implementing safety procedures; Conducting safety audits; Investigating accidents and incidents; Promoting a culture of safety awareness>Our company prioritizes safety through comprehensive training programs,  rigorous safety audits to identify potential hazards, and thorough investigations of any incidents to prevent recurrence.  This proactive approach fosters a strong safety culture.>Providing safety training to employees
MULTI-SELECT>What are your company's strategies for fostering a culture of safety?>Providing safety training to employees; Implementing safety procedures; Conducting safety audits; Investigating accidents and incidents; Promoting a culture of safety awareness>Safety training, audits, and incident investigations are key.>Providing safety training to employees
MULTI-SELECT>What are your company's strategies for fostering a culture of safety?>Providing safety training to employees; Implementing safety procedures; Conducting safety audits; Investigating accidents and incidents; Promoting a culture of safety awareness>We're all about safety, dude!  We do training, check things out regularly
MULTI-SELECT>What are your company's strategies for fostering a culture of safety?>Providing safety training to employees; Implementing safety procedures; Conducting safety audits; Investigating accidents and incidents; Promoting a culture of safety awareness>A culture of safety is built upon several pillars:  regular employee safety training ensures everyone is informed;  consistent safety audits proactively identify and mitigate risks; and thorough accident investigations are critical for continuous improvement.>Providing safety training to employees, Conducting safety audits, Investigating accidents and incidents>explanatory
MULTI-SELECT>What are your company's strategies for fostering a culture of safety?>Providing safety training to employees; Implementing safety procedures; Conducting safety audits; Investigating accidents and incidents; Promoting a culture of safety awareness>It's a combination of things, not just one thing. We train people, audit regularly
MULTI-SELECT>What are your company's strategies for improving customer experience?>Providing excellent customer service; Developing user-friendly products and services; Collecting customer feedback; Personalizing the customer experience; Building a strong brand reputation>We focus on providing excellent customer service through well-trained staff and readily available support channels.  Simultaneously, we strive to develop user-friendly products and services that minimize customer frustration.  Collecting customer feedback is crucial for identifying areas for improvement in both service and product design.>Providing excellent customer service, Developing user-friendly products and services
MULTI-SELECT>What are your company's strategies for improving customer experience?>Providing excellent customer service; Developing user-friendly products and services; Collecting customer feedback; Personalizing the customer experience; Building a strong brand reputation>Excellent service, user-friendly products, and strong brand reputation are key.>Providing excellent customer service
MULTI-SELECT>What are your company's strategies for improving customer experience?>Providing excellent customer service; Developing user-friendly products and services; Collecting customer feedback; Personalizing the customer experience; Building a strong brand reputation>Dude, we're all about killer customer service and making our stuff super easy to use. We also totally listen to what people say ¢??  feedback is gold!>Providing excellent customer service, Developing user-friendly products and services
MULTI-SELECT>What are your company's strategies for improving customer experience?>Providing excellent customer service; Developing user-friendly products and services; Collecting customer feedback; Personalizing the customer experience; Building a strong brand reputation>Our strategy for enhancing customer experience is multifaceted.  We prioritize providing excellent customer service and personalize the customer experience to meet individual needs.  This personalization is complemented by actively collecting and acting upon customer feedback.>Providing excellent customer service, Personalizing the customer experience, Collecting customer feedback>explanatory
MULTI-SELECT>What are your company's strategies for improving customer experience?>Providing excellent customer service; Developing user-friendly products and services; Collecting customer feedback; Personalizing the customer experience; Building a strong brand reputation>We're working on it.  Better customer service and easier-to-use products are priorities.  And we do pay attention to the feedback ¢?? eventually.>Providing excellent customer service, Developing user-friendly products and services, Collecting customer feedback>annoyed
MULTI-SELECT>What are your company's strategies for improving employee engagement?>Providing opportunities for professional development; Creating a positive work environment; Offering competitive compensation and benefits; Encouraging teamwork and collaboration; Recognizing and rewarding employees>We prioritize a holistic approach to employee engagement.  This includes offering competitive compensation and benefits, while simultaneously fostering a positive and collaborative work environment where employees feel valued.  Professional development opportunities are also key to keeping our workforce motivated and engaged.>Offering competitive compensation and benefits, Creating a positive work environment
MULTI-SELECT>What are your company's strategies for improving employee engagement?>Providing opportunities for professional development; Creating a positive work environment; Offering competitive compensation and benefits; Encouraging teamwork and collaboration; Recognizing and rewarding employees>Competitive pay, positive work environment, and professional development opportunities are crucial.>Offering competitive compensation and benefits
MULTI-SELECT>What are your company's strategies for improving employee engagement?>Providing opportunities for professional development; Creating a positive work environment; Offering competitive compensation and benefits; Encouraging teamwork and collaboration; Recognizing and rewarding employees>Dude, we're all about good pay and benefits, plus a chill workplace where teamwork rocks.  And we show appreciation
MULTI-SELECT>What are your company's strategies for improving employee engagement?>Providing opportunities for professional development; Creating a positive work environment; Offering competitive compensation and benefits; Encouraging teamwork and collaboration; Recognizing and rewarding employees>To improve employee engagement, our company focuses on three main areas:  providing opportunities for growth through professional development, ensuring fair compensation and benefits
MULTI-SELECT>What are your company's strategies for improving employee engagement?>Providing opportunities for professional development; Creating a positive work environment; Offering competitive compensation and benefits; Encouraging teamwork and collaboration; Recognizing and rewarding employees>It's a combination of things.  Good pay is important, of course, but so is a supportive atmosphere and chances for advancement. We also make sure to show appreciation for employee contributions.>Offering competitive compensation and benefits
MULTI-SELECT>What are your company's strategies for improving employee retention?>Providing opportunities for professional development; Creating a positive work environment; Offering competitive compensation and benefits; Encouraging teamwork and collaboration; Recognizing and rewarding employees>We focus on a holistic approach to retention.  This includes competitive salaries and benefits, but also emphasizes fostering a positive and collaborative work environment where employees feel valued and can grow professionally.  Opportunities for advancement are key.>Offering competitive compensation and benefits, Creating a positive work environment
MULTI-SELECT>What are your company's strategies for improving employee retention?>Providing opportunities for professional development; Creating a positive work environment; Offering competitive compensation and benefits; Encouraging teamwork and collaboration; Recognizing and rewarding employees>Competitive pay, benefits, and growth opportunities are crucial.>Offering competitive compensation and benefits
MULTI-SELECT>What are your company's strategies for improving employee retention?>Providing opportunities for professional development; Creating a positive work environment; Offering competitive compensation and benefits; Encouraging teamwork and collaboration; Recognizing and rewarding employees>We keep people around by paying them well, giving them chances to learn new stuff, and making sure it's a fun place to work.  Teamwork is a big thing too.>Offering competitive compensation and benefits
MULTI-SELECT>What are your company's strategies for improving employee retention?>Providing opportunities for professional development; Creating a positive work environment; Offering competitive compensation and benefits; Encouraging teamwork and collaboration; Recognizing and rewarding employees>Our strategy prioritizes employee well-being and professional development. We offer competitive compensation and benefits packages to attract and retain talent, while also providing opportunities for skill enhancement and career progression.  A positive and collaborative workplace culture further enhances employee satisfaction and reduces turnover.>Offering competitive compensation and benefits, Providing opportunities for professional development
MULTI-SELECT>What are your company's strategies for improving employee retention?>Providing opportunities for professional development; Creating a positive work environment; Offering competitive compensation and benefits; Encouraging teamwork and collaboration; Recognizing and rewarding employees>It's a combination of things.  Good pay and benefits are essential, but we also try to recognize employee contributions and provide opportunities for advancement.  A positive atmosphere helps too.>Offering competitive compensation and benefits, Recognizing and rewarding employees
MULTI-SELECT>What are your company's strategies for improving operational efficiency?>Automating tasks; Streamlining processes; Improving communication; Investing in technology; Training employees>We're focusing on a multi-pronged approach.  Automating repetitive tasks frees up employee time, while simultaneously streamlining our processes to eliminate bottlenecks.  Improved communication ensures everyone is on the same page, leading to greater efficiency.>Automating tasks
MULTI-SELECT>What are your company's strategies for improving operational efficiency?>Automating tasks; Streamlining processes; Improving communication; Investing in technology; Training employees>We're trying to make things easier, ya know?  Automating stuff, getting better tech
MULTI-SELECT>What are your company's strategies for improving operational efficiency?>Automating tasks; Streamlining processes; Improving communication; Investing in technology; Training employees>To enhance operational efficiency, our company is prioritizing the implementation of new technologies to automate tasks and streamline workflows.  This, coupled with comprehensive employee training
MULTI-SELECT>What are your company's strategies for improving operational efficiency?>Automating tasks; Streamlining processes; Improving communication; Investing in technology; Training employees>We're doing everything we can.  It's a combination of better technology, employee training, and process improvements ¢?? it's not easy!>Investing in technology
MULTI-SELECT>What are your company's strategies for improving profitability?>Increasing revenue; Reducing costs; Improving efficiency; Investing in technology; Improving pricing strategies>Our primary strategy focuses on increasing revenue through targeted marketing campaigns and expanding into new markets.  Simultaneously, we are streamlining operations to reduce costs and improve overall efficiency.  This two-pronged approach should significantly boost profitability.>Increasing revenue, Reducing costs
MULTI-SELECT>What are your company's strategies for improving profitability?>Increasing revenue; Reducing costs; Improving efficiency; Investing in technology; Improving pricing strategies>Boost profits by raising prices, cutting expenses, and selling more.>Improving pricing strategies
MULTI-SELECT>What are your company's strategies for improving profitability?>Increasing revenue; Reducing costs; Improving efficiency; Investing in technology; Improving pricing strategies>We're trying to make more money, you know? So we're selling more stuff, cutting back on waste
MULTI-SELECT>What are your company's strategies for improving profitability?>Increasing revenue; Reducing costs; Improving efficiency; Investing in technology; Improving pricing strategies>To enhance profitability, we are implementing a multi-faceted approach. This includes improving pricing strategies to optimize revenue, investing in technology to increase efficiency
MULTI-SELECT>What are your company's strategies for improving profitability?>Increasing revenue; Reducing costs; Improving efficiency; Investing in technology; Improving pricing strategies>We're exploring all avenues.  That includes smarter pricing, better efficiency, and of course
MULTI-SELECT>What are your company's strategies for increasing revenue?>Expanding into new markets; Developing new products or services; Increasing sales to existing customers; Improving marketing and sales effectiveness; Raising prices>We're pursuing a multi-pronged approach to revenue growth.  This includes expanding into new markets to tap into untapped customer bases and simultaneously developing new products to cater to evolving consumer demands. We also plan to improve our marketing.>Expanding into new markets, Developing new products or services, Improving marketing and sales effectiveness>verbose
MULTI-SELECT>What are your company's strategies for increasing revenue?>Expanding into new markets; Developing new products or services; Increasing sales to existing customers; Improving marketing and sales effectiveness; Raising prices>We're gonna try a bunch of stuff:  new markets, better ads, and squeezing more out of our current customers!>Expanding into new markets
MULTI-SELECT>What are your company's strategies for increasing revenue?>Expanding into new markets; Developing new products or services; Increasing sales to existing customers; Improving marketing and sales effectiveness; Raising prices>Our revenue increase strategy focuses on two key areas:  Firstly, we are exploring new markets to broaden our customer base. Secondly, we are investing heavily in improving the effectiveness of our marketing and sales efforts to maximize returns from existing customer relationships.>Expanding into new markets
MULTI-SELECT>What are your company's strategies for increasing revenue?>Expanding into new markets; Developing new products or services; Increasing sales to existing customers; Improving marketing and sales effectiveness; Raising prices>It's a combination of things, really. We need to find new customers, sell more to the ones we have
MULTI-SELECT>What are your company's strategies for intellectual property protection?>Patents; Trademarks; Copyrights; Trade secrets; Non-disclosure agreements>We utilize a multi-pronged approach to safeguard our intellectual property, encompassing patents for our inventions, trademarks to protect our brand
MULTI-SELECT>What are your company's strategies for intellectual property protection?>Patents; Trademarks; Copyrights; Trade secrets; Non-disclosure agreements>Patents, trademarks, and trade secrets are key.>Patents
MULTI-SELECT>What are your company's strategies for intellectual property protection?>Patents; Trademarks; Copyrights; Trade secrets; Non-disclosure agreements>We cover all our bases, ya know? Patents, trademarks
MULTI-SELECT>What are your company's strategies for intellectual property protection?>Patents; Trademarks; Copyrights; Trade secrets; Non-disclosure agreements>Our intellectual property protection strategy is comprehensive.  We file patents for novel technologies, register trademarks for brand identification, and use copyrights to protect our original works.  Non-disclosure agreements further support our efforts.>Patents
MULTI-SELECT>What are your company's strategies for intellectual property protection?>Patents; Trademarks; Copyrights; Trade secrets; Non-disclosure agreements>We protect our IP using patents, trademarks, and
MULTI-SELECT>What are your company's strategies for managing change?>Communicating effectively with employees; Involving employees in the change process; Providing training and support; Celebrating successes; Addressing concerns and feedback>Our company prioritizes open communication throughout the change process, ensuring employees are informed and involved at every stage.  We also provide comprehensive training and support to help them adapt successfully. This includes celebrating milestones to boost morale and address any concerns that arise.>Communicating effectively with employees, Involving employees in the change process
MULTI-SELECT>What are your company's strategies for managing change?>Communicating effectively with employees; Involving employees in the change process; Providing training and support; Celebrating successes; Addressing concerns and feedback>Effective communication, employee involvement, and training are key.>Communicating effectively with employees
MULTI-SELECT>What are your company's strategies for managing change?>Communicating effectively with employees; Involving employees in the change process; Providing training and support; Celebrating successes; Addressing concerns and feedback>We keep everyone in the loop, get 'em involved, give 'em the tools they need
MULTI-SELECT>What are your company's strategies for managing change?>Communicating effectively with employees; Involving employees in the change process; Providing training and support; Celebrating successes; Addressing concerns and feedback>Successfully managing change requires a multifaceted approach.  We focus on transparent communication to minimize uncertainty, active employee participation to foster buy-in, and robust training programs to equip employees with the necessary skills. Addressing feedback is crucial for continuous improvement.>Communicating effectively with employees
MULTI-SELECT>What are your company's strategies for managing change?>Communicating effectively with employees; Involving employees in the change process; Providing training and support; Celebrating successes; Addressing concerns and feedback>It's a combination of things, really. We communicate, get input
MULTI-SELECT>What are your company's strategies for managing cybersecurity risks?>Implementing strong cybersecurity policies; Investing in cybersecurity technology; Providing cybersecurity training to employees; Conducting regular security audits; Developing incident response plans>Our company employs a multi-layered approach to cybersecurity, encompassing robust policies, cutting-edge technology
MULTI-SELECT>What are your company's strategies for managing cybersecurity risks?>Implementing strong cybersecurity policies; Investing in cybersecurity technology; Providing cybersecurity training to employees; Conducting regular security audits; Developing incident response plans>We use strong policies, advanced tech, employee training
MULTI-SELECT>What are your company's strategies for managing cybersecurity risks?>Implementing strong cybersecurity policies; Investing in cybersecurity technology; Providing cybersecurity training to employees; Conducting regular security audits; Developing incident response plans>Yeah, we've got it all covered:  good rules, fancy tech
MULTI-SELECT>What are your company's strategies for managing cybersecurity risks?>Implementing strong cybersecurity policies; Investing in cybersecurity technology; Providing cybersecurity training to employees; Conducting regular security audits; Developing incident response plans>To mitigate risks, we have implemented comprehensive cybersecurity policies and invest heavily in state-of-the-art technology.  Furthermore, our employees receive ongoing training
MULTI-SELECT>What are your company's strategies for managing cybersecurity risks?>Implementing strong cybersecurity policies; Investing in cybersecurity technology; Providing cybersecurity training to employees; Conducting regular security audits; Developing incident response plans>We have a full suite of cybersecurity measures in place.  This includes policies, technology, training
MULTI-SELECT>What are your company's strategies for managing its reputation?>Building a strong brand identity; Creating positive customer experiences; Managing online reviews; Responding to criticism; Engaging with stakeholders>Our company prioritizes building a strong brand identity and creating positive customer experiences.  These are fundamental to a good reputation, and we actively manage online reviews to address any issues promptly.  This proactive approach allows us to effectively respond to criticism and engage with stakeholders.>Building a strong brand identity, Creating positive customer experiences
MULTI-SELECT>What are your company's strategies for managing its reputation?>Building a strong brand identity; Creating positive customer experiences; Managing online reviews; Responding to criticism; Engaging with stakeholders>Dude, we totally nail the brand thing, and keep peeps happy.  We're all over the online reviews
MULTI-SELECT>What are your company's strategies for managing its reputation?>Building a strong brand identity; Creating positive customer experiences; Managing online reviews; Responding to criticism; Engaging with stakeholders>Managing our reputation involves a multi-pronged approach.  We cultivate a strong brand identity to establish trust and consistently strive to deliver exceptional customer experiences.  Furthermore, we actively monitor and respond to online reviews and engage directly with stakeholders.>Building a strong brand identity, Creating positive customer experiences
MULTI-SELECT>What are your company's strategies for managing its reputation?>Building a strong brand identity; Creating positive customer experiences; Managing online reviews; Responding to criticism; Engaging with stakeholders>It's a combination of things, really.  We work on brand image, customer satisfaction
MULTI-SELECT>What are your company's strategies for managing risk?>Identifying potential risks; Assessing the likelihood and impact of risks; Developing risk mitigation strategies; Monitoring risks; Reporting risks>Our company employs a comprehensive risk management approach.  We start by identifying potential risks, then assess their likelihood and impact, developing mitigation strategies accordingly.  Regular monitoring and reporting ensures proactive risk management.>Identifying potential risks
MULTI-SELECT>What are your company's strategies for managing risk?>Identifying potential risks; Assessing the likelihood and impact of risks; Developing risk mitigation strategies; Monitoring risks; Reporting risks>We identify, assess, mitigate
MULTI-SELECT>What are your company's strategies for managing risk?>Identifying potential risks; Assessing the likelihood and impact of risks; Developing risk mitigation strategies; Monitoring risks; Reporting risks>We figure out what could go wrong, see how bad it could be, make a plan to stop it
MULTI-SELECT>What are your company's strategies for managing risk?>Identifying potential risks; Assessing the likelihood and impact of risks; Developing risk mitigation strategies; Monitoring risks; Reporting risks>Our risk management strategy involves a five-step process.  First, we identify potential risks.  Then, we assess their probability and potential impact
MULTI-SELECT>What are your company's strategies for managing risk?>Identifying potential risks; Assessing the likelihood and impact of risks; Developing risk mitigation strategies; Monitoring risks; Reporting risks>We have a process, okay?  We find the risks, figure out how bad they are
MULTI-SELECT>What are your company's strategies for managing supply chain risks?>Diversifying suppliers; Developing strong supplier relationships; Implementing supplier performance management systems; Developing contingency plans; Monitoring geopolitical events>Our company prioritizes building strong relationships with diverse suppliers.  This allows us to mitigate risk through multiple sourcing options and collaborative problem-solving.  Furthermore, we continuously monitor geopolitical events to anticipate potential disruptions.>Diversifying suppliers, Developing strong supplier relationships
MULTI-SELECT>What are your company's strategies for managing supply chain risks?>Diversifying suppliers; Developing strong supplier relationships; Implementing supplier performance management systems; Developing contingency plans; Monitoring geopolitical events>Diversification, strong supplier relationships, and contingency planning are key.>Diversifying suppliers
MULTI-SELECT>What are your company's strategies for managing supply chain risks?>Diversifying suppliers; Developing strong supplier relationships; Implementing supplier performance management systems; Developing contingency plans; Monitoring geopolitical events>We spread our bets with lots of different suppliers, keep 'em close, and have backup plans
MULTI-SELECT>What are your company's strategies for managing supply chain risks?>Diversifying suppliers; Developing strong supplier relationships; Implementing supplier performance management systems; Developing contingency plans; Monitoring geopolitical events>We employ several strategies, including diversifying our supplier base and implementing robust performance management systems to minimize disruptions.  It's a complex issue requiring constant vigilance.>Diversifying suppliers, Implementing supplier performance management systems>annoyed
MULTI-SELECT>What are your company's strategies for measuring marketing ROI?>Website analytics; Social media analytics; Email marketing analytics; Customer surveys; Sales data>We utilize a multi-faceted approach to measuring marketing ROI.  Website analytics provide insights into campaign effectiveness, while sales data directly correlates marketing efforts with revenue. Customer surveys offer valuable qualitative feedback to refine strategies.>Website analytics, Sales data
MULTI-SELECT>What are your company's strategies for measuring marketing ROI?>Website analytics; Social media analytics; Email marketing analytics; Customer surveys; Sales data>We track everything, man! Website clicks, social media buzz
MULTI-SELECT>What are your company's strategies for measuring marketing ROI?>Website analytics; Social media analytics; Email marketing analytics; Customer surveys; Sales data>Our company relies heavily on quantitative data for measuring marketing ROI. We analyze website analytics to understand user behavior and track conversions, and we closely monitor sales data to determine the direct impact of marketing campaigns on revenue generation.>Website analytics, Sales data>explanatory
MULTI-SELECT>What are your company's strategies for measuring marketing ROI?>Website analytics; Social media analytics; Email marketing analytics; Customer surveys; Sales data>We look at website analytics,  social media engagement, *and* sales figures. It's not rocket science.>Website analytics
MULTI-SELECT>What are your company's strategies for mitigating risks associated with climate change?>Reducing greenhouse gas emissions; Investing in renewable energy; Improving energy efficiency; Developing climate change adaptation plans; Engaging with stakeholders on climate change issues>Our company is committed to mitigating climate risks through a multi-pronged approach.  We are focusing on reducing greenhouse gas emissions across our operations and investing in renewable energy sources to power our facilities.  Furthermore, we are actively developing adaptation plans to prepare for the impacts of climate change.>Reducing greenhouse gas emissions, Investing in renewable energy
MULTI-SELECT>What are your company's strategies for mitigating risks associated with climate change?>Reducing greenhouse gas emissions; Investing in renewable energy; Improving energy efficiency; Developing climate change adaptation plans; Engaging with stakeholders on climate change issues>We're reducing emissions, investing in renewables, and adapting to climate change.>Reducing greenhouse gas emissions
MULTI-SELECT>What are your company's strategies for mitigating risks associated with climate change?>Reducing greenhouse gas emissions; Investing in renewable energy; Improving energy efficiency; Developing climate change adaptation plans; Engaging with stakeholders on climate change issues>We're doing a bunch of stuff, like cutting down on pollution, using more solar power
MULTI-SELECT>What are your company's strategies for mitigating risks associated with climate change?>Reducing greenhouse gas emissions; Investing in renewable energy; Improving energy efficiency; Developing climate change adaptation plans; Engaging with stakeholders on climate change issues>Our climate risk mitigation strategy encompasses several key areas.  We are actively working to improve energy efficiency throughout our operations to minimize our carbon footprint, while simultaneously investing in renewable energy sources.  This dual approach aims to both reduce emissions and enhance resilience.>Reducing greenhouse gas emissions, Investing in renewable energy
MULTI-SELECT>What are your company's strategies for mitigating risks associated with climate change?>Reducing greenhouse gas emissions; Investing in renewable energy; Improving energy efficiency; Developing climate change adaptation plans; Engaging with stakeholders on climate change issues>We're addressing climate change risks by implementing a comprehensive strategy. This involves reducing our greenhouse gas emissions, improving energy efficiency, and engaging with stakeholders to ensure we are taking appropriate actions.  It's a complex issue requiring a multifaceted approach.>Reducing greenhouse gas emissions
MULTI-SELECT>What are your company's strategies for mitigating risks associated with new technologies?>Conducting thorough due diligence; Developing risk mitigation strategies; Testing new technologies thoroughly; Training employees on new technologies; Monitoring the performance of new technologies>We prioritize thorough due diligence before adopting any new technology, assessing potential risks and benefits.  This is followed by developing comprehensive risk mitigation strategies and rigorous testing.  Employee training is crucial to ensure safe and effective implementation.>Conducting thorough due diligence, Developing risk mitigation strategies
MULTI-SELECT>What are your company's strategies for mitigating risks associated with new technologies?>Conducting thorough due diligence; Developing risk mitigation strategies; Testing new technologies thoroughly; Training employees on new technologies; Monitoring the performance of new technologies>Thorough due diligence, risk mitigation plans, and employee training are key.>Conducting thorough due diligence
MULTI-SELECT>What are your company's strategies for mitigating risks associated with new technologies?>Conducting thorough due diligence; Developing risk mitigation strategies; Testing new technologies thoroughly; Training employees on new technologies; Monitoring the performance of new technologies>We totally check things out before jumping in,  make plans for if things go wrong, and make sure everyone knows how to use the new stuff.>Conducting thorough due diligence
MULTI-SELECT>What are your company's strategies for mitigating risks associated with new technologies?>Conducting thorough due diligence; Developing risk mitigation strategies; Testing new technologies thoroughly; Training employees on new technologies; Monitoring the performance of new technologies>Our approach involves a multi-faceted strategy.  We conduct extensive due diligence and testing, then develop mitigation strategies for identified risks.  Post-implementation, we monitor performance to identify and address any emerging issues.>Conducting thorough due diligence
MULTI-SELECT>What are your company's strategies for mitigating risks associated with new technologies?>Conducting thorough due diligence; Developing risk mitigation strategies; Testing new technologies thoroughly; Training employees on new technologies; Monitoring the performance of new technologies>We do our homework, obviously.  We plan for problems *before* they happen, and then we train people properly.  It's not rocket science.>Conducting thorough due diligence
MULTI-SELECT>What are your company's strategies for promoting innovation?>Encouraging experimentation; Investing in research and development; Creating a culture of innovation; Partnering with external innovators; Protecting intellectual property>We foster innovation by creating a collaborative environment where experimentation is not only tolerated but actively encouraged.  This is supported by significant investment in research and development, allowing us to explore new ideas and technologies.  Intellectual property protection ensures we can capitalize on successful innovations.>Encouraging experimentation, Investing in research and development
MULTI-SELECT>What are your company's strategies for promoting innovation?>Encouraging experimentation; Investing in research and development; Creating a culture of innovation; Partnering with external innovators; Protecting intellectual property>We're all about trying new stuff,  plus we throw money at R&D, and we make sure we own what we come up with!>Encouraging experimentation
MULTI-SELECT>What are your company's strategies for promoting innovation?>Encouraging experimentation; Investing in research and development; Creating a culture of innovation; Partnering with external innovators; Protecting intellectual property>Our strategy for promoting innovation is multifaceted.  We invest heavily in R&D and actively partner with external innovators to bring fresh perspectives to our work.  This is complemented by a company culture that values experimentation and risk-taking.>Investing in research and development, Partnering with external innovators, Creating a culture of innovation
MULTI-SELECT>What are your company's strategies for promoting innovation?>Encouraging experimentation; Investing in research and development; Creating a culture of innovation; Partnering with external innovators; Protecting intellectual property>It's a combination of things, really. We fund R&D, of course
MULTI-SELECT>What are your company's strategies for reducing costs?>Negotiating better prices with suppliers; Improving efficiency; Reducing waste; Automating tasks; Outsourcing non-core functions>We're focusing on a multi-pronged approach to cost reduction.  This includes negotiating better deals with our suppliers and simultaneously improving internal efficiency to minimize waste. We believe this combination will yield the best results.>Negotiating better prices with suppliers, Improving efficiency, Reducing waste>verbose
MULTI-SELECT>What are your company's strategies for reducing costs?>Negotiating better prices with suppliers; Improving efficiency; Reducing waste; Automating tasks; Outsourcing non-core functions>We're trying to save money by getting better deals from our suppliers and cutting out the fluff ¢?? less waste, you know?>Negotiating better prices with suppliers, Reducing waste>colloquial
MULTI-SELECT>What are your company's strategies for reducing costs?>Negotiating better prices with suppliers; Improving efficiency; Reducing waste; Automating tasks; Outsourcing non-core functions>Our cost reduction strategy involves several key areas.  We are actively pursuing better pricing from our suppliers and are also implementing automation to streamline our processes and increase efficiency.  This two-part strategy aims to reduce both material and labor costs.>Negotiating better prices with suppliers, Automating tasks, Improving efficiency>explanatory
MULTI-SELECT>What are your company's strategies for reducing costs?>Negotiating better prices with suppliers; Improving efficiency; Reducing waste; Automating tasks; Outsourcing non-core functions>We're doing everything we can!  That includes negotiating with suppliers, improving efficiency, and reducing waste.  It's a lot of work.>Negotiating better prices with suppliers
MULTI-SELECT>What are your company's sustainability initiatives?>Reducing carbon footprint; Using renewable energy; Recycling and waste reduction; Sustainable sourcing; Community involvement>We're committed to environmental responsibility through various initiatives.  These include reducing our carbon footprint by optimizing logistics and investing in renewable energy sources. We also actively pursue sustainable sourcing for our materials.>Reducing carbon footprint, Using renewable energy, Sustainable sourcing>verbose
MULTI-SELECT>What are your company's sustainability initiatives?>Reducing carbon footprint; Using renewable energy; Recycling and waste reduction; Sustainable sourcing; Community involvement>Reducing carbon footprint, recycling, and sustainable sourcing.>Reducing carbon footprint
MULTI-SELECT>What are your company's sustainability initiatives?>Reducing carbon footprint; Using renewable energy; Recycling and waste reduction; Sustainable sourcing; Community involvement>We're all about going green, man!  We're cutting down on waste, using more solar power
MULTI-SELECT>What are your company's sustainability initiatives?>Reducing carbon footprint; Using renewable energy; Recycling and waste reduction; Sustainable sourcing; Community involvement>Our sustainability strategy focuses on three key areas: minimizing our environmental impact by reducing our carbon footprint and using renewable energy;  improving waste management through recycling and reduction programs; and ensuring ethical and sustainable sourcing practices throughout our supply chain.>Reducing carbon footprint, Using renewable energy, Recycling and waste reduction
MULTI-SELECT>What are your company's sustainability initiatives?>Reducing carbon footprint; Using renewable energy; Recycling and waste reduction; Sustainable sourcing; Community involvement>We're working on several things, including reducing emissions, improving recycling
MULTI-SELECT>What are your company's values?>Integrity; Innovation; Customer focus; Teamwork; Sustainability>Our company's core values are built upon integrity and innovation. We strive to create sustainable solutions while maintaining a strong team environment.  Customer focus is paramount in achieving our goals.>Integrity, Innovation, Customer focus
MULTI-SELECT>What are your company's values?>Integrity; Innovation; Customer focus; Teamwork; Sustainability>Integrity, innovation, and customer focus.>Integrity
MULTI-SELECT>What are your company's values?>Integrity; Innovation; Customer focus; Teamwork; Sustainability>We're all about integrity, teamwork, and keeping things sustainable
MULTI-SELECT>What are your company's values?>Integrity; Innovation; Customer focus; Teamwork; Sustainability>Our company values are centered around Integrity and Sustainability.  Innovation drives our progress, and we believe strong Teamwork is essential to achieving our customer-focused goals.>Integrity, Innovation
MULTI-SELECT>What are your company's values?>Integrity; Innovation; Customer focus; Teamwork; Sustainability>It's Integrity, Innovation, and Customer Focus.  Those are the most important ones.>Integrity
MULTI-SELECT>What are your current marketing and sales technologies?>CRM (Salesforce, HubSpot, etc.); Marketing automation (Marketo
MULTI-SELECT>What are your current marketing and sales technologies?>CRM (Salesforce, HubSpot, etc.); Marketing automation (Marketo
MULTI-SELECT>What are your current marketing and sales technologies?>CRM (Salesforce, HubSpot, etc.); Marketing automation (Marketo
MULTI-SELECT>What are your current marketing and sales technologies?>CRM (Salesforce, HubSpot, etc.); Marketing automation (Marketo
MULTI-SELECT>What are your current marketing and sales technologies?>CRM (Salesforce, HubSpot, etc.); Marketing automation (Marketo
MULTI-SELECT>What are your current pain points related to sales lead management?>Difficulty identifying qualified leads; Inefficient lead follow-up; Lack of visibility into the sales pipeline; Poor lead data quality; Lack of reporting and analytics>Man, it's hard to tell which leads are actually worth pursuing.  Plus, keeping track of everything is a nightmare!>Difficulty identifying qualified leads
MULTI-SELECT>What are your current pain points related to sales lead management?>Difficulty identifying qualified leads; Inefficient lead follow-up; Lack of visibility into the sales pipeline; Poor lead data quality; Lack of reporting and analytics>The lack of reporting and analytics makes it difficult to assess the effectiveness of our sales strategies. This is compounded by difficulty identifying qualified leads, resulting in wasted time and resources.>Difficulty identifying qualified leads, Lack of reporting and analytics>explanatory
MULTI-SELECT>What are your favorite hobbies?>Reading; Hiking; Cooking; Traveling; Playing sports>I really enjoy reading and hiking.  Getting lost in a good book is wonderfully relaxing, and hiking provides a great physical and mental escape.  They're both excellent ways for me to unwind.>Reading, Hiking>verbose
MULTI-SELECT>What are your favorite hobbies?>Reading; Hiking; Cooking; Traveling; Playing sports>My favorite hobbies are reading and cooking.  Reading allows me to explore new worlds and ideas, while cooking provides a creative outlet and the satisfaction of creating something delicious.  Both activities are very fulfilling for me.>Reading, Cooking>explanatory
MULTI-SELECT>What are your goals for improving customer satisfaction?>Increase customer retention; Improve customer loyalty; Generate positive word-of-mouth referrals; Reduce customer churn; Enhance brand reputation>Our primary goal is to boost customer retention and loyalty.  This will naturally lead to positive word-of-mouth referrals and enhance our brand reputation.  Reducing customer churn is a key component of this strategy.>Increase customer retention, Improve customer loyalty, Generate positive word-of-mouth referrals
MULTI-SELECT>What are your goals for improving customer satisfaction?>Increase customer retention; Improve customer loyalty; Generate positive word-of-mouth referrals; Reduce customer churn; Enhance brand reputation>Dude, we gotta keep our peeps happy, right?  So
MULTI-SELECT>What are your goals for improving customer satisfaction?>Increase customer retention; Improve customer loyalty; Generate positive word-of-mouth referrals; Reduce customer churn; Enhance brand reputation>Improving customer satisfaction is paramount to our success.  Therefore, we aim to increase customer loyalty and generate positive word-of-mouth referrals, which are directly linked to reducing customer churn and improving our brand reputation.  These actions contribute to long-term sustainable growth.>Improve customer loyalty
MULTI-SELECT>What are your goals for improving customer satisfaction?>Increase customer retention; Improve customer loyalty; Generate positive word-of-mouth referrals; Reduce customer churn; Enhance brand reputation>We want to improve things, obviously.  Focusing on retention and a better brand image should do the trick.>Increase customer retention, Enhance brand reputation>annoyed
MULTI-SELECT>What are your hobbies outside of software development?>Reading; Hiking; Photography; Music; Gaming; Sports; Travel>I enjoy a variety of activities when I'm not coding.  I especially love getting out into nature with hiking and photography, capturing the beauty of the landscapes.  Reading provides a nice contrast, offering a chance to explore different worlds.>Hiking
MULTI-SELECT>What are your hobbies outside of software development?>Reading; Hiking; Photography; Music; Gaming; Sports; Travel>I'm all about hitting the trails, snapping some pics, and then chilling with a good book.>Hiking
MULTI-SELECT>What are your hobbies outside of software development?>Reading; Hiking; Photography; Music; Gaming; Sports; Travel>My downtime is largely spent pursuing creative and relaxing activities.  Photography allows me to express my artistic side, while reading helps me unwind and expand my knowledge.  Hiking provides a healthy dose of physical activity and mental clarity.>Photography, Reading
MULTI-SELECT>What are your key decision criteria for selecting a new CRM system?>Ease of use; Integration capabilities; Reporting and analytics; Cost-effectiveness; Scalability>Ease of use is paramount for adoption by our team.  Strong integration capabilities with our existing systems are also critical for seamless data flow.  Finally, robust reporting and analytics are essential for making informed business decisions.>Ease of use, Integration capabilities
MULTI-SELECT>What are your key decision criteria for selecting a new CRM system?>Ease of use; Integration capabilities; Reporting and analytics; Cost-effectiveness; Scalability>Gotta have something easy to use, right? And it's gotta play nice with what we already have.>Ease of use, Integration capabilities>colloquial
MULTI-SELECT>What are your key decision criteria for selecting a new CRM system?>Ease of use; Integration capabilities; Reporting and analytics; Cost-effectiveness; Scalability>The system must be scalable to accommodate our anticipated growth.  Cost-effectiveness is a major concern, as is the ability to generate meaningful reports and analytics from the data.  Ease of use ensures user adoption.>Scalability, Cost-effectiveness
MULTI-SELECT>What are your key decision criteria for selecting a new CRM system?>Ease of use; Integration capabilities; Reporting and analytics; Cost-effectiveness; Scalability>It absolutely needs to integrate with our other software.  And it better be able to handle our growing data volume.  Cost is a factor, of course.>Integration capabilities, Scalability
MULTI-SELECT>What are your key decision-making factors when choosing a vendor?>Price; Features; Reputation; Customer support; Implementation process>Price is always a primary concern, but I also heavily weigh reputation and customer support.  A vendor with a good track record and responsive support is invaluable, even if slightly more expensive.  Features are important
MULTI-SELECT>What are your key decision-making factors when choosing a vendor?>Price; Features; Reputation; Customer support; Implementation process>Gotta go with the best price, but if their support sucks, I'm outta there!>Price
MULTI-SELECT>What are your key decision-making factors when choosing a vendor?>Price; Features; Reputation; Customer support; Implementation process>My decision hinges on a balance of factors.  Excellent customer support is crucial for mitigating any implementation issues.  The features must meet my requirements, and the price must be reasonable within that context.>Customer support, Features
MULTI-SELECT>What are your key decision-making factors when choosing a vendor?>Price; Features; Reputation; Customer support; Implementation process>It depends, but mostly it's the implementation process.  If that's a nightmare, the whole thing is a waste of time
MULTI-SELECT>What are your key performance indicators (KPIs) for your sales team?>Revenue; Number of deals closed; Average deal size; Sales cycle length; Customer acquisition cost (CAC)>Our sales team's key performance indicators are revenue generated, the number of deals they successfully close, and the average size of those deals.  Tracking these metrics gives us a holistic view of their performance and overall sales effectiveness. This allows for better resource allocation and strategic adjustments.>Revenue
MULTI-SELECT>What are your key performance indicators (KPIs) for your sales team?>Revenue; Number of deals closed; Average deal size; Sales cycle length; Customer acquisition cost (CAC)>Revenue, average deal size, and sales cycle length.>Revenue
MULTI-SELECT>What are your key performance indicators (KPIs) for your sales team?>Revenue; Number of deals closed; Average deal size; Sales cycle length; Customer acquisition cost (CAC)>We look at how much dough they bring in (revenue), how many deals they nail (number of deals closed), and how long it takes them (sales cycle length).>Revenue
MULTI-SELECT>What are your key performance indicators (KPIs) for your sales team?>Revenue; Number of deals closed; Average deal size; Sales cycle length; Customer acquisition cost (CAC)>To effectively measure sales performance, we use several KPIs.  Revenue is the ultimate indicator of success, but we also track the number of deals closed to assess activity levels and average deal size to understand deal quality.  Finally
MULTI-SELECT>What are your key performance indicators (KPIs) for your sales team?>Revenue; Number of deals closed; Average deal size; Sales cycle length; Customer acquisition cost (CAC)>It's revenue, of course. But also the number of deals and the customer acquisition cost; we need to know if we're spending too much to get new clients.>Revenue, Number of deals closed
MULTI-SELECT>What are your key performance indicators (KPIs)?>Production output; Safety record; Environmental impact; Cost efficiency; Employee satisfaction>My key performance indicators are multifaceted and include production output, cost efficiency, and employee satisfaction.  These three areas are crucial for sustainable growth and a positive work environment.  A strong safety record and minimal environmental impact are also very important secondary KPIs.>Production output
MULTI-SELECT>What are your key performance indicators (KPIs)?>Production output; Safety record; Environmental impact; Cost efficiency; Employee satisfaction>Gotta keep an eye on how much stuff we're making (production output), and how much it costs (cost efficiency), right?  Employee satisfaction is pretty important too
MULTI-SELECT>What are your key performance indicators (KPIs)?>Production output; Safety record; Environmental impact; Cost efficiency; Employee satisfaction>Effective measurement requires a balance of quantitative and qualitative data.  Therefore, my KPIs include production output (quantitative) and employee satisfaction (qualitative), along with the cost efficiency required to maintain both.  Environmental impact is also a key consideration for long-term sustainability.>Production output
MULTI-SELECT>What are your key performance indicators (KPIs)?>Production output; Safety record; Environmental impact; Cost efficiency; Employee satisfaction>It depends on the context, but generally, production output and safety record are paramount.  Ignoring either of those is irresponsible.>Production output
MULTI-SELECT>What are your key strategies for improving worker safety?>Improved PPE; Enhanced safety training; Regular safety audits; Improved safety procedures; Incentivize safe behavior>A comprehensive approach to worker safety involves multiple strategies.  Regular safety audits identify weaknesses in current practices, while improved safety procedures directly address these issues.  Enhanced safety training ensures workers understand and follow these procedures.>Regular safety audits, Improved safety procedures
MULTI-SELECT>What are your key strategies for improving worker safety?>Improved PPE; Enhanced safety training; Regular safety audits; Improved safety procedures; Incentivize safe behavior>Improved PPE, enhanced training, and regular audits.>Improved PPE
MULTI-SELECT>What are your key strategies for improving worker safety?>Improved PPE; Enhanced safety training; Regular safety audits; Improved safety procedures; Incentivize safe behavior>Gotta have good safety gear (PPE), right?  Plus,  training's key
MULTI-SELECT>What are your key strategies for improving worker safety?>Improved PPE; Enhanced safety training; Regular safety audits; Improved safety procedures; Incentivize safe behavior>To significantly improve worker safety, a multi-pronged approach is necessary.  This includes providing and enforcing the use of appropriate Personal Protective Equipment (PPE), coupled with comprehensive safety training programs.  Regular safety audits help identify and rectify any emerging hazards.>Improved PPE
MULTI-SELECT>What are your main sources of raw materials?>Domestic suppliers; International suppliers; Recycled materials; Mining operations; Agriculture>We primarily source our raw materials from domestic suppliers, focusing on building strong local partnerships.  Supplementing this, we also utilize recycled materials whenever feasible to promote sustainability.  This dual approach ensures both reliability and environmental responsibility.>Domestic suppliers
MULTI-SELECT>What are your main sources of raw materials?>Domestic suppliers; International suppliers; Recycled materials; Mining operations; Agriculture>Mostly we get stuff from local places, but we also use recycled stuff whenever we can.>Domestic suppliers, Recycled materials>colloquial
MULTI-SELECT>What are your main sources of raw materials?>Domestic suppliers; International suppliers; Recycled materials; Mining operations; Agriculture>Our raw material sourcing strategy is multifaceted. We rely heavily on domestic suppliers for consistent supply and quality control.  Additionally, we incorporate recycled materials to minimize our environmental impact and promote circular economy principles.  This combination optimizes both efficiency and sustainability.>Domestic suppliers, Recycled materials>explanatory
MULTI-SELECT>What are your main sources of raw materials?>Domestic suppliers; International suppliers; Recycled materials; Mining operations; Agriculture>It depends on the material, but we use a mix of domestic suppliers and, yes
MULTI-SELECT>What are your main transportation methods?>Trucks; Rail; Ships; Pipelines; Air>We primarily utilize trucks for short-haul deliveries and rail for long-distance transport of large quantities of goods.  Ships are also important for our overseas shipments.>Trucks, Rail, Ships>verbose
MULTI-SELECT>What are your main transportation methods?>Trucks; Rail; Ships; Pipelines; Air>Trucks, rail, and ships.>Trucks
MULTI-SELECT>What are your main transportation methods?>Trucks; Rail; Ships; Pipelines; Air>Mostly trucks, ya know?  And sometimes trains for the big stuff.>Trucks, Rail>colloquial
MULTI-SELECT>What are your main transportation methods?>Trucks; Rail; Ships; Pipelines; Air>Our transportation network is multimodal, encompassing trucks for local distribution, rail for efficient bulk transport across the country
MULTI-SELECT>What are your main transportation methods?>Trucks; Rail; Ships; Pipelines; Air>It depends on what we're moving.  We use a variety of methods;  trucks, ships, rail
MULTI-SELECT>What are your preferred code editors or IDEs?>VS Code; IntelliJ IDEA; Eclipse; Sublime Text; Atom>I find VS Code to be incredibly versatile and extensible thanks to its vast marketplace of extensions.  IntelliJ IDEA is also excellent for Java development, but VS Code's lighter footprint makes it my go-to.  Sublime Text is a solid alternative for quick edits.>VS Code, IntelliJ IDEA
MULTI-SELECT>What are your preferred code editors or IDEs?>VS Code; IntelliJ IDEA; Eclipse; Sublime Text; Atom>I'm a big fan of VS Code, it's super customizable,  but sometimes I use Sublime Text for quick things.>VS Code
MULTI-SELECT>What are your preferred code editors or IDEs?>VS Code; IntelliJ IDEA; Eclipse; Sublime Text; Atom>For most tasks, I prefer VS Code due to its balance of features and performance.  Eclipse can be useful for larger Java projects, but its resource intensity can be a drawback.  IntelliJ IDEA offers a comparable experience to VS Code but with a steeper learning curve.>VS Code
MULTI-SELECT>What are your preferred code editors or IDEs?>VS Code; IntelliJ IDEA; Eclipse; Sublime Text; Atom>It depends on the project, but I generally reach for VS Code first. IntelliJ is okay for certain things, but it's bloated.>VS Code
MULTI-SELECT>What are your preferred collaboration tools?>Slack; Microsoft Teams; Google Chat; Discord>For quick communication and file sharing, I find Slack the most efficient.  Microsoft Teams is good for larger projects with dedicated channels, but Slack's simplicity is often preferable for smaller teams. Google Chat is useful for quick queries
MULTI-SELECT>What are your preferred collaboration tools?>Slack; Microsoft Teams; Google Chat; Discord>Gotta say, Slack's my jam for most things.  Teams is okay for bigger groups, though.>Slack
MULTI-SELECT>What are your preferred collaboration tools?>Slack; Microsoft Teams; Google Chat; Discord>My preference depends on the context.  Slack is best for quick, informal communication within smaller teams, while Microsoft Teams offers more structured features suitable for larger projects and teams needing robust file management.  Google Chat is a good option for quick internal messages.>Slack
MULTI-SELECT>What are your preferred collaboration tools?>Slack; Microsoft Teams; Google Chat; Discord>It really depends on the project, but if I had to pick just one, it would be Slack.  The others are alright
MULTI-SELECT>What are your preferred communication styles?>Direct and concise; Detailed and thorough; Collaborative and interactive; Formal and professional; Informal and friendly>I generally prefer a collaborative and interactive approach, finding that open discussion leads to the best outcomes.  However, when necessary
MULTI-SELECT>What are your preferred communication styles?>Direct and concise; Detailed and thorough; Collaborative and interactive; Formal and professional; Informal and friendly>I'm all about keeping it friendly and informal, unless the situation calls for something more serious, ya know?>Informal and friendly>colloquial
MULTI-SELECT>What are your preferred communication styles?>Direct and concise; Detailed and thorough; Collaborative and interactive; Formal and professional; Informal and friendly>My preferred communication style depends heavily on context. For straightforward requests, a direct and concise approach is best.  In complex situations requiring consensus, a collaborative and interactive method is more suitable.  Formal communication is reserved for official correspondence.>Direct and concise
MULTI-SELECT>What are your preferred communication styles?>Direct and concise; Detailed and thorough; Collaborative and interactive; Formal and professional; Informal and friendly>It depends on who I'm talking to and what we're discussing.  Sometimes formal is necessary, other times a quick answer is best.  I dislike overly long explanations.>Formal and professional, Direct and concise>annoyed
MULTI-SELECT>What are your preferred design tools?>Figma; Adobe XD; Sketch; InVision; Adobe Photoshop; Adobe Illustrator>I find Figma to be the most versatile tool for UI design due to its collaborative features and ease of use.  I also frequently utilize Adobe Photoshop for image editing when needed.  Sketch is a solid option, but Figma's collaborative features are a better fit for my workflow.>Figma, Adobe Photoshop>verbose
MULTI-SELECT>What are your preferred design tools?>Figma; Adobe XD; Sketch; InVision; Adobe Photoshop; Adobe Illustrator>Dude, I'm all about Figma, it's super smooth.  Sometimes I gotta use Photoshop for images
MULTI-SELECT>What are your preferred design tools?>Figma; Adobe XD; Sketch; InVision; Adobe Photoshop; Adobe Illustrator>For prototyping and collaboration, Figma is my preferred choice.  Its real-time collaboration capabilities streamline the design process significantly.  For raster-based image editing, Adobe Photoshop remains indispensable.>Figma
MULTI-SELECT>What are your preferred learning resources?>Online courses; Books; Conferences; Workshops; Mentorship; Self-study>I find a combination of online courses and books to be the most effective for me.  Online courses provide structured learning, while books allow for deeper dives into specific topics.  Mentorship is also incredibly valuable when available.>Online courses, Books
MULTI-SELECT>What are your preferred learning resources?>Online courses; Books; Conferences; Workshops; Mentorship; Self-study>Gotta say, I'm all about online courses and workshops ¢?? they're super engaging!>Online courses, Workshops>colloquial
MULTI-SELECT>What are your preferred learning resources?>Online courses; Books; Conferences; Workshops; Mentorship; Self-study>My preferred learning methods are diverse.  I value the structured approach of online courses and workshops, supplemented by the in-depth knowledge gained from books.  Conferences offer broader perspectives.>Online courses, Workshops
MULTI-SELECT>What are your preferred learning resources?>Online courses; Books; Conferences; Workshops; Mentorship; Self-study>I learn best through a mix of things, really.  Books for the detail, online courses for the structure
MULTI-SELECT>What are your preferred methods for code optimization?>Profiling; Algorithmic improvements; Data structure optimization; Code refactoring>My preferred approach to code optimization is a multi-pronged attack. I'd start by profiling the code to identify bottlenecks, then consider algorithmic improvements to address the fundamental inefficiencies.  Data structure optimization often plays a crucial role as well.>Profiling, Algorithmic improvements
MULTI-SELECT>What are your preferred methods for code optimization?>Profiling; Algorithmic improvements; Data structure optimization; Code refactoring>Profiling, algorithmic improvements, and data structure optimization are key.>Profiling
MULTI-SELECT>What are your preferred methods for code optimization?>Profiling; Algorithmic improvements; Data structure optimization; Code refactoring>Dude, gotta profile first, see where things are slow. Then maybe tweak the algorithm or the data structures ¢?? whatever's bottlenecking the whole thing.>Profiling
MULTI-SELECT>What are your preferred methods for code optimization?>Profiling; Algorithmic improvements; Data structure optimization; Code refactoring>Effective code optimization involves a systematic process.  Initially, profiling helps pinpoint performance bottlenecks. Subsequently, algorithmic improvements and data structure optimizations can significantly enhance efficiency.  Refactoring might be necessary to improve readability and maintainability after optimization.>Profiling
MULTI-SELECT>What are your preferred methods for code optimization?>Profiling; Algorithmic improvements; Data structure optimization; Code refactoring>It depends on the situation, but usually profiling is essential to understand where the issues are.  Then, I'd look at the algorithm and data structures
MULTI-SELECT>What are your preferred methods for code refactoring?>Extract Method; Rename Method; Move Method; Extract Class; Inline Method>My preferred refactoring methods often involve breaking down large methods into smaller, more manageable ones using Extract Method.  If names aren't clear, Rename Method helps improve readability.  Finally
MULTI-SELECT>What are your preferred methods for code refactoring?>Extract Method; Rename Method; Move Method; Extract Class; Inline Method>I usually start by pulling out chunks of code into their own little functions ¢?? that's Extract Method, you know?  If things are a mess,  I might also rename stuff to make it clearer.>Extract Method
MULTI-SELECT>What are your preferred methods for code refactoring?>Extract Method; Rename Method; Move Method; Extract Class; Inline Method>For improving code clarity and maintainability, I prioritize Extract Method to enhance readability and reduce complexity.  This often leads to the need for Rename Method to reflect the new function's purpose.  Extract Class can be useful for larger-scale restructuring.>Extract Method, Rename Method
MULTI-SELECT>What are your preferred methods for code refactoring?>Extract Method; Rename Method; Move Method; Extract Class; Inline Method>It depends on the situation, but often it's just fixing the names with Rename Method and maybe pulling out a function using Extract Method.  Sometimes I have to move stuff around with Move Method.>Rename Method, Extract Method
MULTI-SELECT>What are your preferred methods for debugging code?>Print statements; Debuggers; Logging; Code reviews; Unit tests>My go-to debugging strategy is usually to start with print statements for quick checks, then move on to a debugger if the issue is more complex.  Code reviews are also invaluable for catching errors early on.>Print statements, Debuggers
MULTI-SELECT>What are your preferred methods for debugging code?>Print statements; Debuggers; Logging; Code reviews; Unit tests>Print statements are my jam for simple stuff, but for anything hairy, I break out the debugger.  Logging helps too
MULTI-SELECT>What are your preferred methods for debugging code?>Print statements; Debuggers; Logging; Code reviews; Unit tests>I find a systematic approach most effective. I begin with print statements for initial investigation. If the problem persists, I utilize a debugger for a more detailed analysis.  Finally, I write unit tests to prevent recurrence.>Print statements
MULTI-SELECT>What are your preferred methods for debugging code?>Print statements; Debuggers; Logging; Code reviews; Unit tests>I hate debugging, but debuggers are the least painful option after I've tried print statements and it still doesn't work.  A good set of unit tests would have prevented this in the first place.>Print statements, Debuggers
MULTI-SELECT>What are your preferred methods for gathering customer feedback?>Customer surveys; Customer interviews; Focus groups; Online reviews; Social media monitoring>I find customer surveys and online reviews to be the most efficient methods for gathering a broad range of feedback.  Surveys allow for structured data collection, while reviews provide unfiltered opinions. Combining these approaches offers a comprehensive view.>Customer surveys, Online reviews>verbose
MULTI-SELECT>What are your preferred methods for gathering customer feedback?>Customer surveys; Customer interviews; Focus groups; Online reviews; Social media monitoring>Surveys are cool for getting lots of answers quick, but I also like checking out what peeps are saying on social media ¢?? you get a raw vibe there.>Customer surveys, Social media monitoring>colloquial
MULTI-SELECT>What are your preferred methods for gathering customer feedback?>Customer surveys; Customer interviews; Focus groups; Online reviews; Social media monitoring>For a balanced approach, I'd use customer surveys to gather quantitative data on satisfaction levels and then follow up with customer interviews to gain deeper qualitative insights into specific issues raised.  This provides both breadth and depth of understanding.>Customer surveys, Customer interviews>explanatory
MULTI-SELECT>What are your preferred methods for maintaining code quality?>Code reviews; Static analysis; Unit testing; Integration testing; Code style guidelines>Code reviews are essential for catching logic errors and ensuring code readability.  Supplementing this with static analysis tools helps identify potential problems early. Unit testing provides confidence in individual components.>Code reviews, Static analysis, Unit testing>verbose
MULTI-SELECT>What are your preferred methods for maintaining code quality?>Code reviews; Static analysis; Unit testing; Integration testing; Code style guidelines>Gotta have unit tests, man.  And code reviews are a must to keep things sane.>Unit testing, Code reviews>colloquial
MULTI-SELECT>What are your preferred methods for maintaining code quality?>Code reviews; Static analysis; Unit testing; Integration testing; Code style guidelines>To maintain high code quality, a multi-faceted approach is necessary.  This includes employing static analysis tools to detect potential bugs automatically, and conducting thorough code reviews to ensure adherence to coding standards and best practices. Unit testing is crucial for verifying the correctness of individual code units.>Static analysis
MULTI-SELECT>What are your preferred methods for maintaining code quality?>Code reviews; Static analysis; Unit testing; Integration testing; Code style guidelines>Obviously, thorough unit testing is a bare minimum.  And code style guidelines are pretty important too, for maintainability.>Unit testing
MULTI-SELECT>What are your preferred methods for managing dependencies in your projects?>Package managers; Dependency injection>I primarily utilize package managers for managing dependencies in my projects.  They streamline the process of installing, updating, and removing dependencies
MULTI-SELECT>What are your preferred methods for managing dependencies in your projects?>Package managers; Dependency injection>Yeah, I totally rely on package managers, makes life so much easier.>Package managers>colloquial
MULTI-SELECT>What are your preferred methods for managing dependencies in your projects?>Package managers; Dependency injection>For managing project dependencies, a package manager is crucial for organization and reproducibility.  Dependency injection is a useful technique to improve code modularity and testability, but it's secondary to the core dependency management provided by a package manager.  Both are important in their own ways.>Package managers
MULTI-SELECT>What are your preferred methods for nurturing leads?>Email marketing; Content marketing; Social media engagement; Personalized email sequences; Webinars and online events>I find a multifaceted approach most effective.  Combining personalized email sequences with engaging content marketing helps nurture leads by providing valuable information and building relationships.  This, coupled with strategic social media engagement, maximizes reach and impact.>Personalized email sequences
MULTI-SELECT>What are your preferred methods for nurturing leads?>Email marketing; Content marketing; Social media engagement; Personalized email sequences; Webinars and online events>Gotta go with email marketing and social media, dude.  Keeps 'em engaged, ya know?>Email marketing
MULTI-SELECT>What are your preferred methods for nurturing leads?>Email marketing; Content marketing; Social media engagement; Personalized email sequences; Webinars and online events>For optimal lead nurturing, I rely on a combination of strategies.  Content marketing establishes expertise and attracts leads, while personalized email sequences deliver targeted information and offers to move them further down the sales funnel. Webinars can also be incredibly useful for building relationships.>Content marketing
MULTI-SELECT>What are your preferred methods for nurturing leads?>Email marketing; Content marketing; Social media engagement; Personalized email sequences; Webinars and online events>It depends on the lead, but a good mix is usually best.  Content marketing is crucial, and I also utilize email marketing.  Sometimes webinars are helpful
MULTI-SELECT>What are your preferred methods for staying up-to-date on industry news?>Reading industry publications; Attending industry events; Following industry influencers on social media; Subscribing to industry newsletters; Listening to industry podcasts>I find a combination of methods works best.  I regularly read industry publications and subscribe to relevant newsletters to get a solid base of information, then supplement that with following key influencers on social media for a quicker pulse on emerging trends.  Attending industry events is great for networking and deeper insights, but less frequent.>Reading industry publications
MULTI-SELECT>What are your preferred methods for staying up-to-date on industry news?>Reading industry publications; Attending industry events; Following industry influencers on social media; Subscribing to industry newsletters; Listening to industry podcasts>I'm all over the place, man!  Newsletters, podcasts
MULTI-SELECT>What are your preferred methods for staying up-to-date on industry news?>Reading industry publications; Attending industry events; Following industry influencers on social media; Subscribing to industry newsletters; Listening to industry podcasts>To ensure comprehensive coverage, I utilize multiple channels.  Industry publications provide in-depth analysis, while podcasts offer a more convenient
MULTI-SELECT>What are your preferred methods for training your sales team?>Classroom training; Online training; On-the-job training; Mentorship programs; External training courses>We find a blended approach most effective.  Classroom training provides foundational knowledge, while on-the-job training allows for practical application and mentorship refines individual skills.  Online training supplements this with readily accessible resources.>Classroom training, Online training
MULTI-SELECT>What are your preferred methods for training your sales team?>Classroom training; Online training; On-the-job training; Mentorship programs; External training courses>Gotta mix it up, you know?  Classroom stuff for the basics, then online modules for when they're swamped
MULTI-SELECT>What are your preferred methods for training your sales team?>Classroom training; Online training; On-the-job training; Mentorship programs; External training courses>For optimal results, we utilize a combination of classroom sessions for structured learning, online modules for flexible self-paced learning
MULTI-SELECT>What are your preferred methods for training your sales team?>Classroom training; Online training; On-the-job training; Mentorship programs; External training courses>It depends on the individual and their needs, but generally, a combination of classroom
MULTI-SELECT>What are your preferred methods for version control?>Git flow; GitHub flow; GitLab flow>I find Git flow to be the most robust for larger projects with multiple developers, offering a clear structure for managing releases and features.  GitHub flow is simpler and suits smaller teams, while GitLab flow incorporates the best of both worlds but can be overly complex for some.>Git flow
MULTI-SELECT>What are your preferred methods for version control?>Git flow; GitHub flow; GitLab flow>GitHub flow's pretty easy to get your head around, especially if you're just starting out. But for bigger things, maybe GitLab flow is the way to go.>GitHub flow
MULTI-SELECT>What are your preferred methods for version control?>Git flow; GitHub flow; GitLab flow>For straightforward projects with a small team, GitHub flow¢??s simplicity is a major advantage.  Git flow provides a more structured approach that scales well for larger projects and complex workflows. GitLab flow combines elements of both but might feel excessive for simple tasks.>Git flow, GitHub flow
MULTI-SELECT>What are your preferred methods of communication?>Email; Phone; Video conferencing; Social media; In-person meetings>I'm most comfortable with email for detailed discussions and scheduling.  For quick updates, a phone call works well, and I'm open to video conferencing for more collaborative projects.  In-person meetings are best when a personal connection is needed.>Email
MULTI-SELECT>What are your preferred methods of communication?>Email; Phone calls; Video conferencing; Instant messaging; In-person meetings>I'm most comfortable with email for detailed discussions and documentation.  For quick questions or updates, instant messaging works well.  Video conferencing is useful when visual communication is important.>Email, Instant messaging
MULTI-SELECT>What are your preferred methods of communication?>Email; Phone; Video conferencing; Social media; In-person meetings>Hit me up via email, usually.  Phone's cool too, if it's quick. Video chat?  Yeah
MULTI-SELECT>What are your preferred methods of communication?>Email; Phone calls; Video conferencing; Instant messaging; In-person meetings>Hit me up via email or text, whatever's easiest!  Video calls are okay too if it's really important.>Email, Instant messaging
MULTI-SELECT>What are your preferred methods of communication?>Email; Phone; Video conferencing; Social media; In-person meetings>My preferred method is email for its record-keeping capabilities.  However, I find phone calls efficient for immediate issues.  I'm available for video conferencing if needed for collaborative efforts.>Email, Phone
MULTI-SELECT>What are your preferred methods of communication?>Email; Phone; Video conferencing; Social media; In-person meetings>Email is best for most things.  Phone calls only if absolutely necessary. I really don't like video conferencing unless it is essential.>Email, Phone, Video conferencing>annoyed
MULTI-SELECT>What are your preferred methods of communication?>Email; Phone calls; Video conferencing; Instant messaging; In-person meetings>I really need you to specify how you want to communicate.  Email's fine, but phone calls are a last resort.>Email, Phone calls>annoyed
MULTI-SELECT>What are your preferred methods of customer communication?>Email; Phone; Chat; Social media; In-person meetings>I find email to be the most efficient for detailed information, while phone calls are best for quick questions and immediate clarification.  Social media is useful for broader announcements and community engagement.>Email, Phone
MULTI-SELECT>What are your preferred methods of customer communication?>Email; Phone; Chat; Social media; In-person meetings>Email's cool for the deets, but sometimes a quick chat is way faster.>Email, Chat>colloquial
MULTI-SELECT>What are your preferred methods of customer communication?>Email; Phone; Chat; Social media; In-person meetings>My preferred methods depend on the context.  Email is ideal for formal communication and record-keeping, whereas phone calls allow for immediate feedback and nuanced conversation.  In-person meetings are best for complex issues requiring collaborative problem-solving.>Email, Phone
MULTI-SELECT>What are your preferred methods of customer communication?>Email; Phone; Chat; Social media; In-person meetings>I really need a way to reach customers that's efficient. Email is okay, but I prefer phone calls for quicker resolutions.  Social media is just too chaotic.>Email, Phone>annoyed
MULTI-SELECT>What are your preferred tools for building and deploying applications?>Docker; Kubernetes; Jenkins; Travis CI; CircleCI>For building and deploying applications, I find Docker invaluable for containerization, Kubernetes for orchestration at scale
MULTI-SELECT>What are your preferred tools for building and deploying applications?>Docker; Kubernetes; Jenkins; Travis CI; CircleCI>Docker, Kubernetes, and Jenkins are my go-to tools.>Docker
MULTI-SELECT>What are your preferred tools for building and deploying applications?>Docker; Kubernetes; Jenkins; Travis CI; CircleCI>Docker's awesome for containers, Kubernetes handles the clusters, and Jenkins keeps things automated ¢?? that's my usual setup!>Docker
MULTI-SELECT>What are your preferred tools for building and deploying applications?>Docker; Kubernetes; Jenkins; Travis CI; CircleCI>My preferred workflow involves using Docker to create consistent application environments, leveraging Kubernetes to manage container deployments across multiple hosts, and employing Travis CI for automated testing and deployment. This combination ensures reliability and scalability.>Docker
MULTI-SELECT>What are your preferred tools for building and deploying applications?>Docker; Kubernetes; Jenkins; Travis CI; CircleCI>I prefer Docker for containers, and Kubernetes if absolutely necessary for scaling.  CircleCI is okay for CI/CD if I don't have time to set up Jenkins.>Docker, Kubernetes
MULTI-SELECT>What are your preferred tools for code analysis?>Linters; Static analyzers; Code coverage tools>For comprehensive code analysis, I rely on a combination of linters and static analyzers. Linters help catch stylistic issues and potential bugs, while static analyzers delve deeper into code structure and potential vulnerabilities.  Code coverage tools are also valuable for ensuring testing thoroughness.>Linters
MULTI-SELECT>What are your preferred tools for code analysis?>Linters; Static analyzers; Code coverage tools>I prefer static analyzers; they're far more effective than just using linters.  Code coverage tools are useful, but secondary.>Static analyzers, Code coverage tools>annoyed
MULTI-SELECT>What are your preferred tools for code documentation?>JSDoc; Javadoc; Sphinx; Doxygen>For comprehensive documentation of JavaScript projects, I find JSDoc invaluable.  Javadoc is also useful, especially if I'm working with Java.  The combination provides excellent coverage.>JSDoc
MULTI-SELECT>What are your preferred tools for code documentation?>JSDoc; Javadoc; Sphinx; Doxygen>I really like JSDoc for quick stuff, but for bigger projects, Sphinx is the way to go
MULTI-SELECT>What are your preferred tools for code documentation?>JSDoc; Javadoc; Sphinx; Doxygen>My preferred tools depend on the programming language.  For Java, Javadoc is standard and effective.  For Python, Sphinx offers robust features for creating professional documentation.>Javadoc
MULTI-SELECT>What are your preferred tools for code documentation?>JSDoc; Javadoc; Sphinx; Doxygen>It depends on the project, but I generally prefer JSDoc or Doxygen; they're usually sufficient.>JSDoc, Doxygen>annoyed
MULTI-SELECT>What are your preferred tools for monitoring and logging applications?>Grafana; Prometheus; ELK stack; Splunk; Datadog>For comprehensive application monitoring and logging, I find the ELK stack to be incredibly powerful.  Its flexibility allows for customization to fit various needs, and the open-source nature makes it cost-effective.  Combined with Grafana for visualization
MULTI-SELECT>What are your preferred tools for monitoring and logging applications?>Grafana; Prometheus; ELK stack; Splunk; Datadog>I'd totally go with Splunk, it's like, super easy to use and gets the job done.  Plus the dashboards are pretty sweet.>Splunk>colloquial
MULTI-SELECT>What are your preferred tools for monitoring and logging applications?>Grafana; Prometheus; ELK stack; Splunk; Datadog>Prometheus and Grafana are a fantastic pairing for monitoring. Prometheus excels at metrics collection, while Grafana provides intuitive dashboards for visualizing that data and alerting on thresholds.  This setup is robust and scalable.>Prometheus, Grafana>explanatory
MULTI-SELECT>What are your preferred tools for monitoring and logging applications?>Grafana; Prometheus; ELK stack; Splunk; Datadog>It depends on the scale and budget, but for a straightforward solution,  Prometheus and Grafana are sufficient.>Prometheus
MULTI-SELECT>What are your preferred ways to contribute to open-source projects?>Coding; Testing; Documentation; Community support>Primarily coding, occasionally testing.>Coding, Testing>concise
MULTI-SELECT>What are your preferred ways to contribute to open-source projects?>Coding; Testing; Documentation; Community support>I'm all about the code, man!  But sometimes I'll help out with the docs if they're really messed up.>Coding, Documentation>colloquial
MULTI-SELECT>What are your preferred ways to contribute to open-source projects?>Coding; Testing; Documentation; Community support>My preferred contribution is coding new features and fixing bugs.  However, I also believe thorough testing is crucial for software quality, so I dedicate time to that as well.  A well-maintained codebase is essential.>Coding
MULTI-SELECT>What are your preferred ways to contribute to open-source projects?>Coding; Testing; Documentation; Community support>I mostly contribute code, as that's where I can make the biggest impact.  I'll help with documentation if absolutely necessary, but it's lower priority for me.>Coding
MULTI-SELECT>What are your preferred ways to handle errors in your code?>Exception handling; Error logging; Error reporting; Defensive programming>My preferred approach is a combination of exception handling and defensive programming.  This allows me to gracefully handle unexpected inputs and prevent errors from propagating through the system.  Thorough error logging is also crucial for debugging and maintenance.>Exception handling, Defensive programming, Error logging>verbose
MULTI-SELECT>What are your preferred ways to handle errors in your code?>Exception handling; Error logging; Error reporting; Defensive programming>I mostly use try-catch blocks (that's exception handling, right?), plus I try to make my code bulletproof ¢?? defensive programming.  And logging ¢?? you gotta log stuff!>Exception handling
MULTI-SELECT>What are your preferred ways to handle errors in your code?>Exception handling; Error logging; Error reporting; Defensive programming>Robust error handling requires a multi-pronged strategy. I prioritize exception handling to catch and manage runtime errors.  I also employ defensive programming to prevent errors from occurring in the first place, and detailed error logging helps with post-mortem analysis and debugging.>Exception handling, Defensive programming
MULTI-SELECT>What are your preferred ways to handle errors in your code?>Exception handling; Error logging; Error reporting; Defensive programming>It depends on the context, but  I find exception handling and error reporting are the most useful.  Defensive programming helps, but it's not always practical.>Exception handling
MULTI-SELECT>What are your preferred ways to learn new technologies?>Hands-on practice; Reading documentation; Watching tutorials; Following online courses; Working with experienced developers>I find that a combination of hands-on practice and watching tutorials works best for me.  Seeing the concepts demonstrated visually helps me understand them, and then I reinforce my learning by building something myself.  This approach allows me to quickly grasp the practical applications of the technology.>Hands-on practice, Watching tutorials>verbose
MULTI-SELECT>What are your preferred ways to learn new technologies?>Hands-on practice; Reading documentation; Watching tutorials; Following online courses; Working with experienced developers>Gotta get my hands dirty, ya know?  Tutorials are alright for the basics, but nothin' beats actually doin' it.>Hands-on practice
MULTI-SELECT>What are your preferred ways to learn new technologies?>Hands-on practice; Reading documentation; Watching tutorials; Following online courses; Working with experienced developers>For me, the most effective learning method involves a blend of reading documentation to understand the fundamentals and then applying that knowledge through hands-on practice.  This structured approach allows for a solid theoretical foundation and immediate practical application.>Reading documentation, Hands-on practice>explanatory
MULTI-SELECT>What are your preferred ways to stay up-to-date with the latest technologies?>Reading industry blogs; Attending conferences and workshops; Taking online courses; Participating in open-source projects; Networking with other developers>I find attending conferences and workshops incredibly valuable for networking and learning about the latest technologies directly from experts.  Reading industry blogs supplements this by providing ongoing insights between events.  Online courses help me deepen my understanding of specific technologies.>Attending conferences and workshops, Reading industry blogs, Taking online courses>verbose
MULTI-SELECT>What are your preferred ways to stay up-to-date with the latest technologies?>Reading industry blogs; Attending conferences and workshops; Taking online courses; Participating in open-source projects; Networking with other developers>Industry blogs, online courses, and networking.>Reading industry blogs
MULTI-SELECT>What are your preferred ways to stay up-to-date with the latest technologies?>Reading industry blogs; Attending conferences and workshops; Taking online courses; Participating in open-source projects; Networking with other developers>I mostly check out industry blogs, sometimes go to a conference if it's cool, and I'm always trying to network ¢?? gotta meet people
MULTI-SELECT>What are your preferred ways to stay up-to-date with the latest technologies?>Reading industry blogs; Attending conferences and workshops; Taking online courses; Participating in open-source projects; Networking with other developers>To stay current, I prioritize reading relevant industry blogs for daily updates and taking online courses to master new skills.  Conferences provide a broader overview and networking opportunities.  This combination offers a balanced approach to continuous learning.>Reading industry blogs, Taking online courses
MULTI-SELECT>What are your primary channels for communicating with customers?>Email; Phone; Social media; Live chat; In-person meetings>We primarily use email for official communications and follow-ups, while phone calls are reserved for urgent matters requiring immediate attention.  Social media serves as a platform for announcements and general customer engagement.>Email, Phone
MULTI-SELECT>What are your primary channels for communicating with customers?>Email; Phone; Social media; Live chat; In-person meetings>Email, phone, and social media.>Email
MULTI-SELECT>What are your primary channels for communicating with customers?>Email; Phone; Social media; Live chat; In-person meetings>Mostly email, sometimes we hop on the phone if it's a big deal, and we're always posting stuff on social media
MULTI-SELECT>What are your primary channels for communicating with customers?>Email; Phone; Social media; Live chat; In-person meetings>Our communication strategy is multifaceted. We utilize email for detailed correspondence, phone calls for quick resolutions, and social media to foster a community and provide updates. Live chat is used on our website for immediate customer support.>Email
MULTI-SELECT>What are your primary channels for communicating with customers?>Email; Phone; Social media; Live chat; In-person meetings>We use a combination of methods.  Email for most things, phone for emergencies, and social media because we have to.>Email
MULTI-SELECT>What are your primary concerns regarding the accuracy of your sales data?>Data entry errors; Data inconsistencies; Lack of data standardization; Difficulty accessing accurate data; Outdated data>The accuracy of our sales data is hampered by a lack of data standardization and difficulty accessing accurate data.  This makes it challenging to consolidate information from different sources and ensure consistency.  Consequently, reliable reporting becomes problematic.>Lack of data standardization, Difficulty accessing accurate data>explanatory
MULTI-SELECT>What are your primary concerns regarding the accuracy of your sales data?>Data entry errors; Data inconsistencies; Lack of data standardization; Difficulty accessing accurate data; Outdated data>It's frustrating, the data is constantly problematic.  Outdated information and inconsistencies are major issues that impact decision-making.>Outdated data, Data inconsistencies>annoyed
MULTI-SELECT>What are your primary customer segments?>Construction; Manufacturing; Energy; Transportation; Agriculture>Our primary customer segments are diverse, encompassing the construction and manufacturing sectors.  We also see significant business in the energy industry.  These three areas represent the majority of our clientele.>Construction, Manufacturing
MULTI-SELECT>What are your primary customer segments?>Construction; Manufacturing; Energy; Transportation; Agriculture>Construction, Manufacturing, and Energy.>Construction
MULTI-SELECT>What are your primary customer segments?>Construction; Manufacturing; Energy; Transportation; Agriculture>We mostly deal with Construction,  Manufacturing, and a bit of Transportation
MULTI-SELECT>What are your primary customer segments?>Construction; Manufacturing; Energy; Transportation; Agriculture>Our largest customer base is currently within the construction industry.  We are also actively pursuing opportunities in the manufacturing and transportation sectors.  Our goal is to expand into agriculture in the future.>Construction, Manufacturing, Transportation
MULTI-SELECT>What are your primary customer segments?>Construction; Manufacturing; Energy; Transportation; Agriculture>It's primarily Construction and Manufacturing.  We do some work with Energy, but those are the main ones.>Construction, Manufacturing
MULTI-SELECT>What are your primary distribution channels?>Direct sales; Distributors; Retailers; Online sales; Export>We primarily utilize a multi-channel approach, leveraging both direct sales to key accounts and a network of distributors to reach a wider market.  Online sales are also a significant component of our strategy.>Direct sales, Distributors
MULTI-SELECT>What are your primary distribution channels?>Direct sales; Distributors; Retailers; Online sales; Export>Direct sales, distributors, and online.>Direct sales
MULTI-SELECT>What are your primary distribution channels?>Direct sales; Distributors; Retailers; Online sales; Export>We sell stuff directly, use distributors, and also have an online store
MULTI-SELECT>What are your primary distribution channels?>Direct sales; Distributors; Retailers; Online sales; Export>Our distribution strategy is multifaceted.  We employ direct sales for larger clients, a network of distributors for broader reach, and also maintain a robust online sales presence to cater to individual customers.  Export is currently under development.>Direct sales
MULTI-SELECT>What are your primary distribution channels?>Direct sales; Distributors; Retailers; Online sales; Export>We use several methods.  Direct sales are important, as are distributors and our online store. That's how we do it.>Direct sales, Distributors
MULTI-SELECT>What are your primary environmental concerns?>Air pollution; Water pollution; Waste management; Greenhouse gas emissions; Noise pollution>My biggest concern is greenhouse gas emissions, as they drive climate change with far-reaching consequences.  Closely following that is air pollution, which directly impacts human health.  Waste management is also a serious issue
MULTI-SELECT>What are your primary environmental concerns?>Air pollution; Water pollution; Waste management; Greenhouse gas emissions; Noise pollution>Dude, it's gotta be the air and the water, right?  Plus all that garbage piling up everywhere.>Air pollution
MULTI-SELECT>What are your primary environmental concerns?>Air pollution; Water pollution; Waste management; Greenhouse gas emissions; Noise pollution>The interconnectedness of environmental issues makes it difficult to prioritize just one.  However, I'd highlight greenhouse gas emissions as the root cause of many problems, followed by its direct consequences like air and water pollution.  Waste management exacerbates these issues.>Greenhouse gas emissions
MULTI-SELECT>What are your primary goals for improving sustainability?>Reduce greenhouse gas emissions; Reduce water consumption; Reduce waste generation; Improve energy efficiency; Source sustainable materials>Our primary focus is on minimizing our environmental impact.  This means prioritizing both reduced greenhouse gas emissions and improved energy efficiency across all operations. We're also committed to sourcing sustainable materials whenever feasible.>Reduce greenhouse gas emissions, Improve energy efficiency, Source sustainable materials>verbose
MULTI-SELECT>What are your primary goals for improving sustainability?>Reduce greenhouse gas emissions; Reduce water consumption; Reduce waste generation; Improve energy efficiency; Source sustainable materials>Gotta cut down on the pollution, ya know? And use less water too.>Reduce greenhouse gas emissions, Reduce water consumption>colloquial
MULTI-SELECT>What are your primary goals for improving sustainability?>Reduce greenhouse gas emissions; Reduce water consumption; Reduce waste generation; Improve energy efficiency; Source sustainable materials>To achieve sustainability, we are concentrating our efforts on reducing greenhouse gas emissions and water consumption. These are critical factors in mitigating climate change and resource depletion.>Reduce greenhouse gas emissions, Reduce water consumption>explanatory
MULTI-SELECT>What are your primary goals for improving sustainability?>Reduce greenhouse gas emissions; Reduce water consumption; Reduce waste generation; Improve energy efficiency; Source sustainable materials>It's a multifaceted problem, but obviously reducing greenhouse gas emissions is key. We're also working on improving energy efficiency.>Reduce greenhouse gas emissions, Improve energy efficiency>annoyed
MULTI-SELECT>What are your primary goals for improving your sales process?>Increase sales revenue; Improve sales efficiency; Enhance customer satisfaction; Reduce sales cycle length; Improve lead conversion rates>Our top priority is boosting sales revenue.  A shorter sales cycle will help us achieve this, and improved lead conversion rates will also contribute significantly to increased revenue.  Better efficiency is always a plus.>Increase sales revenue, Reduce sales cycle length
MULTI-SELECT>What are your primary goals for improving your sales process?>Increase sales revenue; Improve sales efficiency; Enhance customer satisfaction; Reduce sales cycle length; Improve lead conversion rates>Gotta get more sales, ya know?  And less time wasted, so shorter sales cycles are key.>Increase sales revenue
MULTI-SELECT>What are your primary goals for improving your sales process?>Increase sales revenue; Improve sales efficiency; Enhance customer satisfaction; Reduce sales cycle length; Improve lead conversion rates>We need to improve our sales process to increase revenue, primarily by focusing on improving lead conversion rates.  Improving efficiency will also help us achieve our overall goal of higher revenue.  Happy customers contribute to repeat business and positive word of mouth.>Increase sales revenue, Improve lead conversion rates
MULTI-SELECT>What are your primary goals for improving your sales process?>Increase sales revenue; Improve sales efficiency; Enhance customer satisfaction; Reduce sales cycle length; Improve lead conversion rates>Frankly, we need more sales.  And better conversion of leads.  It's that simple.>Increase sales revenue, Improve lead conversion rates>annoyed
MULTI-SELECT>What are your primary goals for this marketing campaign?>Increase brand awareness; Generate leads; Drive sales; Improve customer engagement; Build customer loyalty>Our main objective is to boost brand awareness and generate leads.  By increasing visibility and capturing potential customer information, we can lay the groundwork for future sales and build stronger customer relationships. This phased approach is key to sustainable growth.>Increase brand awareness, Generate leads>verbose
MULTI-SELECT>What are your primary goals for this marketing campaign?>Increase brand awareness; Generate leads; Drive sales; Improve customer engagement; Build customer loyalty>Gotta get those sales up, but also, you know
MULTI-SELECT>What are your primary goals for this marketing campaign?>Increase brand awareness; Generate leads; Drive sales; Improve customer engagement; Build customer loyalty>The primary goal is to increase sales, but we also need to focus on building customer loyalty to ensure long-term success.  Strong customer relationships lead to repeat business and positive word-of-mouth marketing.  This is a crucial aspect of sustained growth.>Drive sales, Build customer loyalty>explanatory
MULTI-SELECT>What are your primary methods for reducing energy consumption?>Energy-efficient equipment; Process optimization; Renewable energy sources; Waste heat recovery; Energy management systems>We primarily focus on energy-efficient equipment and process optimization to reduce our energy footprint.  These two strategies offer a direct and impactful way to lower consumption without significant upfront investment in renewables.  We supplement these with waste heat recovery where feasible.>Energy-efficient equipment, Process optimization, Waste heat recovery>verbose
MULTI-SELECT>What are your primary methods for reducing energy consumption?>Energy-efficient equipment; Process optimization; Renewable energy sources; Waste heat recovery; Energy management systems>We're all about using the latest energy-saving gadgets, and trying to tweak things to use less juice. Plus, we're looking into solar.>Energy-efficient equipment
MULTI-SELECT>What are your primary methods for reducing energy consumption?>Energy-efficient equipment; Process optimization; Renewable energy sources; Waste heat recovery; Energy management systems>Our strategy for reducing energy consumption involves a multi-pronged approach.  We invest in energy-efficient equipment and implement robust energy management systems to monitor and control energy use.  This allows for precise optimization of processes and identification of areas for improvement.>Energy-efficient equipment, Energy management systems, Process optimization>explanatory
MULTI-SELECT>What are your primary methods for reducing energy consumption?>Energy-efficient equipment; Process optimization; Renewable energy sources; Waste heat recovery; Energy management systems>It's a combination of things, really.  We've upgraded our equipment,  improved our processes
MULTI-SELECT>What are your primary methods for reducing waste generation?>Improved process efficiency; Recycling programs; Waste reduction initiatives; Waste-to-energy technologies; Improved material handling>We primarily focus on improving process efficiency to minimize waste at the source.  Supplementing this, we have robust recycling programs in place to divert waste from landfills.  Waste reduction initiatives across the organization further support our goals.>Improved process efficiency, Recycling programs
MULTI-SELECT>What are your primary methods for reducing waste generation?>Improved process efficiency; Recycling programs; Waste reduction initiatives; Waste-to-energy technologies; Improved material handling>Recycling's a big one, but we're also really trying to be smarter about how we do things ¢?? less waste from the get-go, ya know?>Recycling programs
MULTI-SELECT>What are your primary methods for reducing waste generation?>Improved process efficiency; Recycling programs; Waste reduction initiatives; Waste-to-energy technologies; Improved material handling>Our waste reduction strategy centers on improving process efficiency to minimize material use.  We also utilize recycling programs to recover valuable materials and reduce landfill waste. Waste-to-energy technologies are being explored for residual waste.>Improved process efficiency, Recycling programs, Waste-to-energy technologies>explanatory
MULTI-SELECT>What are your primary methods for reducing waste generation?>Improved process efficiency; Recycling programs; Waste reduction initiatives; Waste-to-energy technologies; Improved material handling>We're doing everything we can, okay?  It's a combination of better processes, recycling
MULTI-SELECT>What are your primary methods for reducing water consumption?>Water recycling; Water-efficient equipment; Process optimization; Leak detection and repair; Water management systems>We primarily focus on water-efficient equipment and process optimization to reduce consumption.  Regular leak detection and repair are also crucial parts of our strategy.  Recycling wastewater is a longer-term goal.>Water-efficient equipment, Process optimization, Leak detection and repair>verbose
MULTI-SELECT>What are your primary methods for reducing water consumption?>Water recycling; Water-efficient equipment; Process optimization; Leak detection and repair; Water management systems>Dude, we're all about fixing leaks and using less water stuff.  It's pretty straightforward.>Leak detection and repair, Water-efficient equipment>colloquial
MULTI-SELECT>What are your primary methods for reducing water consumption?>Water recycling; Water-efficient equipment; Process optimization; Leak detection and repair; Water management systems>Our approach to reducing water consumption is multifaceted.  We implement water-efficient equipment and regularly inspect for and repair leaks.  A comprehensive water management system is currently under development.>Water-efficient equipment, Leak detection and repair, Water management systems>explanatory
MULTI-SELECT>What are your primary methods for reducing water consumption?>Water recycling; Water-efficient equipment; Process optimization; Leak detection and repair; Water management systems>We're doing everything we can.  That includes upgrading our equipment, fixing leaks, and optimizing our processes. It's not easy!>Water-efficient equipment
MULTI-SELECT>What are your primary sources of information about industry trends?>Industry publications; News websites; Social media; Conferences and trade shows; Industry analysts>I primarily rely on industry publications and conferences to stay abreast of the latest trends.  These sources offer in-depth analyses and direct interaction with industry experts, providing a comprehensive understanding.  News websites offer supplementary information.>Industry publications, Conferences and trade shows
MULTI-SELECT>What are your primary sources of information about industry trends?>Industry publications; News websites; Social media; Conferences and trade shows; Industry analysts>I check out trade shows and industry rags, mostly.  Sometimes social media, if I stumble on something interesting.>Social media
MULTI-SELECT>What are your primary sources of information about industry trends?>Industry publications; News websites; Social media; Conferences and trade shows; Industry analysts>My understanding of industry trends is primarily shaped by reports from industry analysts, supplemented by information gleaned from relevant news websites. This combination provides a balance of expert opinion and current events.>Industry analysts, News websites>explanatory
MULTI-SELECT>What are your primary sources of leads?>Referral programs; Social media marketing; Content marketing; Email marketing; Paid advertising>Our primary lead generation strategy relies heavily on referral programs and content marketing.  These methods organically build trust and attract qualified leads. We supplement this with targeted social media marketing.>Referral programs, Social media marketing, Content marketing>verbose
MULTI-SELECT>What are your primary sources of leads?>Referral programs; Social media marketing; Content marketing; Email marketing; Paid advertising>Mostly we get leads from word-of-mouth, you know, referrals.  But we also do some social media stuff.>Referral programs
MULTI-SELECT>What are your primary sources of leads?>Referral programs; Social media marketing; Content marketing; Email marketing; Paid advertising>We utilize a multi-pronged approach. Content marketing drives organic leads, while paid advertising provides a faster, albeit more expensive
MULTI-SELECT>What are your primary sources of leads?>Referral programs; Social media marketing; Content marketing; Email marketing; Paid advertising>It's a combination of things, really.  We use paid ads, but also rely on referrals and content marketing to build a sustainable pipeline.>Paid advertising
MULTI-SELECT>What are your sales team's key performance indicators (KPIs)?>Revenue generated; Number of deals closed; Average deal size; Sales cycle length; Customer acquisition cost (CAC)>Our sales team's KPIs are multifaceted, focusing on both the quantity and quality of sales.  We track revenue generated, the number of deals closed
MULTI-SELECT>What are your sales team's key performance indicators (KPIs)?>Revenue generated; Number of deals closed; Average deal size; Sales cycle length; Customer acquisition cost (CAC)>Revenue generated, number of deals closed.>Revenue generated, Number of deals closed>concise
MULTI-SELECT>What are your sales team's key performance indicators (KPIs)?>Revenue generated; Number of deals closed; Average deal size; Sales cycle length; Customer acquisition cost (CAC)>We totally look at how much money we're bringing in (revenue), how many deals we're closing, and how long it takes (sales cycle length).  Pretty basic
MULTI-SELECT>What are your sales team's key performance indicators (KPIs)?>Revenue generated; Number of deals closed; Average deal size; Sales cycle length; Customer acquisition cost (CAC)>To assess our sales team's effectiveness, we primarily use revenue generated as the ultimate measure of success.  However, we also analyze the number of deals closed to understand sales volume and the average deal size to assess the value of each sale.  This gives a well-rounded picture.>Revenue generated
MULTI-SELECT>What are your sales team's key performance indicators (KPIs)?>Revenue generated; Number of deals closed; Average deal size; Sales cycle length; Customer acquisition cost (CAC)>The main ones are revenue and the number of deals closed.  It's not rocket science.  We also keep an eye on the customer acquisition cost.>Revenue generated, Number of deals closed, Customer acquisition cost (CAC)>annoyed
MULTI-SELECT>What are your strengths as a software developer?>Problem-solving; Communication; Teamwork; Time management; Adaptability; Technical skills>My greatest strengths lie in my problem-solving abilities and technical skills.  I can quickly diagnose and resolve complex coding issues, and I'm always eager to learn new technologies.  This, combined with strong teamwork skills
MULTI-SELECT>What are your strengths as a software developer?>Problem-solving; Communication; Teamwork; Time management; Adaptability; Technical skills>I'm a whiz at problem-solving, and my time management's pretty solid.  Plus, I work well with others.>Problem-solving
MULTI-SELECT>What are your strengths as a software developer?>Problem-solving; Communication; Teamwork; Time management; Adaptability; Technical skills>I excel at problem-solving because I approach challenges methodically, breaking them down into smaller, manageable components. My strong communication skills ensure that my solutions are well-understood and implemented effectively within the team.>Problem-solving
MULTI-SELECT>What are your team's preferred communication tools?>Slack; Microsoft Teams; Email; Project management software; Instant messaging apps>We primarily use Slack for quick questions and informal communication.  For project updates and task assignments, we rely heavily on our project management software.  Email is reserved for more formal communication or external stakeholders.>Slack, Project management software
MULTI-SELECT>What are your team's preferred communication tools?>Slack; Microsoft Teams; Email; Project management software; Instant messaging apps>We're all over the place, tbh.  Slack, Teams
MULTI-SELECT>What are your team's preferred communication tools?>Slack; Microsoft Teams; Email; Project management software; Instant messaging apps>Our team utilizes a multi-faceted approach to communication.  We use Slack for immediate communication, email for formal documentation, and our project management software for tracking progress and deadlines.  Instant messaging apps are used sparingly for quick personal updates.>Slack
MULTI-SELECT>What are your team's preferred communication tools?>Slack; Microsoft Teams; Email; Project management software; Instant messaging apps>It depends on what we're doing.  Sometimes it's Slack, other times it's email, and for big projects
MULTI-SELECT>What are your top three priorities for improving your sales process?>Improving lead generation; Increasing conversion rates; Shortening the sales cycle; Improving sales team performance; Better lead qualification>My top priorities are boosting lead generation to get more prospects in the pipeline, followed by improving sales team performance through better training and tools.  Finally, increasing conversion rates by optimizing our sales pitches and follow-up strategies is crucial.>Improving lead generation
MULTI-SELECT>What are your top three priorities for improving your sales process?>Improving lead generation; Increasing conversion rates; Shortening the sales cycle; Improving sales team performance; Better lead qualification>Lead generation, conversion rates, and sales cycle shortening.>Improving lead generation
MULTI-SELECT>What are your top three priorities for improving your sales process?>Improving lead generation; Increasing conversion rates; Shortening the sales cycle; Improving sales team performance; Better lead qualification>Gotta get more leads, you know?  Then, gotta close more of 'em.  And lastly
MULTI-SELECT>What are your top three priorities for improving your sales process?>Improving lead generation; Increasing conversion rates; Shortening the sales cycle; Improving sales team performance; Better lead qualification>To improve our sales process, we need to focus on generating more qualified leads.  Once we have a larger pool of qualified leads, improving our conversion rates is key to increasing sales.  Finally
MULTI-SELECT>What are your top three priorities for improving your sales process?>Improving lead generation; Increasing conversion rates; Shortening the sales cycle; Improving sales team performance; Better lead qualification>Frankly, we need better leads.  Then we need to improve our team's closing skills.  And finally, the whole sales process takes too long.>Improving lead generation
MULTI-SELECT>What areas of software development are you most interested in improving?>Specific programming languages; Software design patterns; Testing methodologies; Project management; Communication skills>I'm particularly keen on enhancing my understanding of software design patterns and testing methodologies.  Effective patterns lead to cleaner, more maintainable code, while robust testing ensures higher quality.  Improving in these areas would significantly boost my development capabilities.>Software design patterns
MULTI-SELECT>What areas of software development are you most interested in improving?>Specific programming languages; Software design patterns; Testing methodologies; Project management; Communication skills>Gotta get better at testing, man.  And maybe my communication ¢??  explaining tech stuff is hard!>Testing methodologies, Communication skills>colloquial
MULTI-SELECT>What areas of software development are you most interested in improving?>Specific programming languages; Software design patterns; Testing methodologies; Project management; Communication skills>My focus for improvement lies in refining my skills in specific programming languages and project management.  Stronger programming skills are foundational, while efficient project management is crucial for successful delivery.  This combination directly impacts productivity and outcomes.>Specific programming languages, Project management>explanatory
MULTI-SELECT>What areas of software development are you most interested in improving?>Specific programming languages; Software design patterns; Testing methodologies; Project management; Communication skills>I need to work on my communication, it's holding me back. Also, better project management would help things run smoother.>Communication skills
MULTI-SELECT>What challenges are you facing in your current marketing efforts?>Lack of budget; Lack of time; Lack of resources; Difficulty measuring ROI; Keeping up with industry trends>We're struggling to stay current with the rapidly changing marketing landscape, and simultaneously track the effectiveness of our campaigns.  Budget constraints further exacerbate these challenges.  It's a tough juggling act.>Keeping up with industry trends, Difficulty measuring ROI
MULTI-SELECT>What challenges are you facing in your current marketing efforts?>Lack of budget; Lack of time; Lack of resources; Difficulty measuring ROI; Keeping up with industry trends>Man, it's hard to keep up with everything ¢?? new platforms, new tactics. Plus
MULTI-SELECT>What challenges are you facing in your current marketing efforts?>Lack of budget; Lack of time; Lack of resources; Difficulty measuring ROI; Keeping up with industry trends>Our primary challenge is accurately measuring the return on investment for our various marketing initiatives.  This is compounded by a limited budget which restricts our ability to employ sophisticated tracking methods.  We're also short on staff.>Difficulty measuring ROI, Lack of budget, Lack of resources>explanatory
MULTI-SELECT>What cloud platforms are you familiar with?>AWS; Azure; Google Cloud Platform>I have experience working with all three major cloud platforms: AWS, Azure, and Google Cloud Platform.  My familiarity spans various services within each platform.  This includes compute
MULTI-SELECT>What cloud platforms are you familiar with?>AWS; Azure; Google Cloud Platform>AWS, Azure, GCP.>AWS
MULTI-SELECT>What cloud platforms are you familiar with?>AWS; Azure; Google Cloud Platform>I know AWS, Azure, and Google Cloud ¢??  I've used 'em all!>AWS
MULTI-SELECT>What cloud platforms are you familiar with?>AWS; Azure; Google Cloud Platform>I am knowledgeable in AWS and Azure, having deployed and managed applications on both platforms.  My experience with Google Cloud Platform is more limited but still relevant.  I've worked with their storage services, for example.>AWS
MULTI-SELECT>What communication tools do you use for internal and external communication?>Email; Instant messaging; Video conferencing; Project management software; Intranet>We primarily use email for formal communication and announcements, instant messaging for quick questions and informal discussions, and video conferencing for meetings and presentations. Project management software keeps everyone on track with deadlines.>Email
MULTI-SELECT>What communication tools do you use for internal and external communication?>Email; Instant messaging; Video conferencing; Project management software; Intranet>Email, instant messaging, and video conferencing.>Email
MULTI-SELECT>What communication tools do you use for internal and external communication?>Email; Instant messaging; Video conferencing; Project management software; Intranet>We're all over the place!  Email, IM, video calls... and that project thingamajigger.>Email
MULTI-SELECT>What communication tools do you use for internal and external communication?>Email; Instant messaging; Video conferencing; Project management software; Intranet>For internal communication, we rely heavily on instant messaging for quick exchanges and our intranet for company-wide updates.  External communication primarily uses email and video conferencing for client interactions.>Instant messaging, Intranet
MULTI-SELECT>What communication tools do you use for internal and external communication?>Email; Instant messaging; Video conferencing; Project management software; Intranet>It depends on the situation. Email for official stuff, instant messaging for most things, video calls sometimes
MULTI-SELECT>What databases have you worked with?>MySQL; PostgreSQL; MongoDB; Oracle; SQL Server>MySQL, PostgreSQL, and MongoDB.>MySQL
MULTI-SELECT>What databases have you worked with?>MySQL; PostgreSQL; MongoDB; Oracle; SQL Server>I've messed around with MySQL and SQL Server, mostly MySQL though.  They were pretty alright.>MySQL, SQL Server>colloquial
MULTI-SELECT>What databases have you worked with?>MySQL; PostgreSQL; MongoDB; Oracle; SQL Server>My database experience includes working with relational databases such as MySQL and PostgreSQL, and I've also utilized the NoSQL database MongoDB for specific projects requiring flexible schema design. These choices were based on project needs.>MySQL, PostgreSQL
MULTI-SELECT>What databases have you worked with?>MySQL; PostgreSQL; MongoDB; Oracle; SQL Server>I've used MySQL, Oracle, and SQL Server.  Is there anything else I can help you with?>MySQL
MULTI-SELECT>What energy sources do you primarily use?>Natural gas; Coal; Electricity; Renewable energy; Oil>We primarily rely on a mix of energy sources.  Electricity is the main one, powering most of our operations.  We also utilize natural gas for certain processes.>Electricity, Natural gas>verbose
MULTI-SELECT>What energy sources do you primarily use?>Natural gas; Coal; Electricity; Renewable energy; Oil>Mostly electricity, but we use some natural gas too, ya know?>Electricity
MULTI-SELECT>What energy sources do you primarily use?>Natural gas; Coal; Electricity; Renewable energy; Oil>Our energy consumption is predominantly based on electricity, which is then supplemented by renewable energy sources to decrease our carbon footprint.  This combination allows for efficient and sustainable operations.>Electricity, Renewable energy>explanatory
MULTI-SELECT>What energy sources do you primarily use?>Natural gas; Coal; Electricity; Renewable energy; Oil>It's a combination, okay?  We use electricity and some oil for backup.>Electricity, Oil>annoyed
MULTI-SELECT>What features are most important to you in a sales lead qualification tool?>Lead scoring; Lead routing; Integration with CRM; Reporting and analytics; Ease of use>For me, seamless integration with my CRM is paramount.  Accurate lead scoring and robust reporting/analytics are also crucial for understanding campaign effectiveness and prioritizing leads.  Ease of use is important to ensure efficient workflow.>Lead scoring, Integration with CRM
MULTI-SELECT>What features are most important to you in a sales lead qualification tool?>Lead scoring; Lead routing; Integration with CRM; Reporting and analytics; Ease of use>Gotta have that lead scoring, man.  And it's gotta play nice with my CRM.  Reporting is pretty sweet too.>Lead scoring, Integration with CRM
MULTI-SELECT>What features are most important to you in a sales lead qualification tool?>Lead scoring; Lead routing; Integration with CRM; Reporting and analytics; Ease of use>Effective lead qualification relies heavily on accurate lead scoring to prioritize high-potential leads.  Integration with my existing CRM is vital for streamlined data management and workflow.  Comprehensive reporting and analytics are necessary for tracking performance and making data-driven decisions.>Lead scoring, Integration with CRM, Reporting and analytics>explanatory
MULTI-SELECT>What features are most important to you in a sales lead qualification tool?>Lead scoring; Lead routing; Integration with CRM; Reporting and analytics; Ease of use>I need a tool that works with my CRM, and I need good lead scoring. The reports better be useful, too.>Lead scoring
MULTI-SELECT>What is your current sales process?>Inbound marketing; Outbound marketing; Sales calls; Email outreach; Social selling>We primarily utilize inbound marketing strategies such as blogging and SEO to attract potential clients.  Once leads are generated, we follow up with email outreach to nurture them and eventually schedule sales calls.  This allows for a balanced approach.>Inbound marketing, Email outreach
MULTI-SELECT>What is your current sales process?>Inbound marketing; Outbound marketing; Sales calls; Email outreach; Social selling>We're all about getting the word out, so it's mostly outbound marketing and social selling, then some calls if we need to.>Outbound marketing
MULTI-SELECT>What is your current sales process?>Inbound marketing; Outbound marketing; Sales calls; Email outreach; Social selling>Our sales process is multifaceted. We use outbound marketing for initial outreach, followed by email nurturing and, if necessary
MULTI-SELECT>What is your current sales process?>Inbound marketing; Outbound marketing; Sales calls; Email outreach; Social selling>We use a combination of methods; it depends on the client and the situation. Sometimes it's inbound, other times outbound, and calls are always involved.>Inbound marketing
MULTI-SELECT>What materials do you primarily process or manufacture?>Iron ore; Crude oil; Limestone; Chemicals; Plastics>We primarily process iron ore to produce steel, a fundamental material in various industries.  Our operations also involve significant limestone processing for cement production.  We don't directly deal with crude oil, plastics
MULTI-SELECT>What materials do you primarily process or manufacture?>Iron ore; Crude oil; Limestone; Chemicals; Plastics>Mostly iron ore, and some limestone too, ya know?  The rest? Nah.>Iron ore
MULTI-SELECT>What materials do you primarily process or manufacture?>Iron ore; Crude oil; Limestone; Chemicals; Plastics>Our core manufacturing processes center around the extraction and refinement of iron ore.  Limestone is a secondary, but still important, material we utilize in our operations. The other options are not relevant to our primary materials.>Iron ore
MULTI-SELECT>What methodologies have you used in software development?>Agile; Scrum; Kanban; Waterfall; XP (Extreme Programming)>I've primarily utilized Agile methodologies, specifically Scrum, in my software development projects.  Scrum's iterative approach and emphasis on collaboration have proven highly effective.  I've also had some experience with Kanban for smaller tasks.>Agile
MULTI-SELECT>What methodologies have you used in software development?>Agile; Scrum; Kanban; Waterfall; XP (Extreme Programming)>Agile, Scrum, and Kanban.>Agile
MULTI-SELECT>What methodologies have you used in software development?>Agile; Scrum; Kanban; Waterfall; XP (Extreme Programming)>Yeah, mostly Agile stuff, you know?  A bit of Scrum here and there
MULTI-SELECT>What methodologies have you used in software development?>Agile; Scrum; Kanban; Waterfall; XP (Extreme Programming)>My experience encompasses both Agile and Waterfall methodologies.  While Agile, particularly Scrum, is my preferred approach for its flexibility
MULTI-SELECT>What methodologies have you used in software development?>Agile; Scrum; Kanban; Waterfall; XP (Extreme Programming)>I've worked with Agile, Scrum, and  Waterfall.  It depends on the project requirements
MULTI-SELECT>What methods do you use to manage your inventory?>First-In, First-Out (FIFO); Last-In, First-Out (LIFO); Weighted-Average Cost; Specific Identification; Inventory Management Software>We primarily use a First-In
MULTI-SELECT>What methods do you use to manage your inventory?>First-In, First-Out (FIFO); Last-In, First-Out (LIFO); Weighted-Average Cost; Specific Identification; Inventory Management Software>FIFO and inventory management software.>First-In
MULTI-SELECT>What methods do you use to manage your inventory?>First-In, First-Out (FIFO); Last-In, First-Out (LIFO); Weighted-Average Cost; Specific Identification; Inventory Management Software>We're all about FIFO for most stuff
MULTI-SELECT>What methods do you use to manage your inventory?>First-In, First-Out (FIFO); Last-In, First-Out (LIFO); Weighted-Average Cost; Specific Identification; Inventory Management Software>To manage our inventory effectively
MULTI-SELECT>What methods do you use to manage your inventory?>First-In, First-Out (FIFO); Last-In, First-Out (LIFO); Weighted-Average Cost; Specific Identification; Inventory Management Software>We use a combination of methods
MULTI-SELECT>What programming languages are you proficient in?>Python; Java; JavaScript; C++; C#; Go; Swift; Kotlin; PHP; Ruby>I'm highly proficient in Python and Java, having used them extensively for various projects.  I also have working knowledge of JavaScript and C++. My skills in these languages allow me to tackle a wide range of programming tasks.>Python, Java
MULTI-SELECT>What programming languages are you proficient in?>Python; Java; JavaScript; C++; C#; Go; Swift; Kotlin; PHP; Ruby>Python, Java, C++.>Python
MULTI-SELECT>What programming languages are you proficient in?>Python; Java; JavaScript; C++; C#; Go; Swift; Kotlin; PHP; Ruby>I'm pretty good with Python and JavaScript, and I can get by with Java.  Those are my go-tos.>Python, JavaScript
MULTI-SELECT>What programming languages are you proficient in?>Python; Java; JavaScript; C++; C#; Go; Swift; Kotlin; PHP; Ruby>My expertise lies primarily in Python and Java, which are my preferred languages for most applications. I have some familiarity with C# and Go, though my proficiency is less developed in those languages.>Python
MULTI-SELECT>What programming languages are you proficient in?>Python; Java; JavaScript; C++; C#; Go; Swift; Kotlin; PHP; Ruby>I'm best with Python.  I can also do Java and Javascript, if I have to.>Python, Java
MULTI-SELECT>What project management tools have you used?>Jira; Trello; Asana; GitHub Projects; GitLab Issues>I've extensively used Jira for software development projects, finding its issue tracking and workflow management capabilities very effective.  I've also dabbled with Trello for smaller, less complex tasks.  Asana was helpful for a short-term team project.>Jira
MULTI-SELECT>What project management tools have you used?>Jira; Trello; Asana; GitHub Projects; GitLab Issues>Jira, Asana, and Trello.>Jira
MULTI-SELECT>What project management tools have you used?>Jira; Trello; Asana; GitHub Projects; GitLab Issues>Yeah, I've messed around with Jira and Trello, mostly Jira though.  Trello's okay for simpler stuff.>Jira
