Context,Generated Q&A
"generate question: ['Design Blogs', ' Design Magazines', ' Social Media', ' Industry Conferences', ' Design Workshops'] SINGLE-SELECT explanatory",Question: What are your favorite design media? Answer: I'm a big fan of Design Magazines. I'm also a big fan of Social Media.
generate question: ['Text'] TEXT explanatory,Generate a question and answer
generate question: ['Date'] DATE concise,Question: When was the last time you checked in? Provide a date. Answer: The last time you checked in was the last time you checked in? Provide a date. Provide a date.
generate question: ['frequency'] NUMBER verbose,Question: How many times a day do you use your phone? Answer: I use my phone a lot.
generate question: ['Date'] DATE annoyed,Question: What is your date of birth? Provide a date. Answer: The date of birth is the 1st of October every year. It's the 1st of October every year.
generate question: ['Date'] DATE explanatory,Question: What is the date of your next meeting? Provide a date. Answer: The date of your next meeting will be announced.
generate question: ['order backlog'] NUMBER colloquial,Question: What is the order backlog? Answer: The order backlog is a huge problem.
"generate question: ['Extract Method', ' Rename Method', ' Move Method', ' Extract Class', ' Inline Method'] MULTI-SELECT colloquial",Question: What is your favorite method to extract data from a file? Answer: It's the most efficient way to extract data from a file. It's the most efficient way to extract data from a file.
generate question: ['Text'] TEXT concise,Generate a question and answer
"generate question: ['Bulldozers', ' Excavator', ' Cranes', ' Forklifts', ' Heavy-duty trucks'] MULTI-SELECT colloquial","Question: What types of trucks do you use? Answer: I use forklifts, forklifts and forklifts."
generate question: ['Text'] TEXT concise,Generate a question and answer
"generate question: ['Encouraging experimentation', ' Investing in research and development', ' Creating a culture of innovation', ' Partnering with external innovators', ' Protecting intellectual property'] MULTI-SELECT colloquial",Question: What are your company's priorities for the future? Answer: We're investing in research and development. We partner with external innovators.
generate question: ['active users'] NUMBER annoyed,Question: How many active users do you have? Provide a list of active users. Answer: I have a lot of active users.
"generate question: ['Beginner', ' Intermediate', ' Advanced'] SINGLE-SELECT verbose",Question: What is your level of knowledge? Answer: I'm a beginner.
generate question: ['Date'] DATE verbose,Question: What is your date of birth? Provide a date. Answer: The date of birth is the 1st of October every year.
"generate question: ['Steel production', ' Oil refining', ' Cement manufacturing', ' Mining', ' Chemical processing'] MULTI-SELECT explanatory",Question: What industries do you work in? Answer: I work in a variety of industries.
generate question: ['work hours'] NUMBER verbose,Question: How many hours of work do you do? Answer: I do not know.
generate question: ['Date'] DATE explanatory,Question: What is the date of your next meeting? Provide a date. Answer: The date of your next meeting will be announced.
generate question: ['number of pets'] NUMBER colloquial,Question: What is the number of pets in your household? Answer: The number of pets in your household is the number of pets in your household. The number of pets in your household is the number of pets in your household. The number of pets is the number of pets in your household.
"generate question: ['Patents', ' Trademarks', ' Copyrights', ' Trade secrets', ' Non-disclosure agreements'] MULTI-SELECT verbose","Question: What types of trade secrets do you use? Answer: I use a combination of Trademarks, Copyrights and Non-disclosure agreements to protect my intellectual property. I use a combination of Trademarks and Copyrights to protect my intellectual property. I use a combination of Trademarks and Copyrights to protect my intellectual property. I use a combination of Trademarks and Copyrights to protect my intellectual property."
"generate question: ['Water recycling', ' Water-efficient equipment', ' Process optimization', ' Leak detection and repair', ' Water management systems'] MULTI-SELECT verbose",Question: What are your company's water management systems? Answer: Water management systems.
generate question: ['Text'] TEXT explanatory,Generate a question and answer
generate question: ['Text'] TEXT verbose,Question: What are your thoughts on this topic? Answer: I've been thinking about this for a long time. I've been thinking about it for a long time.
generate question: ['Date'] DATE concise,Question: When was the last time you checked in? Provide a date. Answer: The last time you checked in was the last time you checked in? Provide a date. Provide a date.
"generate question: ['1-5', ' 6-10', ' 11-20', ' More than 20'] SINGLE-SELECT explanatory",Question: How many questions do you have? Answer: I have a lot of questions.
generate question: ['Text'] TEXT explanatory,Generate a question and answer
"generate question: ['Web development', ' Mobile app development', ' Data science', ' Machine learning', ' Artificial intelligence', ' Game development', ' Software engineering'] MULTI-SELECT concise",Question: What is your favorite field of expertise? Answer: Machine learning is my favorite field of expertise. It's my favorite field of expertise.
generate question: ['Text'] TEXT explanatory,Generate a question and answer
"generate question: ['Profit Maximization', ' Social Impact', ' Environmental Sustainability', ' Customer Satisfaction'] SINGLE-SELECT explanatory",Question: What are your company's goals for the future? Answer: We're focused on maximizing our profits. We're focused on reducing our environmental impact. We're focused on reducing our carbon footprint.
"generate question: ['Conducting thorough due diligence', ' Developing risk mitigation strategies', ' Testing new technologies thoroughly', ' Training employees on new technologies', ' Monitoring the performance of new technologies'] MULTI-SELECT colloquial",Question: What are your company's goals for the future? Answer: We're committed to developing risk mitigation strategies. We're also committed to training our employees on new technologies.
generate question: ['Text'] TEXT colloquial,Question: What are your thoughts on this topic? Answer: I've been thinking about this for a long time. I've been thinking about it for a long time.
generate question: ['Date'] DATE annoyed,Question: What is your date of birth? Provide a date. Answer: The date of birth is the 1st of October every year. It's the 1st of October every year.
"generate question: ['Email', ' Phone', ' Social media', ' Live chat', ' In-person meetings'] MULTI-SELECT colloquial","Question: What are your preferred methods of communication? Answer: Social media, email, live chat, etc."
generate question: ['Text'] TEXT colloquial,Question: What are your thoughts on this topic? Answer: I've been thinking about this for a long time. I've been thinking about it for a long time.
"generate question: ['Price', ' Features', ' Customer Support', ' Ease of Use'] SINGLE-SELECT concise",Question: What are your company's features? Answer: We're looking for a solution. We're looking for a solution. We're looking for a solution.
generate question: ['Text'] TEXT verbose,Question: What are your thoughts on this topic? Answer: I've been thinking about this for a long time. I've been thinking about it for a long time.
generate question: ['experience years'] NUMBER explanatory,Generate a question and answer: How many years of experience have you had? Provide a number.
generate question: ['Text'] TEXT concise,Generate a question and answer
"generate question: ['Facebook', ' Instagram', ' Twitter', ' LinkedIn', ' TikTok', ' YouTube'] MULTI-SELECT annoyed","Question: What social media platforms are you most familiar with? Answer: Twitter, LinkedIn, TikTok."
generate question: ['certification count'] NUMBER annoyed,Question: What is your certification count? Provide a number. Answer: It's a lot more than just a number.
"generate question: ['Water recycling', ' Water-efficient equipment', ' Process optimization', ' Leak detection and repair', ' Water management systems'] MULTI-SELECT concise",Question: What are your company's water management systems? Answer: Water management systems.
"generate question: ['Technical skills training', ' Leadership training', ' Management training', ' Communication skills training', ' Sales training'] MULTI-SELECT colloquial","Question: What types of training did you receive? Answer: Technical skills training, leadership training, and sales training."
generate question: ['Date'] DATE verbose,Question: What is your date of birth? Provide a date. Answer: The date of birth is the 1st of October every year.
generate question: ['Text'] TEXT annoyed,Question: What are your thoughts on this topic? Answer: I'm not sure what to do about it.
generate question: ['Date'] DATE colloquial,Question: When was the last time you checked in? Provide a date. Answer: The last time you checked in was the last time you checked in.
generate question: ['Date'] DATE colloquial,Question: When was the last time you checked in? Provide a date. Answer: The last time you checked in was the last time you checked in.
generate question: ['Date'] DATE explanatory,Question: What is the date of your next meeting? Provide a date. Answer: The date of your next meeting will be announced.
generate question: ['Text'] TEXT annoyed,Question: What are your thoughts on this topic? Answer: I'm not sure what to do about it.
generate question: ['support contact frequency'] NUMBER explanatory,Question: What is your support contact frequency? Provide a number. Answer: The support contact frequency is the number of times the support contact frequency is reached. This is the number of times the support contact frequency is reached.
"generate question: ['Formal', ' Informal', ' Hybrid'] SINGLE-SELECT colloquial",Question: What is your preferred method of communication? Answer: Informal.
generate question: ['zip code'] NUMBER colloquial,Question: What is your zip code? Provide a zip code. Answer: It's a zip code.
"generate question: ['Very Important', ' Important', ' Somewhat Important', ' Not Important'] SINGLE-SELECT explanatory",Question: What is your opinion on the subject? Answer: I think it's important to have a clear understanding of the subject. It's important to have a clear understanding of the subject.
generate question: ['languages spoken'] NUMBER annoyed,Question: How many languages are spoken? Answer: There are a lot of languages spoken.
"generate question: ['Air pollution', ' Water pollution', ' Waste management', ' Greenhouse gas emissions', ' Noise pollution'] MULTI-SELECT colloquial","Question: What are your main concerns with air pollution? Answer: Air pollution, water pollution, noise pollution."
generate question: ['Date'] DATE annoyed,Question: What is your date of birth? Provide a date. Answer: The date of birth is the 1st of October every year. It's the 1st of October every year.
generate question: ['Text'] TEXT verbose,Question: What are your thoughts on this topic? Answer: I've been thinking about this for a long time. I've been thinking about it for a long time.
"generate question: ['Daily', ' Weekly', ' Bi-weekly', ' Monthly'] SINGLE-SELECT verbose",Question: How often do you check your email? Answer: I check my email twice a week.
generate question: ['Text'] TEXT explanatory,Generate a question and answer
"generate question: ['Full Authority', ' Partial Authority', ' No Authority'] SINGLE-SELECT annoyed",Question: What authority do you have? Answer: I have a partial authority. I have a partial authority.
generate question: ['budget allocation'] NUMBER annoyed,Question: What is your budget allocation? Provide a number. Answer: It's a lot.
"generate question: ['1-5', ' 6-10', ' 11-20', ' 21-50', ' More than 50'] SINGLE-SELECT explanatory",Question and answer: What are your preferred methods for answering this question? Provide a list of your preferred methods for answering this question. Answer: My preferred method for answering this question is to use a combination of different methods. I prefer to use a combination of methods for answering this question.
generate question: ['energy'] NUMBER explanatory,Question: What is your energy consumption? Provide a number. Answer: It's a lot of energy.
generate question: ['Text'] TEXT annoyed,Question: What are your thoughts on this topic? Answer: I'm not sure what to do about it.
generate question: ['Text'] TEXT annoyed,Question: What are your thoughts on this topic? Answer: I'm not sure what to do about it.
generate question: ['Text'] TEXT verbose,Question: What are your thoughts on this topic? Answer: I've been thinking about this for a long time. I've been thinking about it for a long time.
"generate question: ['Google Search', ' Social Media', ' Referral', ' Trade Show', ' Other'] SINGLE-SELECT annoyed","Question: What are your favorite ways to promote your business? Answer: Google Search, Social Media, etc."
generate question: ['website visits'] NUMBER annoyed,Question: What is the number of visitors to your website? Provide a number. Answer: The number of visitors to your website is increasing exponentially.
generate question: ['zip code'] NUMBER concise,Question: What is the zip code of your home? Provide a zip code. Answer: It's the zip code of your home.
generate question: ['vacation days'] NUMBER annoyed,Question: How many days have you been away from home? Answer: I've been away for a few weeks now.
generate question: ['Text'] TEXT concise,Generate a question and answer
"generate question: ['Daily', ' Weekly', ' Bi-weekly', ' Monthly'] SINGLE-SELECT explanatory","Question: How often do you check your email? Answer: I check my email twice a week, twice a week, twice a month."
"generate question: ['Unique product features', ' Strong brand reputation', ' Excellent customer service', ' Competitive pricing', ' Strategic partnerships'] MULTI-SELECT concise","Question: What are your company's key strengths? Answer: Strong brand reputation, competitive pricing, and strategic partnerships."
generate question: ['production output'] NUMBER concise,Question: What is your production output? Provide a number. Answer: It's a lot.
"generate question: ['Feedback', ' Inquiry', ' Complaint', ' Collaboration', ' Information Sharing'] SINGLE-SELECT concise",Question: What are your main areas of concern? Answer: I'm looking for a solution. I'm looking for a solution.
"generate question: ['Daily', ' Weekly', ' Bi-weekly', ' Monthly'] SINGLE-SELECT explanatory","Question: How often do you check your email? Answer: I check my email twice a week, twice a week, twice a month."
generate question: ['Date'] DATE explanatory,Question: What is the date of your next meeting? Provide a date. Answer: The date of your next meeting will be announced.
generate question: ['Date'] DATE annoyed,Question: What is your date of birth? Provide a date. Answer: The date of birth is the 1st of October every year. It's the 1st of October every year.
generate question: ['Text'] TEXT verbose,Question: What are your thoughts on this topic? Answer: I've been thinking about this for a long time. I've been thinking about it for a long time.
"generate question: ['Increase customer retention', ' Improve customer loyalty', ' Generate positive word-of-mouth referrals', ' Reduce customer churn', ' Enhance brand reputation'] MULTI-SELECT explanatory",Question: What are your company's goals for retaining customers? Answer: Increase customer loyalty.
"generate question: ['Customer surveys', ' Customer interviews', ' Focus groups', ' Online reviews', ' Social media monitoring'] MULTI-SELECT explanatory","Question: What methods do you use to conduct customer interviews? Answer: Focus groups, online reviews, social media monitoring."
generate question: ['employee count'] NUMBER verbose,Question: What is your employee count? Provide a number. Answer: It's a lot.
"generate question: ['Brainstorming', ' Mind Mapping', ' Mood Boarding', ' Sketching', ' Research'] SINGLE-SELECT annoyed","Question: What are your favorite activities for brainstorming? Answer: Brainstorming, Mind Mapping, Research."
"generate question: ['Very Important', ' Important', ' Somewhat Important', ' Not Important'] SINGLE-SELECT explanatory",Question: What is your opinion on the subject? Answer: I think it's important to have a clear understanding of the subject. It's important to have a clear understanding of the subject.
generate question: ['monthly spending'] NUMBER colloquial,"Question: What is your monthly spending? Provide a number. Answer: It's a lot of money, right?"
"generate question: ['Revenue', ' Conversion rate', ' Customer lifetime value (CLTV)', ' Customer acquisition cost (CAC)', ' Average deal size'] MULTI-SELECT verbose",Question: What is your conversion rate? Answer: The conversion rate is based on customer lifetime value (CLTV) and customer acquisition cost (CAC). The average deal size is based on customer acquisition cost (CAC).
generate question: ['Date'] DATE concise,Question: When was the last time you checked in? Provide a date. Answer: The last time you checked in was the last time you checked in? Provide a date. Provide a date.
"generate question: ['Increase revenue by 10%', ' Expand into new markets', ' Improve customer retention', ' Launch a new product or service', ' Reduce operational costs'] MULTI-SELECT colloquial",Question: What are your company's goals for the coming year? Answer: We're looking for a new product or service. We're looking for a new product or service.
"generate question: ['Agile', ' Waterfall', ' Lean', ' Iterative', ' Hybrid'] SINGLE-SELECT explanatory","Question: What are your preferred methodologies for implementing agile processes? Answer: Lean, Agile and Hybrid."
generate question: ['Date'] DATE concise,Question: When was the last time you checked in? Provide a date. Answer: The last time you checked in was the last time you checked in? Provide a date. Provide a date.
"generate question: ['Human-centered Design', ' Design Thinking', ' Lean UX', ' Double Diamond', ' Agile Design'] SINGLE-SELECT colloquial",Question: What are your favorite design practices? Answer: I'm a big fan of Lean UX.
generate question: ['Date'] DATE verbose,Question: What is your date of birth? Provide a date. Answer: The date of birth is the 1st of October every year.
generate question: ['sibling count'] NUMBER annoyed,Question and answer: What is your sibling count? Provide a number. Answer: My sibling count is a bit low.
generate question: ['Text'] TEXT concise,Generate a question and answer
"generate question: ['Providing safety training to employees', ' Implementing safety procedures', ' Conducting safety audits', ' Investigating accidents and incidents', ' Promoting a culture of safety awareness'] MULTI-SELECT concise",Question: What safety procedures are in place? Answer: Implementing safety procedures. Conducting safety audits. Conducting safety audits.
"generate question: ['Improved PPE', ' Enhanced safety training', ' Regular safety audits', ' Improved safety procedures', ' Incentivize safe behavior'] MULTI-SELECT annoyed",Question: What are your company's safety procedures? Answer: I've implemented regular safety audits. Regular safety audits are a must.
"generate question: ['Serif', ' Sans-serif', ' Script', ' Display', ' Monospace'] SINGLE-SELECT concise",Question: What are your preferred fonts? Answer: I prefer Sans-serif and Monospace.
"generate question: ['Developing business continuity plans', ' Testing business continuity plans', ' Training employees on business continuity procedures', ' Maintaining adequate resources', ' Monitoring potential disruptions'] MULTI-SELECT concise","Question: What are your company's business continuity procedures? Answer: I've developed business continuity plans, training employees on business continuity procedures, monitoring potential disruptions, and monitoring potential disruptions."
generate question: ['Text'] TEXT verbose,Question: What are your thoughts on this topic? Answer: I've been thinking about this for a long time. I've been thinking about it for a long time.
generate question: ['Text'] TEXT verbose,Question: What are your thoughts on this topic? Answer: I've been thinking about this for a long time. I've been thinking about it for a long time.
"generate question: ['Visual Communication', ' User Experience', ' Branding', ' Interaction Design', ' Motion Graphics'] SINGLE-SELECT verbose","Question: What are your main areas of expertise? Answer: Visual Communication, Branding, Motion Graphics."
generate question: ['Text'] TEXT colloquial,Question: What are your thoughts on this topic? Answer: I've been thinking about this for a long time. I've been thinking about it for a long time.
generate question: ['ROI'] NUMBER concise,Generate a question and answer.
generate question: ['Text'] TEXT explanatory,Generate a question and answer
generate question: ['invoice number'] NUMBER verbose,Question: What is your invoice number? Provide a name. Answer: I'm not sure what the invoice number is.
"generate question: ['Very Important', ' Important', ' Somewhat Important', ' Not Important'] SINGLE-SELECT colloquial","Question: What is your opinion on the topic? Answer: I think it's a bit of a stretch, but it's important."
"generate question: ['Branding Projects', ' Website Designs', ' Mobile App Designs', ' Illustration Projects', ' Graphic Design Projects'] SINGLE-SELECT explanatory",Question: What are your favorite graphic design projects? Answer: Graphic design projects.
generate question: ['Date'] DATE annoyed,Question: What is your date of birth? Provide a date. Answer: The date of birth is the 1st of October every year. It's the 1st of October every year.
"generate question: ['Archer', ' ServiceNow', ' MetricStream', ' Riskonnect', ' LogicManager'] MULTI-SELECT colloquial","Question: What services do you use? Answer: MetricStream, Riskonnect, LogicManager."
generate question: ['conversion rate'] NUMBER annoyed,Question: What is your conversion rate? Provide a number. Answer: The conversion rate is very low.
generate question: ['zip code'] NUMBER colloquial,Question: What is your zip code? Provide a zip code. Answer: It's a zip code.
generate question: ['Date'] DATE explanatory,Question: What is the date of your next meeting? Provide a date. Answer: The date of your next meeting will be announced.
generate question: ['Date'] DATE concise,Question: When was the last time you checked in? Provide a date. Answer: The last time you checked in was the last time you checked in? Provide a date. Provide a date.
"generate question: ['Slack', ' Microsoft Teams', ' Email', ' Jira'] SINGLE-SELECT annoyed",Question: What is your preferred method of communication? Answer: My preferred method of communication is Slack.
"generate question: ['Health insurance', ' Retirement plan', ' Paid time off', ' Tuition reimbursement', ' Child care assistance'] MULTI-SELECT concise",Question: What benefits do you take for paid time off? Answer: I take paid time off for paid time off. I take paid time off for paid time off for paid time off.
generate question: ['Text'] TEXT concise,Generate a question and answer
"generate question: ['Git', ' SVN', ' Mercurial'] MULTI-SELECT annoyed",Question: What tools do you use to manage your data? Answer: I use a variety of tools to manage my data. I use a variety of tools to manage my data.
generate question: ['Date'] DATE verbose,Question: What is your date of birth? Provide a date. Answer: The date of birth is the 1st of October every year.
"generate question: ['Environmental Protection Agency (EPA)', ' Occupational Safety and Health Administration (OSHA)', ' Department of Transportation (DOT)', ' Local environmental agencies', ' Industry-specific regulatory bodies'] MULTI-SELECT concise","Question: What are your industry-specific regulatory bodies? Answer: EPA, Department of Transportation (DOT) and local environmental agencies."
generate question: ['Date'] DATE explanatory,Question: What is the date of your next meeting? Provide a date. Answer: The date of your next meeting will be announced.
generate question: ['Date'] DATE explanatory,Question: What is the date of your next meeting? Provide a date. Answer: The date of your next meeting will be announced.
"generate question: ['Implementing strong data privacy policies', ' Investing in data privacy technology', ' Providing data privacy training to employees', ' Conducting regular data privacy audits', ' Developing incident response plans'] MULTI-SELECT annoyed",Question: What are your company's policies on data privacy? Answer: We're committed to implementing strong data privacy policies. We're also committed to conducting regular data privacy audits.
generate question: ['Text'] TEXT colloquial,Question: What are your thoughts on this topic? Answer: I've been thinking about this for a long time. I've been thinking about it for a long time.
generate question: ['Text'] TEXT verbose,Question: What are your thoughts on this topic? Answer: I've been thinking about this for a long time. I've been thinking about it for a long time.
"generate question: ['Credit Card', ' Bank Transfer', ' PayPal'] SINGLE-SELECT verbose",Question: What is your preferred method of payment? Answer: PayPal is the preferred method of payment.
"generate question: ['Company size', ' Industry', ' Budget', ' Need', ' Authority'] MULTI-SELECT concise",Question: What is your company's size? Answer: It's a big company.
generate question: ['Text'] TEXT verbose,Question: What are your thoughts on this topic? Answer: I've been thinking about this for a long time. I've been thinking about it for a long time.
generate question: ['Date'] DATE colloquial,Question: When was the last time you checked in? Provide a date. Answer: The last time you checked in was the last time you checked in.
"generate question: ['Email marketing', ' Content marketing', ' Social media engagement', ' Personalized email sequences', ' Webinars and online events'] MULTI-SELECT colloquial","Question: What are your favorite marketing techniques? Answer: Content marketing, Webinars and online events."
"generate question: ['UML diagrams', ' Flowcharts', ' Entity-relationship diagrams', ' Data flow diagrams', ' State diagrams'] MULTI-SELECT explanatory","Question: What types of diagrams do you use? Answer: Flowcharts, Entity-relationship diagrams, State diagrams."
generate question: ['Date'] DATE colloquial,Question: When was the last time you checked in? Provide a date. Answer: The last time you checked in was the last time you checked in.
"generate question: ['AWS', ' Azure', ' Google Cloud'] SINGLE-SELECT concise",Question: What cloud services do you use? Answer: Google Cloud.
generate question: ['Text'] TEXT annoyed,Question: What are your thoughts on this topic? Answer: I'm not sure what to do about it.
"generate question: ['Reading industry blogs', ' Attending conferences and workshops', ' Taking online courses', ' Participating in open-source projects', ' Networking with other developers'] MULTI-SELECT concise","Question: What are your favorite ways to spend your free time? Answer: I enjoy reading industry blogs, taking online courses, and networking with other developers."
"generate question: ['Digital marketing', ' Social media marketing', ' Email marketing', ' Content marketing', ' Traditional marketing'] MULTI-SELECT annoyed","Question: What types of marketing strategies do you use? Answer: Digital marketing, email marketing, content marketing."
"generate question: ['Small Businesses', ' Large Corporations', ' Non-profits', ' Individuals', ' Government Agencies'] SINGLE-SELECT verbose","Question: What types of businesses do you represent? Answer: Small businesses, non-profits, government agencies."
generate question: ['Date'] DATE colloquial,Question: When was the last time you checked in? Provide a date. Answer: The last time you checked in was the last time you checked in.
generate question: ['Text'] TEXT explanatory,Generate a question and answer
generate question: ['Date'] DATE verbose,Question: What is your date of birth? Provide a date. Answer: The date of birth is the 1st of October every year.
generate question: ['Date'] DATE verbose,Question: What is your date of birth? Provide a date. Answer: The date of birth is the 1st of October every year.
generate question: ['Date'] DATE verbose,Question: What is your date of birth? Provide a date. Answer: The date of birth is the 1st of October every year.
"generate question: ['Inbound marketing', ' Outbound marketing', ' Content marketing', ' Social media marketing', ' Paid advertising'] MULTI-SELECT concise","Question: What types of marketing strategies do you use? Answer: Content marketing, Paid advertising."
"generate question: ['Figma', ' Adobe XD', ' Sketch', ' InVision', ' Adobe Photoshop', ' Adobe Illustrator'] MULTI-SELECT verbose",Question: What software are you most familiar with? Answer: I'm familiar with Figma. I'm familiar with InVision.
"generate question: ['Paintings', ' Sculptures', ' Prints', ' Photographs', ' Digital Art'] SINGLE-SELECT concise","Question: What are your favorite digital art mediums? Answer: Prints, Prints, Digital Art."
"generate question: ['Programmable Logic Controllers (PLCs)', ' Supervisory Control and Data Acquisition (SCADA)', ' Distributed Control Systems (DCS)', ' Human-Machine Interfaces (HMIs)', ' Industrial Ethernet'] MULTI-SELECT colloquial",Question: What types of controllers are you most familiar with? Answer: I'm familiar with Logic Controllers (PLCs) and Distributed Control Systems (DCS)
generate question: ['Text'] TEXT colloquial,Question: What are your thoughts on this topic? Answer: I've been thinking about this for a long time. I've been thinking about it for a long time.
generate question: ['languages spoken'] NUMBER concise,Question: How many languages are spoken? Answer: There are many languages spoken in the world.
generate question: ['contact preference'] NUMBER annoyed,Question: What is your preferred contact number? Provide a name. Answer: My preferred contact number is 123.
"generate question: ['Customer surveys', ' Customer interviews', ' Focus groups', ' Online reviews', ' Social media monitoring'] MULTI-SELECT concise","Question: What are your preferred methods for conducting customer interviews? Answer: Focus groups, online reviews, social media monitoring."
"generate question: ['Docker', ' Kubernetes', ' Jenkins', ' Travis CI', ' CircleCI'] MULTI-SELECT annoyed",Question: What is your favorite tool for testing Kubernetes? Answer: It's a great tool for testing Kubernetes.
"generate question: ['Very Important', ' Important', ' Somewhat Important', ' Not Important'] SINGLE-SELECT concise",Question: What is your opinion on the topic? Answer: It's very important.
"generate question: ['CEO', ' CFO', ' Marketing Manager', ' Sales Representative', ' Other'] SINGLE-SELECT concise","Question: What roles are you responsible for? Answer: I'm the CFO, not the CFO. I'm also the Sales Representative."
"generate question: ['The Metropolitan Museum of Art', ' The Louvre', ' The Museum of Modern Art', ' The Tate Modern', ' The National Gallery'] SINGLE-SELECT annoyed","Question: What museums are you familiar with? Answer: The Metropolitan Museum of Art, The Tate Modern, The National Gallery."
generate question: ['Date'] DATE concise,Question: When was the last time you checked in? Provide a date. Answer: The last time you checked in was the last time you checked in? Provide a date. Provide a date.
generate question: ['Text'] TEXT annoyed,Question: What are your thoughts on this topic? Answer: I'm not sure what to do about it.
generate question: ['Date'] DATE annoyed,Question: What is your date of birth? Provide a date. Answer: The date of birth is the 1st of October every year. It's the 1st of October every year.
generate question: ['Text'] TEXT verbose,Question: What are your thoughts on this topic? Answer: I've been thinking about this for a long time. I've been thinking about it for a long time.
generate question: ['Text'] TEXT concise,Generate a question and answer
"generate question: ['Less than 1 hour', ' 1-3 hours', ' 3-5 hours', ' More than 5 hours'] SINGLE-SELECT colloquial",Question and answer: How long did it take you to complete the project? Answer: It took me less than 1 hour to complete the project.
generate question: ['Date'] DATE colloquial,Question: When was the last time you checked in? Provide a date. Answer: The last time you checked in was the last time you checked in.
"generate question: ['CRM (Salesforce, HubSpot, etc.)', ' Marketing automation (Marketo, Pardot, etc.)', ' Social media management tools', ' Email marketing platforms', ' Analytics platforms (Google Analytics, etc.)'] MULTI-SELECT annoyed","Question: What are your favorite marketing automation tools? Answer: Marketing automation (Marketo, Pardot, etc.) is a must."
generate question: ['Date'] DATE explanatory,Question: What is the date of your next meeting? Provide a date. Answer: The date of your next meeting will be announced.
generate question: ['Date'] DATE explanatory,Question: What is the date of your next meeting? Provide a date. Answer: The date of your next meeting will be announced.
generate question: ['Text'] TEXT verbose,Question: What are your thoughts on this topic? Answer: I've been thinking about this for a long time. I've been thinking about it for a long time.
generate question: ['shirt size'] NUMBER explanatory,Question: What is your shirt size? Provide a number. Answer: My shirt size is XXXXXXXXXXXXXXXXXXXXXXXXXXXXXXXXXXXXXXXXXXXXXXXXXXXXXXXXXXXXXXXXXXXXXXXXXXXXXXXXXXXXXXXXXXXXX
generate question: ['Date'] DATE colloquial,Question: When was the last time you checked in? Provide a date. Answer: The last time you checked in was the last time you checked in.
generate question: ['Text'] TEXT concise,Generate a question and answer
"generate question: ['User Interviews', ' Surveys', ' Usability Testing', ' A/B Testing', ' Heatmaps'] SINGLE-SELECT annoyed","Question: What are your preferred methods for testing user experience? Answer: We use Surveys, A/B Testing, and Usability Testing."
"generate question: ['Visual Communication', ' User Experience', ' Branding', ' Interaction Design', ' Motion Graphics'] SINGLE-SELECT explanatory","Question: What are your main areas of expertise? Answer: Visual Communication, Branding, and Motion Graphics."
generate question: ['factory floor area'] NUMBER verbose,"Question: What is the floor area of the factory? Provide a number. Answer: The floor area of the factory is approximately 2,000 square feet. The floor area is approximately 2,000 square feet."
"generate question: ['Very Comfortable', ' Comfortable', ' Somewhat Comfortable', ' Uncomfortable'] SINGLE-SELECT explanatory",Question: How comfortable are you? Answer: Very comfortable.
"generate question: ['Iron ore', ' Crude oil', ' Limestone', ' Chemicals', ' Plastics'] MULTI-SELECT colloquial","Question: What is your industry's focus? Answer: Crude oil, Limestone, Plastics."
generate question: ['customer churn'] NUMBER colloquial,Question: What is the customer churn rate? Answer: The customer churn rate is the highest in the world.
generate question: ['Date'] DATE annoyed,Question: What is your date of birth? Provide a date. Answer: The date of birth is the 1st of October every year. It's the 1st of October every year.
generate question: ['Text'] TEXT verbose,Question: What are your thoughts on this topic? Answer: I've been thinking about this for a long time. I've been thinking about it for a long time.
generate question: ['Text'] TEXT verbose,Question: What are your thoughts on this topic? Answer: I've been thinking about this for a long time. I've been thinking about it for a long time.
generate question: ['Text'] TEXT annoyed,Question: What are your thoughts on this topic? Answer: I'm not sure what to do about it.
generate question: ['contact preference'] NUMBER explanatory,Question: What is your contact information? Provide a contact number. Answer: My contact information is not available at this time.
"generate question: ['Coding', ' Testing', ' Documentation', ' Community support'] MULTI-SELECT verbose","Question: What are your main areas of expertise? Answer: I've been working on a lot of things, and I've had a lot of fun doing it. I've learned a lot."
"generate question: ['Functional testing', ' Performance testing', ' Security testing', ' Usability testing', ' Regression testing'] MULTI-SELECT annoyed","Question: What types of testing methods do you use? Answer: Functional testing, Usability testing, Regression testing."
"generate question: ['Abstract', ' Realism', ' Surrealism', ' Impressionism', ' Pop Art'] SINGLE-SELECT verbose","Question: What genres of art do you prefer? Answer: I prefer Surrealism, Impressionism, and Pop Art."
generate question: ['Date'] DATE colloquial,Question: When was the last time you checked in? Provide a date. Answer: The last time you checked in was the last time you checked in.
generate question: ['Text'] TEXT verbose,Question: What are your thoughts on this topic? Answer: I've been thinking about this for a long time. I've been thinking about it for a long time.
"generate question: ['Trucks', ' Rail', ' Ships', ' Pipelines', ' Air'] MULTI-SELECT explanatory","Question: What types of transportation services do you use? Answer: I use a variety of transportation services, including rail, pipelines, and air."
generate question: ['Text'] TEXT colloquial,Question: What are your thoughts on this topic? Answer: I've been thinking about this for a long time. I've been thinking about it for a long time.
generate question: ['Text'] TEXT annoyed,Question: What are your thoughts on this topic? Answer: I'm not sure what to do about it.
generate question: ['resistance'] NUMBER verbose,Question: What is your resistance level? Provide a number. Answer: I'm not sure what the resistance level is.
"generate question: ['Increasing revenue', ' Reducing costs', ' Improving efficiency', ' Investing in technology', ' Improving pricing strategies'] MULTI-SELECT colloquial",Question: What are your company's strategies for reducing costs? Answer: We're focusing on reducing costs. We're also focusing on improving pricing strategies.
generate question: ['Text'] TEXT explanatory,Generate a question and answer
generate question: ['Date'] DATE annoyed,Question: What is your date of birth? Provide a date. Answer: The date of birth is the 1st of October every year. It's the 1st of October every year.
"generate question: ['Logo Design', ' Website Design', ' Branding Design', ' UI/UX Design', ' Print Design'] SINGLE-SELECT verbose",Question: What is your preferred design style? Answer: I prefer UI/UX design to branding design. I prefer UI/UX design.
generate question: ['Date'] DATE colloquial,Question: When was the last time you checked in? Provide a date. Answer: The last time you checked in was the last time you checked in.
generate question: ['altitude'] NUMBER colloquial,"Question: What is the altitude of the aircraft? Answer: The altitude of the aircraft is approximately 2,000 feet. The altitude of the aircraft is approximately 2,000 feet. The altitude of the aircraft is approximately 2,000 feet."
generate question: ['recommendation likelihood'] NUMBER colloquial,"Question: What is your recommendation likelihood? Provide a number. Answer: I'm not sure if it's a good idea, but it's a good idea."
"generate question: ['Integrity', ' Innovation', ' Customer focus', ' Teamwork', ' Sustainability'] MULTI-SELECT colloquial","Question: What are your company's key strengths? Answer: Innovation, customer focus, teamwork."
generate question: ['Date'] DATE verbose,Question: What is your date of birth? Provide a date. Answer: The date of birth is the 1st of October every year.
generate question: ['pressure'] NUMBER explanatory,Question: What is your pressure level? Provide a number. Answer: The pressure level is very low.
generate question: ['Text'] TEXT verbose,Question: What are your thoughts on this topic? Answer: I've been thinking about this for a long time. I've been thinking about it for a long time.
"generate question: ['Package managers', ' Dependency injection'] MULTI-SELECT explanatory",Question: What is your experience with dependency injection? Answer: Dependency injection is one of the most common types of dependency injection. Dependency injection is the most common form of dependency injection. Dependency injection is the most common form of dependency injection. Dependency injection is the most common form of dependency injection.
"generate question: ['AWS', ' Azure', ' Google Cloud Platform'] MULTI-SELECT explanatory",Question: What cloud platform do you use? Answer: Google Cloud Platform.
generate question: ['Date'] DATE concise,Question: When was the last time you checked in? Provide a date. Answer: The last time you checked in was the last time you checked in? Provide a date. Provide a date.
generate question: ['Date'] DATE concise,Question: When was the last time you checked in? Provide a date. Answer: The last time you checked in was the last time you checked in? Provide a date. Provide a date.
"generate question: ['Yes', ' No'] SINGLE-SELECT explanatory",Question: Would you like to know if you have any suggestions? Answer: I would like to hear from you.
generate question: ['Text'] TEXT explanatory,Generate a question and answer
generate question: ['Date'] DATE annoyed,Question: What is your date of birth? Provide a date. Answer: The date of birth is the 1st of October every year. It's the 1st of October every year.
generate question: ['Date'] DATE colloquial,Question: When was the last time you checked in? Provide a date. Answer: The last time you checked in was the last time you checked in.
"generate question: ['Email', ' Online Survey', ' In-person Meeting'] SINGLE-SELECT verbose",Question: What is your preferred method of communication? Answer: Email.
generate question: ['Date'] DATE verbose,Question: What is your date of birth? Provide a date. Answer: The date of birth is the 1st of October every year.
"generate question: ['Paintings', ' Sculptures', ' Prints', ' Photographs', ' Digital Art'] SINGLE-SELECT annoyed","Question: What are your favorite digital art mediums? Answer: Prints, Prints, Digital Art."
"generate question: ['JSDoc', ' Javadoc', ' Sphinx', ' Doxygen'] MULTI-SELECT verbose","Question: What tools do you use to create a web application? Answer: I use JSDoc, Sphinx, and Doxygen."
"generate question: ['Expanding into new markets', ' Developing new products or services', ' Acquiring other companies', ' Improving operational efficiency', ' Investing in research and development'] MULTI-SELECT concise",Question: What are your company's goals for the future? Answer: We're focusing on expanding into new markets. We're also investing in research and development.
generate question: ['Date'] DATE explanatory,Question: What is the date of your next meeting? Provide a date. Answer: The date of your next meeting will be announced.
generate question: ['number of rooms'] NUMBER verbose,Question: How many rooms do you have? Answer: I have a number of rooms.
generate question: ['Date'] DATE explanatory,Question: What is the date of your next meeting? Provide a date. Answer: The date of your next meeting will be announced.
"generate question: ['Basic research', ' Applied research', ' Development', ' Innovation', ' Technology transfer'] MULTI-SELECT verbose","Question: What types of research activities are you most interested in? Answer: Basic research, applied research, and technology transfer."
"generate question: ['Agile', ' Waterfall', ' Lean', ' Kanban', ' Scrum'] MULTI-SELECT verbose","Question: What Agile methodologies do you use? Answer: Agile, Kanban, Waterfall."
generate question: ['maintenance count'] NUMBER annoyed,Question: What is the maintenance count? Provide a number. Answer: The maintenance count is based on the maintenance count. The maintenance count is based on the maintenance count. The maintenance count is based on the maintenance count.
generate question: ['Date'] DATE explanatory,Question: What is the date of your next meeting? Provide a date. Answer: The date of your next meeting will be announced.
"generate question: ['Blog posts', ' Case studies', ' White papers', ' Webinars', ' Ebooks', ' Infographics'] MULTI-SELECT annoyed",Question: What types of content do you use for your blog posts? Answer: I use a lot of content for my blog posts. I also use a lot of white papers.
"generate question: ['Lack of clarity', ' Lack of responsiveness', ' Misunderstandings', ' Information overload', ' Other'] SINGLE-SELECT verbose","Question and answer: What are your biggest challenges? Answer: Lack of clarity, misunderstandings, information overload."
generate question: ['order number'] NUMBER colloquial,Question: What is your order number? Provide a number. Answer: It's a number.
generate question: ['number of rooms'] NUMBER explanatory,Question: How many rooms do you have? Answer: I have a number of rooms.
"generate question: ['Code reviews', ' Static analysis', ' Unit testing', ' Integration testing', ' Code style guidelines'] MULTI-SELECT colloquial",Generate a question and answer: What are your preferred methods for code reviews? Provide a short description of your preferred methods for code reviews.
"generate question: ['Web development', ' Mobile app development', ' Data science', ' Machine learning', ' Artificial intelligence', ' Game development', ' Software engineering'] MULTI-SELECT verbose",Question: What is your favorite field of expertise? Answer: Machine learning is my favorite field of expertise. It's my favorite field of expertise.
generate question: ['Date'] DATE explanatory,Question: What is the date of your next meeting? Provide a date. Answer: The date of your next meeting will be announced.
"generate question: ['Direct and concise', ' Detailed and thorough', ' Collaborative and interactive', ' Formal and professional', ' Informal and friendly'] MULTI-SELECT colloquial",Question: What are your preferred methods of communication? Answer: It's a collaborative environment. It's a collaborative environment.
generate question: ['price'] NUMBER concise,Generate a question and answer: What is the price? Provide a quote.
generate question: ['product line count'] NUMBER colloquial,Question: What is the product line count? Answer: The product line count is the product line count.
generate question: ['Date'] DATE explanatory,Question: What is the date of your next meeting? Provide a date. Answer: The date of your next meeting will be announced.
"generate question: ['Healthcare', ' Finance', ' Technology', ' Education', ' Retail', ' Manufacturing'] MULTI-SELECT concise","Question: What industries do you work in? Answer: I work in a variety of industries, including healthcare, retail, and manufacturing."
"generate question: ['Revenue generated', ' Number of deals closed', ' Average deal size', ' Sales cycle length', ' Customer acquisition cost (CAC)'] MULTI-SELECT colloquial",Question: How many deals have you closed? Answer: The number of deals closed is based on the number of deals closed. The number of deals closed is based on the number of deals closed. The number of deals closed is based on the number of deals closed.
generate question: ['Text'] TEXT annoyed,Question: What are your thoughts on this topic? Answer: I'm not sure what to do about it.
"generate question: ['Take a break', ' Seek inspiration from others', ' Experiment with new techniques', ' Change my environment', ' Try a different approach'] SINGLE-SELECT annoyed",Question: What advice would you give to someone who needs help? Answer: I'm not sure what to give to someone who needs help.
"generate question: ['Providing excellent customer service', ' Developing a strong brand identity', ' Creating engaging content', ' Building a strong online presence', ' Running loyalty programs'] MULTI-SELECT verbose",Question: What are your company's goals for the future? Answer: We're focused on building a strong brand identity and building a strong online presence. We're also focused on running loyalty programs.
generate question: ['Date'] DATE concise,Question: When was the last time you checked in? Provide a date. Answer: The last time you checked in was the last time you checked in? Provide a date. Provide a date.
"generate question: ['Constructive Criticism', ' Positive Reinforcement', ' Peer Reviews', ' Client Feedback', ' Public Opinion'] SINGLE-SELECT colloquial","Question: What types of feedback do you receive from your clients? Answer: Positive Reinforcement, Peer Reviews, Public Opinion."
generate question: ['revenue'] NUMBER verbose,Question: What is the total amount of revenue generated? Answer: The total amount of revenue generated by the project is approximately $1 million. The total amount of revenue generated by the project is approximately $1 million. The total amount of revenue generated by the project is approximately $1 million.
generate question: ['quantity'] NUMBER explanatory,Question: What is the quantity of the product? Provide a number. Answer: The quantity of the product is the same as the quantity of the product. The quantity of the product is the same as the quantity.
generate question: ['purchase count'] NUMBER verbose,Question: What is the purchase count? Provide a number. Answer: The purchase count is based on the number of units purchased. The purchase count is based on the number of units purchased.
generate question: ['Text'] TEXT verbose,Question: What are your thoughts on this topic? Answer: I've been thinking about this for a long time. I've been thinking about it for a long time.
"generate question: ['Microservices', ' Monolithic', ' Layered', ' Event-driven'] MULTI-SELECT annoyed","Question: What is your preferred approach to managing your data? Answer: Monolithic, Event-driven, Event-driven."
"generate question: ['VS Code', ' IntelliJ IDEA', ' Eclipse', ' Sublime Text', ' Atom'] MULTI-SELECT annoyed",Question: What is your favorite programming language? Answer: I love Eclipse.
generate question: ['Text'] TEXT colloquial,Question: What are your thoughts on this topic? Answer: I've been thinking about this for a long time. I've been thinking about it for a long time.
generate question: ['TV watching time'] NUMBER explanatory,Question: How long have you been watching TV? Answer: It's been a while.
"generate question: ['Frontend Developer', ' Backend Developer', ' Fullstack Developer', ' Data Scientist', ' Project Manager'] SINGLE-SELECT concise",Question: What is your background as a Data Scientist? Answer: I'm a Data Scientist. I'm a Data Scientist.
generate question: ['current'] NUMBER annoyed,Question: What is your current situation? Provide a list. Answer: I'm not sure what's going on at the moment.
generate question: ['Text'] TEXT annoyed,Question: What are your thoughts on this topic? Answer: I'm not sure what to do about it.
"generate question: ['Web Application', ' Mobile Application', ' Desktop Application', ' Game', ' Library'] SINGLE-SELECT verbose",Question: What is your favorite mobile application? Answer: I'm a big fan of mobile applications.
generate question: ['balance'] NUMBER explanatory,Question: What is the balance? Provide a number. Answer: It's a balance.
generate question: ['employee count'] NUMBER annoyed,Question: What is the employee count? Provide a number. Answer: The employee count is the number of people who work for the company. The number of people who work for the company is the number of people who work for it. The number of people who work for the company is the number of people who work for it.
generate question: ['budget'] NUMBER explanatory,Question: What is your budget? Provide a number. Answer: It's a lot of money.
generate question: ['Date'] DATE colloquial,Question: When was the last time you checked in? Provide a date. Answer: The last time you checked in was the last time you checked in.
"generate question: ['Beginner', ' Intermediate', ' Advanced'] SINGLE-SELECT colloquial",Question: What is your level of knowledge? Answer: I'm a beginner.
generate question: ['Date'] DATE verbose,Question: What is your date of birth? Provide a date. Answer: The date of birth is the 1st of October every year.
generate question: ['Text'] TEXT annoyed,Question: What are your thoughts on this topic? Answer: I'm not sure what to do about it.
"generate question: ['Daily', ' Weekly', ' Monthly', ' As needed'] SINGLE-SELECT verbose",Question: How often do you check your email? Answer: I check my email frequently.
generate question: ['safety rating'] NUMBER concise,Generate a question and answer: What is your safety rating? Provide a number.
"generate question: ['Male', ' Female', ' Other', ' Prefer not to say'] SINGLE-SELECT concise","Question: What is your gender? Answer: I'm a female, I'm a male, I'm a female."
"generate question: ['Just-in-time (JIT) inventory', ' Vendor managed inventory (VMI)', ' Supplier relationship management (SRM)', ' Risk management', ' Supply chain diversification'] MULTI-SELECT concise",Question: What is your company's strategy for managing supply chain diversification? Answer: It's all about managing supply chain diversification. It's about managing supply chain diversification.
generate question: ['Date'] DATE concise,Question: When was the last time you checked in? Provide a date. Answer: The last time you checked in was the last time you checked in? Provide a date. Provide a date.
generate question: ['customer churn'] NUMBER verbose,Question: What is the customer churn rate? Answer: The customer churn rate is high.
generate question: ['Date'] DATE annoyed,Question: What is your date of birth? Provide a date. Answer: The date of birth is the 1st of October every year. It's the 1st of October every year.
generate question: ['Date'] DATE colloquial,Question: When was the last time you checked in? Provide a date. Answer: The last time you checked in was the last time you checked in.
generate question: ['Text'] TEXT annoyed,Question: What are your thoughts on this topic? Answer: I'm not sure what to do about it.
generate question: ['purchase count'] NUMBER concise,Question: What is the purchase count? Provide a number. Answer: The purchase count is based on the number of units purchased. The purchase count is based on the number of units purchased.
generate question: ['Text'] TEXT annoyed,Question: What are your thoughts on this topic? Answer: I'm not sure what to do about it.
"generate question: ['JUnit', ' pytest', ' NUnit', ' Mocha', ' Jest'] SINGLE-SELECT colloquial","Question: What tools do you use to test your code? Answer: I use pytest, pytest, pytest, pytest."
"generate question: ['Profiling', ' Algorithmic improvements', ' Data structure optimization', ' Code refactoring'] MULTI-SELECT colloquial",Question: What are your main areas of expertise? Answer: Data structure optimization.
generate question: ['Date'] DATE concise,Question: When was the last time you checked in? Provide a date. Answer: The last time you checked in was the last time you checked in? Provide a date. Provide a date.
"generate question: ['Diversifying suppliers', ' Developing strong supplier relationships', ' Implementing supplier performance management systems', ' Developing contingency plans', ' Monitoring geopolitical events'] MULTI-SELECT concise",Question: What are your main areas of expertise? Answer: Diversifying suppliers.
generate question: ['Date'] DATE annoyed,Question: What is your date of birth? Provide a date. Answer: The date of birth is the 1st of October every year. It's the 1st of October every year.
generate question: ['Text'] TEXT verbose,Question: What are your thoughts on this topic? Answer: I've been thinking about this for a long time. I've been thinking about it for a long time.
generate question: ['meeting count'] NUMBER colloquial,Question: What is your meeting count? Provide a number. Answer: It's a number.
"generate question: ['Beginner', ' Intermediate', ' Advanced'] SINGLE-SELECT verbose",Question: What is your level of knowledge? Answer: I'm a beginner.
generate question: ['tax ID'] NUMBER explanatory,Question: What is your tax ID number? Provide a number. Answer: Your tax ID number is the same as your tax ID number.
"generate question: ['Providing opportunities for professional development', ' Creating a positive work environment', ' Offering competitive compensation and benefits', ' Encouraging teamwork and collaboration', ' Recognizing and rewarding employees'] MULTI-SELECT concise",Question: What are your company's goals for the future? Answer: We're committed to creating a positive work environment. We're committed to providing opportunities for professional development.
generate question: ['Date'] DATE verbose,Question: What is your date of birth? Provide a date. Answer: The date of birth is the 1st of October every year.
generate question: ['Date'] DATE verbose,Question: What is your date of birth? Provide a date. Answer: The date of birth is the 1st of October every year.
generate question: ['Text'] TEXT verbose,Question: What are your thoughts on this topic? Answer: I've been thinking about this for a long time. I've been thinking about it for a long time.
generate question: ['client count'] NUMBER colloquial,Question: What is the client count? Provide a number. Answer: The client count is the number of clients.
"generate question: ['Integrated Development Environments (IDEs)', ' Source code management tools', ' Build tools', ' Testing frameworks', ' Debugging tools'] MULTI-SELECT explanatory",Question: What are your favorite IDEs? Answer: Integrated Development Environments (IDEs) are my favorite.
generate question: ['Date'] DATE annoyed,Question: What is your date of birth? Provide a date. Answer: The date of birth is the 1st of October every year. It's the 1st of October every year.
"generate question: ['Amazon Web Services (AWS)', ' Microsoft Azure', ' Google Cloud Platform (GCP)', ' IBM Cloud', ' Oracle Cloud'] MULTI-SELECT explanatory","Question: What cloud platforms do you use? Answer: Microsoft Azure, IBM Cloud Platform (GCP), Oracle Cloud."
generate question: ['Date'] DATE annoyed,Question: What is your date of birth? Provide a date. Answer: The date of birth is the 1st of October every year. It's the 1st of October every year.
"generate question: ['Price', ' Features', ' Customer Support', ' Ease of Use'] SINGLE-SELECT verbose",Question: What are your company's features? Answer: We're looking for a solution. We're looking for a solution. We're looking for a solution.
generate question: ['Text'] TEXT explanatory,Generate a question and answer
"generate question: ['Beginner', ' Intermediate', ' Advanced'] SINGLE-SELECT concise",Question: What is your level of knowledge? Answer: I'm a beginner.
generate question: ['Text'] TEXT explanatory,Generate a question and answer
generate question: ['Text'] TEXT colloquial,Question: What are your thoughts on this topic? Answer: I've been thinking about this for a long time. I've been thinking about it for a long time.
generate question: ['blood pressure'] NUMBER verbose,Question: What is your blood pressure? Provide a number. Answer: My blood pressure is very high.
generate question: ['Text'] TEXT concise,Generate a question and answer
"generate question: ['GitHub', ' GitLab', ' Bitbucket'] SINGLE-SELECT verbose","Question: What tools do you use to manage your projects? Answer: I use GitLab, GitLab and Bitbucket."
generate question: ['Date'] DATE explanatory,Question: What is the date of your next meeting? Provide a date. Answer: The date of your next meeting will be announced.
generate question: ['Text'] TEXT concise,Generate a question and answer
generate question: ['Text'] TEXT concise,Generate a question and answer
"generate question: ['Beginner', ' Intermediate', ' Advanced'] SINGLE-SELECT explanatory","Question: What is your level of knowledge? Answer: I'm a beginner, intermediate, and advanced."
generate question: ['R&D expenditure'] NUMBER explanatory,Question: What is the total expenditure on R&D? Answer: The total expenditure on R&D expenditure is approximately $1.5 billion. The total expenditure on R&D expenditure is approximately $1.2 billion. The total expenditure on R&D expenditure is approximately $1.2 billion. The total expenditure on R&D expenditure is approximately $1.2 billion. The total expenditure on R&D expenditure is approximately $1.2 billion.
"generate question: ['Design Blogs', ' Design Magazines', ' Social Media', ' Industry Conferences', ' Design Workshops'] SINGLE-SELECT colloquial",Question: What are your favorite design magazines? Answer: I love design magazines.
"generate question: ['First-In, First-Out (FIFO)', ' Last-In, First-Out (LIFO)', ' Weighted-Average Cost', ' Specific Identification', ' Inventory Management Software'] MULTI-SELECT concise",Question: What is the weighted-average cost of inventory management software? Answer: The weighted-average cost of inventory management software is the most expensive in the world.
generate question: ['Date'] DATE colloquial,Question: When was the last time you checked in? Provide a date. Answer: The last time you checked in was the last time you checked in.
"generate question: ['Revenue', ' Profit margin', ' Customer acquisition cost', ' Customer lifetime value', ' Customer satisfaction'] MULTI-SELECT explanatory",Question: What is the customer acquisition cost? Answer: Customer acquisition cost is the most important factor in determining customer satisfaction. Customer acquisition cost is the most important factor in determining customer satisfaction.
generate question: ['Text'] TEXT concise,Generate a question and answer
"generate question: ['Competitive compensation and benefits', ' Opportunities for professional development', ' Positive work environment', ' Flexible work arrangements', ' Strong company culture'] MULTI-SELECT verbose",Question: What are your company's goals for the future? Answer: We're committed to providing a positive work environment for our employees. We're committed to providing a positive work environment for our employees. We're also committed to providing opportunities for professional development.
"generate question: ['JUnit', ' Pytest', ' Jest', ' Mocha'] MULTI-SELECT explanatory",Question: What is your preferred method of testing? Answer: I prefer Pytest to JUnit.
generate question: ['Text'] TEXT verbose,Question: What are your thoughts on this topic? Answer: I've been thinking about this for a long time. I've been thinking about it for a long time.
generate question: ['interest rate'] NUMBER colloquial,Question: What is the interest rate? Provide a number. Answer: The interest rate is the highest in the world.
generate question: ['Date'] DATE verbose,Question: What is your date of birth? Provide a date. Answer: The date of birth is the 1st of October every year.
generate question: ['Text'] TEXT colloquial,Question: What are your thoughts on this topic? Answer: I've been thinking about this for a long time. I've been thinking about it for a long time.
"generate question: ['Beginner', ' Intermediate', ' Advanced'] SINGLE-SELECT concise",Question: What is your level of knowledge? Answer: I'm a beginner.
generate question: ['Date'] DATE explanatory,Question: What is the date of your next meeting? Provide a date. Answer: The date of your next meeting will be announced.
"generate question: ['Beginner', ' Intermediate', ' Advanced'] SINGLE-SELECT colloquial",Question: What is your level of knowledge? Answer: I'm a beginner.
"generate question: ['Small Businesses', ' Large Corporations', ' Non-profits', ' Individuals', ' Government Agencies'] SINGLE-SELECT concise","Question: What types of businesses do you represent? Answer: Small businesses, non-profits, government agencies."
generate question: ['sales target'] NUMBER verbose,Question: What is your sales target? Provide a number. Answer: The sales target is a sales target.
generate question: ['Date'] DATE verbose,Question: What is your date of birth? Provide a date. Answer: The date of birth is the 1st of October every year.
"generate question: ['Male', ' Female', ' Other', ' Prefer not to say'] SINGLE-SELECT verbose","Question: What is your gender? Answer: I'm a female, I'm a male, I'm a female."
generate question: ['Text'] TEXT explanatory,Generate a question and answer
generate question: ['Text'] TEXT verbose,Question: What are your thoughts on this topic? Answer: I've been thinking about this for a long time. I've been thinking about it for a long time.
generate question: ['Text'] TEXT explanatory,Generate a question and answer
"generate question: ['Online courses', ' Books', ' Conferences', ' Workshops', ' Mentorship', ' Self-study'] MULTI-SELECT concise","Question: What are your favorite online courses? Answer: Online courses, workshops, and self-study."
generate question: ['score'] NUMBER annoyed,Question: What is your score? Provide a score. Answer: It's a good score.
"generate question: ['Integrated Development Environments (IDEs)', ' Source code management tools', ' Build tools', ' Testing frameworks', ' Debugging tools'] MULTI-SELECT concise",Question: What are your favorite IDEs? Answer: Integrated Development Environments (IDEs) are my favorite.
generate question: ['Date'] DATE concise,Question: When was the last time you checked in? Provide a date. Answer: The last time you checked in was the last time you checked in? Provide a date. Provide a date.
generate question: ['active users'] NUMBER explanatory,Question: How many active users do you have? Provide a list of active users. Answer: I have a lot of active users.
"generate question: ['Trucks', ' Rail', ' Ships', ' Pipelines', ' Air'] MULTI-SELECT verbose","Question: What types of transportation services do you use? Answer: I use Rail, Pipelines, and Air."
generate question: ['active users'] NUMBER colloquial,Question: How many active users do you have? Provide a list of active users. Answer: I have a lot of active users.
"generate question: ['Difficulty identifying qualified leads', ' Inefficient lead follow-up', ' Lack of visibility into the sales pipeline', ' Poor lead data quality', ' Lack of reporting and analytics'] MULTI-SELECT concise","Question: What are your biggest challenges with lead follow-up? Answer: Inefficient lead follow-up, poor lead data quality, lack of reporting and analytics."
"generate question: ['Improved process efficiency', ' Recycling programs', ' Waste reduction initiatives', ' Waste-to-energy technologies', ' Improved material handling'] MULTI-SELECT concise",Question: What are your company's goals for reducing waste? Answer: We're committed to improving our recycling programs. We're committed to improving our recycling programs. We're committed to improving our recycling programs.
generate question: ['Date'] DATE explanatory,Question: What is the date of your next meeting? Provide a date. Answer: The date of your next meeting will be announced.
generate question: ['Text'] TEXT annoyed,Question: What are your thoughts on this topic? Answer: I'm not sure what to do about it.
"generate question: ['Email', ' SMS', ' In-app notifications'] SINGLE-SELECT explanatory",Question: What is your preferred method of communication? Answer: I prefer to communicate via email.
"generate question: ['Communicating effectively with employees', ' Involving employees in the change process', ' Providing training and support', ' Celebrating successes', ' Addressing concerns and feedback'] MULTI-SELECT explanatory",Question: How do you communicate effectively with employees? Answer: Providing training and support to employees.
generate question: ['Date'] DATE annoyed,Question: What is your date of birth? Provide a date. Answer: The date of birth is the 1st of October every year. It's the 1st of October every year.
generate question: ['purchase count'] NUMBER annoyed,Question: What is the purchase count? Provide a number. Answer: The purchase count is based on the total number of units purchased. The total number of units purchased is based on the total number of units purchased.
generate question: ['Text'] TEXT annoyed,Question: What are your thoughts on this topic? Answer: I'm not sure what to do about it.
"generate question: ['Yes', ' No'] SINGLE-SELECT verbose",Question: Would you like to know if you have any other suggestions? Answer: Yes.
generate question: ['Text'] TEXT colloquial,Question: What are your thoughts on this topic? Answer: I've been thinking about this for a long time. I've been thinking about it for a long time.
generate question: ['Date'] DATE concise,Question: When was the last time you checked in? Provide a date. Answer: The last time you checked in was the last time you checked in? Provide a date. Provide a date.
generate question: ['Text'] TEXT concise,Generate a question and answer
"generate question: ['Competition', ' Economic conditions', ' Technology changes', ' Regulations', ' Finding and retaining talent'] MULTI-SELECT colloquial",Question: What are your company's challenges? Answer: We're in a competitive environment.
generate question: ['Text'] TEXT colloquial,Question: What are your thoughts on this topic? Answer: I've been thinking about this for a long time. I've been thinking about it for a long time.
generate question: ['revenue'] NUMBER colloquial,Question: What is the total amount of revenue generated? Answer: The total amount of revenue generated is estimated to be around $1 million. The total amount of revenue generated is estimated to be around $1 million. The total amount of revenue generated is estimated to be around $1 million. The total amount generated is estimated to be around $1 million.
"generate question: ['Relational databases', ' NoSQL databases', ' Graph databases'] MULTI-SELECT explanatory",Question: What types of databases do you use? Answer: Relational databases.
generate question: ['equipment count'] NUMBER verbose,Question: What is the equipment count? Provide a number. Answer: The equipment count is based on the number of units in the building. The number of units in the building is based on the number of units in the building. The number of units in the building is based on the number of units in the building.
generate question: ['Date'] DATE colloquial,Question: When was the last time you checked in? Provide a date. Answer: The last time you checked in was the last time you checked in.
"generate question: ['Take a break', ' Seek inspiration from others', ' Experiment with new techniques', ' Change my environment', ' Try a different approach'] SINGLE-SELECT colloquial",Question: What are your favorite techniques for creating a better environment? Answer: I like to experiment with new techniques.
generate question: ['Text'] TEXT verbose,Question: What are your thoughts on this topic? Answer: I've been thinking about this for a long time. I've been thinking about it for a long time.
"generate question: ['Painting', ' Sculpture', ' Digital Art', ' Photography', ' Graphic Design'] SINGLE-SELECT explanatory","Question: What is your favorite art form? Answer: Digital Art, Photography, Graphic Design."
generate question: ['Date'] DATE verbose,Question: What is your date of birth? Provide a date. Answer: The date of birth is the 1st of October every year.
generate question: ['Date'] DATE colloquial,Question: When was the last time you checked in? Provide a date. Answer: The last time you checked in was the last time you checked in.
"generate question: ['Healthcare', ' Finance', ' Technology', ' Education', ' Retail', ' Manufacturing'] MULTI-SELECT annoyed",Question: What industries do you work in? Answer: Technology.
generate question: ['proposals submitted'] NUMBER annoyed,Question: What is the number of proposals submitted? Provide a number. Answer: The number of proposals submitted is the number of proposals submitted. The number of proposals submitted is the number of proposals submitted.
"generate question: ['Morning', ' Afternoon', ' Evening'] SINGLE-SELECT explanatory",Question: What is your preferred time of day? Answer: It's the middle of the day.
generate question: ['work hours'] NUMBER concise,Question: How many hours did you work on your project? Answer: I worked on a project for a number of years.
"generate question: ['Patents', ' Trademarks', ' Copyrights', ' Trade secrets', ' Non-disclosure agreements'] MULTI-SELECT explanatory","Question: What types of trade secrets do you use? Answer: I use Copyrights, Trade secrets, Copyrights and Non-disclosure agreements to protect my intellectual property. Copyrights, Copyrights, Copyrights, Trade secrets, Copyrights, Trade secrets, Copyrights, Trade secrets, Copyrights, Trade secrets, Copyrights, Trade secrets, Copyrights, Trade secrets, Copyrights, Trade secrets, Copyrights, Trade secrets, Copyrights, Trade secrets, Copyrights,"
"generate question: ['User manuals', ' Technical specifications', ' API documentation', ' Design documents', ' Test plans'] MULTI-SELECT explanatory","Question: What types of documentation do you use? Answer: Technical specifications, design documents, test plans."
generate question: ['Text'] TEXT verbose,Question: What are your thoughts on this topic? Answer: I've been thinking about this for a long time. I've been thinking about it for a long time.
generate question: ['Text'] TEXT concise,Generate a question and answer
generate question: ['Text'] TEXT concise,Generate a question and answer
"generate question: ['Immediate', ' Within 1 month', ' Within 3 months', ' Within 6 months', ' Longer than 6 months'] SINGLE-SELECT concise",Question: How long have you been working on this project? Answer: I've been working on this project for a few months now. I've been working on it for a few months now.
generate question: ['Date'] DATE annoyed,Question: What is your date of birth? Provide a date. Answer: The date of birth is the 1st of October every year. It's the 1st of October every year.
"generate question: ['Beginner', ' Intermediate', ' Advanced'] SINGLE-SELECT annoyed",Question: What is your level of knowledge? Answer: I'm a beginner.
"generate question: ['Beginner', ' Intermediate', ' Advanced'] SINGLE-SELECT annoyed",Question: What is your level of knowledge? Answer: I'm a beginner.
"generate question: ['Providing excellent customer service', ' Developing user-friendly products and services', ' Collecting customer feedback', ' Personalizing the customer experience', ' Building a strong brand reputation'] MULTI-SELECT annoyed",Question: What are your company's goals for the future? Answer: We're committed to providing excellent customer service. We're also committed to personalizing the customer experience.
generate question: ['Date'] DATE verbose,Question: What is your date of birth? Provide a date. Answer: The date of birth is the 1st of October every year.
generate question: ['loan amount'] NUMBER verbose,Question: What is the loan amount? Provide a number. Answer: The loan amount is based on the amount borrowed.
generate question: ['contact preference'] NUMBER concise,Generate a question and answer: What is your contact information? Provide a contact number.
generate question: ['Text'] TEXT concise,Generate a question and answer
generate question: ['Date'] DATE explanatory,Question: What is the date of your next meeting? Provide a date. Answer: The date of your next meeting will be announced.
"generate question: ['Conferences', ' Trade shows', ' Seminars', ' Workshops', ' Networking events'] MULTI-SELECT verbose","Question: What types of events do you attend? Answer: Trade shows, workshops, networking events."
generate question: ['Text'] TEXT explanatory,Generate a question and answer
generate question: ['Date'] DATE explanatory,Question: What is the date of your next meeting? Provide a date. Answer: The date of your next meeting will be announced.
generate question: ['shoe size'] NUMBER verbose,Question: What is your shoe size? Provide a number. Answer: It's a shoe size.
"generate question: ['Industry publications', ' News websites', ' Social media', ' Conferences and trade shows', ' Industry analysts'] MULTI-SELECT colloquial","Question: What are your industry publications? Answer: Industry publications, conferences and trade shows."
"generate question: ['18-24', ' 25-34', ' 35-44', ' 45-54', ' 55+'] SINGLE-SELECT colloquial",Question: What age group are you in? Answer: I'm 18-24. I'm 35-44.
generate question: ['Date'] DATE concise,Question: When was the last time you checked in? Provide a date. Answer: The last time you checked in was the last time you checked in? Provide a date. Provide a date.
"generate question: ['Industry publications', ' News websites', ' Social media', ' Conferences and trade shows', ' Industry analysts'] MULTI-SELECT verbose","Question: What are your industry publications? Answer: Industry publications, conferences and trade shows."
generate question: ['Text'] TEXT colloquial,Question: What are your thoughts on this topic? Answer: I've been thinking about this for a long time. I've been thinking about it for a long time.
"generate question: ['Agile', ' Waterfall', ' Lean', ' Iterative', ' Hybrid'] SINGLE-SELECT annoyed","Question: What are your preferred methodologies for implementing agile processes? Answer: Lean, Agile, and Hybrid."
generate question: ['height'] NUMBER colloquial,Question and answer: What is your height? Provide a number. Answer: I'm tall.
generate question: ['Date'] DATE annoyed,Question: What is your date of birth? Provide a date. Answer: The date of birth is the 1st of October every year. It's the 1st of October every year.
"generate question: ['Constructive Criticism', ' Positive Reinforcement', ' Peer Reviews', ' Client Feedback', ' Public Opinion'] SINGLE-SELECT concise","Question: What types of feedback do you receive from your clients? Answer: Positive Reinforcement, Peer Reviews, Public Opinion."
generate question: ['Date'] DATE annoyed,Question: What is your date of birth? Provide a date. Answer: The date of birth is the 1st of October every year. It's the 1st of October every year.
generate question: ['training budget'] NUMBER explanatory,Question: What is your training budget? Provide a number. Answer: It's a lot.
generate question: ['Date'] DATE explanatory,Question: What is the date of your next meeting? Provide a date. Answer: The date of your next meeting will be announced.
generate question: ['price'] NUMBER verbose,Question: What is the price of the product? Provide a price. Answer: It's a very reasonable price.
generate question: ['Text'] TEXT annoyed,Question: What are your thoughts on this topic? Answer: I'm not sure what to do about it.
"generate question: ['Code reviews', ' Static analysis', ' Unit testing', ' Integration testing', ' Code style guidelines'] MULTI-SELECT annoyed",Question: What are your preferred methods for code reviews? Answer: Code style guidelines are a must.
generate question: ['Date'] DATE explanatory,Question: What is the date of your next meeting? Provide a date. Answer: The date of your next meeting will be announced.
generate question: ['income'] NUMBER annoyed,Question: What is your income? Provide a number. Answer: It's a lot.
"generate question: ['Maintaining team motivation', ' Ensuring consistent performance', ' Providing adequate training and development', ' Managing team conflicts', ' Tracking team progress'] MULTI-SELECT verbose",Question: How do you maintain team motivation? Answer: Providing adequate training and development
"generate question: ['Email', ' Phone calls', ' Video conferencing', ' Instant messaging', ' In-person meetings'] MULTI-SELECT verbose","Question: What are your preferred methods of communication? Answer: Email, video conferencing, in-person meetings."
generate question: ['Date'] DATE colloquial,Question: When was the last time you checked in? Provide a date. Answer: The last time you checked in was the last time you checked in.
generate question: ['Text'] TEXT annoyed,Question: What are your thoughts on this topic? Answer: I'm not sure what to do about it.
"generate question: ['Beginner', ' Intermediate', ' Advanced'] SINGLE-SELECT verbose",Question: What is your level of knowledge? Answer: I'm a beginner.
generate question: ['Date'] DATE colloquial,Question: When was the last time you checked in? Provide a date. Answer: The last time you checked in was the last time you checked in.
"generate question: ['Staying informed about relevant regulations', ' Developing compliance programs', ' Training employees on compliance procedures', ' Conducting regular compliance audits', ' Reporting compliance issues'] MULTI-SELECT annoyed",Question: What are your company's compliance programs? Answer: Training employees on compliance procedures.
generate question: ['ROI'] NUMBER annoyed,Question: What are your thoughts on this? Answer: I'm not sure what to do about it.
"generate question: ['Reading', ' Hiking', ' Photography', ' Music', ' Gaming', ' Sports', ' Travel'] MULTI-SELECT annoyed","Question: What hobbies do you enjoy most? Answer: I enjoy reading, hiking, and traveling."
generate question: ['sales target'] NUMBER colloquial,Question: What is your sales target? Provide a number. Answer: The sales target is a number.
generate question: ['Date'] DATE annoyed,Question: What is your date of birth? Provide a date. Answer: The date of birth is the 1st of October every year. It's the 1st of October every year.
generate question: ['Date'] DATE colloquial,Question: When was the last time you checked in? Provide a date. Answer: The last time you checked in was the last time you checked in.
generate question: ['social media accounts'] NUMBER annoyed,Question: What are your social media accounts? Provide a name. Answer: I don't know.
"generate question: ['Slack', ' Microsoft Teams', ' Email', ' Project management software', ' Instant messaging apps'] MULTI-SELECT explanatory",Question: What project management software do you use? Answer: Microsoft Teams.
generate question: ['Text'] TEXT explanatory,Generate a question and answer
generate question: ['grocery spending'] NUMBER concise,Question: How much do you spend on groceries? Provide a list. Answer: I spend a lot of money on groceries.
generate question: ['Date'] DATE verbose,Question: What is your date of birth? Provide a date. Answer: The date of birth is the 1st of October every year.
"generate question: ['Air pollution', ' Water pollution', ' Waste management', ' Greenhouse gas emissions', ' Noise pollution'] MULTI-SELECT explanatory","Question: What are your main areas of concern? Answer: Air pollution, water pollution, noise pollution."
generate question: ['Date'] DATE explanatory,Question: What is the date of your next meeting? Provide a date. Answer: The date of your next meeting will be announced.
generate question: ['age'] NUMBER colloquial,Question: How old are you? Answer: I'm 57 years old.
"generate question: ['Writing', ' Verbally', ' Both equally'] SINGLE-SELECT verbose",Question: What is your preferred method of communication? Answer: Both verbally and verbatim.
generate question: ['Text'] TEXT concise,Generate a question and answer
"generate question: ['Beginner', ' Intermediate', ' Advanced', ' Expert'] SINGLE-SELECT annoyed",Question: What is your level of experience? Answer: I'm a beginner.
generate question: ['Date'] DATE annoyed,Question: What is your date of birth? Provide a date. Answer: The date of birth is the 1st of October every year. It's the 1st of October every year.
generate question: ['credit card count'] NUMBER annoyed,Question: What is your credit card number? Provide a number. Answer: My credit card number is 123.
generate question: ['Date'] DATE annoyed,Question: What is your date of birth? Provide a date. Answer: The date of birth is the 1st of October every year. It's the 1st of October every year.
"generate question: ['Slack', ' Microsoft Teams', ' Email', ' Jira'] SINGLE-SELECT colloquial",Question: What is your preferred method of communication? Answer: My preferred method of communication is email.
"generate question: ['Unit testing', ' Integration testing', ' System testing', ' User acceptance testing', ' Agile testing', ' Waterfall testing'] MULTI-SELECT annoyed","Question: What types of testing methods do you use? Answer: Integration testing, user acceptance testing, waterfall testing."
generate question: ['weight'] NUMBER annoyed,Question: What is your weight? Provide a weight. Answer: It's a lot.
generate question: ['Text'] TEXT concise,Generate a question and answer
generate question: ['units produced'] NUMBER concise,Question: How many units were produced? Provide a number of units produced. Answer: The number of units produced is the number of units produced.
generate question: ['Text'] TEXT explanatory,Generate a question and answer
"generate question: ['Nature', ' People', ' Abstract Concepts', ' Dreams', ' Current Events'] SINGLE-SELECT explanatory",Question: What are your thoughts on the future? Answer: I've been thinking about it for a long time. I've been thinking about it for a long time.
"generate question: ['Referral programs', ' Social media marketing', ' Content marketing', ' Email marketing', ' Paid advertising'] MULTI-SELECT annoyed","Question: What are your favorite marketing channels? Answer: Social media marketing, email marketing, paid advertising."
generate question: ['Date'] DATE verbose,Question: What is your date of birth? Provide a date. Answer: The date of birth is the 1st of October every year.
generate question: ['Date'] DATE annoyed,Question: What is your date of birth? Provide a date. Answer: The date of birth is the 1st of October every year. It's the 1st of October every year.
"generate question: ['Slack', ' Microsoft Teams', ' Email', ' Jira'] SINGLE-SELECT explanatory",Question: What is your preferred method of communication? Answer: My preferred method of communication is email.
generate question: ['order number'] NUMBER verbose,Question: What is your order number? Provide a number. Answer: It's a number.
generate question: ['Text'] TEXT annoyed,Question: What are your thoughts on this topic? Answer: I'm not sure what to do about it.
"generate question: ['Natural gas', ' Coal', ' Electricity', ' Renewable energy', ' Oil'] MULTI-SELECT explanatory","Question: What types of energy sources do you use? Answer: Natural gas, coal, renewable energy."
generate question: ['Text'] TEXT verbose,Question: What are your thoughts on this topic? Answer: I've been thinking about this for a long time. I've been thinking about it for a long time.
generate question: ['altitude'] NUMBER explanatory,Question: What is the altitude of the aircraft? Answer: The altitude of the aircraft varies depending on the terrain. The altitude of the aircraft varies depending on the terrain. The altitude of the aircraft varies depending on the terrain.
"generate question: ['Relational databases', ' NoSQL databases', ' Graph databases'] MULTI-SELECT colloquial",Question: What types of databases do you use? Answer: Relational databases.
generate question: ['Date'] DATE colloquial,Question: When was the last time you checked in? Provide a date. Answer: The last time you checked in was the last time you checked in.
generate question: ['inductance'] NUMBER colloquial,Question: What is your inductance? Provide a number. Answer: It's a number.
"generate question: ['SAP PM', ' IBM Maximo', ' Oracle EAM', ' Infor EAM', ' Microsoft Dynamics 365'] MULTI-SELECT verbose","Question: What is your preferred solution? Answer: Oracle EAM, Infor EAM."
"generate question: ['Tableau', ' Power BI', ' Qlik Sense', ' Splunk', ' Google Data Studio'] MULTI-SELECT verbose","Question: What tools are you most familiar with? Answer: Power BI, Splunk."
generate question: ['Date'] DATE explanatory,Question: What is the date of your next meeting? Provide a date. Answer: The date of your next meeting will be announced.
generate question: ['Date'] DATE colloquial,Question: When was the last time you checked in? Provide a date. Answer: The last time you checked in was the last time you checked in.
"generate question: ['Very Satisfied', ' Satisfied', ' Neutral', ' Dissatisfied', ' Very Dissatisfied'] SINGLE-SELECT concise",Question: How satisfied are you with the results? Answer: I'm very satisfied with the results.
generate question: ['Date'] DATE verbose,Question: What is your date of birth? Provide a date. Answer: The date of birth is the 1st of October every year.
generate question: ['equipment count'] NUMBER explanatory,Question: What is the equipment count? Provide a number. Answer: The equipment count is based on the number of units in the building. The number of units in the building is based on the number of units in the building.
generate question: ['coffee consumption'] NUMBER colloquial,Question: How many cups of coffee do you drink each day? Answer: It's a lot.
generate question: ['project cost'] NUMBER annoyed,Question: What is the estimated cost of the project? Answer: The estimated cost of the project is estimated to be around $1 million. The estimated cost of the project is estimated to be around $1 million. The estimated cost of the project is estimated to be around $1 million. The estimated cost of the project is estimated to be around $1 million.
generate question: ['age'] NUMBER verbose,Question: How old are you? Provide a date. Answer: I'm 18 years old.
generate question: ['Text'] TEXT colloquial,Question: What are your thoughts on this topic? Answer: I've been thinking about this for a long time. I've been thinking about it for a long time.
"generate question: ['Package managers', ' Dependency injection'] MULTI-SELECT colloquial",Question: What is your experience with dependency injection? Answer: Dependency injection is one of the most common types of dependency injection. Dependency injection is the most common form of dependency injection. Dependency injection is the most common form of dependency injection. Dependency injection is the most common form of dependency injection.
generate question: ['units produced'] NUMBER verbose,Question: What is the number of units produced? Answer: The number of units produced is the number of units produced. The number of units produced is the number of units produced. The number of units produced is the number of units produced.
generate question: ['Text'] TEXT verbose,Question: What are your thoughts on this topic? Answer: I've been thinking about this for a long time. I've been thinking about it for a long time.
generate question: ['Date'] DATE annoyed,Question: What is your date of birth? Provide a date. Answer: The date of birth is the 1st of October every year. It's the 1st of October every year.
generate question: ['Date'] DATE verbose,Question: What is your date of birth? Provide a date. Answer: The date of birth is the 1st of October every year.
generate question: ['training hours'] NUMBER explanatory,Question: How many hours of training did you do? Answer: I did a lot of training.
generate question: ['Date'] DATE verbose,Question: What is your date of birth? Provide a date. Answer: The date of birth is the 1st of October every year.
generate question: ['Date'] DATE verbose,Question: What is your date of birth? Provide a date. Answer: The date of birth is the 1st of October every year.
generate question: ['Text'] TEXT colloquial,Question: What are your thoughts on this topic? Answer: I've been thinking about this for a long time. I've been thinking about it for a long time.
"generate question: ['Excellent', ' Good', ' Fair', ' Poor'] SINGLE-SELECT verbose",Question: What is your overall experience with the program? Answer: It's a lot of fun.
generate question: ['Date'] DATE verbose,Question: What is your date of birth? Provide a date. Answer: The date of birth is the 1st of October every year.
"generate question: ['Very Important', ' Important', ' Somewhat Important', ' Not Important'] SINGLE-SELECT verbose",Question: What is your opinion on the subject? Answer: I think it's important to have a clear understanding of the subject. It's important to have a clear understanding of the subject.
"generate question: ['Technical leadership', ' Specialized expertise', ' Entrepreneurship', ' Continuous learning and growth'] MULTI-SELECT explanatory",Question: What are your company's strengths and weaknesses? Answer: I've always been a strong believer in continuous learning and growth.
generate question: ['account number'] NUMBER concise,Question: What is your account number? Provide a name. Answer: My account number is 123.
"generate question: ['1-5', ' 6-10', ' 11-20', ' 20+'] SINGLE-SELECT annoyed",Question: What is your preferred method for answering this question? Answer: I prefer to answer this question on a regular basis. I prefer to answer this question on a regular basis.
generate question: ['Text'] TEXT colloquial,Question: What are your thoughts on this topic? Answer: I've been thinking about this for a long time. I've been thinking about it for a long time.
generate question: ['Text'] TEXT concise,Generate a question and answer
generate question: ['Date'] DATE concise,Question: When was the last time you checked in? Provide a date. Answer: The last time you checked in was the last time you checked in? Provide a date. Provide a date.
"generate question: ['Microservices', ' Monolithic', ' Layered', ' Event-driven'] MULTI-SELECT colloquial","Question and answer: What is your preferred approach? Answer: Monolithic, Event-driven."
generate question: ['Text'] TEXT colloquial,Question: What are your thoughts on this topic? Answer: I've been thinking about this for a long time. I've been thinking about it for a long time.
generate question: ['Date'] DATE explanatory,Question: What is the date of your next meeting? Provide a date. Answer: The date of your next meeting will be announced.
generate question: ['Date'] DATE colloquial,Question: When was the last time you checked in? Provide a date. Answer: The last time you checked in was the last time you checked in.
generate question: ['Text'] TEXT concise,Generate a question and answer
generate question: ['Date'] DATE concise,Question: When was the last time you checked in? Provide a date. Answer: The last time you checked in was the last time you checked in? Provide a date. Provide a date.
generate question: ['Text'] TEXT annoyed,Question: What are your thoughts on this topic? Answer: I'm not sure what to do about it.
generate question: ['Text'] TEXT colloquial,Question: What are your thoughts on this topic? Answer: I've been thinking about this for a long time. I've been thinking about it for a long time.
"generate question: ['Slack', ' Microsoft Teams', ' Google Chat', ' Discord'] MULTI-SELECT annoyed","Question: What is your preferred method of communication? Answer: Microsoft Teams, Google Chat, Discord."
generate question: ['Text'] TEXT colloquial,Question: What are your thoughts on this topic? Answer: I've been thinking about this for a long time. I've been thinking about it for a long time.
generate question: ['Date'] DATE annoyed,Question: What is your date of birth? Provide a date. Answer: The date of birth is the 1st of October every year. It's the 1st of October every year.
generate question: ['Text'] TEXT colloquial,Question: What are your thoughts on this topic? Answer: I've been thinking about this for a long time. I've been thinking about it for a long time.
generate question: ['Date'] DATE annoyed,Question: What is your date of birth? Provide a date. Answer: The date of birth is the 1st of October every year. It's the 1st of October every year.
"generate question: ['Classroom training', ' Online training', ' On-the-job training', ' Mentorship programs', ' External training courses'] MULTI-SELECT colloquial","Question: What types of training do you use? Answer: Online training, on-the-job training, mentorship programs."
"generate question: ['Git', ' SVN', ' Mercurial'] MULTI-SELECT concise",Generate a question and answer: What tools do you use to manage your data? Answer: SVN.
generate question: ['Date'] DATE verbose,Question: What is your date of birth? Provide a date. Answer: The date of birth is the 1st of October every year.
"generate question: ['Automation', ' Robotics', ' Artificial intelligence (AI)', ' Internet of Things (IoT)', ' Big data analytics'] MULTI-SELECT annoyed","Question: What technologies are you most interested in? Answer: Robotics, AI, Big data analytics."
generate question: ['Date'] DATE verbose,Question: What is your date of birth? Provide a date. Answer: The date of birth is the 1st of October every year.
"generate question: ['Customer surveys', ' Customer interviews', ' Focus groups', ' Online reviews', ' Social media monitoring'] MULTI-SELECT colloquial","Question: What are your preferred methods for conducting customer interviews? Answer: Focus groups, online reviews, social media monitoring."
generate question: ['Date'] DATE annoyed,Question: What is your date of birth? Provide a date. Answer: The date of birth is the 1st of October every year. It's the 1st of October every year.
generate question: ['shoe size'] NUMBER explanatory,Question: What is your shoe size? Provide a number. Answer: It's a shoe size.
generate question: ['Text'] TEXT annoyed,Question: What are your thoughts on this topic? Answer: I'm not sure what to do about it.
generate question: ['Date'] DATE verbose,Question: What is your date of birth? Provide a date. Answer: The date of birth is the 1st of October every year.
"generate question: ['Increase customer retention', ' Improve customer loyalty', ' Generate positive word-of-mouth referrals', ' Reduce customer churn', ' Enhance brand reputation'] MULTI-SELECT annoyed","Question: What are your company's goals for retaining customers? Answer: Increase customer loyalty, reduce churn and increase brand reputation."
generate question: ['Text'] TEXT verbose,Question: What are your thoughts on this topic? Answer: I've been thinking about this for a long time. I've been thinking about it for a long time.
generate question: ['Date'] DATE annoyed,Question: What is your date of birth? Provide a date. Answer: The date of birth is the 1st of October every year. It's the 1st of October every year.
"generate question: ['Unique product features', ' Strong brand reputation', ' Excellent customer service', ' Competitive pricing', ' Strategic partnerships'] MULTI-SELECT colloquial","Question: What are your company's key strengths? Answer: Strong brand reputation, competitive pricing, and strategic partnerships."
generate question: ['Date'] DATE annoyed,Question: What is your date of birth? Provide a date. Answer: The date of birth is the 1st of October every year. It's the 1st of October every year.
generate question: ['Date'] DATE annoyed,Question: What is your date of birth? Provide a date. Answer: The date of birth is the 1st of October every year. It's the 1st of October every year.
generate question: ['work hours'] NUMBER explanatory,Question: How many hours did you work on your project? Answer: I worked on a project for a number of years.
generate question: ['zip code'] NUMBER verbose,Question: What is the zip code of your home? Provide a zip code. Answer: It's the zip code of your home.
generate question: ['vote count'] NUMBER colloquial,Question: What is your vote count? Answer: It's a lot.
"generate question: ['Environmental Protection Agency (EPA)', ' Occupational Safety and Health Administration (OSHA)', ' Department of Transportation (DOT)', ' Local environmental agencies', ' Industry-specific regulatory bodies'] MULTI-SELECT annoyed",Question: What environmental agencies do you work for? Answer: I work for the Environmental Protection Agency (EPA) and the Department of Transportation (DOT)
"generate question: ['Slack', ' Microsoft Teams', ' Email', ' Project management software', ' Instant messaging apps'] MULTI-SELECT concise",Question: What project management software do you use? Answer: Microsoft Teams.
generate question: ['power'] NUMBER colloquial,Question: What is your power supply? Provide a number. Answer: It's a power supply. It's a power supply.
generate question: ['Date'] DATE colloquial,Question: When was the last time you checked in? Provide a date. Answer: The last time you checked in was the last time you checked in.
generate question: ['Text'] TEXT colloquial,Question: What are your thoughts on this topic? Answer: I've been thinking about this for a long time. I've been thinking about it for a long time.
"generate question: ['OWASP Top 10', ' Authentication', ' Authorization', ' Encryption', ' Input validation', ' Output encoding', ' Secure coding practices'] MULTI-SELECT verbose","Question: What are your top 10 security practices? Answer: Authentication, authorization, encoding."
