context,Generated Q&A,question,answer,predicted_answer
"generate question: ['Design Blogs', ' Design Magazines', ' Social Media', ' Industry Conferences', ' Design Workshops'] SINGLE-SELECT explanatory",Question: What are your favorite design media? Answer: I'm a big fan of Design Magazines. I'm also a big fan of Social Media.,What are your favorite design media?,I'm a big fan of Design Magazines. I'm also a big fan of Social Media.,"Design Blogs', ' Design Magazines', ' Social Media"
generate question: ['Date'] DATE concise,Question: When was the last time you checked in? Provide a date. Answer: The last time you checked in was the last time you checked in? Provide a date. Provide a date.,When was the last time you checked in? Provide a date.,The last time you checked in was the last time you checked in? Provide a date. Provide a date.,Date
generate question: ['frequency'] NUMBER verbose,Question: How many times a day do you use your phone? Answer: I use my phone a lot.,How many times a day do you use your phone?,I use my phone a lot.,NUMBER verbose
generate question: ['Date'] DATE annoyed,Question: What is your date of birth? Provide a date. Answer: The date of birth is the 1st of October every year. It's the 1st of October every year.,What is your date of birth? Provide a date.,The date of birth is the 1st of October every year. It's the 1st of October every year.,Date
generate question: ['Date'] DATE explanatory,Question: What is the date of your next meeting? Provide a date. Answer: The date of your next meeting will be announced.,What is the date of your next meeting? Provide a date.,The date of your next meeting will be announced.,DATE explanatory
generate question: ['order backlog'] NUMBER colloquial,Question: What is the order backlog? Answer: The order backlog is a huge problem.,What is the order backlog?,The order backlog is a huge problem.,NUMBER colloquial
"generate question: ['Extract Method', ' Rename Method', ' Move Method', ' Extract Class', ' Inline Method'] MULTI-SELECT colloquial",Question: What is your favorite method to extract data from a file? Answer: It's the most efficient way to extract data from a file. It's the most efficient way to extract data from a file.,What is your favorite method to extract data from a file?,It's the most efficient way to extract data from a file. It's the most efficient way to extract data from a file.,MULTI-SELECT colloquial
"generate question: ['Bulldozers', ' Excavator', ' Cranes', ' Forklifts', ' Heavy-duty trucks'] MULTI-SELECT colloquial","Question: What types of trucks do you use? Answer: I use forklifts, forklifts and forklifts.",What types of trucks do you use?,"I use forklifts, forklifts and forklifts.",Heavy-duty trucks
"generate question: ['Encouraging experimentation', ' Investing in research and development', ' Creating a culture of innovation', ' Partnering with external innovators', ' Protecting intellectual property'] MULTI-SELECT colloquial",Question: What are your company's priorities for the future? Answer: We're investing in research and development. We partner with external innovators.,What are your company's priorities for the future?,We're investing in research and development. We partner with external innovators.,"Encouraging experimentation', ' Investing in research and development"
generate question: ['active users'] NUMBER annoyed,Question: How many active users do you have? Provide a list of active users. Answer: I have a lot of active users.,How many active users do you have? Provide a list of active users.,I have a lot of active users.,NUMBER
"generate question: ['Beginner', ' Intermediate', ' Advanced'] SINGLE-SELECT verbose",Question: What is your level of knowledge? Answer: I'm a beginner.,What is your level of knowledge?,I'm a beginner.,SINGLE-SELECT verbose
generate question: ['Date'] DATE verbose,Question: What is your date of birth? Provide a date. Answer: The date of birth is the 1st of October every year.,What is your date of birth? Provide a date.,The date of birth is the 1st of October every year.,DATE verbose
"generate question: ['Steel production', ' Oil refining', ' Cement manufacturing', ' Mining', ' Chemical processing'] MULTI-SELECT explanatory",Question: What industries do you work in? Answer: I work in a variety of industries.,What industries do you work in?,I work in a variety of industries.,"Cement manufacturing', ' Mining', ' Chemical processing'"
generate question: ['work hours'] NUMBER verbose,Question: How many hours of work do you do? Answer: I do not know.,How many hours of work do you do?,I do not know.,work hours'] NUMBER verbose
generate question: ['Date'] DATE explanatory,Question: What is the date of your next meeting? Provide a date. Answer: The date of your next meeting will be announced.,What is the date of your next meeting? Provide a date.,The date of your next meeting will be announced.,DATE explanatory
generate question: ['number of pets'] NUMBER colloquial,Question: What is the number of pets in your household? Answer: The number of pets in your household is the number of pets in your household. The number of pets in your household is the number of pets in your household. The number of pets is the number of pets in your household.,What is the number of pets in your household?,The number of pets in your household is the number of pets in your household. The number of pets in your household is the number of pets in your household. The number of pets is the number of pets in your household.,number of pets
"generate question: ['Patents', ' Trademarks', ' Copyrights', ' Trade secrets', ' Non-disclosure agreements'] MULTI-SELECT verbose","Question: What types of trade secrets do you use? Answer: I use a combination of Trademarks, Copyrights and Non-disclosure agreements to protect my intellectual property. I use a combination of Trademarks and Copyrights to protect my intellectual property. I use a combination of Trademarks and Copyrights to protect my intellectual property. I use a combination of Trademarks and Copyrights to protect my intellectual property.",What types of trade secrets do you use?,"I use a combination of Trademarks, Copyrights and Non-disclosure agreements to protect my intellectual property. I use a combination of Trademarks and Copyrights to protect my intellectual property. I use a combination of Trademarks and Copyrights to protect my intellectual property. I use a combination of Trademarks and Copyrights to protect my intellectual property.",Non-disclosure agreements
"generate question: ['Water recycling', ' Water-efficient equipment', ' Process optimization', ' Leak detection and repair', ' Water management systems'] MULTI-SELECT verbose",Question: What are your company's water management systems? Answer: Water management systems.,What are your company's water management systems?,Water management systems.,' Leak detection and repair
generate question: ['Text'] TEXT verbose,Question: What are your thoughts on this topic? Answer: I've been thinking about this for a long time. I've been thinking about it for a long time.,What are your thoughts on this topic?,I've been thinking about this for a long time. I've been thinking about it for a long time.,TEXT verbose
generate question: ['Date'] DATE concise,Question: When was the last time you checked in? Provide a date. Answer: The last time you checked in was the last time you checked in? Provide a date. Provide a date.,When was the last time you checked in? Provide a date.,The last time you checked in was the last time you checked in? Provide a date. Provide a date.,Date
"generate question: ['1-5', ' 6-10', ' 11-20', ' More than 20'] SINGLE-SELECT explanatory",Question: How many questions do you have? Answer: I have a lot of questions.,How many questions do you have?,I have a lot of questions.,More than 20
"generate question: ['Web development', ' Mobile app development', ' Data science', ' Machine learning', ' Artificial intelligence', ' Game development', ' Software engineering'] MULTI-SELECT concise",Question: What is your favorite field of expertise? Answer: Machine learning is my favorite field of expertise. It's my favorite field of expertise.,What is your favorite field of expertise?,Machine learning is my favorite field of expertise. It's my favorite field of expertise.,Software engineering
"generate question: ['Profit Maximization', ' Social Impact', ' Environmental Sustainability', ' Customer Satisfaction'] SINGLE-SELECT explanatory",Question: What are your company's goals for the future? Answer: We're focused on maximizing our profits. We're focused on reducing our environmental impact. We're focused on reducing our carbon footprint.,What are your company's goals for the future?,We're focused on maximizing our profits. We're focused on reducing our environmental impact. We're focused on reducing our carbon footprint.,Profit Maximization
"generate question: ['Conducting thorough due diligence', ' Developing risk mitigation strategies', ' Testing new technologies thoroughly', ' Training employees on new technologies', ' Monitoring the performance of new technologies'] MULTI-SELECT colloquial",Question: What are your company's goals for the future? Answer: We're committed to developing risk mitigation strategies. We're also committed to training our employees on new technologies.,What are your company's goals for the future?,We're committed to developing risk mitigation strategies. We're also committed to training our employees on new technologies.,Monitoring the performance of new technologies
generate question: ['Text'] TEXT colloquial,Question: What are your thoughts on this topic? Answer: I've been thinking about this for a long time. I've been thinking about it for a long time.,What are your thoughts on this topic?,I've been thinking about this for a long time. I've been thinking about it for a long time.,TEXT colloquial
generate question: ['Date'] DATE annoyed,Question: What is your date of birth? Provide a date. Answer: The date of birth is the 1st of October every year. It's the 1st of October every year.,What is your date of birth? Provide a date.,The date of birth is the 1st of October every year. It's the 1st of October every year.,Date
"generate question: ['Email', ' Phone', ' Social media', ' Live chat', ' In-person meetings'] MULTI-SELECT colloquial","Question: What are your preferred methods of communication? Answer: Social media, email, live chat, etc.",What are your preferred methods of communication?,"Social media, email, live chat, etc.","'Email', ' Phone', ' Social media"
generate question: ['Text'] TEXT colloquial,Question: What are your thoughts on this topic? Answer: I've been thinking about this for a long time. I've been thinking about it for a long time.,What are your thoughts on this topic?,I've been thinking about this for a long time. I've been thinking about it for a long time.,TEXT colloquial
"generate question: ['Price', ' Features', ' Customer Support', ' Ease of Use'] SINGLE-SELECT concise",Question: What are your company's features? Answer: We're looking for a solution. We're looking for a solution. We're looking for a solution.,What are your company's features?,We're looking for a solution. We're looking for a solution. We're looking for a solution.,"' Customer Support', ' Ease of Use"
generate question: ['Text'] TEXT verbose,Question: What are your thoughts on this topic? Answer: I've been thinking about this for a long time. I've been thinking about it for a long time.,What are your thoughts on this topic?,I've been thinking about this for a long time. I've been thinking about it for a long time.,TEXT verbose
"generate question: ['Facebook', ' Instagram', ' Twitter', ' LinkedIn', ' TikTok', ' YouTube'] MULTI-SELECT annoyed","Question: What social media platforms are you most familiar with? Answer: Twitter, LinkedIn, TikTok.",What social media platforms are you most familiar with?,"Twitter, LinkedIn, TikTok.",YouTube
generate question: ['certification count'] NUMBER annoyed,Question: What is your certification count? Provide a number. Answer: It's a lot more than just a number.,What is your certification count? Provide a number.,It's a lot more than just a number.,NUMBER
"generate question: ['Water recycling', ' Water-efficient equipment', ' Process optimization', ' Leak detection and repair', ' Water management systems'] MULTI-SELECT concise",Question: What are your company's water management systems? Answer: Water management systems.,What are your company's water management systems?,Water management systems.,' Leak detection and repair
"generate question: ['Technical skills training', ' Leadership training', ' Management training', ' Communication skills training', ' Sales training'] MULTI-SELECT colloquial","Question: What types of training did you receive? Answer: Technical skills training, leadership training, and sales training.",What types of training did you receive?,"Technical skills training, leadership training, and sales training.","Technical skills training', ' Leadership training', ' Management training"
generate question: ['Date'] DATE verbose,Question: What is your date of birth? Provide a date. Answer: The date of birth is the 1st of October every year.,What is your date of birth? Provide a date.,The date of birth is the 1st of October every year.,DATE verbose
generate question: ['Text'] TEXT annoyed,Question: What are your thoughts on this topic? Answer: I'm not sure what to do about it.,What are your thoughts on this topic?,I'm not sure what to do about it.,'Text'
generate question: ['Date'] DATE colloquial,Question: When was the last time you checked in? Provide a date. Answer: The last time you checked in was the last time you checked in.,When was the last time you checked in? Provide a date.,The last time you checked in was the last time you checked in.,DATE
generate question: ['Date'] DATE colloquial,Question: When was the last time you checked in? Provide a date. Answer: The last time you checked in was the last time you checked in.,When was the last time you checked in? Provide a date.,The last time you checked in was the last time you checked in.,DATE
generate question: ['Date'] DATE explanatory,Question: What is the date of your next meeting? Provide a date. Answer: The date of your next meeting will be announced.,What is the date of your next meeting? Provide a date.,The date of your next meeting will be announced.,DATE explanatory
generate question: ['Text'] TEXT annoyed,Question: What are your thoughts on this topic? Answer: I'm not sure what to do about it.,What are your thoughts on this topic?,I'm not sure what to do about it.,'Text'
generate question: ['support contact frequency'] NUMBER explanatory,Question: What is your support contact frequency? Provide a number. Answer: The support contact frequency is the number of times the support contact frequency is reached. This is the number of times the support contact frequency is reached.,What is your support contact frequency? Provide a number.,The support contact frequency is the number of times the support contact frequency is reached. This is the number of times the support contact frequency is reached.,NUMBER
"generate question: ['Formal', ' Informal', ' Hybrid'] SINGLE-SELECT colloquial",Question: What is your preferred method of communication? Answer: Informal.,What is your preferred method of communication?,Informal.,SINGLE-SELECT colloquial
generate question: ['zip code'] NUMBER colloquial,Question: What is your zip code? Provide a zip code. Answer: It's a zip code.,What is your zip code? Provide a zip code.,It's a zip code.,zip code
"generate question: ['Very Important', ' Important', ' Somewhat Important', ' Not Important'] SINGLE-SELECT explanatory",Question: What is your opinion on the subject? Answer: I think it's important to have a clear understanding of the subject. It's important to have a clear understanding of the subject.,What is your opinion on the subject?,I think it's important to have a clear understanding of the subject. It's important to have a clear understanding of the subject.,SINGLE-SELECT explanatory
generate question: ['languages spoken'] NUMBER annoyed,Question: How many languages are spoken? Answer: There are a lot of languages spoken.,How many languages are spoken?,There are a lot of languages spoken.,NUMBER
"generate question: ['Air pollution', ' Water pollution', ' Waste management', ' Greenhouse gas emissions', ' Noise pollution'] MULTI-SELECT colloquial","Question: What are your main concerns with air pollution? Answer: Air pollution, water pollution, noise pollution.",What are your main concerns with air pollution?,"Air pollution, water pollution, noise pollution.",Waste management
generate question: ['Date'] DATE annoyed,Question: What is your date of birth? Provide a date. Answer: The date of birth is the 1st of October every year. It's the 1st of October every year.,What is your date of birth? Provide a date.,The date of birth is the 1st of October every year. It's the 1st of October every year.,Date
generate question: ['Text'] TEXT verbose,Question: What are your thoughts on this topic? Answer: I've been thinking about this for a long time. I've been thinking about it for a long time.,What are your thoughts on this topic?,I've been thinking about this for a long time. I've been thinking about it for a long time.,TEXT verbose
"generate question: ['Daily', ' Weekly', ' Bi-weekly', ' Monthly'] SINGLE-SELECT verbose",Question: How often do you check your email? Answer: I check my email twice a week.,How often do you check your email?,I check my email twice a week.,Monthly
"generate question: ['Full Authority', ' Partial Authority', ' No Authority'] SINGLE-SELECT annoyed",Question: What authority do you have? Answer: I have a partial authority. I have a partial authority.,What authority do you have?,I have a partial authority. I have a partial authority.,No Authority
generate question: ['budget allocation'] NUMBER annoyed,Question: What is your budget allocation? Provide a number. Answer: It's a lot.,What is your budget allocation? Provide a number.,It's a lot.,budget allocation
generate question: ['energy'] NUMBER explanatory,Question: What is your energy consumption? Provide a number. Answer: It's a lot of energy.,What is your energy consumption? Provide a number.,It's a lot of energy.,energy
generate question: ['Text'] TEXT annoyed,Question: What are your thoughts on this topic? Answer: I'm not sure what to do about it.,What are your thoughts on this topic?,I'm not sure what to do about it.,'Text'
generate question: ['Text'] TEXT annoyed,Question: What are your thoughts on this topic? Answer: I'm not sure what to do about it.,What are your thoughts on this topic?,I'm not sure what to do about it.,'Text'
generate question: ['Text'] TEXT verbose,Question: What are your thoughts on this topic? Answer: I've been thinking about this for a long time. I've been thinking about it for a long time.,What are your thoughts on this topic?,I've been thinking about this for a long time. I've been thinking about it for a long time.,TEXT verbose
"generate question: ['Google Search', ' Social Media', ' Referral', ' Trade Show', ' Other'] SINGLE-SELECT annoyed","Question: What are your favorite ways to promote your business? Answer: Google Search, Social Media, etc.",What are your favorite ways to promote your business?,"Google Search, Social Media, etc.",SINGLE-SELECT annoyed
generate question: ['website visits'] NUMBER annoyed,Question: What is the number of visitors to your website? Provide a number. Answer: The number of visitors to your website is increasing exponentially.,What is the number of visitors to your website? Provide a number.,The number of visitors to your website is increasing exponentially.,NUMBER
generate question: ['zip code'] NUMBER concise,Question: What is the zip code of your home? Provide a zip code. Answer: It's the zip code of your home.,What is the zip code of your home? Provide a zip code.,It's the zip code of your home.,zip code
generate question: ['vacation days'] NUMBER annoyed,Question: How many days have you been away from home? Answer: I've been away for a few weeks now.,How many days have you been away from home?,I've been away for a few weeks now.,vacation days
"generate question: ['Daily', ' Weekly', ' Bi-weekly', ' Monthly'] SINGLE-SELECT explanatory","Question: How often do you check your email? Answer: I check my email twice a week, twice a week, twice a month.",How often do you check your email?,"I check my email twice a week, twice a week, twice a month.",Monthly
"generate question: ['Unique product features', ' Strong brand reputation', ' Excellent customer service', ' Competitive pricing', ' Strategic partnerships'] MULTI-SELECT concise","Question: What are your company's key strengths? Answer: Strong brand reputation, competitive pricing, and strategic partnerships.",What are your company's key strengths?,"Strong brand reputation, competitive pricing, and strategic partnerships.","Unique product features', ' Strong brand reputation"
generate question: ['production output'] NUMBER concise,Question: What is your production output? Provide a number. Answer: It's a lot.,What is your production output? Provide a number.,It's a lot.,NUMBER concise
"generate question: ['Feedback', ' Inquiry', ' Complaint', ' Collaboration', ' Information Sharing'] SINGLE-SELECT concise",Question: What are your main areas of concern? Answer: I'm looking for a solution. I'm looking for a solution.,What are your main areas of concern?,I'm looking for a solution. I'm looking for a solution.,Information Sharing
"generate question: ['Daily', ' Weekly', ' Bi-weekly', ' Monthly'] SINGLE-SELECT explanatory","Question: How often do you check your email? Answer: I check my email twice a week, twice a week, twice a month.",How often do you check your email?,"I check my email twice a week, twice a week, twice a month.",Monthly
generate question: ['Date'] DATE explanatory,Question: What is the date of your next meeting? Provide a date. Answer: The date of your next meeting will be announced.,What is the date of your next meeting? Provide a date.,The date of your next meeting will be announced.,DATE explanatory
generate question: ['Date'] DATE annoyed,Question: What is your date of birth? Provide a date. Answer: The date of birth is the 1st of October every year. It's the 1st of October every year.,What is your date of birth? Provide a date.,The date of birth is the 1st of October every year. It's the 1st of October every year.,Date
generate question: ['Text'] TEXT verbose,Question: What are your thoughts on this topic? Answer: I've been thinking about this for a long time. I've been thinking about it for a long time.,What are your thoughts on this topic?,I've been thinking about this for a long time. I've been thinking about it for a long time.,TEXT verbose
"generate question: ['Increase customer retention', ' Improve customer loyalty', ' Generate positive word-of-mouth referrals', ' Reduce customer churn', ' Enhance brand reputation'] MULTI-SELECT explanatory",Question: What are your company's goals for retaining customers? Answer: Increase customer loyalty.,What are your company's goals for retaining customers?,Increase customer loyalty.,"Increase customer retention', ' Improve customer loyalty"
"generate question: ['Customer surveys', ' Customer interviews', ' Focus groups', ' Online reviews', ' Social media monitoring'] MULTI-SELECT explanatory","Question: What methods do you use to conduct customer interviews? Answer: Focus groups, online reviews, social media monitoring.",What methods do you use to conduct customer interviews?,"Focus groups, online reviews, social media monitoring.",Social media monitoring
generate question: ['employee count'] NUMBER verbose,Question: What is your employee count? Provide a number. Answer: It's a lot.,What is your employee count? Provide a number.,It's a lot.,NUMBER verbose
"generate question: ['Brainstorming', ' Mind Mapping', ' Mood Boarding', ' Sketching', ' Research'] SINGLE-SELECT annoyed","Question: What are your favorite activities for brainstorming? Answer: Brainstorming, Mind Mapping, Research.",What are your favorite activities for brainstorming?,"Brainstorming, Mind Mapping, Research.","Mood Boarding', ' Sketching', ' Research'"
"generate question: ['Very Important', ' Important', ' Somewhat Important', ' Not Important'] SINGLE-SELECT explanatory",Question: What is your opinion on the subject? Answer: I think it's important to have a clear understanding of the subject. It's important to have a clear understanding of the subject.,What is your opinion on the subject?,I think it's important to have a clear understanding of the subject. It's important to have a clear understanding of the subject.,SINGLE-SELECT explanatory
generate question: ['monthly spending'] NUMBER colloquial,"Question: What is your monthly spending? Provide a number. Answer: It's a lot of money, right?",What is your monthly spending? Provide a number.,"It's a lot of money, right?",monthly spending
"generate question: ['Revenue', ' Conversion rate', ' Customer lifetime value (CLTV)', ' Customer acquisition cost (CAC)', ' Average deal size'] MULTI-SELECT verbose",Question: What is your conversion rate? Answer: The conversion rate is based on customer lifetime value (CLTV) and customer acquisition cost (CAC). The average deal size is based on customer acquisition cost (CAC).,What is your conversion rate?,The conversion rate is based on customer lifetime value (CLTV) and customer acquisition cost (CAC). The average deal size is based on customer acquisition cost (CAC).,Revenue
generate question: ['Date'] DATE concise,Question: When was the last time you checked in? Provide a date. Answer: The last time you checked in was the last time you checked in? Provide a date. Provide a date.,When was the last time you checked in? Provide a date.,The last time you checked in was the last time you checked in? Provide a date. Provide a date.,Date
"generate question: ['Increase revenue by 10%', ' Expand into new markets', ' Improve customer retention', ' Launch a new product or service', ' Reduce operational costs'] MULTI-SELECT colloquial",Question: What are your company's goals for the coming year? Answer: We're looking for a new product or service. We're looking for a new product or service.,What are your company's goals for the coming year?,We're looking for a new product or service. We're looking for a new product or service.,Reduce operational costs
"generate question: ['Agile', ' Waterfall', ' Lean', ' Iterative', ' Hybrid'] SINGLE-SELECT explanatory","Question: What are your preferred methodologies for implementing agile processes? Answer: Lean, Agile and Hybrid.",What are your preferred methodologies for implementing agile processes?,"Lean, Agile and Hybrid.",SINGLE-SELECT explanatory
generate question: ['Date'] DATE concise,Question: When was the last time you checked in? Provide a date. Answer: The last time you checked in was the last time you checked in? Provide a date. Provide a date.,When was the last time you checked in? Provide a date.,The last time you checked in was the last time you checked in? Provide a date. Provide a date.,Date
"generate question: ['Human-centered Design', ' Design Thinking', ' Lean UX', ' Double Diamond', ' Agile Design'] SINGLE-SELECT colloquial",Question: What are your favorite design practices? Answer: I'm a big fan of Lean UX.,What are your favorite design practices?,I'm a big fan of Lean UX.,Human-centered Design
generate question: ['Date'] DATE verbose,Question: What is your date of birth? Provide a date. Answer: The date of birth is the 1st of October every year.,What is your date of birth? Provide a date.,The date of birth is the 1st of October every year.,DATE verbose
"generate question: ['Providing safety training to employees', ' Implementing safety procedures', ' Conducting safety audits', ' Investigating accidents and incidents', ' Promoting a culture of safety awareness'] MULTI-SELECT concise",Question: What safety procedures are in place? Answer: Implementing safety procedures. Conducting safety audits. Conducting safety audits.,What safety procedures are in place?,Implementing safety procedures. Conducting safety audits. Conducting safety audits.,Implementing safety procedures
"generate question: ['Improved PPE', ' Enhanced safety training', ' Regular safety audits', ' Improved safety procedures', ' Incentivize safe behavior'] MULTI-SELECT annoyed",Question: What are your company's safety procedures? Answer: I've implemented regular safety audits. Regular safety audits are a must.,What are your company's safety procedures?,I've implemented regular safety audits. Regular safety audits are a must.,Incentivize safe behavior
"generate question: ['Serif', ' Sans-serif', ' Script', ' Display', ' Monospace'] SINGLE-SELECT concise",Question: What are your preferred fonts? Answer: I prefer Sans-serif and Monospace.,What are your preferred fonts?,I prefer Sans-serif and Monospace.,"'Serif', ' Sans-serif"
"generate question: ['Developing business continuity plans', ' Testing business continuity plans', ' Training employees on business continuity procedures', ' Maintaining adequate resources', ' Monitoring potential disruptions'] MULTI-SELECT concise","Question: What are your company's business continuity procedures? Answer: I've developed business continuity plans, training employees on business continuity procedures, monitoring potential disruptions, and monitoring potential disruptions.",What are your company's business continuity procedures?,"I've developed business continuity plans, training employees on business continuity procedures, monitoring potential disruptions, and monitoring potential disruptions.","Training employees on business continuity procedures', ' Maintaining adequate resources"
generate question: ['Text'] TEXT verbose,Question: What are your thoughts on this topic? Answer: I've been thinking about this for a long time. I've been thinking about it for a long time.,What are your thoughts on this topic?,I've been thinking about this for a long time. I've been thinking about it for a long time.,TEXT verbose
generate question: ['Text'] TEXT verbose,Question: What are your thoughts on this topic? Answer: I've been thinking about this for a long time. I've been thinking about it for a long time.,What are your thoughts on this topic?,I've been thinking about this for a long time. I've been thinking about it for a long time.,TEXT verbose
"generate question: ['Visual Communication', ' User Experience', ' Branding', ' Interaction Design', ' Motion Graphics'] SINGLE-SELECT verbose","Question: What are your main areas of expertise? Answer: Visual Communication, Branding, Motion Graphics.",What are your main areas of expertise?,"Visual Communication, Branding, Motion Graphics.","Interaction Design', ' Motion Graphics"
generate question: ['Text'] TEXT colloquial,Question: What are your thoughts on this topic? Answer: I've been thinking about this for a long time. I've been thinking about it for a long time.,What are your thoughts on this topic?,I've been thinking about this for a long time. I've been thinking about it for a long time.,TEXT colloquial
generate question: ['invoice number'] NUMBER verbose,Question: What is your invoice number? Provide a name. Answer: I'm not sure what the invoice number is.,What is your invoice number? Provide a name.,I'm not sure what the invoice number is.,verbose
"generate question: ['Very Important', ' Important', ' Somewhat Important', ' Not Important'] SINGLE-SELECT colloquial","Question: What is your opinion on the topic? Answer: I think it's a bit of a stretch, but it's important.",What is your opinion on the topic?,"I think it's a bit of a stretch, but it's important.",SINGLE-SELECT colloquial
"generate question: ['Branding Projects', ' Website Designs', ' Mobile App Designs', ' Illustration Projects', ' Graphic Design Projects'] SINGLE-SELECT explanatory",Question: What are your favorite graphic design projects? Answer: Graphic design projects.,What are your favorite graphic design projects?,Graphic design projects.,Illustration Projects
generate question: ['Date'] DATE annoyed,Question: What is your date of birth? Provide a date. Answer: The date of birth is the 1st of October every year. It's the 1st of October every year.,What is your date of birth? Provide a date.,The date of birth is the 1st of October every year. It's the 1st of October every year.,Date
"generate question: ['Archer', ' ServiceNow', ' MetricStream', ' Riskonnect', ' LogicManager'] MULTI-SELECT colloquial","Question: What services do you use? Answer: MetricStream, Riskonnect, LogicManager.",What services do you use?,"MetricStream, Riskonnect, LogicManager.",MULTI-SELECT colloquial
generate question: ['conversion rate'] NUMBER annoyed,Question: What is your conversion rate? Provide a number. Answer: The conversion rate is very low.,What is your conversion rate? Provide a number.,The conversion rate is very low.,NUMBER
generate question: ['zip code'] NUMBER colloquial,Question: What is your zip code? Provide a zip code. Answer: It's a zip code.,What is your zip code? Provide a zip code.,It's a zip code.,zip code
generate question: ['Date'] DATE explanatory,Question: What is the date of your next meeting? Provide a date. Answer: The date of your next meeting will be announced.,What is the date of your next meeting? Provide a date.,The date of your next meeting will be announced.,DATE explanatory
generate question: ['Date'] DATE concise,Question: When was the last time you checked in? Provide a date. Answer: The last time you checked in was the last time you checked in? Provide a date. Provide a date.,When was the last time you checked in? Provide a date.,The last time you checked in was the last time you checked in? Provide a date. Provide a date.,Date
"generate question: ['Slack', ' Microsoft Teams', ' Email', ' Jira'] SINGLE-SELECT annoyed",Question: What is your preferred method of communication? Answer: My preferred method of communication is Slack.,What is your preferred method of communication?,My preferred method of communication is Slack.,SINGLE-SELECT
"generate question: ['Health insurance', ' Retirement plan', ' Paid time off', ' Tuition reimbursement', ' Child care assistance'] MULTI-SELECT concise",Question: What benefits do you take for paid time off? Answer: I take paid time off for paid time off. I take paid time off for paid time off for paid time off.,What benefits do you take for paid time off?,I take paid time off for paid time off. I take paid time off for paid time off for paid time off.,"Tuition reimbursement', ' Child care assistance"
"generate question: ['Git', ' SVN', ' Mercurial'] MULTI-SELECT annoyed",Question: What tools do you use to manage your data? Answer: I use a variety of tools to manage my data. I use a variety of tools to manage my data.,What tools do you use to manage your data?,I use a variety of tools to manage my data. I use a variety of tools to manage my data.,MULTI-SELECT annoyed
generate question: ['Date'] DATE verbose,Question: What is your date of birth? Provide a date. Answer: The date of birth is the 1st of October every year.,What is your date of birth? Provide a date.,The date of birth is the 1st of October every year.,DATE verbose
"generate question: ['Environmental Protection Agency (EPA)', ' Occupational Safety and Health Administration (OSHA)', ' Department of Transportation (DOT)', ' Local environmental agencies', ' Industry-specific regulatory bodies'] MULTI-SELECT concise","Question: What are your industry-specific regulatory bodies? Answer: EPA, Department of Transportation (DOT) and local environmental agencies.",What are your industry-specific regulatory bodies?,"EPA, Department of Transportation (DOT) and local environmental agencies.",Local environmental agencies
generate question: ['Date'] DATE explanatory,Question: What is the date of your next meeting? Provide a date. Answer: The date of your next meeting will be announced.,What is the date of your next meeting? Provide a date.,The date of your next meeting will be announced.,DATE explanatory
generate question: ['Date'] DATE explanatory,Question: What is the date of your next meeting? Provide a date. Answer: The date of your next meeting will be announced.,What is the date of your next meeting? Provide a date.,The date of your next meeting will be announced.,DATE explanatory
"generate question: ['Implementing strong data privacy policies', ' Investing in data privacy technology', ' Providing data privacy training to employees', ' Conducting regular data privacy audits', ' Developing incident response plans'] MULTI-SELECT annoyed",Question: What are your company's policies on data privacy? Answer: We're committed to implementing strong data privacy policies. We're also committed to conducting regular data privacy audits.,What are your company's policies on data privacy?,We're committed to implementing strong data privacy policies. We're also committed to conducting regular data privacy audits.,Implementing strong data privacy policies
generate question: ['Text'] TEXT colloquial,Question: What are your thoughts on this topic? Answer: I've been thinking about this for a long time. I've been thinking about it for a long time.,What are your thoughts on this topic?,I've been thinking about this for a long time. I've been thinking about it for a long time.,TEXT colloquial
generate question: ['Text'] TEXT verbose,Question: What are your thoughts on this topic? Answer: I've been thinking about this for a long time. I've been thinking about it for a long time.,What are your thoughts on this topic?,I've been thinking about this for a long time. I've been thinking about it for a long time.,TEXT verbose
"generate question: ['Credit Card', ' Bank Transfer', ' PayPal'] SINGLE-SELECT verbose",Question: What is your preferred method of payment? Answer: PayPal is the preferred method of payment.,What is your preferred method of payment?,PayPal is the preferred method of payment.,SINGLE-SELECT verbose
"generate question: ['Company size', ' Industry', ' Budget', ' Need', ' Authority'] MULTI-SELECT concise",Question: What is your company's size? Answer: It's a big company.,What is your company's size?,It's a big company.,Industry
generate question: ['Text'] TEXT verbose,Question: What are your thoughts on this topic? Answer: I've been thinking about this for a long time. I've been thinking about it for a long time.,What are your thoughts on this topic?,I've been thinking about this for a long time. I've been thinking about it for a long time.,TEXT verbose
generate question: ['Date'] DATE colloquial,Question: When was the last time you checked in? Provide a date. Answer: The last time you checked in was the last time you checked in.,When was the last time you checked in? Provide a date.,The last time you checked in was the last time you checked in.,DATE
"generate question: ['Email marketing', ' Content marketing', ' Social media engagement', ' Personalized email sequences', ' Webinars and online events'] MULTI-SELECT colloquial","Question: What are your favorite marketing techniques? Answer: Content marketing, Webinars and online events.",What are your favorite marketing techniques?,"Content marketing, Webinars and online events.",Webinars and online events
"generate question: ['UML diagrams', ' Flowcharts', ' Entity-relationship diagrams', ' Data flow diagrams', ' State diagrams'] MULTI-SELECT explanatory","Question: What types of diagrams do you use? Answer: Flowcharts, Entity-relationship diagrams, State diagrams.",What types of diagrams do you use?,"Flowcharts, Entity-relationship diagrams, State diagrams.",State diagrams
generate question: ['Date'] DATE colloquial,Question: When was the last time you checked in? Provide a date. Answer: The last time you checked in was the last time you checked in.,When was the last time you checked in? Provide a date.,The last time you checked in was the last time you checked in.,DATE
"generate question: ['AWS', ' Azure', ' Google Cloud'] SINGLE-SELECT concise",Question: What cloud services do you use? Answer: Google Cloud.,What cloud services do you use?,Google Cloud.,Google Cloud
generate question: ['Text'] TEXT annoyed,Question: What are your thoughts on this topic? Answer: I'm not sure what to do about it.,What are your thoughts on this topic?,I'm not sure what to do about it.,'Text'
"generate question: ['Reading industry blogs', ' Attending conferences and workshops', ' Taking online courses', ' Participating in open-source projects', ' Networking with other developers'] MULTI-SELECT concise","Question: What are your favorite ways to spend your free time? Answer: I enjoy reading industry blogs, taking online courses, and networking with other developers.",What are your favorite ways to spend your free time?,"I enjoy reading industry blogs, taking online courses, and networking with other developers.","Reading industry blogs', ' Attending conferences and workshops"
"generate question: ['Digital marketing', ' Social media marketing', ' Email marketing', ' Content marketing', ' Traditional marketing'] MULTI-SELECT annoyed","Question: What types of marketing strategies do you use? Answer: Digital marketing, email marketing, content marketing.",What types of marketing strategies do you use?,"Digital marketing, email marketing, content marketing.","Content marketing', ' Traditional marketing"
"generate question: ['Small Businesses', ' Large Corporations', ' Non-profits', ' Individuals', ' Government Agencies'] SINGLE-SELECT verbose","Question: What types of businesses do you represent? Answer: Small businesses, non-profits, government agencies.",What types of businesses do you represent?,"Small businesses, non-profits, government agencies.","Small Businesses', ' Large Corporations"
generate question: ['Date'] DATE colloquial,Question: When was the last time you checked in? Provide a date. Answer: The last time you checked in was the last time you checked in.,When was the last time you checked in? Provide a date.,The last time you checked in was the last time you checked in.,DATE
generate question: ['Date'] DATE verbose,Question: What is your date of birth? Provide a date. Answer: The date of birth is the 1st of October every year.,What is your date of birth? Provide a date.,The date of birth is the 1st of October every year.,DATE verbose
generate question: ['Date'] DATE verbose,Question: What is your date of birth? Provide a date. Answer: The date of birth is the 1st of October every year.,What is your date of birth? Provide a date.,The date of birth is the 1st of October every year.,DATE verbose
generate question: ['Date'] DATE verbose,Question: What is your date of birth? Provide a date. Answer: The date of birth is the 1st of October every year.,What is your date of birth? Provide a date.,The date of birth is the 1st of October every year.,DATE verbose
"generate question: ['Inbound marketing', ' Outbound marketing', ' Content marketing', ' Social media marketing', ' Paid advertising'] MULTI-SELECT concise","Question: What types of marketing strategies do you use? Answer: Content marketing, Paid advertising.",What types of marketing strategies do you use?,"Content marketing, Paid advertising.","Content marketing', ' Social media marketing', ' Paid advertising'"
"generate question: ['Figma', ' Adobe XD', ' Sketch', ' InVision', ' Adobe Photoshop', ' Adobe Illustrator'] MULTI-SELECT verbose",Question: What software are you most familiar with? Answer: I'm familiar with Figma. I'm familiar with InVision.,What software are you most familiar with?,I'm familiar with Figma. I'm familiar with InVision.,Adobe Photoshop
"generate question: ['Paintings', ' Sculptures', ' Prints', ' Photographs', ' Digital Art'] SINGLE-SELECT concise","Question: What are your favorite digital art mediums? Answer: Prints, Prints, Digital Art.",What are your favorite digital art mediums?,"Prints, Prints, Digital Art.","'Paintings', ' Sculptures', ' Prints', ' Photographs"
"generate question: ['Programmable Logic Controllers (PLCs)', ' Supervisory Control and Data Acquisition (SCADA)', ' Distributed Control Systems (DCS)', ' Human-Machine Interfaces (HMIs)', ' Industrial Ethernet'] MULTI-SELECT colloquial",Question: What types of controllers are you most familiar with? Answer: I'm familiar with Logic Controllers (PLCs) and Distributed Control Systems (DCS),What types of controllers are you most familiar with?,I'm familiar with Logic Controllers (PLCs) and Distributed Control Systems (DCS),Programmable Logic Controllers
generate question: ['Text'] TEXT colloquial,Question: What are your thoughts on this topic? Answer: I've been thinking about this for a long time. I've been thinking about it for a long time.,What are your thoughts on this topic?,I've been thinking about this for a long time. I've been thinking about it for a long time.,TEXT colloquial
generate question: ['languages spoken'] NUMBER concise,Question: How many languages are spoken? Answer: There are many languages spoken in the world.,How many languages are spoken?,There are many languages spoken in the world.,NUMBER
generate question: ['contact preference'] NUMBER annoyed,Question: What is your preferred contact number? Provide a name. Answer: My preferred contact number is 123.,What is your preferred contact number? Provide a name.,My preferred contact number is 123.,NUMBER
"generate question: ['Customer surveys', ' Customer interviews', ' Focus groups', ' Online reviews', ' Social media monitoring'] MULTI-SELECT concise","Question: What are your preferred methods for conducting customer interviews? Answer: Focus groups, online reviews, social media monitoring.",What are your preferred methods for conducting customer interviews?,"Focus groups, online reviews, social media monitoring.","Customer surveys', ' Customer interviews', ' Focus groups"
"generate question: ['Docker', ' Kubernetes', ' Jenkins', ' Travis CI', ' CircleCI'] MULTI-SELECT annoyed",Question: What is your favorite tool for testing Kubernetes? Answer: It's a great tool for testing Kubernetes.,What is your favorite tool for testing Kubernetes?,It's a great tool for testing Kubernetes.,Docker
"generate question: ['Very Important', ' Important', ' Somewhat Important', ' Not Important'] SINGLE-SELECT concise",Question: What is your opinion on the topic? Answer: It's very important.,What is your opinion on the topic?,It's very important.,SINGLE-SELECT concise
"generate question: ['CEO', ' CFO', ' Marketing Manager', ' Sales Representative', ' Other'] SINGLE-SELECT concise","Question: What roles are you responsible for? Answer: I'm the CFO, not the CFO. I'm also the Sales Representative.",What roles are you responsible for?,"I'm the CFO, not the CFO. I'm also the Sales Representative.","'CEO', ' CFO', ' Marketing Manager"
"generate question: ['The Metropolitan Museum of Art', ' The Louvre', ' The Museum of Modern Art', ' The Tate Modern', ' The National Gallery'] SINGLE-SELECT annoyed","Question: What museums are you familiar with? Answer: The Metropolitan Museum of Art, The Tate Modern, The National Gallery.",What museums are you familiar with?,"The Metropolitan Museum of Art, The Tate Modern, The National Gallery.",The Metropolitan Museum of Art
generate question: ['Date'] DATE concise,Question: When was the last time you checked in? Provide a date. Answer: The last time you checked in was the last time you checked in? Provide a date. Provide a date.,When was the last time you checked in? Provide a date.,The last time you checked in was the last time you checked in? Provide a date. Provide a date.,Date
generate question: ['Text'] TEXT annoyed,Question: What are your thoughts on this topic? Answer: I'm not sure what to do about it.,What are your thoughts on this topic?,I'm not sure what to do about it.,'Text'
generate question: ['Date'] DATE annoyed,Question: What is your date of birth? Provide a date. Answer: The date of birth is the 1st of October every year. It's the 1st of October every year.,What is your date of birth? Provide a date.,The date of birth is the 1st of October every year. It's the 1st of October every year.,Date
generate question: ['Text'] TEXT verbose,Question: What are your thoughts on this topic? Answer: I've been thinking about this for a long time. I've been thinking about it for a long time.,What are your thoughts on this topic?,I've been thinking about this for a long time. I've been thinking about it for a long time.,TEXT verbose
generate question: ['Date'] DATE colloquial,Question: When was the last time you checked in? Provide a date. Answer: The last time you checked in was the last time you checked in.,When was the last time you checked in? Provide a date.,The last time you checked in was the last time you checked in.,DATE
"generate question: ['CRM (Salesforce, HubSpot, etc.)', ' Marketing automation (Marketo, Pardot, etc.)', ' Social media management tools', ' Email marketing platforms', ' Analytics platforms (Google Analytics, etc.)'] MULTI-SELECT annoyed","Question: What are your favorite marketing automation tools? Answer: Marketing automation (Marketo, Pardot, etc.) is a must.",What are your favorite marketing automation tools?,"Marketing automation (Marketo, Pardot, etc.) is a must.","Marketo, Pardot, etc."
generate question: ['Date'] DATE explanatory,Question: What is the date of your next meeting? Provide a date. Answer: The date of your next meeting will be announced.,What is the date of your next meeting? Provide a date.,The date of your next meeting will be announced.,DATE explanatory
generate question: ['Date'] DATE explanatory,Question: What is the date of your next meeting? Provide a date. Answer: The date of your next meeting will be announced.,What is the date of your next meeting? Provide a date.,The date of your next meeting will be announced.,DATE explanatory
generate question: ['Text'] TEXT verbose,Question: What are your thoughts on this topic? Answer: I've been thinking about this for a long time. I've been thinking about it for a long time.,What are your thoughts on this topic?,I've been thinking about this for a long time. I've been thinking about it for a long time.,TEXT verbose
generate question: ['shirt size'] NUMBER explanatory,Question: What is your shirt size? Provide a number. Answer: My shirt size is XXXXXXXXXXXXXXXXXXXXXXXXXXXXXXXXXXXXXXXXXXXXXXXXXXXXXXXXXXXXXXXXXXXXXXXXXXXXXXXXXXXXXXXXXXXXX,What is your shirt size? Provide a number.,My shirt size is XXXXXXXXXXXXXXXXXXXXXXXXXXXXXXXXXXXXXXXXXXXXXXXXXXXXXXXXXXXXXXXXXXXXXXXXXXXXXXXXXXXXXXXXXXXXX,shirt size
generate question: ['Date'] DATE colloquial,Question: When was the last time you checked in? Provide a date. Answer: The last time you checked in was the last time you checked in.,When was the last time you checked in? Provide a date.,The last time you checked in was the last time you checked in.,DATE
"generate question: ['User Interviews', ' Surveys', ' Usability Testing', ' A/B Testing', ' Heatmaps'] SINGLE-SELECT annoyed","Question: What are your preferred methods for testing user experience? Answer: We use Surveys, A/B Testing, and Usability Testing.",What are your preferred methods for testing user experience?,"We use Surveys, A/B Testing, and Usability Testing.",SINGLE-SELECT annoyed
"generate question: ['Visual Communication', ' User Experience', ' Branding', ' Interaction Design', ' Motion Graphics'] SINGLE-SELECT explanatory","Question: What are your main areas of expertise? Answer: Visual Communication, Branding, and Motion Graphics.",What are your main areas of expertise?,"Visual Communication, Branding, and Motion Graphics.","Interaction Design', ' Motion Graphics"
generate question: ['factory floor area'] NUMBER verbose,"Question: What is the floor area of the factory? Provide a number. Answer: The floor area of the factory is approximately 2,000 square feet. The floor area is approximately 2,000 square feet.",What is the floor area of the factory? Provide a number.,"The floor area of the factory is approximately 2,000 square feet. The floor area is approximately 2,000 square feet.",NUMBER verbose
"generate question: ['Very Comfortable', ' Comfortable', ' Somewhat Comfortable', ' Uncomfortable'] SINGLE-SELECT explanatory",Question: How comfortable are you? Answer: Very comfortable.,How comfortable are you?,Very comfortable.,Comfortable
"generate question: ['Iron ore', ' Crude oil', ' Limestone', ' Chemicals', ' Plastics'] MULTI-SELECT colloquial","Question: What is your industry's focus? Answer: Crude oil, Limestone, Plastics.",What is your industry's focus?,"Crude oil, Limestone, Plastics.",Plastics
generate question: ['customer churn'] NUMBER colloquial,Question: What is the customer churn rate? Answer: The customer churn rate is the highest in the world.,What is the customer churn rate?,The customer churn rate is the highest in the world.,NUMBER colloquial
generate question: ['Date'] DATE annoyed,Question: What is your date of birth? Provide a date. Answer: The date of birth is the 1st of October every year. It's the 1st of October every year.,What is your date of birth? Provide a date.,The date of birth is the 1st of October every year. It's the 1st of October every year.,Date
generate question: ['Text'] TEXT verbose,Question: What are your thoughts on this topic? Answer: I've been thinking about this for a long time. I've been thinking about it for a long time.,What are your thoughts on this topic?,I've been thinking about this for a long time. I've been thinking about it for a long time.,TEXT verbose
generate question: ['Text'] TEXT verbose,Question: What are your thoughts on this topic? Answer: I've been thinking about this for a long time. I've been thinking about it for a long time.,What are your thoughts on this topic?,I've been thinking about this for a long time. I've been thinking about it for a long time.,TEXT verbose
generate question: ['Text'] TEXT annoyed,Question: What are your thoughts on this topic? Answer: I'm not sure what to do about it.,What are your thoughts on this topic?,I'm not sure what to do about it.,'Text'
generate question: ['contact preference'] NUMBER explanatory,Question: What is your contact information? Provide a contact number. Answer: My contact information is not available at this time.,What is your contact information? Provide a contact number.,My contact information is not available at this time.,contact preference
"generate question: ['Coding', ' Testing', ' Documentation', ' Community support'] MULTI-SELECT verbose","Question: What are your main areas of expertise? Answer: I've been working on a lot of things, and I've had a lot of fun doing it. I've learned a lot.",What are your main areas of expertise?,"I've been working on a lot of things, and I've had a lot of fun doing it. I've learned a lot.","Coding', ' Testing', ' Documentation', ' Community support'"
"generate question: ['Functional testing', ' Performance testing', ' Security testing', ' Usability testing', ' Regression testing'] MULTI-SELECT annoyed","Question: What types of testing methods do you use? Answer: Functional testing, Usability testing, Regression testing.",What types of testing methods do you use?,"Functional testing, Usability testing, Regression testing.","'Functional testing', ' Performance testing', ' Security testing"
"generate question: ['Abstract', ' Realism', ' Surrealism', ' Impressionism', ' Pop Art'] SINGLE-SELECT verbose","Question: What genres of art do you prefer? Answer: I prefer Surrealism, Impressionism, and Pop Art.",What genres of art do you prefer?,"I prefer Surrealism, Impressionism, and Pop Art.",Pop Art
generate question: ['Date'] DATE colloquial,Question: When was the last time you checked in? Provide a date. Answer: The last time you checked in was the last time you checked in.,When was the last time you checked in? Provide a date.,The last time you checked in was the last time you checked in.,DATE
generate question: ['Text'] TEXT verbose,Question: What are your thoughts on this topic? Answer: I've been thinking about this for a long time. I've been thinking about it for a long time.,What are your thoughts on this topic?,I've been thinking about this for a long time. I've been thinking about it for a long time.,TEXT verbose
"generate question: ['Trucks', ' Rail', ' Ships', ' Pipelines', ' Air'] MULTI-SELECT explanatory","Question: What types of transportation services do you use? Answer: I use a variety of transportation services, including rail, pipelines, and air.",What types of transportation services do you use?,"I use a variety of transportation services, including rail, pipelines, and air.","Trucks', ' Rail', ' Ships', ' Pipelines"
generate question: ['Text'] TEXT colloquial,Question: What are your thoughts on this topic? Answer: I've been thinking about this for a long time. I've been thinking about it for a long time.,What are your thoughts on this topic?,I've been thinking about this for a long time. I've been thinking about it for a long time.,TEXT colloquial
generate question: ['Text'] TEXT annoyed,Question: What are your thoughts on this topic? Answer: I'm not sure what to do about it.,What are your thoughts on this topic?,I'm not sure what to do about it.,'Text'
generate question: ['resistance'] NUMBER verbose,Question: What is your resistance level? Provide a number. Answer: I'm not sure what the resistance level is.,What is your resistance level? Provide a number.,I'm not sure what the resistance level is.,NUMBER verbose
"generate question: ['Increasing revenue', ' Reducing costs', ' Improving efficiency', ' Investing in technology', ' Improving pricing strategies'] MULTI-SELECT colloquial",Question: What are your company's strategies for reducing costs? Answer: We're focusing on reducing costs. We're also focusing on improving pricing strategies.,What are your company's strategies for reducing costs?,We're focusing on reducing costs. We're also focusing on improving pricing strategies.,Improving pricing strategies
generate question: ['Date'] DATE annoyed,Question: What is your date of birth? Provide a date. Answer: The date of birth is the 1st of October every year. It's the 1st of October every year.,What is your date of birth? Provide a date.,The date of birth is the 1st of October every year. It's the 1st of October every year.,Date
"generate question: ['Logo Design', ' Website Design', ' Branding Design', ' UI/UX Design', ' Print Design'] SINGLE-SELECT verbose",Question: What is your preferred design style? Answer: I prefer UI/UX design to branding design. I prefer UI/UX design.,What is your preferred design style?,I prefer UI/UX design to branding design. I prefer UI/UX design.,Print Design
generate question: ['Date'] DATE colloquial,Question: When was the last time you checked in? Provide a date. Answer: The last time you checked in was the last time you checked in.,When was the last time you checked in? Provide a date.,The last time you checked in was the last time you checked in.,DATE
generate question: ['altitude'] NUMBER colloquial,"Question: What is the altitude of the aircraft? Answer: The altitude of the aircraft is approximately 2,000 feet. The altitude of the aircraft is approximately 2,000 feet. The altitude of the aircraft is approximately 2,000 feet.",What is the altitude of the aircraft?,"The altitude of the aircraft is approximately 2,000 feet. The altitude of the aircraft is approximately 2,000 feet. The altitude of the aircraft is approximately 2,000 feet.",altitude
generate question: ['recommendation likelihood'] NUMBER colloquial,"Question: What is your recommendation likelihood? Provide a number. Answer: I'm not sure if it's a good idea, but it's a good idea.",What is your recommendation likelihood? Provide a number.,"I'm not sure if it's a good idea, but it's a good idea.",NUMBER colloquial
"generate question: ['Integrity', ' Innovation', ' Customer focus', ' Teamwork', ' Sustainability'] MULTI-SELECT colloquial","Question: What are your company's key strengths? Answer: Innovation, customer focus, teamwork.",What are your company's key strengths?,"Innovation, customer focus, teamwork.",Sustainability
generate question: ['Date'] DATE verbose,Question: What is your date of birth? Provide a date. Answer: The date of birth is the 1st of October every year.,What is your date of birth? Provide a date.,The date of birth is the 1st of October every year.,DATE verbose
generate question: ['pressure'] NUMBER explanatory,Question: What is your pressure level? Provide a number. Answer: The pressure level is very low.,What is your pressure level? Provide a number.,The pressure level is very low.,NUMBER
generate question: ['Text'] TEXT verbose,Question: What are your thoughts on this topic? Answer: I've been thinking about this for a long time. I've been thinking about it for a long time.,What are your thoughts on this topic?,I've been thinking about this for a long time. I've been thinking about it for a long time.,TEXT verbose
"generate question: ['Package managers', ' Dependency injection'] MULTI-SELECT explanatory",Question: What is your experience with dependency injection? Answer: Dependency injection is one of the most common types of dependency injection. Dependency injection is the most common form of dependency injection. Dependency injection is the most common form of dependency injection. Dependency injection is the most common form of dependency injection.,What is your experience with dependency injection?,Dependency injection is one of the most common types of dependency injection. Dependency injection is the most common form of dependency injection. Dependency injection is the most common form of dependency injection. Dependency injection is the most common form of dependency injection.,MULTI-SELECT explanatory
"generate question: ['AWS', ' Azure', ' Google Cloud Platform'] MULTI-SELECT explanatory",Question: What cloud platform do you use? Answer: Google Cloud Platform.,What cloud platform do you use?,Google Cloud Platform.,Google Cloud Platform
generate question: ['Date'] DATE concise,Question: When was the last time you checked in? Provide a date. Answer: The last time you checked in was the last time you checked in? Provide a date. Provide a date.,When was the last time you checked in? Provide a date.,The last time you checked in was the last time you checked in? Provide a date. Provide a date.,Date
generate question: ['Date'] DATE concise,Question: When was the last time you checked in? Provide a date. Answer: The last time you checked in was the last time you checked in? Provide a date. Provide a date.,When was the last time you checked in? Provide a date.,The last time you checked in was the last time you checked in? Provide a date. Provide a date.,Date
"generate question: ['Yes', ' No'] SINGLE-SELECT explanatory",Question: Would you like to know if you have any suggestions? Answer: I would like to hear from you.,Would you like to know if you have any suggestions?,I would like to hear from you.,SINGLE-SELECT explanatory
generate question: ['Date'] DATE annoyed,Question: What is your date of birth? Provide a date. Answer: The date of birth is the 1st of October every year. It's the 1st of October every year.,What is your date of birth? Provide a date.,The date of birth is the 1st of October every year. It's the 1st of October every year.,Date
generate question: ['Date'] DATE colloquial,Question: When was the last time you checked in? Provide a date. Answer: The last time you checked in was the last time you checked in.,When was the last time you checked in? Provide a date.,The last time you checked in was the last time you checked in.,DATE
"generate question: ['Email', ' Online Survey', ' In-person Meeting'] SINGLE-SELECT verbose",Question: What is your preferred method of communication? Answer: Email.,What is your preferred method of communication?,Email.,SINGLE-SELECT verbose
generate question: ['Date'] DATE verbose,Question: What is your date of birth? Provide a date. Answer: The date of birth is the 1st of October every year.,What is your date of birth? Provide a date.,The date of birth is the 1st of October every year.,DATE verbose
"generate question: ['Paintings', ' Sculptures', ' Prints', ' Photographs', ' Digital Art'] SINGLE-SELECT annoyed","Question: What are your favorite digital art mediums? Answer: Prints, Prints, Digital Art.",What are your favorite digital art mediums?,"Prints, Prints, Digital Art.","'Paintings', ' Sculptures', ' Prints', ' Photographs"
"generate question: ['JSDoc', ' Javadoc', ' Sphinx', ' Doxygen'] MULTI-SELECT verbose","Question: What tools do you use to create a web application? Answer: I use JSDoc, Sphinx, and Doxygen.",What tools do you use to create a web application?,"I use JSDoc, Sphinx, and Doxygen.",MULTI-SELECT verbose
"generate question: ['Expanding into new markets', ' Developing new products or services', ' Acquiring other companies', ' Improving operational efficiency', ' Investing in research and development'] MULTI-SELECT concise",Question: What are your company's goals for the future? Answer: We're focusing on expanding into new markets. We're also investing in research and development.,What are your company's goals for the future?,We're focusing on expanding into new markets. We're also investing in research and development.,Improving operational efficiency
generate question: ['Date'] DATE explanatory,Question: What is the date of your next meeting? Provide a date. Answer: The date of your next meeting will be announced.,What is the date of your next meeting? Provide a date.,The date of your next meeting will be announced.,DATE explanatory
generate question: ['number of rooms'] NUMBER verbose,Question: How many rooms do you have? Answer: I have a number of rooms.,How many rooms do you have?,I have a number of rooms.,number of rooms
generate question: ['Date'] DATE explanatory,Question: What is the date of your next meeting? Provide a date. Answer: The date of your next meeting will be announced.,What is the date of your next meeting? Provide a date.,The date of your next meeting will be announced.,DATE explanatory
"generate question: ['Basic research', ' Applied research', ' Development', ' Innovation', ' Technology transfer'] MULTI-SELECT verbose","Question: What types of research activities are you most interested in? Answer: Basic research, applied research, and technology transfer.",What types of research activities are you most interested in?,"Basic research, applied research, and technology transfer.","Applied research', ' Development', ' Innovation', ' Technology transfer"
"generate question: ['Agile', ' Waterfall', ' Lean', ' Kanban', ' Scrum'] MULTI-SELECT verbose","Question: What Agile methodologies do you use? Answer: Agile, Kanban, Waterfall.",What Agile methodologies do you use?,"Agile, Kanban, Waterfall.",MULTI-SELECT verbose
generate question: ['maintenance count'] NUMBER annoyed,Question: What is the maintenance count? Provide a number. Answer: The maintenance count is based on the maintenance count. The maintenance count is based on the maintenance count. The maintenance count is based on the maintenance count.,What is the maintenance count? Provide a number.,The maintenance count is based on the maintenance count. The maintenance count is based on the maintenance count. The maintenance count is based on the maintenance count.,NUMBER
generate question: ['Date'] DATE explanatory,Question: What is the date of your next meeting? Provide a date. Answer: The date of your next meeting will be announced.,What is the date of your next meeting? Provide a date.,The date of your next meeting will be announced.,DATE explanatory
"generate question: ['Blog posts', ' Case studies', ' White papers', ' Webinars', ' Ebooks', ' Infographics'] MULTI-SELECT annoyed",Question: What types of content do you use for your blog posts? Answer: I use a lot of content for my blog posts. I also use a lot of white papers.,What types of content do you use for your blog posts?,I use a lot of content for my blog posts. I also use a lot of white papers.,"Ebooks', ' Infographics"
generate question: ['order number'] NUMBER colloquial,Question: What is your order number? Provide a number. Answer: It's a number.,What is your order number? Provide a number.,It's a number.,NUMBER colloquial
generate question: ['number of rooms'] NUMBER explanatory,Question: How many rooms do you have? Answer: I have a number of rooms.,How many rooms do you have?,I have a number of rooms.,number of rooms
"generate question: ['Web development', ' Mobile app development', ' Data science', ' Machine learning', ' Artificial intelligence', ' Game development', ' Software engineering'] MULTI-SELECT verbose",Question: What is your favorite field of expertise? Answer: Machine learning is my favorite field of expertise. It's my favorite field of expertise.,What is your favorite field of expertise?,Machine learning is my favorite field of expertise. It's my favorite field of expertise.,Software engineering
generate question: ['Date'] DATE explanatory,Question: What is the date of your next meeting? Provide a date. Answer: The date of your next meeting will be announced.,What is the date of your next meeting? Provide a date.,The date of your next meeting will be announced.,DATE explanatory
"generate question: ['Direct and concise', ' Detailed and thorough', ' Collaborative and interactive', ' Formal and professional', ' Informal and friendly'] MULTI-SELECT colloquial",Question: What are your preferred methods of communication? Answer: It's a collaborative environment. It's a collaborative environment.,What are your preferred methods of communication?,It's a collaborative environment. It's a collaborative environment.,Informal and friendly'
generate question: ['product line count'] NUMBER colloquial,Question: What is the product line count? Answer: The product line count is the product line count.,What is the product line count?,The product line count is the product line count.,NUMBER colloquial
generate question: ['Date'] DATE explanatory,Question: What is the date of your next meeting? Provide a date. Answer: The date of your next meeting will be announced.,What is the date of your next meeting? Provide a date.,The date of your next meeting will be announced.,DATE explanatory
"generate question: ['Healthcare', ' Finance', ' Technology', ' Education', ' Retail', ' Manufacturing'] MULTI-SELECT concise","Question: What industries do you work in? Answer: I work in a variety of industries, including healthcare, retail, and manufacturing.",What industries do you work in?,"I work in a variety of industries, including healthcare, retail, and manufacturing.",Manufacturing
"generate question: ['Revenue generated', ' Number of deals closed', ' Average deal size', ' Sales cycle length', ' Customer acquisition cost (CAC)'] MULTI-SELECT colloquial",Question: How many deals have you closed? Answer: The number of deals closed is based on the number of deals closed. The number of deals closed is based on the number of deals closed. The number of deals closed is based on the number of deals closed.,How many deals have you closed?,The number of deals closed is based on the number of deals closed. The number of deals closed is based on the number of deals closed. The number of deals closed is based on the number of deals closed.,Number
generate question: ['Text'] TEXT annoyed,Question: What are your thoughts on this topic? Answer: I'm not sure what to do about it.,What are your thoughts on this topic?,I'm not sure what to do about it.,'Text'
"generate question: ['Take a break', ' Seek inspiration from others', ' Experiment with new techniques', ' Change my environment', ' Try a different approach'] SINGLE-SELECT annoyed",Question: What advice would you give to someone who needs help? Answer: I'm not sure what to give to someone who needs help.,What advice would you give to someone who needs help?,I'm not sure what to give to someone who needs help.,Try a different approach
"generate question: ['Providing excellent customer service', ' Developing a strong brand identity', ' Creating engaging content', ' Building a strong online presence', ' Running loyalty programs'] MULTI-SELECT verbose",Question: What are your company's goals for the future? Answer: We're focused on building a strong brand identity and building a strong online presence. We're also focused on running loyalty programs.,What are your company's goals for the future?,We're focused on building a strong brand identity and building a strong online presence. We're also focused on running loyalty programs.,"Providing excellent customer service', ' Developing a strong brand identity"
generate question: ['Date'] DATE concise,Question: When was the last time you checked in? Provide a date. Answer: The last time you checked in was the last time you checked in? Provide a date. Provide a date.,When was the last time you checked in? Provide a date.,The last time you checked in was the last time you checked in? Provide a date. Provide a date.,Date
"generate question: ['Constructive Criticism', ' Positive Reinforcement', ' Peer Reviews', ' Client Feedback', ' Public Opinion'] SINGLE-SELECT colloquial","Question: What types of feedback do you receive from your clients? Answer: Positive Reinforcement, Peer Reviews, Public Opinion.",What types of feedback do you receive from your clients?,"Positive Reinforcement, Peer Reviews, Public Opinion.",Public Opinion
generate question: ['revenue'] NUMBER verbose,Question: What is the total amount of revenue generated? Answer: The total amount of revenue generated by the project is approximately $1 million. The total amount of revenue generated by the project is approximately $1 million. The total amount of revenue generated by the project is approximately $1 million.,What is the total amount of revenue generated?,The total amount of revenue generated by the project is approximately $1 million. The total amount of revenue generated by the project is approximately $1 million. The total amount of revenue generated by the project is approximately $1 million.,NUMBER verbose
generate question: ['quantity'] NUMBER explanatory,Question: What is the quantity of the product? Provide a number. Answer: The quantity of the product is the same as the quantity of the product. The quantity of the product is the same as the quantity.,What is the quantity of the product? Provide a number.,The quantity of the product is the same as the quantity of the product. The quantity of the product is the same as the quantity.,NUMBER
generate question: ['purchase count'] NUMBER verbose,Question: What is the purchase count? Provide a number. Answer: The purchase count is based on the number of units purchased. The purchase count is based on the number of units purchased.,What is the purchase count? Provide a number.,The purchase count is based on the number of units purchased. The purchase count is based on the number of units purchased.,NUMBER verbose
generate question: ['Text'] TEXT verbose,Question: What are your thoughts on this topic? Answer: I've been thinking about this for a long time. I've been thinking about it for a long time.,What are your thoughts on this topic?,I've been thinking about this for a long time. I've been thinking about it for a long time.,TEXT verbose
"generate question: ['Microservices', ' Monolithic', ' Layered', ' Event-driven'] MULTI-SELECT annoyed","Question: What is your preferred approach to managing your data? Answer: Monolithic, Event-driven, Event-driven.",What is your preferred approach to managing your data?,"Monolithic, Event-driven, Event-driven.",MULTI-SELECT
"generate question: ['VS Code', ' IntelliJ IDEA', ' Eclipse', ' Sublime Text', ' Atom'] MULTI-SELECT annoyed",Question: What is your favorite programming language? Answer: I love Eclipse.,What is your favorite programming language?,I love Eclipse.,Atom
generate question: ['Text'] TEXT colloquial,Question: What are your thoughts on this topic? Answer: I've been thinking about this for a long time. I've been thinking about it for a long time.,What are your thoughts on this topic?,I've been thinking about this for a long time. I've been thinking about it for a long time.,TEXT colloquial
generate question: ['TV watching time'] NUMBER explanatory,Question: How long have you been watching TV? Answer: It's been a while.,How long have you been watching TV?,It's been a while.,NUMBER explanatory
"generate question: ['Frontend Developer', ' Backend Developer', ' Fullstack Developer', ' Data Scientist', ' Project Manager'] SINGLE-SELECT concise",Question: What is your background as a Data Scientist? Answer: I'm a Data Scientist. I'm a Data Scientist.,What is your background as a Data Scientist?,I'm a Data Scientist. I'm a Data Scientist.,Project Manager
generate question: ['current'] NUMBER annoyed,Question: What is your current situation? Provide a list. Answer: I'm not sure what's going on at the moment.,What is your current situation? Provide a list.,I'm not sure what's going on at the moment.,NUMBER annoyed
generate question: ['Text'] TEXT annoyed,Question: What are your thoughts on this topic? Answer: I'm not sure what to do about it.,What are your thoughts on this topic?,I'm not sure what to do about it.,'Text'
"generate question: ['Web Application', ' Mobile Application', ' Desktop Application', ' Game', ' Library'] SINGLE-SELECT verbose",Question: What is your favorite mobile application? Answer: I'm a big fan of mobile applications.,What is your favorite mobile application?,I'm a big fan of mobile applications.,Web Application
generate question: ['balance'] NUMBER explanatory,Question: What is the balance? Provide a number. Answer: It's a balance.,What is the balance? Provide a number.,It's a balance.,NUMBER explanatory
generate question: ['employee count'] NUMBER annoyed,Question: What is the employee count? Provide a number. Answer: The employee count is the number of people who work for the company. The number of people who work for the company is the number of people who work for it. The number of people who work for the company is the number of people who work for it.,What is the employee count? Provide a number.,The employee count is the number of people who work for the company. The number of people who work for the company is the number of people who work for it. The number of people who work for the company is the number of people who work for it.,NUMBER
generate question: ['budget'] NUMBER explanatory,Question: What is your budget? Provide a number. Answer: It's a lot of money.,What is your budget? Provide a number.,It's a lot of money.,budget
generate question: ['Date'] DATE colloquial,Question: When was the last time you checked in? Provide a date. Answer: The last time you checked in was the last time you checked in.,When was the last time you checked in? Provide a date.,The last time you checked in was the last time you checked in.,DATE
"generate question: ['Beginner', ' Intermediate', ' Advanced'] SINGLE-SELECT colloquial",Question: What is your level of knowledge? Answer: I'm a beginner.,What is your level of knowledge?,I'm a beginner.,SINGLE-SELECT colloquial
generate question: ['Date'] DATE verbose,Question: What is your date of birth? Provide a date. Answer: The date of birth is the 1st of October every year.,What is your date of birth? Provide a date.,The date of birth is the 1st of October every year.,DATE verbose
generate question: ['Text'] TEXT annoyed,Question: What are your thoughts on this topic? Answer: I'm not sure what to do about it.,What are your thoughts on this topic?,I'm not sure what to do about it.,'Text'
"generate question: ['Daily', ' Weekly', ' Monthly', ' As needed'] SINGLE-SELECT verbose",Question: How often do you check your email? Answer: I check my email frequently.,How often do you check your email?,I check my email frequently.,"Daily', ' Weekly"
"generate question: ['Male', ' Female', ' Other', ' Prefer not to say'] SINGLE-SELECT concise","Question: What is your gender? Answer: I'm a female, I'm a male, I'm a female.",What is your gender?,"I'm a female, I'm a male, I'm a female.","Male', ' Female"
"generate question: ['Just-in-time (JIT) inventory', ' Vendor managed inventory (VMI)', ' Supplier relationship management (SRM)', ' Risk management', ' Supply chain diversification'] MULTI-SELECT concise",Question: What is your company's strategy for managing supply chain diversification? Answer: It's all about managing supply chain diversification. It's about managing supply chain diversification.,What is your company's strategy for managing supply chain diversification?,It's all about managing supply chain diversification. It's about managing supply chain diversification.,MULTI-SELECT concise
generate question: ['Date'] DATE concise,Question: When was the last time you checked in? Provide a date. Answer: The last time you checked in was the last time you checked in? Provide a date. Provide a date.,When was the last time you checked in? Provide a date.,The last time you checked in was the last time you checked in? Provide a date. Provide a date.,Date
generate question: ['customer churn'] NUMBER verbose,Question: What is the customer churn rate? Answer: The customer churn rate is high.,What is the customer churn rate?,The customer churn rate is high.,NUMBER verbose
generate question: ['Date'] DATE annoyed,Question: What is your date of birth? Provide a date. Answer: The date of birth is the 1st of October every year. It's the 1st of October every year.,What is your date of birth? Provide a date.,The date of birth is the 1st of October every year. It's the 1st of October every year.,Date
generate question: ['Date'] DATE colloquial,Question: When was the last time you checked in? Provide a date. Answer: The last time you checked in was the last time you checked in.,When was the last time you checked in? Provide a date.,The last time you checked in was the last time you checked in.,DATE
generate question: ['Text'] TEXT annoyed,Question: What are your thoughts on this topic? Answer: I'm not sure what to do about it.,What are your thoughts on this topic?,I'm not sure what to do about it.,'Text'
generate question: ['purchase count'] NUMBER concise,Question: What is the purchase count? Provide a number. Answer: The purchase count is based on the number of units purchased. The purchase count is based on the number of units purchased.,What is the purchase count? Provide a number.,The purchase count is based on the number of units purchased. The purchase count is based on the number of units purchased.,NUMBER concise
generate question: ['Text'] TEXT annoyed,Question: What are your thoughts on this topic? Answer: I'm not sure what to do about it.,What are your thoughts on this topic?,I'm not sure what to do about it.,'Text'
"generate question: ['JUnit', ' pytest', ' NUnit', ' Mocha', ' Jest'] SINGLE-SELECT colloquial","Question: What tools do you use to test your code? Answer: I use pytest, pytest, pytest, pytest.",What tools do you use to test your code?,"I use pytest, pytest, pytest, pytest.",SINGLE-SELECT colloquial
"generate question: ['Profiling', ' Algorithmic improvements', ' Data structure optimization', ' Code refactoring'] MULTI-SELECT colloquial",Question: What are your main areas of expertise? Answer: Data structure optimization.,What are your main areas of expertise?,Data structure optimization.,"'Profiling', ' Algorithmic improvements', ' Data structure optimization"
generate question: ['Date'] DATE concise,Question: When was the last time you checked in? Provide a date. Answer: The last time you checked in was the last time you checked in? Provide a date. Provide a date.,When was the last time you checked in? Provide a date.,The last time you checked in was the last time you checked in? Provide a date. Provide a date.,Date
"generate question: ['Diversifying suppliers', ' Developing strong supplier relationships', ' Implementing supplier performance management systems', ' Developing contingency plans', ' Monitoring geopolitical events'] MULTI-SELECT concise",Question: What are your main areas of expertise? Answer: Diversifying suppliers.,What are your main areas of expertise?,Diversifying suppliers.,Diversifying suppliers
generate question: ['Date'] DATE annoyed,Question: What is your date of birth? Provide a date. Answer: The date of birth is the 1st of October every year. It's the 1st of October every year.,What is your date of birth? Provide a date.,The date of birth is the 1st of October every year. It's the 1st of October every year.,Date
generate question: ['Text'] TEXT verbose,Question: What are your thoughts on this topic? Answer: I've been thinking about this for a long time. I've been thinking about it for a long time.,What are your thoughts on this topic?,I've been thinking about this for a long time. I've been thinking about it for a long time.,TEXT verbose
generate question: ['meeting count'] NUMBER colloquial,Question: What is your meeting count? Provide a number. Answer: It's a number.,What is your meeting count? Provide a number.,It's a number.,NUMBER colloquial
"generate question: ['Beginner', ' Intermediate', ' Advanced'] SINGLE-SELECT verbose",Question: What is your level of knowledge? Answer: I'm a beginner.,What is your level of knowledge?,I'm a beginner.,SINGLE-SELECT verbose
generate question: ['tax ID'] NUMBER explanatory,Question: What is your tax ID number? Provide a number. Answer: Your tax ID number is the same as your tax ID number.,What is your tax ID number? Provide a number.,Your tax ID number is the same as your tax ID number.,['tax ID'
"generate question: ['Providing opportunities for professional development', ' Creating a positive work environment', ' Offering competitive compensation and benefits', ' Encouraging teamwork and collaboration', ' Recognizing and rewarding employees'] MULTI-SELECT concise",Question: What are your company's goals for the future? Answer: We're committed to creating a positive work environment. We're committed to providing opportunities for professional development.,What are your company's goals for the future?,We're committed to creating a positive work environment. We're committed to providing opportunities for professional development.,Providing opportunities for professional development
generate question: ['Date'] DATE verbose,Question: What is your date of birth? Provide a date. Answer: The date of birth is the 1st of October every year.,What is your date of birth? Provide a date.,The date of birth is the 1st of October every year.,DATE verbose
generate question: ['Date'] DATE verbose,Question: What is your date of birth? Provide a date. Answer: The date of birth is the 1st of October every year.,What is your date of birth? Provide a date.,The date of birth is the 1st of October every year.,DATE verbose
generate question: ['Text'] TEXT verbose,Question: What are your thoughts on this topic? Answer: I've been thinking about this for a long time. I've been thinking about it for a long time.,What are your thoughts on this topic?,I've been thinking about this for a long time. I've been thinking about it for a long time.,TEXT verbose
generate question: ['client count'] NUMBER colloquial,Question: What is the client count? Provide a number. Answer: The client count is the number of clients.,What is the client count? Provide a number.,The client count is the number of clients.,NUMBER colloquial
"generate question: ['Integrated Development Environments (IDEs)', ' Source code management tools', ' Build tools', ' Testing frameworks', ' Debugging tools'] MULTI-SELECT explanatory",Question: What are your favorite IDEs? Answer: Integrated Development Environments (IDEs) are my favorite.,What are your favorite IDEs?,Integrated Development Environments (IDEs) are my favorite.,Integrated Development Environments
generate question: ['Date'] DATE annoyed,Question: What is your date of birth? Provide a date. Answer: The date of birth is the 1st of October every year. It's the 1st of October every year.,What is your date of birth? Provide a date.,The date of birth is the 1st of October every year. It's the 1st of October every year.,Date
"generate question: ['Amazon Web Services (AWS)', ' Microsoft Azure', ' Google Cloud Platform (GCP)', ' IBM Cloud', ' Oracle Cloud'] MULTI-SELECT explanatory","Question: What cloud platforms do you use? Answer: Microsoft Azure, IBM Cloud Platform (GCP), Oracle Cloud.",What cloud platforms do you use?,"Microsoft Azure, IBM Cloud Platform (GCP), Oracle Cloud.",Google Cloud Platform
generate question: ['Date'] DATE annoyed,Question: What is your date of birth? Provide a date. Answer: The date of birth is the 1st of October every year. It's the 1st of October every year.,What is your date of birth? Provide a date.,The date of birth is the 1st of October every year. It's the 1st of October every year.,Date
"generate question: ['Price', ' Features', ' Customer Support', ' Ease of Use'] SINGLE-SELECT verbose",Question: What are your company's features? Answer: We're looking for a solution. We're looking for a solution. We're looking for a solution.,What are your company's features?,We're looking for a solution. We're looking for a solution. We're looking for a solution.,"' Customer Support', ' Ease of Use"
"generate question: ['Beginner', ' Intermediate', ' Advanced'] SINGLE-SELECT concise",Question: What is your level of knowledge? Answer: I'm a beginner.,What is your level of knowledge?,I'm a beginner.,SINGLE-SELECT concise
generate question: ['Text'] TEXT colloquial,Question: What are your thoughts on this topic? Answer: I've been thinking about this for a long time. I've been thinking about it for a long time.,What are your thoughts on this topic?,I've been thinking about this for a long time. I've been thinking about it for a long time.,TEXT colloquial
generate question: ['blood pressure'] NUMBER verbose,Question: What is your blood pressure? Provide a number. Answer: My blood pressure is very high.,What is your blood pressure? Provide a number.,My blood pressure is very high.,NUMBER verbose
"generate question: ['GitHub', ' GitLab', ' Bitbucket'] SINGLE-SELECT verbose","Question: What tools do you use to manage your projects? Answer: I use GitLab, GitLab and Bitbucket.",What tools do you use to manage your projects?,"I use GitLab, GitLab and Bitbucket.",SINGLE-SELECT verbose
generate question: ['Date'] DATE explanatory,Question: What is the date of your next meeting? Provide a date. Answer: The date of your next meeting will be announced.,What is the date of your next meeting? Provide a date.,The date of your next meeting will be announced.,DATE explanatory
"generate question: ['Beginner', ' Intermediate', ' Advanced'] SINGLE-SELECT explanatory","Question: What is your level of knowledge? Answer: I'm a beginner, intermediate, and advanced.",What is your level of knowledge?,"I'm a beginner, intermediate, and advanced.",SINGLE-SELECT explanatory
generate question: ['R&D expenditure'] NUMBER explanatory,Question: What is the total expenditure on R&D? Answer: The total expenditure on R&D expenditure is approximately $1.5 billion. The total expenditure on R&D expenditure is approximately $1.2 billion. The total expenditure on R&D expenditure is approximately $1.2 billion. The total expenditure on R&D expenditure is approximately $1.2 billion. The total expenditure on R&D expenditure is approximately $1.2 billion.,What is the total expenditure on R&D?,The total expenditure on R&D expenditure is approximately $1.5 billion. The total expenditure on R&D expenditure is approximately $1.2 billion. The total expenditure on R&D expenditure is approximately $1.2 billion. The total expenditure on R&D expenditure is approximately $1.2 billion. The total expenditure on R&D expenditure is approximately $1.2 billion.,NUMBER explanatory
"generate question: ['Design Blogs', ' Design Magazines', ' Social Media', ' Industry Conferences', ' Design Workshops'] SINGLE-SELECT colloquial",Question: What are your favorite design magazines? Answer: I love design magazines.,What are your favorite design magazines?,I love design magazines.,Design Blogs
"generate question: ['First-In, First-Out (FIFO)', ' Last-In, First-Out (LIFO)', ' Weighted-Average Cost', ' Specific Identification', ' Inventory Management Software'] MULTI-SELECT concise",Question: What is the weighted-average cost of inventory management software? Answer: The weighted-average cost of inventory management software is the most expensive in the world.,What is the weighted-average cost of inventory management software?,The weighted-average cost of inventory management software is the most expensive in the world.,Specific Identification
generate question: ['Date'] DATE colloquial,Question: When was the last time you checked in? Provide a date. Answer: The last time you checked in was the last time you checked in.,When was the last time you checked in? Provide a date.,The last time you checked in was the last time you checked in.,DATE
"generate question: ['Revenue', ' Profit margin', ' Customer acquisition cost', ' Customer lifetime value', ' Customer satisfaction'] MULTI-SELECT explanatory",Question: What is the customer acquisition cost? Answer: Customer acquisition cost is the most important factor in determining customer satisfaction. Customer acquisition cost is the most important factor in determining customer satisfaction.,What is the customer acquisition cost?,Customer acquisition cost is the most important factor in determining customer satisfaction. Customer acquisition cost is the most important factor in determining customer satisfaction.,Customer lifetime value
"generate question: ['Competitive compensation and benefits', ' Opportunities for professional development', ' Positive work environment', ' Flexible work arrangements', ' Strong company culture'] MULTI-SELECT verbose",Question: What are your company's goals for the future? Answer: We're committed to providing a positive work environment for our employees. We're committed to providing a positive work environment for our employees. We're also committed to providing opportunities for professional development.,What are your company's goals for the future?,We're committed to providing a positive work environment for our employees. We're committed to providing a positive work environment for our employees. We're also committed to providing opportunities for professional development.,Opportunities for professional development
"generate question: ['JUnit', ' Pytest', ' Jest', ' Mocha'] MULTI-SELECT explanatory",Question: What is your preferred method of testing? Answer: I prefer Pytest to JUnit.,What is your preferred method of testing?,I prefer Pytest to JUnit.,MULTI-SELECT explanatory
generate question: ['Text'] TEXT verbose,Question: What are your thoughts on this topic? Answer: I've been thinking about this for a long time. I've been thinking about it for a long time.,What are your thoughts on this topic?,I've been thinking about this for a long time. I've been thinking about it for a long time.,TEXT verbose
generate question: ['interest rate'] NUMBER colloquial,Question: What is the interest rate? Provide a number. Answer: The interest rate is the highest in the world.,What is the interest rate? Provide a number.,The interest rate is the highest in the world.,NUMBER colloquial
generate question: ['Date'] DATE verbose,Question: What is your date of birth? Provide a date. Answer: The date of birth is the 1st of October every year.,What is your date of birth? Provide a date.,The date of birth is the 1st of October every year.,DATE verbose
generate question: ['Text'] TEXT colloquial,Question: What are your thoughts on this topic? Answer: I've been thinking about this for a long time. I've been thinking about it for a long time.,What are your thoughts on this topic?,I've been thinking about this for a long time. I've been thinking about it for a long time.,TEXT colloquial
"generate question: ['Beginner', ' Intermediate', ' Advanced'] SINGLE-SELECT concise",Question: What is your level of knowledge? Answer: I'm a beginner.,What is your level of knowledge?,I'm a beginner.,SINGLE-SELECT concise
generate question: ['Date'] DATE explanatory,Question: What is the date of your next meeting? Provide a date. Answer: The date of your next meeting will be announced.,What is the date of your next meeting? Provide a date.,The date of your next meeting will be announced.,DATE explanatory
"generate question: ['Beginner', ' Intermediate', ' Advanced'] SINGLE-SELECT colloquial",Question: What is your level of knowledge? Answer: I'm a beginner.,What is your level of knowledge?,I'm a beginner.,SINGLE-SELECT colloquial
"generate question: ['Small Businesses', ' Large Corporations', ' Non-profits', ' Individuals', ' Government Agencies'] SINGLE-SELECT concise","Question: What types of businesses do you represent? Answer: Small businesses, non-profits, government agencies.",What types of businesses do you represent?,"Small businesses, non-profits, government agencies.","Small Businesses', ' Large Corporations"
generate question: ['sales target'] NUMBER verbose,Question: What is your sales target? Provide a number. Answer: The sales target is a sales target.,What is your sales target? Provide a number.,The sales target is a sales target.,NUMBER verbose
generate question: ['Date'] DATE verbose,Question: What is your date of birth? Provide a date. Answer: The date of birth is the 1st of October every year.,What is your date of birth? Provide a date.,The date of birth is the 1st of October every year.,DATE verbose
"generate question: ['Male', ' Female', ' Other', ' Prefer not to say'] SINGLE-SELECT verbose","Question: What is your gender? Answer: I'm a female, I'm a male, I'm a female.",What is your gender?,"I'm a female, I'm a male, I'm a female.","Male', ' Female"
generate question: ['Text'] TEXT verbose,Question: What are your thoughts on this topic? Answer: I've been thinking about this for a long time. I've been thinking about it for a long time.,What are your thoughts on this topic?,I've been thinking about this for a long time. I've been thinking about it for a long time.,TEXT verbose
"generate question: ['Online courses', ' Books', ' Conferences', ' Workshops', ' Mentorship', ' Self-study'] MULTI-SELECT concise","Question: What are your favorite online courses? Answer: Online courses, workshops, and self-study.",What are your favorite online courses?,"Online courses, workshops, and self-study.",Books
generate question: ['score'] NUMBER annoyed,Question: What is your score? Provide a score. Answer: It's a good score.,What is your score? Provide a score.,It's a good score.,NUMBER
"generate question: ['Integrated Development Environments (IDEs)', ' Source code management tools', ' Build tools', ' Testing frameworks', ' Debugging tools'] MULTI-SELECT concise",Question: What are your favorite IDEs? Answer: Integrated Development Environments (IDEs) are my favorite.,What are your favorite IDEs?,Integrated Development Environments (IDEs) are my favorite.,Integrated Development Environments
generate question: ['Date'] DATE concise,Question: When was the last time you checked in? Provide a date. Answer: The last time you checked in was the last time you checked in? Provide a date. Provide a date.,When was the last time you checked in? Provide a date.,The last time you checked in was the last time you checked in? Provide a date. Provide a date.,Date
generate question: ['active users'] NUMBER explanatory,Question: How many active users do you have? Provide a list of active users. Answer: I have a lot of active users.,How many active users do you have? Provide a list of active users.,I have a lot of active users.,NUMBER explanatory
"generate question: ['Trucks', ' Rail', ' Ships', ' Pipelines', ' Air'] MULTI-SELECT verbose","Question: What types of transportation services do you use? Answer: I use Rail, Pipelines, and Air.",What types of transportation services do you use?,"I use Rail, Pipelines, and Air.","Trucks', ' Rail', ' Ships', ' Pipelines"
generate question: ['active users'] NUMBER colloquial,Question: How many active users do you have? Provide a list of active users. Answer: I have a lot of active users.,How many active users do you have? Provide a list of active users.,I have a lot of active users.,NUMBER colloquial
"generate question: ['Difficulty identifying qualified leads', ' Inefficient lead follow-up', ' Lack of visibility into the sales pipeline', ' Poor lead data quality', ' Lack of reporting and analytics'] MULTI-SELECT concise","Question: What are your biggest challenges with lead follow-up? Answer: Inefficient lead follow-up, poor lead data quality, lack of reporting and analytics.",What are your biggest challenges with lead follow-up?,"Inefficient lead follow-up, poor lead data quality, lack of reporting and analytics.",Lack of visibility into the sales pipeline
"generate question: ['Improved process efficiency', ' Recycling programs', ' Waste reduction initiatives', ' Waste-to-energy technologies', ' Improved material handling'] MULTI-SELECT concise",Question: What are your company's goals for reducing waste? Answer: We're committed to improving our recycling programs. We're committed to improving our recycling programs. We're committed to improving our recycling programs.,What are your company's goals for reducing waste?,We're committed to improving our recycling programs. We're committed to improving our recycling programs. We're committed to improving our recycling programs.,Improved process efficiency
generate question: ['Date'] DATE explanatory,Question: What is the date of your next meeting? Provide a date. Answer: The date of your next meeting will be announced.,What is the date of your next meeting? Provide a date.,The date of your next meeting will be announced.,DATE explanatory
generate question: ['Text'] TEXT annoyed,Question: What are your thoughts on this topic? Answer: I'm not sure what to do about it.,What are your thoughts on this topic?,I'm not sure what to do about it.,'Text'
"generate question: ['Email', ' SMS', ' In-app notifications'] SINGLE-SELECT explanatory",Question: What is your preferred method of communication? Answer: I prefer to communicate via email.,What is your preferred method of communication?,I prefer to communicate via email.,SINGLE-SELECT explanatory
"generate question: ['Communicating effectively with employees', ' Involving employees in the change process', ' Providing training and support', ' Celebrating successes', ' Addressing concerns and feedback'] MULTI-SELECT explanatory",Question: How do you communicate effectively with employees? Answer: Providing training and support to employees.,How do you communicate effectively with employees?,Providing training and support to employees.,employees in the change process
generate question: ['Date'] DATE annoyed,Question: What is your date of birth? Provide a date. Answer: The date of birth is the 1st of October every year. It's the 1st of October every year.,What is your date of birth? Provide a date.,The date of birth is the 1st of October every year. It's the 1st of October every year.,Date
generate question: ['purchase count'] NUMBER annoyed,Question: What is the purchase count? Provide a number. Answer: The purchase count is based on the total number of units purchased. The total number of units purchased is based on the total number of units purchased.,What is the purchase count? Provide a number.,The purchase count is based on the total number of units purchased. The total number of units purchased is based on the total number of units purchased.,NUMBER
generate question: ['Text'] TEXT annoyed,Question: What are your thoughts on this topic? Answer: I'm not sure what to do about it.,What are your thoughts on this topic?,I'm not sure what to do about it.,'Text'
"generate question: ['Yes', ' No'] SINGLE-SELECT verbose",Question: Would you like to know if you have any other suggestions? Answer: Yes.,Would you like to know if you have any other suggestions?,Yes.,SINGLE-SELECT verbose
generate question: ['Text'] TEXT colloquial,Question: What are your thoughts on this topic? Answer: I've been thinking about this for a long time. I've been thinking about it for a long time.,What are your thoughts on this topic?,I've been thinking about this for a long time. I've been thinking about it for a long time.,TEXT colloquial
generate question: ['Date'] DATE concise,Question: When was the last time you checked in? Provide a date. Answer: The last time you checked in was the last time you checked in? Provide a date. Provide a date.,When was the last time you checked in? Provide a date.,The last time you checked in was the last time you checked in? Provide a date. Provide a date.,Date
"generate question: ['Competition', ' Economic conditions', ' Technology changes', ' Regulations', ' Finding and retaining talent'] MULTI-SELECT colloquial",Question: What are your company's challenges? Answer: We're in a competitive environment.,What are your company's challenges?,We're in a competitive environment.,Finding and retaining talent
generate question: ['Text'] TEXT colloquial,Question: What are your thoughts on this topic? Answer: I've been thinking about this for a long time. I've been thinking about it for a long time.,What are your thoughts on this topic?,I've been thinking about this for a long time. I've been thinking about it for a long time.,TEXT colloquial
generate question: ['revenue'] NUMBER colloquial,Question: What is the total amount of revenue generated? Answer: The total amount of revenue generated is estimated to be around $1 million. The total amount of revenue generated is estimated to be around $1 million. The total amount of revenue generated is estimated to be around $1 million. The total amount generated is estimated to be around $1 million.,What is the total amount of revenue generated?,The total amount of revenue generated is estimated to be around $1 million. The total amount of revenue generated is estimated to be around $1 million. The total amount of revenue generated is estimated to be around $1 million. The total amount generated is estimated to be around $1 million.,NUMBER colloquial
"generate question: ['Relational databases', ' NoSQL databases', ' Graph databases'] MULTI-SELECT explanatory",Question: What types of databases do you use? Answer: Relational databases.,What types of databases do you use?,Relational databases.,"NoSQL databases', ' Graph databases"
generate question: ['equipment count'] NUMBER verbose,Question: What is the equipment count? Provide a number. Answer: The equipment count is based on the number of units in the building. The number of units in the building is based on the number of units in the building. The number of units in the building is based on the number of units in the building.,What is the equipment count? Provide a number.,The equipment count is based on the number of units in the building. The number of units in the building is based on the number of units in the building. The number of units in the building is based on the number of units in the building.,NUMBER verbose
generate question: ['Date'] DATE colloquial,Question: When was the last time you checked in? Provide a date. Answer: The last time you checked in was the last time you checked in.,When was the last time you checked in? Provide a date.,The last time you checked in was the last time you checked in.,DATE
"generate question: ['Take a break', ' Seek inspiration from others', ' Experiment with new techniques', ' Change my environment', ' Try a different approach'] SINGLE-SELECT colloquial",Question: What are your favorite techniques for creating a better environment? Answer: I like to experiment with new techniques.,What are your favorite techniques for creating a better environment?,I like to experiment with new techniques.,Experiment with new techniques
generate question: ['Text'] TEXT verbose,Question: What are your thoughts on this topic? Answer: I've been thinking about this for a long time. I've been thinking about it for a long time.,What are your thoughts on this topic?,I've been thinking about this for a long time. I've been thinking about it for a long time.,TEXT verbose
"generate question: ['Painting', ' Sculpture', ' Digital Art', ' Photography', ' Graphic Design'] SINGLE-SELECT explanatory","Question: What is your favorite art form? Answer: Digital Art, Photography, Graphic Design.",What is your favorite art form?,"Digital Art, Photography, Graphic Design.",Graphic Design
generate question: ['Date'] DATE verbose,Question: What is your date of birth? Provide a date. Answer: The date of birth is the 1st of October every year.,What is your date of birth? Provide a date.,The date of birth is the 1st of October every year.,DATE verbose
generate question: ['Date'] DATE colloquial,Question: When was the last time you checked in? Provide a date. Answer: The last time you checked in was the last time you checked in.,When was the last time you checked in? Provide a date.,The last time you checked in was the last time you checked in.,DATE
"generate question: ['Healthcare', ' Finance', ' Technology', ' Education', ' Retail', ' Manufacturing'] MULTI-SELECT annoyed",Question: What industries do you work in? Answer: Technology.,What industries do you work in?,Technology.,Manufacturing
generate question: ['proposals submitted'] NUMBER annoyed,Question: What is the number of proposals submitted? Provide a number. Answer: The number of proposals submitted is the number of proposals submitted. The number of proposals submitted is the number of proposals submitted.,What is the number of proposals submitted? Provide a number.,The number of proposals submitted is the number of proposals submitted. The number of proposals submitted is the number of proposals submitted.,NUMBER
"generate question: ['Morning', ' Afternoon', ' Evening'] SINGLE-SELECT explanatory",Question: What is your preferred time of day? Answer: It's the middle of the day.,What is your preferred time of day?,It's the middle of the day.,"Morning', ' Afternoon"
generate question: ['work hours'] NUMBER concise,Question: How many hours did you work on your project? Answer: I worked on a project for a number of years.,How many hours did you work on your project?,I worked on a project for a number of years.,work hours
"generate question: ['Patents', ' Trademarks', ' Copyrights', ' Trade secrets', ' Non-disclosure agreements'] MULTI-SELECT explanatory","Question: What types of trade secrets do you use? Answer: I use Copyrights, Trade secrets, Copyrights and Non-disclosure agreements to protect my intellectual property. Copyrights, Copyrights, Copyrights, Trade secrets, Copyrights, Trade secrets, Copyrights, Trade secrets, Copyrights, Trade secrets, Copyrights, Trade secrets, Copyrights, Trade secrets, Copyrights, Trade secrets, Copyrights, Trade secrets, Copyrights, Trade secrets, Copyrights,",What types of trade secrets do you use?,"I use Copyrights, Trade secrets, Copyrights and Non-disclosure agreements to protect my intellectual property. Copyrights, Copyrights, Copyrights, Trade secrets, Copyrights, Trade secrets, Copyrights, Trade secrets, Copyrights, Trade secrets, Copyrights, Trade secrets, Copyrights, Trade secrets, Copyrights, Trade secrets, Copyrights, Trade secrets, Copyrights, Trade secrets, Copyrights,",Non-disclosure agreements
"generate question: ['User manuals', ' Technical specifications', ' API documentation', ' Design documents', ' Test plans'] MULTI-SELECT explanatory","Question: What types of documentation do you use? Answer: Technical specifications, design documents, test plans.",What types of documentation do you use?,"Technical specifications, design documents, test plans.","API documentation', ' Design documents"
generate question: ['Text'] TEXT verbose,Question: What are your thoughts on this topic? Answer: I've been thinking about this for a long time. I've been thinking about it for a long time.,What are your thoughts on this topic?,I've been thinking about this for a long time. I've been thinking about it for a long time.,TEXT verbose
"generate question: ['Immediate', ' Within 1 month', ' Within 3 months', ' Within 6 months', ' Longer than 6 months'] SINGLE-SELECT concise",Question: How long have you been working on this project? Answer: I've been working on this project for a few months now. I've been working on it for a few months now.,How long have you been working on this project?,I've been working on this project for a few months now. I've been working on it for a few months now.,Longer than 6 months
generate question: ['Date'] DATE annoyed,Question: What is your date of birth? Provide a date. Answer: The date of birth is the 1st of October every year. It's the 1st of October every year.,What is your date of birth? Provide a date.,The date of birth is the 1st of October every year. It's the 1st of October every year.,Date
"generate question: ['Beginner', ' Intermediate', ' Advanced'] SINGLE-SELECT annoyed",Question: What is your level of knowledge? Answer: I'm a beginner.,What is your level of knowledge?,I'm a beginner.,"Beginner', ' Intermediate', ' Advanced"
"generate question: ['Beginner', ' Intermediate', ' Advanced'] SINGLE-SELECT annoyed",Question: What is your level of knowledge? Answer: I'm a beginner.,What is your level of knowledge?,I'm a beginner.,"Beginner', ' Intermediate', ' Advanced"
"generate question: ['Providing excellent customer service', ' Developing user-friendly products and services', ' Collecting customer feedback', ' Personalizing the customer experience', ' Building a strong brand reputation'] MULTI-SELECT annoyed",Question: What are your company's goals for the future? Answer: We're committed to providing excellent customer service. We're also committed to personalizing the customer experience.,What are your company's goals for the future?,We're committed to providing excellent customer service. We're also committed to personalizing the customer experience.,Building a strong brand reputation
generate question: ['Date'] DATE verbose,Question: What is your date of birth? Provide a date. Answer: The date of birth is the 1st of October every year.,What is your date of birth? Provide a date.,The date of birth is the 1st of October every year.,DATE verbose
generate question: ['loan amount'] NUMBER verbose,Question: What is the loan amount? Provide a number. Answer: The loan amount is based on the amount borrowed.,What is the loan amount? Provide a number.,The loan amount is based on the amount borrowed.,NUMBER verbose
generate question: ['Date'] DATE explanatory,Question: What is the date of your next meeting? Provide a date. Answer: The date of your next meeting will be announced.,What is the date of your next meeting? Provide a date.,The date of your next meeting will be announced.,DATE explanatory
"generate question: ['Conferences', ' Trade shows', ' Seminars', ' Workshops', ' Networking events'] MULTI-SELECT verbose","Question: What types of events do you attend? Answer: Trade shows, workshops, networking events.",What types of events do you attend?,"Trade shows, workshops, networking events.",Networking events
generate question: ['Date'] DATE explanatory,Question: What is the date of your next meeting? Provide a date. Answer: The date of your next meeting will be announced.,What is the date of your next meeting? Provide a date.,The date of your next meeting will be announced.,DATE explanatory
generate question: ['shoe size'] NUMBER verbose,Question: What is your shoe size? Provide a number. Answer: It's a shoe size.,What is your shoe size? Provide a number.,It's a shoe size.,NUMBER verbose
"generate question: ['Industry publications', ' News websites', ' Social media', ' Conferences and trade shows', ' Industry analysts'] MULTI-SELECT colloquial","Question: What are your industry publications? Answer: Industry publications, conferences and trade shows.",What are your industry publications?,"Industry publications, conferences and trade shows.",News websites
"generate question: ['18-24', ' 25-34', ' 35-44', ' 45-54', ' 55+'] SINGLE-SELECT colloquial",Question: What age group are you in? Answer: I'm 18-24. I'm 35-44.,What age group are you in?,I'm 18-24. I'm 35-44.,18-24
generate question: ['Date'] DATE concise,Question: When was the last time you checked in? Provide a date. Answer: The last time you checked in was the last time you checked in? Provide a date. Provide a date.,When was the last time you checked in? Provide a date.,The last time you checked in was the last time you checked in? Provide a date. Provide a date.,Date
"generate question: ['Industry publications', ' News websites', ' Social media', ' Conferences and trade shows', ' Industry analysts'] MULTI-SELECT verbose","Question: What are your industry publications? Answer: Industry publications, conferences and trade shows.",What are your industry publications?,"Industry publications, conferences and trade shows.",News websites
generate question: ['Text'] TEXT colloquial,Question: What are your thoughts on this topic? Answer: I've been thinking about this for a long time. I've been thinking about it for a long time.,What are your thoughts on this topic?,I've been thinking about this for a long time. I've been thinking about it for a long time.,TEXT colloquial
"generate question: ['Agile', ' Waterfall', ' Lean', ' Iterative', ' Hybrid'] SINGLE-SELECT annoyed","Question: What are your preferred methodologies for implementing agile processes? Answer: Lean, Agile, and Hybrid.",What are your preferred methodologies for implementing agile processes?,"Lean, Agile, and Hybrid.",SINGLE-SELECT annoyed
generate question: ['Date'] DATE annoyed,Question: What is your date of birth? Provide a date. Answer: The date of birth is the 1st of October every year. It's the 1st of October every year.,What is your date of birth? Provide a date.,The date of birth is the 1st of October every year. It's the 1st of October every year.,Date
"generate question: ['Constructive Criticism', ' Positive Reinforcement', ' Peer Reviews', ' Client Feedback', ' Public Opinion'] SINGLE-SELECT concise","Question: What types of feedback do you receive from your clients? Answer: Positive Reinforcement, Peer Reviews, Public Opinion.",What types of feedback do you receive from your clients?,"Positive Reinforcement, Peer Reviews, Public Opinion.",Public Opinion
generate question: ['Date'] DATE annoyed,Question: What is your date of birth? Provide a date. Answer: The date of birth is the 1st of October every year. It's the 1st of October every year.,What is your date of birth? Provide a date.,The date of birth is the 1st of October every year. It's the 1st of October every year.,Date
generate question: ['training budget'] NUMBER explanatory,Question: What is your training budget? Provide a number. Answer: It's a lot.,What is your training budget? Provide a number.,It's a lot.,NUMBER explanatory
generate question: ['Date'] DATE explanatory,Question: What is the date of your next meeting? Provide a date. Answer: The date of your next meeting will be announced.,What is the date of your next meeting? Provide a date.,The date of your next meeting will be announced.,DATE explanatory
generate question: ['price'] NUMBER verbose,Question: What is the price of the product? Provide a price. Answer: It's a very reasonable price.,What is the price of the product? Provide a price.,It's a very reasonable price.,NUMBER verbose
generate question: ['Text'] TEXT annoyed,Question: What are your thoughts on this topic? Answer: I'm not sure what to do about it.,What are your thoughts on this topic?,I'm not sure what to do about it.,'Text'
"generate question: ['Code reviews', ' Static analysis', ' Unit testing', ' Integration testing', ' Code style guidelines'] MULTI-SELECT annoyed",Question: What are your preferred methods for code reviews? Answer: Code style guidelines are a must.,What are your preferred methods for code reviews?,Code style guidelines are a must.,Code style guidelines
generate question: ['Date'] DATE explanatory,Question: What is the date of your next meeting? Provide a date. Answer: The date of your next meeting will be announced.,What is the date of your next meeting? Provide a date.,The date of your next meeting will be announced.,DATE explanatory
generate question: ['income'] NUMBER annoyed,Question: What is your income? Provide a number. Answer: It's a lot.,What is your income? Provide a number.,It's a lot.,income
"generate question: ['Maintaining team motivation', ' Ensuring consistent performance', ' Providing adequate training and development', ' Managing team conflicts', ' Tracking team progress'] MULTI-SELECT verbose",Question: How do you maintain team motivation? Answer: Providing adequate training and development,How do you maintain team motivation?,Providing adequate training and development,Ensuring consistent performance
"generate question: ['Email', ' Phone calls', ' Video conferencing', ' Instant messaging', ' In-person meetings'] MULTI-SELECT verbose","Question: What are your preferred methods of communication? Answer: Email, video conferencing, in-person meetings.",What are your preferred methods of communication?,"Email, video conferencing, in-person meetings.","'Email', ' Phone calls', ' Video conferencing"
generate question: ['Date'] DATE colloquial,Question: When was the last time you checked in? Provide a date. Answer: The last time you checked in was the last time you checked in.,When was the last time you checked in? Provide a date.,The last time you checked in was the last time you checked in.,DATE
generate question: ['Text'] TEXT annoyed,Question: What are your thoughts on this topic? Answer: I'm not sure what to do about it.,What are your thoughts on this topic?,I'm not sure what to do about it.,'Text'
"generate question: ['Beginner', ' Intermediate', ' Advanced'] SINGLE-SELECT verbose",Question: What is your level of knowledge? Answer: I'm a beginner.,What is your level of knowledge?,I'm a beginner.,SINGLE-SELECT verbose
generate question: ['Date'] DATE colloquial,Question: When was the last time you checked in? Provide a date. Answer: The last time you checked in was the last time you checked in.,When was the last time you checked in? Provide a date.,The last time you checked in was the last time you checked in.,DATE
"generate question: ['Staying informed about relevant regulations', ' Developing compliance programs', ' Training employees on compliance procedures', ' Conducting regular compliance audits', ' Reporting compliance issues'] MULTI-SELECT annoyed",Question: What are your company's compliance programs? Answer: Training employees on compliance procedures.,What are your company's compliance programs?,Training employees on compliance procedures.,Developing compliance programs
generate question: ['ROI'] NUMBER annoyed,Question: What are your thoughts on this? Answer: I'm not sure what to do about it.,What are your thoughts on this?,I'm not sure what to do about it.,generate question
"generate question: ['Reading', ' Hiking', ' Photography', ' Music', ' Gaming', ' Sports', ' Travel'] MULTI-SELECT annoyed","Question: What hobbies do you enjoy most? Answer: I enjoy reading, hiking, and traveling.",What hobbies do you enjoy most?,"I enjoy reading, hiking, and traveling.","Gaming', ' Sports', ' Travel"
generate question: ['sales target'] NUMBER colloquial,Question: What is your sales target? Provide a number. Answer: The sales target is a number.,What is your sales target? Provide a number.,The sales target is a number.,NUMBER colloquial
generate question: ['Date'] DATE annoyed,Question: What is your date of birth? Provide a date. Answer: The date of birth is the 1st of October every year. It's the 1st of October every year.,What is your date of birth? Provide a date.,The date of birth is the 1st of October every year. It's the 1st of October every year.,Date
generate question: ['Date'] DATE colloquial,Question: When was the last time you checked in? Provide a date. Answer: The last time you checked in was the last time you checked in.,When was the last time you checked in? Provide a date.,The last time you checked in was the last time you checked in.,DATE
generate question: ['social media accounts'] NUMBER annoyed,Question: What are your social media accounts? Provide a name. Answer: I don't know.,What are your social media accounts? Provide a name.,I don't know.,NUMBER
"generate question: ['Slack', ' Microsoft Teams', ' Email', ' Project management software', ' Instant messaging apps'] MULTI-SELECT explanatory",Question: What project management software do you use? Answer: Microsoft Teams.,What project management software do you use?,Microsoft Teams.,Instant messaging apps
generate question: ['grocery spending'] NUMBER concise,Question: How much do you spend on groceries? Provide a list. Answer: I spend a lot of money on groceries.,How much do you spend on groceries? Provide a list.,I spend a lot of money on groceries.,NUMBER concise
generate question: ['Date'] DATE verbose,Question: What is your date of birth? Provide a date. Answer: The date of birth is the 1st of October every year.,What is your date of birth? Provide a date.,The date of birth is the 1st of October every year.,DATE verbose
"generate question: ['Air pollution', ' Water pollution', ' Waste management', ' Greenhouse gas emissions', ' Noise pollution'] MULTI-SELECT explanatory","Question: What are your main areas of concern? Answer: Air pollution, water pollution, noise pollution.",What are your main areas of concern?,"Air pollution, water pollution, noise pollution.","Air pollution', ' Water pollution"
generate question: ['Date'] DATE explanatory,Question: What is the date of your next meeting? Provide a date. Answer: The date of your next meeting will be announced.,What is the date of your next meeting? Provide a date.,The date of your next meeting will be announced.,DATE explanatory
generate question: ['age'] NUMBER colloquial,Question: How old are you? Answer: I'm 57 years old.,How old are you?,I'm 57 years old.,age
"generate question: ['Writing', ' Verbally', ' Both equally'] SINGLE-SELECT verbose",Question: What is your preferred method of communication? Answer: Both verbally and verbatim.,What is your preferred method of communication?,Both verbally and verbatim.,SINGLE-SELECT verbose
"generate question: ['Beginner', ' Intermediate', ' Advanced', ' Expert'] SINGLE-SELECT annoyed",Question: What is your level of experience? Answer: I'm a beginner.,What is your level of experience?,I'm a beginner.,"Beginner', ' Intermediate', ' Advanced', ' Expert"
generate question: ['Date'] DATE annoyed,Question: What is your date of birth? Provide a date. Answer: The date of birth is the 1st of October every year. It's the 1st of October every year.,What is your date of birth? Provide a date.,The date of birth is the 1st of October every year. It's the 1st of October every year.,Date
generate question: ['credit card count'] NUMBER annoyed,Question: What is your credit card number? Provide a number. Answer: My credit card number is 123.,What is your credit card number? Provide a number.,My credit card number is 123.,credit card count
generate question: ['Date'] DATE annoyed,Question: What is your date of birth? Provide a date. Answer: The date of birth is the 1st of October every year. It's the 1st of October every year.,What is your date of birth? Provide a date.,The date of birth is the 1st of October every year. It's the 1st of October every year.,Date
"generate question: ['Slack', ' Microsoft Teams', ' Email', ' Jira'] SINGLE-SELECT colloquial",Question: What is your preferred method of communication? Answer: My preferred method of communication is email.,What is your preferred method of communication?,My preferred method of communication is email.,SINGLE-SELECT colloquial
"generate question: ['Unit testing', ' Integration testing', ' System testing', ' User acceptance testing', ' Agile testing', ' Waterfall testing'] MULTI-SELECT annoyed","Question: What types of testing methods do you use? Answer: Integration testing, user acceptance testing, waterfall testing.",What types of testing methods do you use?,"Integration testing, user acceptance testing, waterfall testing.","User acceptance testing', ' Agile testing', ' Waterfall testing"
generate question: ['weight'] NUMBER annoyed,Question: What is your weight? Provide a weight. Answer: It's a lot.,What is your weight? Provide a weight.,It's a lot.,NUMBER
generate question: ['units produced'] NUMBER concise,Question: How many units were produced? Provide a number of units produced. Answer: The number of units produced is the number of units produced.,How many units were produced? Provide a number of units produced.,The number of units produced is the number of units produced.,NUMBER concise
"generate question: ['Nature', ' People', ' Abstract Concepts', ' Dreams', ' Current Events'] SINGLE-SELECT explanatory",Question: What are your thoughts on the future? Answer: I've been thinking about it for a long time. I've been thinking about it for a long time.,What are your thoughts on the future?,I've been thinking about it for a long time. I've been thinking about it for a long time.,Current Events
"generate question: ['Referral programs', ' Social media marketing', ' Content marketing', ' Email marketing', ' Paid advertising'] MULTI-SELECT annoyed","Question: What are your favorite marketing channels? Answer: Social media marketing, email marketing, paid advertising.",What are your favorite marketing channels?,"Social media marketing, email marketing, paid advertising.","Email marketing', ' Paid advertising'"
generate question: ['Date'] DATE verbose,Question: What is your date of birth? Provide a date. Answer: The date of birth is the 1st of October every year.,What is your date of birth? Provide a date.,The date of birth is the 1st of October every year.,DATE verbose
generate question: ['Date'] DATE annoyed,Question: What is your date of birth? Provide a date. Answer: The date of birth is the 1st of October every year. It's the 1st of October every year.,What is your date of birth? Provide a date.,The date of birth is the 1st of October every year. It's the 1st of October every year.,Date
"generate question: ['Slack', ' Microsoft Teams', ' Email', ' Jira'] SINGLE-SELECT explanatory",Question: What is your preferred method of communication? Answer: My preferred method of communication is email.,What is your preferred method of communication?,My preferred method of communication is email.,SINGLE-SELECT explanatory
generate question: ['order number'] NUMBER verbose,Question: What is your order number? Provide a number. Answer: It's a number.,What is your order number? Provide a number.,It's a number.,NUMBER verbose
generate question: ['Text'] TEXT annoyed,Question: What are your thoughts on this topic? Answer: I'm not sure what to do about it.,What are your thoughts on this topic?,I'm not sure what to do about it.,'Text'
"generate question: ['Natural gas', ' Coal', ' Electricity', ' Renewable energy', ' Oil'] MULTI-SELECT explanatory","Question: What types of energy sources do you use? Answer: Natural gas, coal, renewable energy.",What types of energy sources do you use?,"Natural gas, coal, renewable energy.","Natural gas', ' Coal', ' Electricity', ' Renewable energy"
generate question: ['Text'] TEXT verbose,Question: What are your thoughts on this topic? Answer: I've been thinking about this for a long time. I've been thinking about it for a long time.,What are your thoughts on this topic?,I've been thinking about this for a long time. I've been thinking about it for a long time.,TEXT verbose
generate question: ['altitude'] NUMBER explanatory,Question: What is the altitude of the aircraft? Answer: The altitude of the aircraft varies depending on the terrain. The altitude of the aircraft varies depending on the terrain. The altitude of the aircraft varies depending on the terrain.,What is the altitude of the aircraft?,The altitude of the aircraft varies depending on the terrain. The altitude of the aircraft varies depending on the terrain. The altitude of the aircraft varies depending on the terrain.,altitude
"generate question: ['Relational databases', ' NoSQL databases', ' Graph databases'] MULTI-SELECT colloquial",Question: What types of databases do you use? Answer: Relational databases.,What types of databases do you use?,Relational databases.,"NoSQL databases', ' Graph databases"
generate question: ['Date'] DATE colloquial,Question: When was the last time you checked in? Provide a date. Answer: The last time you checked in was the last time you checked in.,When was the last time you checked in? Provide a date.,The last time you checked in was the last time you checked in.,DATE
generate question: ['inductance'] NUMBER colloquial,Question: What is your inductance? Provide a number. Answer: It's a number.,What is your inductance? Provide a number.,It's a number.,NUMBER colloquial
"generate question: ['SAP PM', ' IBM Maximo', ' Oracle EAM', ' Infor EAM', ' Microsoft Dynamics 365'] MULTI-SELECT verbose","Question: What is your preferred solution? Answer: Oracle EAM, Infor EAM.",What is your preferred solution?,"Oracle EAM, Infor EAM.",MULTI-SELECT verbose
"generate question: ['Tableau', ' Power BI', ' Qlik Sense', ' Splunk', ' Google Data Studio'] MULTI-SELECT verbose","Question: What tools are you most familiar with? Answer: Power BI, Splunk.",What tools are you most familiar with?,"Power BI, Splunk.",Google Data Studio
generate question: ['Date'] DATE explanatory,Question: What is the date of your next meeting? Provide a date. Answer: The date of your next meeting will be announced.,What is the date of your next meeting? Provide a date.,The date of your next meeting will be announced.,DATE explanatory
generate question: ['Date'] DATE colloquial,Question: When was the last time you checked in? Provide a date. Answer: The last time you checked in was the last time you checked in.,When was the last time you checked in? Provide a date.,The last time you checked in was the last time you checked in.,DATE
"generate question: ['Very Satisfied', ' Satisfied', ' Neutral', ' Dissatisfied', ' Very Dissatisfied'] SINGLE-SELECT concise",Question: How satisfied are you with the results? Answer: I'm very satisfied with the results.,How satisfied are you with the results?,I'm very satisfied with the results.,Very Satisfied
generate question: ['Date'] DATE verbose,Question: What is your date of birth? Provide a date. Answer: The date of birth is the 1st of October every year.,What is your date of birth? Provide a date.,The date of birth is the 1st of October every year.,DATE verbose
generate question: ['equipment count'] NUMBER explanatory,Question: What is the equipment count? Provide a number. Answer: The equipment count is based on the number of units in the building. The number of units in the building is based on the number of units in the building.,What is the equipment count? Provide a number.,The equipment count is based on the number of units in the building. The number of units in the building is based on the number of units in the building.,NUMBER
generate question: ['coffee consumption'] NUMBER colloquial,Question: How many cups of coffee do you drink each day? Answer: It's a lot.,How many cups of coffee do you drink each day?,It's a lot.,NUMBER colloquial
generate question: ['project cost'] NUMBER annoyed,Question: What is the estimated cost of the project? Answer: The estimated cost of the project is estimated to be around $1 million. The estimated cost of the project is estimated to be around $1 million. The estimated cost of the project is estimated to be around $1 million. The estimated cost of the project is estimated to be around $1 million.,What is the estimated cost of the project?,The estimated cost of the project is estimated to be around $1 million. The estimated cost of the project is estimated to be around $1 million. The estimated cost of the project is estimated to be around $1 million. The estimated cost of the project is estimated to be around $1 million.,NUMBER
generate question: ['age'] NUMBER verbose,Question: How old are you? Provide a date. Answer: I'm 18 years old.,How old are you? Provide a date.,I'm 18 years old.,age
generate question: ['Text'] TEXT colloquial,Question: What are your thoughts on this topic? Answer: I've been thinking about this for a long time. I've been thinking about it for a long time.,What are your thoughts on this topic?,I've been thinking about this for a long time. I've been thinking about it for a long time.,TEXT colloquial
"generate question: ['Package managers', ' Dependency injection'] MULTI-SELECT colloquial",Question: What is your experience with dependency injection? Answer: Dependency injection is one of the most common types of dependency injection. Dependency injection is the most common form of dependency injection. Dependency injection is the most common form of dependency injection. Dependency injection is the most common form of dependency injection.,What is your experience with dependency injection?,Dependency injection is one of the most common types of dependency injection. Dependency injection is the most common form of dependency injection. Dependency injection is the most common form of dependency injection. Dependency injection is the most common form of dependency injection.,Package managers
generate question: ['units produced'] NUMBER verbose,Question: What is the number of units produced? Answer: The number of units produced is the number of units produced. The number of units produced is the number of units produced. The number of units produced is the number of units produced.,What is the number of units produced?,The number of units produced is the number of units produced. The number of units produced is the number of units produced. The number of units produced is the number of units produced.,verbose
generate question: ['Text'] TEXT verbose,Question: What are your thoughts on this topic? Answer: I've been thinking about this for a long time. I've been thinking about it for a long time.,What are your thoughts on this topic?,I've been thinking about this for a long time. I've been thinking about it for a long time.,TEXT verbose
generate question: ['Date'] DATE annoyed,Question: What is your date of birth? Provide a date. Answer: The date of birth is the 1st of October every year. It's the 1st of October every year.,What is your date of birth? Provide a date.,The date of birth is the 1st of October every year. It's the 1st of October every year.,Date
generate question: ['Date'] DATE verbose,Question: What is your date of birth? Provide a date. Answer: The date of birth is the 1st of October every year.,What is your date of birth? Provide a date.,The date of birth is the 1st of October every year.,DATE verbose
generate question: ['training hours'] NUMBER explanatory,Question: How many hours of training did you do? Answer: I did a lot of training.,How many hours of training did you do?,I did a lot of training.,NUMBER
generate question: ['Date'] DATE verbose,Question: What is your date of birth? Provide a date. Answer: The date of birth is the 1st of October every year.,What is your date of birth? Provide a date.,The date of birth is the 1st of October every year.,DATE verbose
generate question: ['Date'] DATE verbose,Question: What is your date of birth? Provide a date. Answer: The date of birth is the 1st of October every year.,What is your date of birth? Provide a date.,The date of birth is the 1st of October every year.,DATE verbose
generate question: ['Text'] TEXT colloquial,Question: What are your thoughts on this topic? Answer: I've been thinking about this for a long time. I've been thinking about it for a long time.,What are your thoughts on this topic?,I've been thinking about this for a long time. I've been thinking about it for a long time.,TEXT colloquial
"generate question: ['Excellent', ' Good', ' Fair', ' Poor'] SINGLE-SELECT verbose",Question: What is your overall experience with the program? Answer: It's a lot of fun.,What is your overall experience with the program?,It's a lot of fun.,SINGLE-SELECT verbose
generate question: ['Date'] DATE verbose,Question: What is your date of birth? Provide a date. Answer: The date of birth is the 1st of October every year.,What is your date of birth? Provide a date.,The date of birth is the 1st of October every year.,DATE verbose
"generate question: ['Very Important', ' Important', ' Somewhat Important', ' Not Important'] SINGLE-SELECT verbose",Question: What is your opinion on the subject? Answer: I think it's important to have a clear understanding of the subject. It's important to have a clear understanding of the subject.,What is your opinion on the subject?,I think it's important to have a clear understanding of the subject. It's important to have a clear understanding of the subject.,SINGLE-SELECT verbose
"generate question: ['Technical leadership', ' Specialized expertise', ' Entrepreneurship', ' Continuous learning and growth'] MULTI-SELECT explanatory",Question: What are your company's strengths and weaknesses? Answer: I've always been a strong believer in continuous learning and growth.,What are your company's strengths and weaknesses?,I've always been a strong believer in continuous learning and growth.,Continuous learning and growth
generate question: ['account number'] NUMBER concise,Question: What is your account number? Provide a name. Answer: My account number is 123.,What is your account number? Provide a name.,My account number is 123.,account number
"generate question: ['1-5', ' 6-10', ' 11-20', ' 20+'] SINGLE-SELECT annoyed",Question: What is your preferred method for answering this question? Answer: I prefer to answer this question on a regular basis. I prefer to answer this question on a regular basis.,What is your preferred method for answering this question?,I prefer to answer this question on a regular basis. I prefer to answer this question on a regular basis.,SINGLE-SELECT
generate question: ['Text'] TEXT colloquial,Question: What are your thoughts on this topic? Answer: I've been thinking about this for a long time. I've been thinking about it for a long time.,What are your thoughts on this topic?,I've been thinking about this for a long time. I've been thinking about it for a long time.,TEXT colloquial
generate question: ['Date'] DATE concise,Question: When was the last time you checked in? Provide a date. Answer: The last time you checked in was the last time you checked in? Provide a date. Provide a date.,When was the last time you checked in? Provide a date.,The last time you checked in was the last time you checked in? Provide a date. Provide a date.,Date
generate question: ['Text'] TEXT colloquial,Question: What are your thoughts on this topic? Answer: I've been thinking about this for a long time. I've been thinking about it for a long time.,What are your thoughts on this topic?,I've been thinking about this for a long time. I've been thinking about it for a long time.,TEXT colloquial
generate question: ['Date'] DATE explanatory,Question: What is the date of your next meeting? Provide a date. Answer: The date of your next meeting will be announced.,What is the date of your next meeting? Provide a date.,The date of your next meeting will be announced.,DATE explanatory
generate question: ['Date'] DATE colloquial,Question: When was the last time you checked in? Provide a date. Answer: The last time you checked in was the last time you checked in.,When was the last time you checked in? Provide a date.,The last time you checked in was the last time you checked in.,DATE
generate question: ['Date'] DATE concise,Question: When was the last time you checked in? Provide a date. Answer: The last time you checked in was the last time you checked in? Provide a date. Provide a date.,When was the last time you checked in? Provide a date.,The last time you checked in was the last time you checked in? Provide a date. Provide a date.,Date
generate question: ['Text'] TEXT annoyed,Question: What are your thoughts on this topic? Answer: I'm not sure what to do about it.,What are your thoughts on this topic?,I'm not sure what to do about it.,'Text'
generate question: ['Text'] TEXT colloquial,Question: What are your thoughts on this topic? Answer: I've been thinking about this for a long time. I've been thinking about it for a long time.,What are your thoughts on this topic?,I've been thinking about this for a long time. I've been thinking about it for a long time.,TEXT colloquial
"generate question: ['Slack', ' Microsoft Teams', ' Google Chat', ' Discord'] MULTI-SELECT annoyed","Question: What is your preferred method of communication? Answer: Microsoft Teams, Google Chat, Discord.",What is your preferred method of communication?,"Microsoft Teams, Google Chat, Discord.",MULTI-SELECT
generate question: ['Text'] TEXT colloquial,Question: What are your thoughts on this topic? Answer: I've been thinking about this for a long time. I've been thinking about it for a long time.,What are your thoughts on this topic?,I've been thinking about this for a long time. I've been thinking about it for a long time.,TEXT colloquial
generate question: ['Date'] DATE annoyed,Question: What is your date of birth? Provide a date. Answer: The date of birth is the 1st of October every year. It's the 1st of October every year.,What is your date of birth? Provide a date.,The date of birth is the 1st of October every year. It's the 1st of October every year.,Date
generate question: ['Text'] TEXT colloquial,Question: What are your thoughts on this topic? Answer: I've been thinking about this for a long time. I've been thinking about it for a long time.,What are your thoughts on this topic?,I've been thinking about this for a long time. I've been thinking about it for a long time.,TEXT colloquial
generate question: ['Date'] DATE annoyed,Question: What is your date of birth? Provide a date. Answer: The date of birth is the 1st of October every year. It's the 1st of October every year.,What is your date of birth? Provide a date.,The date of birth is the 1st of October every year. It's the 1st of October every year.,Date
"generate question: ['Classroom training', ' Online training', ' On-the-job training', ' Mentorship programs', ' External training courses'] MULTI-SELECT colloquial","Question: What types of training do you use? Answer: Online training, on-the-job training, mentorship programs.",What types of training do you use?,"Online training, on-the-job training, mentorship programs.",External training courses
generate question: ['Date'] DATE verbose,Question: What is your date of birth? Provide a date. Answer: The date of birth is the 1st of October every year.,What is your date of birth? Provide a date.,The date of birth is the 1st of October every year.,DATE verbose
"generate question: ['Automation', ' Robotics', ' Artificial intelligence (AI)', ' Internet of Things (IoT)', ' Big data analytics'] MULTI-SELECT annoyed","Question: What technologies are you most interested in? Answer: Robotics, AI, Big data analytics.",What technologies are you most interested in?,"Robotics, AI, Big data analytics.",Robotics
generate question: ['Date'] DATE verbose,Question: What is your date of birth? Provide a date. Answer: The date of birth is the 1st of October every year.,What is your date of birth? Provide a date.,The date of birth is the 1st of October every year.,DATE verbose
"generate question: ['Customer surveys', ' Customer interviews', ' Focus groups', ' Online reviews', ' Social media monitoring'] MULTI-SELECT colloquial","Question: What are your preferred methods for conducting customer interviews? Answer: Focus groups, online reviews, social media monitoring.",What are your preferred methods for conducting customer interviews?,"Focus groups, online reviews, social media monitoring.","Customer surveys', ' Customer interviews', ' Focus groups"
generate question: ['Date'] DATE annoyed,Question: What is your date of birth? Provide a date. Answer: The date of birth is the 1st of October every year. It's the 1st of October every year.,What is your date of birth? Provide a date.,The date of birth is the 1st of October every year. It's the 1st of October every year.,Date
generate question: ['shoe size'] NUMBER explanatory,Question: What is your shoe size? Provide a number. Answer: It's a shoe size.,What is your shoe size? Provide a number.,It's a shoe size.,shoe size
generate question: ['Text'] TEXT annoyed,Question: What are your thoughts on this topic? Answer: I'm not sure what to do about it.,What are your thoughts on this topic?,I'm not sure what to do about it.,'Text'
generate question: ['Date'] DATE verbose,Question: What is your date of birth? Provide a date. Answer: The date of birth is the 1st of October every year.,What is your date of birth? Provide a date.,The date of birth is the 1st of October every year.,DATE verbose
"generate question: ['Increase customer retention', ' Improve customer loyalty', ' Generate positive word-of-mouth referrals', ' Reduce customer churn', ' Enhance brand reputation'] MULTI-SELECT annoyed","Question: What are your company's goals for retaining customers? Answer: Increase customer loyalty, reduce churn and increase brand reputation.",What are your company's goals for retaining customers?,"Increase customer loyalty, reduce churn and increase brand reputation.","Increase customer retention', ' Improve customer loyalty"
generate question: ['Text'] TEXT verbose,Question: What are your thoughts on this topic? Answer: I've been thinking about this for a long time. I've been thinking about it for a long time.,What are your thoughts on this topic?,I've been thinking about this for a long time. I've been thinking about it for a long time.,TEXT verbose
generate question: ['Date'] DATE annoyed,Question: What is your date of birth? Provide a date. Answer: The date of birth is the 1st of October every year. It's the 1st of October every year.,What is your date of birth? Provide a date.,The date of birth is the 1st of October every year. It's the 1st of October every year.,Date
"generate question: ['Unique product features', ' Strong brand reputation', ' Excellent customer service', ' Competitive pricing', ' Strategic partnerships'] MULTI-SELECT colloquial","Question: What are your company's key strengths? Answer: Strong brand reputation, competitive pricing, and strategic partnerships.",What are your company's key strengths?,"Strong brand reputation, competitive pricing, and strategic partnerships.",Strong brand reputation
generate question: ['Date'] DATE annoyed,Question: What is your date of birth? Provide a date. Answer: The date of birth is the 1st of October every year. It's the 1st of October every year.,What is your date of birth? Provide a date.,The date of birth is the 1st of October every year. It's the 1st of October every year.,Date
generate question: ['Date'] DATE annoyed,Question: What is your date of birth? Provide a date. Answer: The date of birth is the 1st of October every year. It's the 1st of October every year.,What is your date of birth? Provide a date.,The date of birth is the 1st of October every year. It's the 1st of October every year.,Date
generate question: ['work hours'] NUMBER explanatory,Question: How many hours did you work on your project? Answer: I worked on a project for a number of years.,How many hours did you work on your project?,I worked on a project for a number of years.,work hours
generate question: ['zip code'] NUMBER verbose,Question: What is the zip code of your home? Provide a zip code. Answer: It's the zip code of your home.,What is the zip code of your home? Provide a zip code.,It's the zip code of your home.,NUMBER verbose
generate question: ['vote count'] NUMBER colloquial,Question: What is your vote count? Answer: It's a lot.,What is your vote count?,It's a lot.,NUMBER colloquial
"generate question: ['Environmental Protection Agency (EPA)', ' Occupational Safety and Health Administration (OSHA)', ' Department of Transportation (DOT)', ' Local environmental agencies', ' Industry-specific regulatory bodies'] MULTI-SELECT annoyed",Question: What environmental agencies do you work for? Answer: I work for the Environmental Protection Agency (EPA) and the Department of Transportation (DOT),What environmental agencies do you work for?,I work for the Environmental Protection Agency (EPA) and the Department of Transportation (DOT),Local environmental agencies
"generate question: ['Slack', ' Microsoft Teams', ' Email', ' Project management software', ' Instant messaging apps'] MULTI-SELECT concise",Question: What project management software do you use? Answer: Microsoft Teams.,What project management software do you use?,Microsoft Teams.,Instant messaging apps
generate question: ['power'] NUMBER colloquial,Question: What is your power supply? Provide a number. Answer: It's a power supply. It's a power supply.,What is your power supply? Provide a number.,It's a power supply. It's a power supply.,NUMBER colloquial
generate question: ['Date'] DATE colloquial,Question: When was the last time you checked in? Provide a date. Answer: The last time you checked in was the last time you checked in.,When was the last time you checked in? Provide a date.,The last time you checked in was the last time you checked in.,DATE
generate question: ['Text'] TEXT colloquial,Question: What are your thoughts on this topic? Answer: I've been thinking about this for a long time. I've been thinking about it for a long time.,What are your thoughts on this topic?,I've been thinking about this for a long time. I've been thinking about it for a long time.,TEXT colloquial
"generate question: ['OWASP Top 10', ' Authentication', ' Authorization', ' Encryption', ' Input validation', ' Output encoding', ' Secure coding practices'] MULTI-SELECT verbose","Question: What are your top 10 security practices? Answer: Authentication, authorization, encoding.",What are your top 10 security practices?,"Authentication, authorization, encoding.",Secure coding practices
